0.0169519218400348,0.000522700000401533,0.000751810961594134,0.000524291733244288,0.000823902329758864,0.00107368512224892,0.000414252892123705,0.0118656803736622,0.000414252892123705,0.00472449397488328,0.000288599385102625,2.74582883892094e-07,5.68054940364468e-07,2.76226868344603e-07,6.82223720011027e-07,1.15851626287448e-06,1.72462943761156e-07,0.000141369749963883,1.72462943761156e-07,2.2432057421899e-05,0.0134756919983637,0.000344197152226624,0.000482837193450507,0.000350617250475694,0.000567018886836071,0.000557538537529844,0.000293836460463587,0.00929549252804634,0.000293836460463587,0.0025363516533679,0
0.0138299654634925,0.000240860682859082,0.00071937681648645,0.000231381052737577,0.000753666136481732,0.000330371014911641,0.00584241716488783,0.00758446350632379,0.000228075992447243,0.00132520889285045,0.000192055200195937,5.82808179426333e-08,5.20078077087675e-07,5.37099594115644e-08,5.70866160438829e-07,1.09591583938543e-07,3.39084393425067e-05,5.74550972432483e-05,5.22754416464304e-08,1.76495916347073e-06,0.011385303337052,9.03608355913104e-05,0.000382146409719256,6.59676600776175e-05,0.000443922854767249,0.000127604714515823,0.00189668042122348,0.00617657261709017,5.79697935567202e-05,0.000847086293347576,0
0.0160301859765238,0.0312085547368755,0.0272233408025441,0.00852203834908253,0.00289574418576711,0.0010045000122115,0.072517903197004,0.0169879262884673,0.0423636005788661,0.00604472799034865,0.000258151987826437,0.000978795964495889,0.000743624711398734,7.29208683143499e-05,8.42642036269537e-06,1.01400861624371e-06,0.00528521836394113,0.000290015544054946,0.00180369151009201,3.66915504105322e-05,0.013028885832242,0.019892967403491,0.0174154775342833,0.00499747926467323,0.00173904269626173,0.000538598729022008,0.0505116357606647,0.0140172788282448,0.0288050927449984,0.00459791330227313,1
0.0168744020947573,0.0067206852231908,0.00701850516035153,0.00146327016576393,0.000716547313316273,0.000439804566486403,0.0322038520395205,0.00852525162532212,0.0293742515525171,0.0191213989830845,0.000285891283971709,4.53182549262909e-05,4.841113835907e-05,2.08516659505944e-06,5.1527578179737e-07,1.9426767045344e-07,0.00104229738981488,7.30418088876276e-05,0.000866964319718408,0.000365774855288573,0.0137538506002749,0.00467737491772945,0.00492178022102156,0.00104986961423595,0.000464488619483333,0.000271077893410025,0.0239925708807379,0.00691802875207083,0.0214894041865664,0.0129952228942176,1
0.0138912063231691,0.00123929526869857,0.00069501736280523,0.000405049842508388,0.000769841988610055,2.70337938837111e-05,0.00930085185962832,0.0090271542152924,0.00251056727605679,0.0115788438580778,0.000193121751059409,1.54336030091656e-06,4.84121728095609e-07,1.6480625260331e-07,5.95534345022896e-07,7.22435253738678e-10,8.63713186008846e-05,8.13816910084463e-05,6.16936536975545e-06,0.000133645116785574,0.0113434317841157,0.000916741168645282,0.000423370045054684,0.000167124732155619,0.000410145871846155,2.00759311021505e-05,0.00666195434357217,0.00700397179732942,0.00171793305987186,0.00859453583185876,0
0.0168245657657812,0.000211112447366069,0.000718314210438513,4.46036674501389e-06,0.000895281024768229,1.78448580768614e-06,0.00079206775847119,0.00721277896901592,0.000147438670169872,0.00110216292497408,0.000283737276708284,4.47057723562703e-08,5.18509203218468e-07,1.96602753832184e-11,8.05000529924013e-07,3.10699722707336e-12,6.26443600934476e-07,5.21592301463761e-05,2.14630046865672e-08,1.21111015245524e-06,0.0136871054254081,5.83413284268069e-05,0.000401711922276213,3.36289031810098e-06,0.000552834898728819,1.26523480066267e-06,0.000441805193611397,0.00568977159197955,9.90446116231845e-05,0.000810591884743613,0
0.0153759822548387,0.0800713792473435,0.0192270013225411,0.00621484859878585,0.00230125139098095,0.000320017203868643,0.0418249605403658,0.0115489244999341,0.0611563188171688,0.0227918374829445,0.000237574601294603,0.00644208515516947,0.000370474622135196,3.86600757114822e-05,5.3173117767087e-06,1.02902818676451e-07,0.00175563416548631,0.000133862081700871,0.00375057821980384,0.000520831710893281,0.0122449187572206,0.0490337200608902,0.0114485129378437,0.00385154469658788,0.0013266694086428,9.90393689528581e-05,0.0241359048255455,0.00883652675245035,0.0370757758471119,0.014029260123119,1
0.021360278551905,0.0655610496381562,0.0130277933288256,0.00462813302167059,0.0017360236077902,0.000533612715380773,0.0404926766768096,0.0145726746172197,0.0615607728448844,0.0165560032950015,0.000458343759538628,0.00431587289937901,0.000168779270347289,2.13538467883917e-05,3.02086966999807e-06,2.86171921829015e-07,0.00164764742787817,0.000213429989002154,0.00377966548383114,0.00027239482803788,0.0167270779260434,0.0475217146174382,0.0100030561678571,0.00337128357176812,0.00107230904481908,0.00023190522390268,0.0337701775542234,0.0113835987469528,0.0497422669925775,0.012997299429054,1
0.0173407057983699,0.0060535461666427,0.00249253327164719,0.000408061649118458,0.000742635561492418,0.00236024587046132,0.0216556028531622,0.0121090023084991,0.0170129203209656,0.0338710101694582,0.000301134746762996,3.63885102978662e-05,6.16717963963949e-06,1.67134350559106e-07,5.54265704095922e-07,5.59791729529765e-06,0.000470657685617431,0.000147302242102949,0.000285597172546368,0.0011510700637341,0.0142952332555269,0.00463623397057389,0.00191150832564088,0.000284033405528999,0.000425989351996354,0.00121888434359497,0.0168646037786945,0.00988451828744578,0.0126407261657459,0.0267597788508467,0
0.0158555405655465,0.00042291397646803,0.000639732974684274,0.000234505709290111,0.000712554490393987,0.000855702539371325,0.00741061264886693,0.00732362149968651,0.00210373106380282,0.00586516013135312,0.000252567549991705,1.74435960286638e-07,4.10304852447857e-07,5.52652648454484e-08,5.10068184594086e-07,7.35339507295844e-07,5.49916635991375e-05,5.38994796661876e-05,4.40710203001497e-06,3.4089961602789e-05,0.0119896686256304,0.00030002362525089,0.000372446597036467,8.62892866332881e-05,0.000397664115233547,0.000609832331370368,0.00571748266098522,0.00595222673665038,0.00124826631976488,0.00436205497296867,0
0.0029881539431426,0.0398900374265469,0.00626136215590677,0.00306806927394712,0.00140163280538776,0.000350488440312557,0.012226121049993,0.00617458495287921,0.0338080773612837,0.0137500620776844,8.96249516593277e-06,0.00159815625440955,3.93948372439038e-05,9.4157930928466e-06,1.96667331311836e-06,1.23449205801434e-07,0.000149851371415543,3.83170752674375e-05,0.00114863219206038,0.000189914480527113,0.00227015521802508,0.016384857725693,0.00196425766248881,0.00126001982062577,0.000628010456908924,0.000112870608763764,0.00813567559509367,0.00490808048714287,0.0133938906244874,0.00527702664540334,1
0.0122138592258802,0.0740580333155988,0.0467108192873535,0.012488794022679,0.00615124390053714,0.00193153962294003,0.0716780531473529,0.0141485325192124,0.0820194441489841,0.0311420183899868,0.00014966059458436,0.00550689012231837,0.00219270497473838,0.000156661245423463,3.80173546804157e-05,3.74959150676871e-06,0.00515509698899582,0.000201132272936147,0.00676089436920221,0.000974416110323368,0.00979226038035455,0.0601747593327936,0.0379795259229504,0.00878620128840007,0.0036582970383874,0.00135463588457151,0.055950859528364,0.0112843484465578,0.0652570183760098,0.0211212342894536,1
0.00547134251846661,0.0469469601051351,0.0132868545072205,0.0010944310770307,0.000757861465426205,0.000154792586833378,0.0426821272097996,0.00990167551675696,0.0382017512458138,0.047249880917407,2.99866544962431e-05,0.00221419213006362,0.000177307384779308,1.19621249703578e-06,5.77238088435865e-07,2.40438805333372e-08,0.00182645547226445,9.85314663394599e-05,0.00146664295544092,0.00224371621094437,0.00430804696906925,0.0369392996281962,0.00904760714776847,0.000838965307444839,0.000441461856223395,0.000104678203155841,0.034829173913835,0.00788088784754782,0.0283984033270603,0.0333660011550534,1
0.00205549703467926,0.00648091954949991,0.00140185846407845,0.000342376846913981,0.000786161329989149,5.63354767924684e-06,0.0117980742831607,0.0058002940604655,0.00497887353074221,0.00754450235173251,4.23834702076908e-06,4.21323901604874e-05,1.97480717837144e-06,1.17761969218812e-07,6.21083201607184e-07,3.14464846496033e-11,0.000139818339432342,3.3797287908509e-05,2.48625152654489e-05,5.67656431740682e-05,0.00147021076804708,0.00456431268585651,0.000985238296852058,0.00016739578133664,0.000461515847393789,4.09083914288044e-06,0.00967769155421353,0.00473739387457588,0.00352512966105775,0.00560406026841924,0
0.00227495074064337,0.000369251196517168,0.00101559296424933,0.000326224021608497,0.000556974407889059,0.000318565341147671,0.0117685595410116,0.0072884447020016,0.0112968943551511,0.00536707005551391,5.20095702081888e-06,1.36278203391451e-07,1.03643836333848e-06,1.06955616042299e-07,3.11528072318492e-07,1.01967776837597e-07,0.000139074020464011,5.33857738240311e-05,0.000128241356254403,2.89135165076715e-05,0.00157610538939785,0.00025385217406608,0.000541717954960771,0.000119773103512776,0.00026611595365016,8.94217085612847e-05,0.00940133884850898,0.00546339843671672,0.00691736335403855,0.00435660838889971,1
0.0289280255557029,0.209905060242601,0.109714868574967,0.0391745550594829,0.0180594498336795,0.00793897288635864,0.112937804302579,0.0275258146083622,0.183208668239596,0.0769790521545739,0.000839104390772739,0.0442643604281849,0.0120876017724226,0.00154191976861257,0.000327512759459759,6.33362136102487e-05,0.0128042280738876,0.000760437437810112,0.0336906644783845,0.00594870321532515,0.0219362615140059,0.156900827042348,0.0810866257685089,0.0292720971816317,0.0116713583146913,0.00524635215512298,0.0835231258784837,0.0204977083210803,0.141567997581981,0.0590872258172389,1
0.0136157516091202,0.0765639386241828,0.0566857210540162,0.00802488103820625,0.00412215210258699,0.00290912131818645,0.0754081889849943,0.0149176598155978,0.120393535088795,0.0352279185357304,0.000184526007633289,0.00586961943581436,0.00320488086106008,6.4249886256379e-05,1.6817213919146e-05,8.50099421908257e-06,0.00569409908909955,0.000222241773171132,0.014488906928576,0.00124178671869942,0.00967821572701005,0.058354024070036,0.0413981211179208,0.00443968838515171,0.00224962073639517,0.00212900635397458,0.0618143462198221,0.0116205640669833,0.0882968638195722,0.0244896366253065,1
0.00319207120427683,0.00776245827931762,0.0212022485274455,0.000276985383494903,0.000782368657812032,0.000379870361342109,0.0188199088698994,0.00927052990579247,0.0253963046918301,0.00776348161491695,1.02322091794255e-05,6.02910136146385e-05,0.000448377572075299,7.65599872032977e-08,6.14321050031695e-07,1.44414651851768e-07,0.00035415501810163,8.637047477199e-05,0.000644162366574967,6.05654643015916e-05,0.00239274061253116,0.00519717749130784,0.0157660108898432,0.000157104596630705,0.000458247259658987,0.000203756632035912,0.0140055574757056,0.00766196886304595,0.0208313858539693,0.00638574793816927,0
0.00416404466317983,0.00479303465809352,0.00352900513186117,0.00039626153192752,0.000680582563914993,0.000327405533876703,0.0143693467170498,0.00699596484710223,0.0128556562229916,0.00529703716721736,1.74132304017134e-05,2.30521095448952e-05,1.24672373967476e-05,1.57808887387966e-07,4.6545511014663e-07,1.07730455564053e-07,0.000206788326226911,4.91878685265239e-05,0.000165708477445091,2.79581094797054e-05,0.00287516989354926,0.00126917684720925,0.00197460194502209,0.000174485951721312,0.000390407490307138,0.000115884615342503,0.0111764589631653,0.00555558701849427,0.00676472117947995,0.00396044901605176,1
0.00954643557350078,0.091994734820112,0.00789366974478779,0.00584890691469105,0.00295687570284429,0.000881517247415141,0.0346640198562747,0.0159657722175609,0.0489659555221579,0.011748313271742,9.15636015098543e-05,0.00850327797202347,6.26037077778655e-05,3.43787178709796e-05,8.7808539918372e-06,7.80884964269689e-07,0.00120494299924269,0.000256146770800701,0.00240957698444356,0.000138716237415035,0.00743333946702234,0.0662089963691156,0.00574450851977085,0.00400054566888396,0.0018725825390701,0.000458512350143594,0.0271030888378091,0.0125268079410773,0.036718474547437,0.00874506911310848,1
0.00633685779714864,0.0503819556214452,0.0154641262143108,0.00208057779087795,0.000915275365203182,0.000124585917634722,0.0363851627829226,0.0110266398297908,0.0570518903247765,0.0298135140079048,4.03502592355491e-05,0.00255051726465192,0.000240238367006923,4.34817787605822e-06,8.36025685195826e-07,1.5461154180349e-08,0.00133020078655108,0.000122159509038807,0.00326631424714573,0.000891714000731762,0.00484587956113618,0.0358435858575328,0.0113530131566092,0.00153215258997034,0.000663869869484993,8.839940097185e-05,0.0303928000682625,0.00896536987139022,0.0448399185257079,0.0208882046934003,1
0.00232274185161069,0.00584963832456192,0.00356421977208423,0.000264825418201047,0.00055965632598092,7.42422713759963e-06,0.0198964121114898,0.00770827824955207,0.0144079553850231,0.0109775214322784,5.4217930902411e-06,3.36354182156583e-05,1.26585961250539e-05,7.04693347302826e-08,3.14783651935534e-07,5.47271370852768e-11,0.000396577390348632,5.96561851231911e-05,0.000205528983782593,0.000119501412878224,0.00148687653541085,0.00429906709841427,0.00211747178427509,0.000139901097852948,0.000274710883696464,5.09451026698589e-06,0.0158898560418289,0.00620932973907287,0.00954147097408131,0.00804410629661132,0
0.00212383846994266,0.000335690541935186,0.000811054345887754,0.000315723037274835,0.000678089688812644,0.000399913875528569,0.0115293533875413,0.00847435995057617,0.00345687774834347,0.00810454612799073,4.53289770168133e-06,1.10551796417372e-07,6.61106414221742e-07,1.00180673958467e-07,4.62112215243147e-07,1.60734516458354e-07,0.000132991577986005,7.21688949326387e-05,1.20090835041943e-05,6.59942448268472e-05,0.00145168876424831,0.000241887293619037,0.000475163125494655,8.92870308580517e-05,0.000381493875074831,0.00015428207719487,0.0093287747730333,0.00646103167272079,0.00228385336636335,0.00670152353854004,0
0.0102263765581534,0.0812730266687889,0.0384271168840346,0.020762992056967,0.00704418256893452,0.00158073858714512,0.0355070568481905,0.0122543783379025,0.0629821724372205,0.0553314875606263,0.000104972122930113,0.00663580595289523,0.00148136065953176,0.000433230282354423,4.98695956592865e-05,2.51126650226298e-06,0.00126690853391959,0.000150907020245969,0.0039866097723901,0.00307191457209439,0.00793472868656058,0.0601925734380382,0.0295814014479894,0.0158157280853758,0.0040372966685593,0.000837891171185888,0.0247214312538651,0.0102589657832835,0.0496492919528088,0.0426872850321914,1
0.0113079297254525,0.069657441437918,0.0767532083793205,0.0080550318689066,0.00330360153871861,0.000430839046448883,0.0387858956389205,0.0176193687768334,0.120307061933335,0.0389305086702791,0.000128328181718436,0.0048519882577375,0.00591568387519736,6.51711768017516e-05,1.09681613464955e-05,1.86527162383768e-07,0.00151172354024611,0.000311999418339281,0.0145462673043924,0.00151589265965199,0.0087252449160363,0.0533376487723377,0.060945102488681,0.00544583651762301,0.0023612195427605,0.00029712113991319,0.0322587483883146,0.0133970622383229,0.0890890938766309,0.0297597192644236,1
0.00500480823278239,0.0425253406881897,0.0407629685347489,0.000805869491849867,0.000688009342571828,0.000233029671126367,0.0231893135281309,0.00998904856333628,0.0831084871710485,0.0177562964634234,2.51735918215235e-05,0.00181075082932141,0.00166982005227521,6.52664530105463e-07,4.74432103321505e-07,5.45748930470102e-08,0.000540275685264351,0.000100281367340544,0.00694014779667805,0.000316646001512116,0.00362211523613673,0.0340011460176857,0.0332702436688943,0.00054560574292897,0.000398032920067258,8.05638032918186e-05,0.0189230460637488,0.00800993025136188,0.0657996890501568,0.0137256225101151,0
0.00424272140613124,0.00921088834925415,0.0529524372393212,0.00033013481813578,0.000512760559183216,9.98519018654069e-06,0.0234156736106377,0.00781617618672624,0.0585646139414341,0.00712148572046985,1.80680421986618e-05,8.48604145197911e-05,0.00281686788665059,1.09530701049579e-07,2.64153637105904e-07,9.97974295133009e-11,0.000551047851181266,6.13600133188517e-05,0.00344541431376317,5.09652950710299e-05,0.00333638008680486,0.00677590121191246,0.0423936560549127,0.000116703345652731,0.000223883597090014,7.30277782706354e-06,0.0173098973016121,0.00617495146518392,0.0453024754869906,0.0057215143838131,0
0.0150435795097697,0.127593522015704,0.0699063187100216,0.0236465701429871,0.00751775008150784,0.00258510336528466,0.0608029832962187,0.0155676317092249,0.090307154635945,0.0410991509386618,0.000226051493133684,0.0163557618935312,0.00490180937339313,0.000560157317443697,5.67823983445813e-05,6.69130943291114e-06,0.00368465447468617,0.000243267951099891,0.00816488708912778,0.00169720951549595,0.0108535940913618,0.0944205394536989,0.0548322584029318,0.0163442460450434,0.00429744584294618,0.00108342893444299,0.0385562541916182,0.0117154309949778,0.0739045878188497,0.0291479774155149,1
0.0159311021319793,0.07269336565532,0.0805962853462984,0.0235284160167695,0.011184281506267,0.00234701468772183,0.0580241121875015,0.0154060088203208,0.142205354309572,0.0446018143559681,0.000253853872377011,0.00529835758089811,0.00651200401186713,0.000554043454996435,0.000125668316017889,5.50646682786087e-06,0.00333831189484645,0.000238479609188071,0.0202926901467937,0.00199653025856926,0.0111616051061866,0.0542874057671528,0.062993347510514,0.015572379410401,0.00771119868394746,0.00156526485591078,0.0448782123111852,0.012197165340469,0.115543009202642,0.0318671320115542,1
0.00359924800511369,0.0106132090779635,0.039101553852844,0.00114735574470212,0.000970461943393542,0.000332558141092288,0.0405041748942407,0.00868801458045023,0.0602433584985116,0.0253263808805817,1.30196364411151e-05,0.000112200276921885,0.00153473284453245,1.29369010709895e-06,9.40029376706647e-07,1.1093035812332e-07,0.00164451356728035,7.58548205069602e-05,0.00364505889958865,0.000643530068035426,0.0023527487988673,0.0074700469206535,0.030436870107283,0.000813102580038868,0.000683267850955947,0.000150906390277832,0.0328084440892923,0.00702924950435771,0.047897296750869,0.0173998994966089,0
0.00184548589891485,0.000524065054051353,0.0114725471941078,5.41653473036804e-05,0.000721706986198859,1.46484669137131e-05,0.0186988619975775,0.00681817446458313,0.0146768476338194,0.00637966755522071,3.42120353155748e-06,2.75692875378389e-07,0.000130817485593506,2.89030025685843e-09,5.2339853645864e-07,2.15164415247865e-10,0.000350944514891477,4.67209493789386e-05,0.0002155083636698,4.08985516592838e-05,0.00123160361356989,0.00036621681414562,0.0083897559180343,3.91573447733556e-05,0.000434837629563921,1.02636981871169e-05,0.0148153317698969,0.00576780504832568,0.0113114046735406,0.00405993377982211,0
0.00311699149686666,0.0296532558349423,0.00140547225372426,0.000462704996267212,0.000775453763710317,0.000319879989672127,0.0283572437512023,0.00727057180631748,0.0224098852152977,0.0115155118571737,9.76365423040186e-06,0.000881783743196706,1.9697742267918e-06,2.1517157371569e-07,6.04224243384733e-07,1.02819756028352e-07,0.000807101843190315,5.29473165915326e-05,0.000501912527025916,0.000132219499512415,0.00220115581718045,0.0129920942162416,0.0009786114968878,0.000216427947908149,0.000459012733546922,9.77284065257065e-05,0.020695975743402,0.00564643057296765,0.0114449633996598,0.00663253218947071,1
0.0116245218206248,0.0655205557863089,0.0346188197970602,0.0106127757987161,0.00423208216696515,0.000456414328727875,0.0407745306893532,0.0137611088087857,0.0714308460214907,0.018397985933954,0.000135808545042375,0.00431436717935815,0.00120254060028894,0.000113059076477423,1.79943660263298e-05,2.09356056465944e-07,0.00167021916946424,0.000190298318082706,0.00512348841846734,0.00033999234444309,0.00921297828812804,0.0540019847028376,0.0245123848706867,0.00852293580491736,0.00305393185433827,0.000191037417290002,0.0332930655334097,0.0115143608740909,0.058226618843593,0.0145747026767321,1
0.00560452898061323,0.017457721254486,0.0279887074810866,0.00279616354651011,0.00118713459617556,1.24044956386695e-05,0.0316146827612903,0.0117148830922221,0.0556554348154371,0.0383933928369197,3.15685832405243e-05,0.000305192607264387,0.000784206446703796,7.73950935517972e-06,1.41150051822236e-06,1.50602727600592e-10,0.00100398512037749,0.000137446546769345,0.00311308533943175,0.00147920158686907,0.00401142169630724,0.0133490101173848,0.0203926908808472,0.0019826127793846,0.00089842770839098,8.53811036168407e-06,0.0254366751163167,0.0090093534251484,0.0437637896684665,0.0287576232029097,1
0.0028687098987684,0.000969726416515695,0.00775699116934501,0.000285546419561017,0.000519954461827412,0.000229631502638426,0.0226049667657742,0.0092984999166087,0.0137737075653365,0.00936869450077423,8.26679999821059e-06,9.42921975472677e-07,6.03595593116951e-05,8.11690480916834e-08,2.71708002196141e-07,5.29911275217701e-08,0.000513424099741195,8.65398169893996e-05,0.000190276266402539,8.76267625787291e-05,0.00218081793564597,0.000685655521036804,0.00559085236474097,0.000159955308226535,0.000266194517438769,4.93204495158318e-05,0.0177859331371595,0.00779409433932139,0.0103893043662323,0.00742712950009426,0
0.00585845816193636,0.0393977594769798,0.0201575818810598,0.00586239753089667,0.000721508572510817,0.0002333939363095,0.0190488735834695,0.00831285902124134,0.0401035455157345,0.0247212185359242,3.4460230158212e-05,0.00155932724226772,0.000408143064223083,3.4470418194638e-05,5.23190533842002e-07,5.47366251252684e-08,0.000362720812091946,6.94040357500502e-05,0.00161586747415691,0.000611506627084972,0.00385042629134552,0.0180814317219403,0.00938236395672418,0.00309021112973297,0.000425631999977556,8.02366336321559e-05,0.0158400151729327,0.00639438792334235,0.0234603279735908,0.0139830785976031,1
0.011092495171712,0.0670155540308062,0.050483878750355,0.00880700969742079,0.00295237936394681,0.00032282068719676,0.0408831611494249,0.0185085614370852,0.084291380030345,0.0458197625886267,0.000123489908081312,0.00450539986650022,0.00256061598215009,7.79224981276775e-05,8.7579804163415e-06,1.04730238750387e-07,0.00167980213872778,0.000343838643188839,0.00713356454667995,0.00210826362960399,0.00888473666404688,0.0533936457252063,0.0413212874793873,0.00600584331980197,0.00185536305678116,0.000110402174904316,0.0344407181810157,0.0150447255206416,0.0689872175809541,0.0349016705342282,1
0.00400914437863353,0.0455772004491072,0.0155614378130824,0.000681994625228254,0.000630044893507048,9.0932258891733e-06,0.0220673998922239,0.00832781452144528,0.0451063941343564,0.0306658652026457,1.61125959002968e-05,0.00207250399574332,0.000241682118547635,4.59644172283264e-07,3.97327990246261e-07,8.11184438349161e-11,0.000489167818744761,6.94335845339313e-05,0.00203984528523818,0.000945107804227021,0.00303062754956061,0.0261812373866377,0.00709056611236148,0.000504229137077784,0.000337088871063975,6.58680895810735e-06,0.0181828144805702,0.00662302275703967,0.0334131684369035,0.0217965481012102,1
0.00147662402344654,0.0016482897426254,0.00458666104435105,0.000330329324556642,0.000634540277911061,0.000231028073104437,0.0125649292753691,0.0085003625717122,0.0152580892006764,0.00852603359968177,2.18977381234103e-06,2.68583186964159e-06,2.11310610604164e-05,1.09662477748625e-07,4.04614491120457e-07,5.36403333202359e-08,0.000158646215749841,7.25113792097221e-05,0.000231932599004214,7.29988650354738e-05,0.000923982769914486,0.00119406818110139,0.00269147990550332,0.000130514198849344,0.000320218061297232,6.11081918496619e-05,0.0101406585450151,0.00652718018879191,0.0109772872981928,0.00695080574097019,0
0.0026750592500781,0.0393418641575937,0.0144129623954971,0.00403661580726167,0.00126693961071286,0.000231605138822373,0.0172836708625882,0.00930869697099632,0.0485496278733007,0.0195733421483376,7.18520580967701e-06,0.00155457659895153,0.000208160008361986,1.63749989258644e-05,1.61248945720013e-06,5.39035881203017e-08,0.000299922414148349,8.70596852362095e-05,0.00236099437006417,0.000384469838746079,0.00182229030495177,0.0142157378877758,0.00521268540649835,0.0012969398182701,0.000613999882492038,7.03466984335281e-05,0.011982178326411,0.00715296173133278,0.0188991845637468,0.0113753124288837,1
0.0152745161919776,0.0747140991137374,0.0584830127341962,0.00973373817899416,0.00243373151519405,0.00149305045300782,0.0445922853120736,0.0185225536366252,0.0946069929685233,0.0512061101999478,0.000234338565743477,0.00560715447969981,0.00343412016350283,9.52118590586077e-05,5.95211560466137e-06,2.24037824894155e-06,0.00199807533710564,0.000344805306041013,0.00899546038736525,0.00263348442087282,0.011785405541252,0.0587790683204503,0.0487330476253511,0.00738591459343068,0.00163354471318331,0.000773320073794523,0.0353939023480872,0.0140755391982447,0.0763762519353381,0.0376335650551873,1
0.00464799855710428,0.0524677696495475,0.0497112004495437,0.00213943442905536,0.000689438227869208,3.56288001722455e-05,0.037037491682827,0.0122067962472723,0.0971460777036874,0.0498429647892544,2.16251041925162e-05,0.00276533806824907,0.00247274707198595,4.59431660607517e-06,4.77587558869826e-07,1.24302759416172e-09,0.00137715081105901,0.000149749785417392,0.00947922106951564,0.0024932834441741,0.00304122153720181,0.0391542062702962,0.0394846525386446,0.00162788229552868,0.000408203113485043,2.56881898990799e-05,0.0300225115846478,0.00997253494867694,0.0711048623831369,0.035889696896276,1
0.000990100299620051,0.0118236020409421,0.00596537699840536,0.000133167403983188,0.000536640894348814,0.000230670834975528,0.0161031134182871,0.0102375338514035,0.0130739256856506,0.0121348967722104,9.85147132506731e-07,0.000138308705971222,3.53787228979338e-05,1.76984127126879e-08,2.89177652595859e-07,5.34712880129043e-08,0.000258775681209203,0.000105333646592064,0.000171190267121609,0.000145874628357453,0.000653477999906204,0.00842597663480644,0.00441026577428825,0.000102846209492998,0.000285466707661274,5.8118193903035e-05,0.0129467103140917,0.00858699091809097,0.00936238932166377,0.00935465712371815,0
0.00189236581324223,0.000716785827149836,0.00189026352998001,0.000227583511910699,0.000875183109431495,1.85430269849563e-05,0.0134113173175213,0.00889894511311888,0.0105548670558932,0.00950583381832826,3.59805334611692e-06,5.04882753016631e-07,3.59090640167641e-06,5.20496256925408e-08,7.69790807790292e-07,3.39746281238347e-10,0.000180669069259204,7.94586830629933e-05,0.000111844287703385,9.08149106824045e-05,0.00127151278147894,0.000505293290973338,0.00103361797417915,4.70362107000403e-05,0.000520193093616092,1.34185176519676e-05,0.0104933086475747,0.00698732662017267,0.00621815891927413,0.00778708111348668,0
0.0116530647229907,0.109137394083569,0.049708063645424,0.0047414269641048,0.000641626064071334,0.000553718895912157,0.0139486882374757,0.0107892312930145,0.107168664018105,0.072335545599821,0.000136416544630376,0.0119701808886982,0.00248314394231495,2.25936621935862e-05,4.13642577942481e-07,3.07894938079442e-07,0.000195265627500968,0.000116763228436239,0.0115356581106608,0.00525704666640245,0.00719405922574675,0.0726494800800464,0.0303947681526953,0.00270278615605651,0.000348688930864233,0.000262434396936659,0.0116019539307922,0.00841963627496236,0.0748142047409574,0.0522704153601563,2
0.00363139093880301,0.0143000489070815,0.0213377285734963,0.00106876388947956,0.000721765727754078,8.81115902589486e-05,0.0315155348902763,0.00898106221780566,0.0262980682442757,0.0277752426941959,1.32089122846556e-05,0.000204193055136806,0.000457571946058926,1.14729403244577e-06,5.23332565223843e-07,7.54640155592039e-09,0.000997773948879468,8.1053886429575e-05,0.000690079829013103,0.000774084016828422,0.00278748400177036,0.0109167384051383,0.0150505172965677,0.000770314610310231,0.000420656394353542,4.87869412557939e-05,0.0233848468911314,0.00684157789397913,0.0166676718662405,0.0157391596819476,2
0.00179471402572808,0.00230970503619256,0.00263585783925598,0.000237574466901959,0.000561216568721197,0.000229776855913067,0.00272739455322905,0.00669204105492607,0.00182976302617298,0.00114033403080071,3.23622375749914e-06,5.25620659809142e-06,6.92977330674497e-06,5.66505924750697e-08,3.16383550627465e-07,5.30549230531923e-08,7.36363676859609e-06,4.50034642602345e-05,3.35846762634377e-06,1.30674497467743e-06,0.00116264905300896,0.00160407981366179,0.00180591396076225,9.34546983702747e-05,0.000292336945364955,5.10286828176492e-05,0.00202552078573787,0.00529710972766498,0.00127392610520586,0.000817456558379098,0
0.00164815970532239,0.000119908466161958,0.000842163576826033,1.35197370264885e-05,0.000630105223614201,2.73790541579237e-05,0.00191827644903485,0.00728959105271921,0.000343173631245268,0.00119633980846364,2.72475305130222e-06,1.40804029170065e-08,7.12778084947806e-07,1.83100401274568e-10,3.99018212515515e-07,7.46770550542033e-10,3.6965715727562e-06,5.34015146966604e-05,1.18272442841439e-07,1.43841839590868e-06,0.00104245968840662,8.40600938909979e-05,0.000533982126766659,9.61753670393122e-06,0.000319336468770561,1.9946868611533e-05,0.00109258696420915,0.00569392043781429,0.000170284272804411,0.000720721960344233,0
0.00623151252567414,0.0714093705170034,0.0115653531066079,0.000223059245063088,0.000710012669956224,1.91719793845641e-06,0.0109307497388437,0.00816359426304564,0.0551608012107744,0.0611227301042915,3.90268276878175e-05,0.00510501756560115,0.000134133818890752,4.99701458943223e-08,5.06582182576391e-07,3.64169564225354e-12,0.00012007460997835,6.69791301522369e-05,0.00304151093605958,0.0037475834856492,0.00423868011233484,0.0534592307080659,0.00694277328222223,3.21852915122537e-05,0.000382813692750959,1.31951237031811e-06,0.00800617375838778,0.00665446404005086,0.0412655675527472,0.0494614634131421,2
0.00334062132818008,0.0650259137011867,0.00786284262533025,0.000235022560149985,0.000645546426236905,0.000325783149570004,0.0118159253368268,0.00911270742092245,0.040867351480948,0.0490203235828208,1.11977453522414e-05,0.00423375115840558,6.20152932339658e-05,5.54593659467657e-08,4.18815433322628e-07,1.06667890730941e-07,0.000140311275465905,8.34162795012573e-05,0.00166653121227064,0.00240844929450539,0.00238033237504699,0.0432021898811818,0.00545392944736233,7.56155021623911e-05,0.000342941395646878,0.000109906434657535,0.0074428268855085,0.00728167794034174,0.030619861113743,0.033437083715337,2
0.00210461553262028,0.00282131648998325,0.00147851412678189,4.61447046551206e-05,0.000470795820096777,3.12362775334167e-05,0.00203104948333107,0.0090311660081496,0.00378117304775543,0.00105693936275316,4.44953895727351e-06,7.79328630835684e-06,2.16723645823323e-06,2.13801862564488e-09,2.22679633323168e-07,9.80594845072059e-10,4.09858695368483e-06,8.18565986625384e-05,1.40517931266314e-05,1.11079944762203e-06,0.00131290812674935,0.00195867348342664,0.00106026902920363,3.16413811310884e-05,0.000260300315817814,2.28595718622785e-05,0.00143963599739032,0.00748281108311766,0.00264371807101358,0.00081021488955419,0
0.00144358442795621,0.000137389280481949,0.000612038981993748,0.000321725285023815,0.000912138598229351,0.000222930372017536,0.0011706038297229,0.00692644567586412,0.000300674312929285,0.000859427918198931,2.09134804097134e-06,1.84120516820208e-08,3.76350814143829e-07,1.04026129287834e-07,8.36139154564737e-07,4.99030649411253e-08,1.37481883752977e-06,4.81658133342533e-05,8.98319769974065e-08,7.42321065928468e-07,0.000757236108810529,9.74618434301663e-05,0.000336929861176337,8.5773072679659e-05,0.000568272329067267,3.23374283004283e-05,0.000757941569300635,0.00568337110436266,0.000168558330669986,0.000503185709236587,0
0.00682734792206899,0.0909252516020653,0.00457980862459214,3.40845171013691e-05,0.000750188256873542,6.19961074822696e-05,0.00461413015023091,0.00844300209054403,0.0604121928116038,0.0673900865568748,4.67000166035663e-05,0.00830825880392136,2.10616153284756e-05,1.16564213950053e-09,5.65526038634946e-07,3.81768934163027e-09,2.13938810795638e-05,7.16169273991017e-05,0.00366796914332295,0.00455741422393949,0.00495794792415014,0.0652886186807388,0.00272077409614605,2.51831290601978e-05,0.000451773695539204,3.79279829992598e-05,0.0030782108296229,0.00654930705482123,0.0412454793424512,0.0515780059241363,2
0.00488730308922915,0.0657650263533434,0.00110924489238484,0.000231093113387595,0.000518426561406983,0.00023130657758334,0.00378592645708368,0.00910833852658055,0.0318336091104231,0.0260161102612887,2.39527007888936e-05,0.00434552641530797,1.21741726885696e-06,5.36709478069405e-08,2.70065282375647e-07,5.37714538125627e-08,1.44051506205194e-05,8.33606878337814e-05,0.00101845068842987,0.000674230242335821,0.00310845526101617,0.0431781664600341,0.000802289946094623,6.34954969602094e-05,0.000249747284999311,6.86833618866737e-05,0.00268106221284595,0.00670893678520638,0.0216175898704823,0.0205845974105887,2
0.00166249188226943,0.00187482327866486,0.000805111380519682,0.000396171051577623,0.000511421580300753,0.000230241926855032,0.00182660109353144,0.00659048108495841,0.00118725553879496,0.00267499051005118,2.76872836263264e-06,3.45681036089911e-06,6.51213849392298e-07,1.57699668159373e-07,2.62861274708407e-07,5.32764166727843e-08,3.34810936825861e-06,4.36438714000257e-05,1.38108050329328e-06,7.17359110651151e-06,0.00113484793823667,0.00134998134614483,0.000468188628244697,0.000152808392332904,0.00023514393487445,5.56315173343161e-05,0.00113665819831736,0.00532104119067279,0.000857613470142756,0.00195715214996144,0
0.00120905196329552,9.7234719596496e-05,0.000754345030370148,5.67821300912016e-05,0.00074761742469899,0.000327898912736504,0.00123189824836783,0.00621989142493181,7.82045878730402e-05,0.000366630921894803,1.46764682586106e-06,9.34120991077461e-09,5.71692254548032e-07,3.18602288358142e-09,5.61735316225578e-07,1.08047619502407e-07,1.5248907210208e-06,3.88678871982308e-05,5.84649659754497e-09,1.34407971799291e-07,0.00065603961298351,7.05597429836023e-05,0.000454366591257926,3.48859352643324e-05,0.000422006116431626,0.000129498220225111,0.000732034947855066,0.00498236948749305,4.27040877845175e-05,0.000184947735154271,0
0.00519087475700446,0.0835072925623471,0.00528036132710348,0.000326807166049654,0.000713610013113215,1.75042822169926e-05,0.00613613607355343,0.00668563968657906,0.0328856312276962,0.0484425498233015,2.70756609352574e-05,0.00699745791223221,2.80182548373203e-05,1.07339564940388e-07,5.11790387446749e-07,3.01445585487697e-10,3.78085788132443e-05,4.48737837671827e-05,0.00108646341119841,0.00235846071432972,0.0024355152067158,0.0509146190467436,0.00224813896053107,0.000119801485631523,0.000382428179313035,1.22752556625442e-05,0.00415925513805657,0.00512673181540095,0.0190391471223965,0.0329737848058608,2
0.00729535987716346,0.0739999765536497,0.00322243918749444,0.000228515655411804,0.00068118302819605,1.00945020124796e-06,0.00443205772450603,0.0076173595766975,0.0401939461813884,0.0225591807050746,5.34632498026414e-05,0.0054798122850168,1.04325628248629e-05,5.2470327190136e-08,4.66336675657781e-07,1.00832080786562e-12,1.97318295689379e-05,5.83134267339482e-05,0.00162229202881682,0.000511305837950513,0.00555974132010302,0.0554848581685421,0.00215637507523677,5.21268032029385e-05,0.000387575779839768,6.9484610705836e-07,0.00343705677821173,0.00622280607455484,0.0299738986258985,0.0183232143906966,2
0.00119563224901697,0.00886096599503206,0.000837285830073359,0.000235415767992659,0.000736348392210951,5.27330180125473e-08,0.000769668411329408,0.00548690142173409,0.00311964299087301,0.00336132889178008,1.43418870268541e-06,7.67614218104014e-05,7.04569534941904e-07,5.56813559322708e-08,5.44867226833199e-07,2.73526950552859e-15,5.92762497442175e-07,3.01840672832464e-05,9.53543299808288e-06,1.11060497692379e-05,0.000794647844047553,0.006374320841152,0.00052306935202229,8.72605234625196e-05,0.000420505433468376,3.6602785169955e-08,0.000502698581627316,0.00438562521295202,0.00224186678243729,0.00269755125548844,2
0.00127015484125502,0.000468726114895033,0.000636274459525288,0.000401394644298998,0.000579520407518459,0.000227689941637408,0.000752319539916949,0.00693071940831328,0.000753657372634004,0.00269372050437277,1.62128472113819e-06,2.15219989520968e-07,4.06670026556626e-07,1.61926373298014e-07,3.37524322481537e-07,5.20938755038615e-08,5.68801546895595e-07,4.82056050759995e-05,5.69121061434481e-07,7.29251467748049e-06,0.000768783404852935,0.00033699368251328,0.000315655968205717,0.000172992851434643,0.000330534144055765,4.06817256241565e-05,0.000430506185235206,0.00533584811987841,0.000306760421341699,0.00208631944621985,0
0.0076599052797048,0.0751218262537923,0.00551122290390154,0.000231443928420281,0.000775566432776963,0.000328740464057513,0.00470680781567352,0.00875251549883879,0.0455614459435915,0.0468122479813893,5.86284123123286e-05,0.0056710273958165,3.05223446778967e-05,5.38342293762541e-08,6.04524423250975e-07,1.08610355473139e-07,2.22517250874698e-05,7.64205998633698e-05,0.0020858848213382,0.00219879434762016,0.00380292933262947,0.0424394536933089,0.00317347101985373,7.11918794707785e-05,0.000436389661457274,0.000133075891752052,0.00247968324614238,0.00667654102252505,0.0258398186448684,0.0244161539614004,2
0.00913806639348641,0.1286163355093,0.0110505751826706,0.000326726571243722,0.000721900191133997,0.000233231265965951,0.00830271903410834,0.00819008765212864,0.0716155901154878,0.0690253791080786,8.37576878063701e-05,0.016620391178436,0.000122637008717972,1.07277435695422e-07,5.23747269423582e-07,5.46655753924485e-08,6.92378739615432e-05,6.70086008471902e-05,0.005152124748844,0.00477783049127727,0.00708318952674444,0.103810772889754,0.00853924915878213,0.00011958532846632,0.000403532480853524,8.04106623616694e-05,0.00577519369792174,0.00645272041493307,0.0586276622919818,0.0526154536242384,2
0.00227606894042186,0.0166274243505912,0.00497981880991313,0.000328509928434971,0.000561862717368448,0.000322177696819652,0.001725955486937,0.00610057347723506,0.0127404200241947,0.00855093124324656,5.16675629328452e-06,0.000269752531279984,2.47883835494241e-05,1.08454468279954e-07,3.17273894837852e-07,1.04319158328593e-07,2.98787293501878e-06,3.72437297200859e-05,0.000158705485054867,7.18732678040222e-05,0.00163015040175928,0.0117275781099057,0.00270748652157285,0.000125554143373745,0.000270265434003943,0.000121965952756433,0.00118915078225819,0.00493143243173568,0.00901164484105105,0.00617451887285268,2
0.00153026517768316,0.000858585609481241,0.00317480009086622,6.92748532750468e-06,0.00060518103598696,1.06450002800016e-05,0.000450601784665,0.00660426945463432,0.00850057671977045,0.00107013346663116,2.35243935431663e-06,7.18807544411721e-07,1.01022667049219e-05,4.80986773183414e-11,3.68083091395012e-07,1.11090377062892e-10,2.03840312486605e-07,4.38316942390922e-05,7.22172821156254e-05,1.13390724546148e-06,0.000895214715544303,0.000610807548536824,0.000860962980776175,4.92892252674022e-06,0.000316878059908972,7.54695482060504e-06,0.000222913674355358,0.00526211589799057,0.00357872957890418,0.00074107736383256,0
0.0031882989501401,0.023250216167606,0.00281674724276111,0.000516499606017894,0.000683916375038667,5.62489227953818e-07,0.000907421093560718,0.00724372927268009,0.0221998059048867,0.0102533173681646,1.01899443590505e-05,0.000540699555559763,7.94418289254618e-06,2.68112398451956e-07,4.70071861892341e-07,3.08667658184443e-13,8.27367406600916e-07,5.25766731142754e-05,0.00049494690834229,0.000105343986666719,0.00158173659367171,0.00708896984878439,0.00178358301729843,0.000245141897597725,0.000352480248451365,3.98902996966067e-07,0.000489926421721867,0.00591842640046593,0.0104917516086006,0.00378304818786542,2
0.018013544477063,0.138282040399916,0.0179873106667744,0.000880653588862325,0.000554315743216637,0.000722458498929981,0.0101421662549441,0.00864722147495364,0.0694749691986668,0.0882060037250825,0.000326097660580707,0.0192053009130838,0.000325166075464765,7.79447258305273e-07,3.08806238005305e-07,5.24435702349107e-07,0.000103295612014046,7.51341932711423e-05,0.00485016552443489,0.00779771957806203,0.0147147012644173,0.113505648744831,0.0138614690102538,0.000434501053043585,0.000276149160851493,0.000315680529613531,0.00742005120902394,0.00728077282381711,0.0568340537666641,0.0679140822916215,2
0.00455434135880108,0.0400275398476001,0.0182317131247589,0.000344077867068006,0.000555572103554677,9.6334512064589e-05,0.00404019729370467,0.0134645708478673,0.0197587162106678,0.05938250973238,2.08459865966775e-05,0.00160725003837772,0.00033405347963067,1.18982353460484e-07,3.10089653305413e-07,9.20855042756786e-09,1.63443322914875e-05,0.000182189777479282,0.000391158646831918,0.00352954590569677,0.00281238184528354,0.0299154311010069,0.011835160264989,0.000162650822023989,0.000266200536107046,6.97382443449001e-05,0.00281296502668593,0.00982864993550985,0.0108307630692262,0.0442927798159163,2
0.000776812893773058,0.00286887716398586,0.00126515018088838,0.000209450110836755,0.000681108396661101,0.000228491479890072,0.000582558738579645,0.00556337735631146,0.00231899491752121,0.00419502367590172,6.06404150374565e-07,8.22168272495848e-06,1.5816316324072e-06,4.40577071352161e-08,4.66166233922474e-07,5.24664877768272e-08,3.38440679334627e-07,3.11026658684683e-05,5.39693934973038e-06,1.75990148070814e-05,0.000461228618209888,0.00210282212191855,0.000939409127944408,5.69091597213449e-05,0.000401486677070193,4.84013375711948e-05,0.000401226183403905,0.00439836734154189,0.0015832560687246,0.00307169379356193,0
0.00138579327585355,0.000379736622945086,0.000604884292229802,0.000255358958222626,0.000683462093949628,3.71069406241996e-05,0.000234386612405182,0.0066913487011402,0.0030070122762307,0.000749271396247908,1.9291786285052e-06,1.44907463811257e-07,3.67634690784292e-07,6.54989562180043e-08,4.69454322814129e-07,1.37433238891363e-09,5.51875468033399e-08,4.49753537328761e-05,9.08654648238383e-06,5.63528763986617e-07,0.000918171159094765,0.000204136353500384,0.000301522118483827,9.67013420120386e-05,0.000369666938953298,2.53245366476901e-05,8.44017407725179e-05,0.00554281157829866,0.00210033609830949,0.000432011945858146,0
0.0277529285042884,0.133241287906898,0.061998818002913,0.00166805796785583,0.000893081488509923,0.00238057075506758,0.0118258695093599,0.0241916702623862,0.138633980471582,0.103965153428088,0.00077409494068734,0.0178392337468744,0.00386316912618932,2.79403325247075e-06,8.01595387673026e-07,5.68344818656861e-06,0.000140147889770803,0.000587879868634719,0.0193114672091814,0.0108230512211281,0.0182789117512977,0.0889189388965108,0.0414825426265312,0.000728087264831105,0.000557726456557003,0.000954931518930558,0.00734978897624336,0.0174953933100818,0.0976853284111598,0.0663520698656294,2
0.00997803937768501,0.0637026199796181,0.0306488691486691,0.000561725183074455,0.000717656566818899,0.000818214960469529,0.0154370154820081,0.0197785830525706,0.0786026707095612,0.0741677053470672,0.000100054825052736,0.00407349668927369,0.000944040058981727,3.15067141577234e-07,5.17617956264709e-07,6.62091247471326e-07,0.000239283416856348,0.000392791727558242,0.00620938366717301,0.00550309518025244,0.00717294244826324,0.0382178514597446,0.0230597512569997,0.000340168610884092,0.000395729449369137,0.000610191364567558,0.0112023612339217,0.0160194238480386,0.0619408655516863,0.0516650923262301,2
0.000941214516478347,0.00255841762354935,0.00275502382692861,0.00040154196576441,0.00064363952904891,0.000237688172508528,0.00163391652797438,0.00979682561965723,0.0168371584591262,0.00781635345040519,8.86211798235569e-07,6.42422372558627e-06,7.59959757555561e-06,1.62044429989639e-07,4.16336209705627e-07,5.6769757169688e-08,2.65846973950858e-06,9.64549974204412e-05,0.00027945721550479,5.98935474419331e-05,0.000575086678460536,0.0018776192516686,0.00198942742581762,0.000167675616152962,0.000340586619805442,9.03089145205486e-05,0.00115019193145785,0.00805374376967437,0.0107924312013627,0.0055268848063109,0
0.00203761288669027,0.000364496739965674,0.000612536172348903,0.000321846547146013,0.000559135035362845,0.00023277389132915,0.000516517632450237,0.00781376230356865,0.00301681306558377,0.000944585886107069,4.16938074958772e-06,1.32829818938927e-07,3.76930172573316e-07,1.04103848143654e-07,3.14197182198394e-07,5.44168407581589e-08,2.68034937606876e-07,6.12450012319587e-05,9.14548651407547e-06,8.9077608852484e-07,0.00126312931513893,0.000204677958438913,0.000358866723959752,9.90977962230644e-05,0.000267731044495655,7.66263647640434e-05,0.000251922510648972,0.00590988791722186,0.00216329987259039,0.000655978237843911,0
0.0107756949558721,0.104192098151521,0.0233582086852673,0.000327802281336787,0.000603787122350955,0.000231696110938511,0.00447775703385755,0.00849034620994658,0.0616667363559433,0.0519609126838145,0.000116254841749892,0.0108535311652444,0.000547366765665187,1.0799313284635e-07,3.66297057341593e-07,5.39453348706092e-08,2.01124680469057e-05,7.23388736265369e-05,0.0038149315769837,0.00271034584327401,0.00598605380297036,0.0683435349293322,0.0164716506753299,0.000126231612953772,0.000297933323025326,7.10904824366521e-05,0.00269260919241658,0.00688794509824391,0.041799279100927,0.0340171709891365,2
0.00738668954246835,0.0996162647695113,0.0147318293057433,0.000329280650649142,0.000606153620481129,1.46231143414338e-05,0.00199621841996741,0.00916538783100477,0.0371596480321699,0.0296896710967036,5.45907105245806e-05,0.00989373026127682,0.000217386352491506,1.08968441740094e-07,3.69161689204187e-07,2.1486721778233e-10,3.95988012655879e-06,8.42483368017064e-05,0.00137974897078602,0.000882213941665176,0.0055744615495012,0.0771315229177281,0.0115567633270492,0.000124857748210035,0.000333958415661872,1.06424575198222e-05,0.00148321571112017,0.00765041555543793,0.0282112819961338,0.02347152237111,2
0.00208175868414607,0.00947188361936333,0.0047890438478587,0.000324475096743035,0.000607785276944762,8.34027004973135e-07,0.00102991377073766,0.00696488749921236,0.00403779657809815,0.00319963014183404,4.34518558459946e-06,8.84626599265952e-05,2.30200775976146e-05,1.0578859686863e-07,3.7125116244479e-07,6.96556730572906e-13,1.06256310260418e-06,4.87006235215197e-05,1.63581835045279e-05,1.02148505808223e-05,0.0014905958459875,0.00690533001726368,0.00289877249780976,0.000107736584980118,0.000312763140473051,6.00127688556798e-07,0.000642917412366827,0.00556970409734924,0.00283397584298881,0.00243683921668699,0
0.00127601775392444,0.00049406597612453,0.000770169363961165,0.000400119700144111,0.0005595958123852,0.000231358832564368,0.00301584876049249,0.00714789600531963,0.00195087854321097,0.0029562502935443,1.63631410740767e-06,2.42033940814209e-07,5.94610334550672e-07,1.60863986638666e-07,3.14721075484909e-07,5.37958749795767e-08,9.13969427780495e-06,5.13348785858446e-05,3.82378956314145e-06,8.76952631840272e-06,0.000822996331805233,0.00035906780102212,0.000504453447312266,0.000165246076257487,0.000260268767652384,6.79098323329193e-05,0.00218419055676174,0.00604193626545851,0.00118584606436825,0.00160288826510415,0
0.00744871506365509,0.0707965405484571,0.0144548065383489,0.000228765158488964,0.000507097060093859,4.29645179011032e-06,0.00792750869546825,0.0084571247760184,0.0602013769492788,0.0468969387018318,5.56928083971474e-05,0.0050336707727504,0.00020951856822219,5.25908725114899e-08,2.58432298992216e-07,1.85416929873205e-11,6.31527280220484e-05,7.18494735650711e-05,0.00364151131014515,0.00220815660792053,0.00412081536700877,0.0428265391014984,0.00650624657557812,5.19421836020372e-05,0.000232710149521881,3.01798109361253e-06,0.00452321980518319,0.00703812947762681,0.0329483344189762,0.0288397331607081,2
0.00702681804838532,0.0702255942294341,0.0132933817280986,0.00023268559307757,0.00059872944198424,2.38568109828081e-07,0.00429881161782004,0.00918132371659468,0.0265670307389905,0.059050572132462,4.95779271457907e-05,0.00495587301575136,0.000177056095094255,5.43788870496534e-08,3.60277519288855e-07,5.69914734802585e-14,1.85702013313523e-05,8.45323355218725e-05,0.000708254505130633,0.00350292112004257,0.00510550810192033,0.0577864941722262,0.0105138154906708,7.44835200405395e-05,0.00031891913554381,1.64509884735938e-07,0.00303623719082774,0.00728613270409577,0.0188887621607636,0.0379699793264464,2
0.00118157698530216,0.0129983323812129,0.00110846520308722,0.00051126975647372,0.000391776903463172,1.28252361892692e-08,0.000525990975911276,0.00697911199851059,0.00366642227234143,0.00440978730804835,1.4024762933023e-06,0.000168636692891833,1.23054519863365e-06,2.62639829396288e-07,1.54258861048847e-07,1.6390781726897e-16,2.77058599797515e-07,4.8724451494831e-05,1.34965148365706e-05,1.94945431790744e-05,0.000896336542096892,0.00917424728752089,0.000822874542123473,0.000271279549913102,0.000157032051726619,8.79688411158854e-09,0.000332453040510952,0.00567234404836375,0.00267028855874884,0.00327197184612938,2
0.00175770455290282,0.000754689692397791,0.000770759603719342,0.000325244303818638,0.000609730804601552,6.80443526618763e-10,0.000725880848940827,0.00733638718794537,0.00273338916650789,0.0018508924895576,3.10502291737501e-06,5.64545912164157e-07,5.96990315067096e-07,1.06268033328614e-07,3.73626338000919e-07,4.58705756234621e-19,5.28994067314486e-07,5.40905716434221e-05,7.5061790714306e-06,3.4423714008278e-06,0.00116754810735545,0.000518408612576289,0.000428480226965788,0.000114801317513785,0.000301641972125312,4.67560899704019e-10,0.000358001045239321,0.00583133270267432,0.00159191819239574,0.00116497137790086,0
0.00442662916783923,0.0429948183561265,0.00215901041610978,0.000397881393795906,0.000641476607465994,3.55902549830823e-11,0.00495042727220201,0.00773548656695301,0.040231205522441,0.0452518763361009,1.9389852715643e-05,0.00184738608201058,4.68467620510939e-06,1.59092821135801e-07,4.13559962544622e-07,1.24746697194401e-21,2.46167461613468e-05,6.01016733258855e-05,0.00161692011803692,0.00205255331183177,0.00238032690485176,0.0224464487915336,0.00105957564806943,0.000150455005611332,0.000354832662263271,2.46449233215942e-11,0.00287056399038663,0.0064714539102498,0.0248197241585188,0.0268769095062174,2
0.00787353646481996,0.0958273835688645,0.0170252139752822,0.00179184468592866,0.000647818695311199,0.000215670141063496,0.00636240429061709,0.00730415526220941,0.0480706055482941,0.0864068863866645,6.19062338008232e-05,0.00920851586832237,0.000290922005791946,3.22512604258262e-06,4.21772256448999e-07,4.67472694832609e-08,4.06800462413092e-05,5.35670591913553e-05,0.00231732927438675,0.00749319453898828,0.00575196552517536,0.0737175004043733,0.0105711100776648,0.000798248716732135,0.00037030264900035,2.48594120815551e-05,0.00489051530476253,0.00567625477678754,0.0369575930615389,0.0649949083556961,2
0.00635534074677439,0.00983705164826014,0.00442792600507211,0.000372508659927753,0.000400628552134005,8.37979298563595e-05,0.00631287912535826,0.00829061045237162,0.00576523545556855,0.00482955771020577,4.0587040620659e-05,9.58060760468242e-05,1.93774938099834e-05,1.37923457767243e-07,1.61309394278545e-07,7.05696482745961e-09,4.00267198791952e-05,6.89695642360161e-05,3.27269863182406e-05,2.27164418613257e-05,0.00389145462857722,0.00689270990569511,0.0032763784407062,0.000233395936201664,0.000161716062852273,4.39856022972125e-05,0.00443780910465419,0.0065832289974978,0.0043148375797965,0.00393755574591093,2
0.00311350549923752,0.000615735802509469,0.000647409191142924,0.00023270258504652,0.000398856200755646,0.000321310492304722,0.00181926071459241,0.00721307931506913,0.00167342245999154,0.00201596496308125,9.73885758429287e-06,3.72329181689983e-07,4.1973796937914e-07,5.44061210168453e-08,1.5979201021033e-07,1.03754594640966e-07,3.31720378619125e-06,5.22819203930463e-05,2.81440857928038e-06,4.08313129585224e-06,0.00190239408237859,0.000439090062329097,0.000400902571847975,7.55736665757829e-05,0.000175853830360417,0.000111477000910557,0.00135110908216243,0.00585037206424794,0.000899637334553053,0.0012962452407066,0
0.00158194745852523,0.0133781938661725,0.000606850396182274,0.000325511916840529,0.000781742608187328,2.28913617901061e-05,0.000676598592972969,0.00860964346763428,0.00292834673366593,0.00336708100831055,2.51335039729003e-06,0.000179643193116288,3.70067653178863e-07,1.06489564717841e-07,6.14175179569913e-07,5.23887323155774e-10,4.60070036141559e-07,7.43734728562194e-05,8.61820598625056e-06,1.1385434915405e-05,0.00107942346302877,0.00495656992286202,0.000307717711147576,0.000113392630081705,0.000446071644256672,1.6187972476244e-05,0.000409192051902612,0.00705526728495069,0.00206177297342035,0.00173208764796372,3
0.0126023595574714,0.0800050815546813,0.026419809406078,0.00209468143933726,0.0039351056239339,0.000230961248232917,0.00742009878723796,0.0173600853474874,0.0646151449652987,0.0414033387168364,0.000159615987152008,0.00642834487525637,0.000700707964039682,4.40955474369265e-06,1.55605053097231e-05,5.36108497844328e-08,5.53127445821204e-05,0.000302824134557488,0.00418154783478973,0.00172170566339474,0.0098446711676018,0.0616835170489677,0.0196762429563967,0.00123372573366175,0.00260209030280239,6.08128987585966e-05,0.00585586139910702,0.0141246464301647,0.0514009328872325,0.0314114209269428,3
0.0109636014328686,0.0590309036925527,0.0441171305044503,0.000887619238193811,0.00107261320342639,0.00135076653044173,0.10018673966329,0.0340899142659378,0.0886356856248638,0.0202066087686869,0.00012076448938543,0.00350069566208456,0.00195490674574785,7.91806722999821e-07,1.15435128614604e-06,1.83373578473602e-06,0.0100809363182759,0.00116701518603891,0.00788392382329372,0.000409439758501129,0.00803745060257868,0.0444966733629071,0.0264428951130601,0.000400497270795345,0.000771675595965301,0.000518119694618711,0.0518630935546912,0.0213931607837255,0.0708900364994058,0.0145342256404639,3
0.0045371598755414,0.018560737901467,0.0283468403149286,0.000381367187182345,0.000610900578084992,0.000339596580777172,0.0430497891451409,0.0185204293360531,0.043740717977824,0.0143461741980616,2.06766109460365e-05,0.000343725640463727,0.000807580329201114,1.46139124871908e-07,3.75058832149788e-07,1.15873963778693e-07,0.0018575165356217,0.000344443630837336,0.00192256559624464,0.000206841828425537,0.00319090622479707,0.0121453016555481,0.0184744688975755,0.000215719350108071,0.000328246801817411,0.000253338803197808,0.0246019306310983,0.0135556911107715,0.0287470327855025,0.0112881957175126,0
0.00217381550947017,0.000932314797740364,0.00482867752326653,7.77690231504725e-05,0.000462180599409402,0.000232159101456128,0.00605946164547785,0.00912758021397824,0.00911156185333735,0.00755935470435785,4.74909385288503e-06,8.49746003798366e-07,2.33890143669841e-05,6.05998172481672e-09,2.14658205436741e-07,5.41571158241059e-08,3.68620877132002e-05,8.37298990089909e-05,8.34363202267265e-05,5.74140068529636e-05,0.00151670835372129,0.000665605083831414,0.00306630376698378,5.29928489430798e-05,0.00021883043525006,7.50368236374321e-05,0.00441506940438972,0.00759457482231382,0.00565790934891272,0.00584745767300176,0
0.0102595637614905,0.0703429359654133,0.0344272725732734,0.0207642051981392,0.00370669681848242,1.47557025525632e-05,0.0129156391204766,0.0160273702153077,0.0569642936122759,0.0178132829247021,0.000105125782028552,0.00497133993557025,0.0011908171590963,0.000433234074669681,1.38020578301058e-05,2.17801322093388e-10,0.000167636514243337,0.000258114896544266,0.00325992797914284,0.000318632983990253,0.00678275103881893,0.0443864828179889,0.0260791130933969,0.0151864333374672,0.00216558425504685,1.09463560163826e-05,0.00928787087342177,0.0131211185247465,0.0452444809195193,0.0145128286533904,3
0.0142244842983421,0.0440511139491864,0.0411428245897965,0.0191348719919135,0.0012063770122289,0.000398851163163736,0.016807960383391,0.0140823503585235,0.0567829225344545,0.0161813886324582,0.000202614349653425,0.00194910718752806,0.00169896255014836,0.000367904290885549,1.45543779101119e-06,1.59877753548689e-07,0.000283866549986566,0.000198372743388787,0.00323890562178649,0.000261056213916299,0.0117404098109921,0.0312103733705132,0.0331934500238071,0.015298098729365,0.000820792918073291,0.000160790491971024,0.0129045579382631,0.0111176023925219,0.0449204200025193,0.0106164109460317,3
0.00952166699511641,0.00297191681844478,0.0230573354544035,0.0145871805508931,0.00040507823523133,0.00203250122834824,0.0718148232963963,0.0227476482355365,0.021496041159365,0.0158175557840622,9.1083915881906e-05,8.8312554763025e-06,0.000533792182222341,0.000213653739250623,1.64907147996643e-07,4.1515678623147e-06,0.00518315209125883,0.000519580635397022,0.000464399947098678,0.000250550656161609,0.00692260619832856,0.00206776832700626,0.0180152334464301,0.00959391183563335,0.000160821961436826,0.00101883116310075,0.0514635669697972,0.0181393497457542,0.0125319935169689,0.0107850954473017,0
0.00334504155202272,0.000135767033817215,0.0165157961367967,0.00135686541987834,0.000719776398748003,0.000252921798887342,0.00909443309689344,0.0115348740873834,0.036239391985271,0.00478182379592994,1.12134815672362e-05,1.83922182129566e-08,0.000274078873270753,1.83675370335266e-06,5.20647483045474e-07,6.40098760172637e-08,8.25466056653657e-05,0.000133549952616616,0.00131985131929053,2.28810394596272e-05,0.00217555690036371,9.83054176903423e-05,0.0125052259087861,0.00103535417659147,0.000405424783627467,0.000111961695699069,0.00699353438141157,0.00972492652372629,0.0280681967701646,0.00395721801333624,0
0.00591620375818445,0.0553494838620882,0.0194380147271607,0.00900072083835107,0.000851226501563059,8.73176875605467e-06,0.00269034695744214,0.0132772225794904,0.0487834115191308,0.00638356091267693,3.51765162286463e-05,0.00307470578504087,0.000379264167833968,8.13900987082527e-05,7.27923843837838e-07,7.53055828518145e-11,7.25272916408312e-06,0.000177109525035283,0.00239022100082427,4.07796416891533e-05,0.00456928493419037,0.029696398375178,0.0125178235634785,0.0056849500244458,0.000393912314662451,6.37734479297131e-06,0.00188269824258603,0.00995117919354035,0.0336109039301263,0.00492709612618363,3
0.0107282772300871,0.0386146471145088,0.0333001874802306,0.0192813752208514,0.000692033903591797,0.000229832727333022,0.00592008474840891,0.0102252446256208,0.0418395582197649,0.00999689977778232,0.000115413006435128,0.00149406393243581,0.00111439808482931,0.00037363947588518,4.80887253257444e-07,5.30767133132606e-08,3.52230902151828e-05,0.000104992771773345,0.00175931882134151,9.95971590765535e-05,0.00886526797181859,0.022093640505164,0.026476411358383,0.0154333699701553,0.000417661830411929,5.08394445664625e-05,0.00479212551598508,0.00813405385266393,0.0335758046963145,0.00822539980186666,3
0.00760087495530437,0.00151182126100859,0.0343565069695456,0.0218866806754142,0.000764624378630024,2.68341308550272e-05,0.031486895463172,0.0142416376561784,0.0402913385127139,0.00852738629431202,5.7847284261147e-05,2.29476606321186e-06,0.00118628723155428,0.000481338202612037,5.87507759422575e-07,7.12125379214327e-10,0.000996384712441174,0.000203842003090599,0.00162783897785005,7.29042824119997e-05,0.00591754496415511,0.000890803172267416,0.0277276134592907,0.0179152091103723,0.000456710970391197,1.93434984989457e-05,0.0196277928164191,0.0110575041398816,0.0332979936343669,0.00696114380369312,0
0.00242901531423683,9.21831979487708e-05,0.00381106285202339,0.00420123296486206,0.000600992528686019,1.68889882801113e-06,0.0306231224480989,0.0103867654636985,0.008216139560394,0.00670416291261918,5.91903722675094e-06,8.34365156341188e-09,1.40909446542942e-05,1.74895188548148e-05,3.62728830448083e-07,2.86068342914237e-12,0.000942480567746068,0.00010823987913191,6.6833975459165e-05,4.51535173775403e-05,0.00154839946912979,6.48322890301631e-05,0.00296365411256869,0.0023655882722581,0.000365760138279576,1.17082833041853e-06,0.0230866792675615,0.00842872232151149,0.00455766688333689,0.00524550249496988,0
0.00253607437801793,4.8195238856012e-06,0.00789667910526297,0.00839503508998343,0.000769850976271244,9.15648838448536e-08,0.00577599493036094,0.0121692342947743,0.0153860879453902,0.00525940528472089,6.44408529000876e-06,2.26829375258366e-11,6.26385038261584e-05,7.06237737878589e-05,5.95206066708444e-07,8.37207820123339e-15,3.35203229658743e-05,0.00014841556491493,0.000237512657751288,2.77845652664545e-05,0.00173847879016356,3.40685052279049e-06,0.00384545423163813,0.00406832581713666,0.000438428273320932,6.28847975786896e-08,0.00467770925695992,0.00973999191088462,0.00884289541429611,0.00417798637893297,3
0.00701150023078131,0.00483656851360568,0.0276905903868542,0.0184561228393568,0.00107423662500566,0.000231036878814052,0.0133038732711354,0.0176034635062024,0.046978248107174,0.0130460501036589,4.93366033028859e-05,2.34525778967323e-05,0.000770250580936925,0.000342335889984802,1.15939249420257e-06,5.36437913914704e-08,0.000177002576716138,0.000310967224599679,0.00221793123062498,0.000171015858833944,0.00558255573499018,0.0016564628098966,0.0224460397710113,0.0147373104438579,0.000628129147526837,6.09527280966606e-05,0.00921598309213282,0.0146777296914496,0.0379277202276682,0.0108304407940685,3
0.00975169772058081,0.00203257163200905,0.0496356532880946,0.0172164950635073,0.000663919493995112,0.00223799924781165,0.101523207284799,0.0293517874233171,0.069103928638137,0.013778949152734,9.55734057535327e-05,4.08755958339514e-06,0.00247446200101474,0.000297890292293361,4.42949535511283e-07,5.03340203542734e-06,0.0103545723620458,0.000865742389811594,0.00479674114370761,0.000190800647416754,0.00734523527119982,0.00141212392711708,0.0397114221694428,0.0134672632579678,0.000353194883040113,0.00119537941010404,0.0662554636763343,0.0218248253244972,0.0555464583186358,0.01124140447166,3
0.00277793785544308,0.000108461014844329,0.0157028006822633,0.00272303797593983,0.000581935443062013,0.000224054034795074,0.0220243249655866,0.012980826322626,0.0243369961091657,0.00505195122332544,7.75452932447414e-06,1.16259485294577e-08,0.000244405523215664,7.39103576311985e-06,3.40308537220252e-07,5.01580538993752e-08,0.000480983486282352,0.000168845112497367,0.00058931717839996,2.56475574747985e-05,0.00222088310287965,7.88198092664127e-05,0.0114159722524835,0.00196736040577951,0.000315695908007606,0.000157078069350474,0.016349204031866,0.0100738626825845,0.0182578996208882,0.00403200531622868,0
0.00385507612095175,5.77712861314929e-06,0.00870099993849342,0.00193790295852105,0.000607143275968267,1.27638620075032e-05,0.00931478315038205,0.0128542386537613,0.00892420780508615,0.00689526228285256,1.49309164677028e-05,3.32470854745403e-11,7.54701907613909e-05,3.73438429827426e-06,3.70300283479807e-07,1.61878825994496e-10,8.69797882302233e-05,0.000166052611271217,7.92481103673032e-05,4.77753336230122e-05,0.00256498446524408,4.18764829315111e-06,0.00395952119507559,0.000520348384323657,0.000330481902675068,8.75632998621369e-06,0.00750216082576104,0.0105176689178194,0.00491297768417262,0.00552200899977546,3
0.0114083021807104,0.0557961054447535,0.0348415577581015,0.0192767087344547,0.00250039295344984,0.000173822941538805,0.0227522543351135,0.0197550311864447,0.0564542938703016,0.0119332398995196,0.000130781896702998,0.003125843406342,0.00121994892744631,0.000373455574086018,6.28334486940141e-06,3.02165834938169e-08,0.000520248999700569,0.000391903022204393,0.00320159068372974,0.000143114538222017,0.00861425394957713,0.0404244436465332,0.0268108082798226,0.0156518095094971,0.00149997157759922,1.27542268636976e-05,0.0180817453392495,0.0160398290184243,0.0460761584194861,0.00974763584070584,3
0.00825334967639538,0.0118329421830006,0.0461708281003787,0.0177026611935041,0.000764097361181627,0.000264316673029324,0.03791233383902,0.013831792025769,0.065742253638636,0.0134759686828259,6.84457737071868e-05,0.000138250977294663,0.00213913654513898,0.000314187940946368,5.86748824504142e-07,7.00664294159118e-08,0.00143880562088819,0.000192267190649373,0.00433626458335942,0.000182003362330231,0.00635386199848269,0.00883418589942963,0.0358904129346693,0.0140357483655798,0.000473041118641037,8.1294666786336e-05,0.0310667397500665,0.0111217546296852,0.0500423012691807,0.0106344481254621,3
0.00406386862731516,0.000966125637352999,0.0352708563164713,0.0144695696553931,0.000716413770590234,8.3771587851795e-05,0.0197643532659949,0.0128844521064571,0.0369124565072707,0.00885199384906804,1.65966405909774e-05,9.14819444112839e-07,0.00124261492227643,0.000209543891265825,5.15819551473844e-07,7.05289104686295e-09,0.000388547256243746,0.000166775667603447,0.00135274085954476,7.83764585820243e-05,0.00300979346170763,0.000684954961228295,0.0266128083334093,0.0115998160391408,0.000392021719243972,4.47338584844611e-05,0.0149412332499431,0.0105152801605138,0.0298610841817436,0.00700595936309892,0
0.00380477617368509,5.19449204715686e-05,0.0370046266761239,0.0173099304367413,0.000744874252044532,0.000222212575380593,0.00370470759026517,0.0122761314996114,0.0368340966105589,0.0066223665162436,1.454790512371e-05,2.63416578067471e-09,0.00137503260508416,0.000301067305119354,5.57621978175588e-07,4.96256988560447e-08,1.36357589093711e-05,0.000150726236294026,0.00136331016687817,4.39936595650195e-05,0.00284934269570765,3.6753667923185e-05,0.0300331460985169,0.0144127842678811,0.000437450978941071,6.60692573707061e-05,0.00182905559681967,0.00987465133385025,0.0301762586380965,0.00539902521547027,3
0.00745654890498336,0.0221651379292206,0.0328242908704559,0.0188370101154032,0.000736619114366987,0.000229542144923188,0.0104463728280886,0.0177988600957,0.0452846206963056,0.0107249382725579,5.58290075997334e-05,0.000493657410457757,0.00108243127564803,0.000356584775051054,5.45261139452575e-07,5.29532504853723e-08,0.000109652784725689,0.000318385274677753,0.00205963012040069,0.000115548290518555,0.00568732114431695,0.0143441056791726,0.025823939818911,0.015456095019409,0.000417610574974479,5.05313722707152e-05,0.00792663672139814,0.0141955006030132,0.0357089022934559,0.00838423527937551,3
0.00781965020535207,0.00277930820653383,0.0241254738999925,0.0198863995848821,0.000757362333595307,0.000233538063699539,0.0118487781255314,0.017710913443286,0.0358069860122022,0.00817377267112679,6.14239481041881e-05,7.67132467946523e-06,0.000584622507349313,0.000397393604163463,5.76409690432911e-07,5.48084429581888e-08,0.000140763302744533,0.000314799764951904,0.00128650102287602,6.7129466416364e-05,0.00598391494454497,0.0019464935491581,0.0191364247785204,0.0160968167725604,0.000442889739718795,8.17237847741027e-05,0.00974343160242798,0.0147533459237933,0.0272534732584429,0.00635718157287038,3
0.0048415570902068,0.000356018040394788,0.0504060118967914,0.00483607285908657,0.000603280710242092,7.99957638747079e-06,0.0181952937592646,0.0139240982896419,0.0225557305546521,0.0065894671725366,2.35476303082643e-05,1.27064974913399e-07,0.00255139457479714,2.32556379883011e-05,3.6574548507266e-07,6.37623064027678e-11,0.00033203435059521,0.000194190044852899,0.000511046835151297,4.3503616574655e-05,0.0034512487773981,0.000165908631486762,0.0322546531998942,0.00229655451560513,0.000319831254760098,5.87984723117737e-06,0.012923331667503,0.0110485130520419,0.0145450432524265,0.00522594494678896,0
0.00419940285020361,3.44362651122501e-05,0.0140294746799005,0.00816271282961483,0.000754978040585137,4.47609661618357e-07,0.0183565299195617,0.0120832255123867,0.0290772040388147,0.0279963186684812,1.76818051985319e-05,1.18189475028411e-09,0.00019737521918663,6.64784333396521e-05,5.7279739142023e-07,1.99657621703936e-13,0.000338100190804859,0.000146145707305051,0.000846303516846341,0.000785134585513081,0.0030069081984493,2.28059028621908e-05,0.00911296084414977,0.00287085223637284,0.000470025227004284,3.24409030192792e-07,0.010995699201757,0.00963351077622354,0.0148111717986798,0.0157367998201534,0
0.011009675403264,0.0276696264625111,0.0266211103542359,0.0196709727336011,0.00845496385780826,0.000436471542359969,0.0220992312370445,0.0161662747062914,0.0439750807740142,0.0299455099342146,0.000121519134812655,0.000769256446246107,0.000712150523379736,0.000387364018526149,7.18454649410045e-05,1.91428522893624e-07,0.000490775649359269,0.000262596449043282,0.00194087492827896,0.000898597003964732,0.00742251024912808,0.0172850175715853,0.0213238858960894,0.0158050752565176,0.004374713750315,0.000163432708548668,0.0176242781794865,0.0115314819214476,0.0352413585851818,0.0222558040898783,3
0.0153883497511775,0.0092501745296245,0.0304414404060482,0.0181317207946594,0.00508753263250069,7.1144428687628e-05,0.018311327164515,0.0224153006463963,0.0584281176229203,0.0116158906514152,0.000237346455278888,8.58845395956705e-05,0.000931233942693019,0.000330149652551051,2.60042516708835e-05,5.06002149992056e-09,0.000334827464178426,0.000504923501602245,0.00343035833325563,0.000135599058258539,0.0120473897239287,0.00702870815308229,0.0242996378474692,0.0142262820473979,0.00403046791769687,5.30440271775788e-05,0.0145942432346148,0.0178301442557917,0.0450675881331596,0.00892044862064136,3
0.00697019051829642,0.000653058043647069,0.0226566767516846,0.0176618601279203,0.000688442231626856,4.59444865867554e-06,0.0317964470638541,0.0169394239783759,0.00751645942306923,0.0162382922964919,4.88067175000667e-05,4.16936186558401e-07,0.000515842796548429,0.000313507438725747,4.69619800594623e-07,2.05930733524437e-11,0.00101471570872658,0.000288276449463155,5.67475011049465e-05,0.000264701646588876,0.00490765337002326,0.000439527135977042,0.0182838664080535,0.0142258042810094,0.000486699384491584,3.27305267042807e-06,0.0251189435773887,0.0130975262519661,0.00535296205248586,0.0128912188971819,0
0.00358584142219378,0.000229384517149849,0.0025392682179931,0.00228155669353053,0.000785848294913213,0.000399737431547413,0.0101956966158924,0.0113264324703577,0.000291367078770821,0.00477531618295078,1.29228693470827e-05,5.28335404066338e-08,6.39634467396936e-06,5.22952869294913e-06,6.20646048511224e-07,1.60581826081342e-07,0.000103946903260186,0.000128931730990873,8.05891158506737e-08,2.26625478091815e-05,0.00249355157446255,6.11349796173318e-05,0.0015159756881529,0.0010633825835115,0.000484952417061986,0.000165661686826754,0.00830397073857908,0.0091246470685674,0.000204337011626026,0.00352793269874509,0
0.00757602400015989,0.0330810617708323,0.0160190654899708,0.0103263208120462,0.00178165692437571,0.000234464948887692,0.0192108419065293,0.015691369846545,0.0253625447420482,0.00911940224239296,5.75532272651508e-05,0.00109474403392303,0.00025788592975415,0.000106973280946312,3.18057361446495e-06,5.52290055009263e-08,0.000370769080679822,0.000247440430624653,0.000645883773726949,8.35553657498448e-05,0.00525911776583859,0.0106211425555099,0.00740358721884138,0.00415332085624035,0.00055563257451453,8.59975276691069e-05,0.00920919385845446,0.0128481826225003,0.0117883889062212,0.00667063735676711,3
0.0145981221804875,0.0449392993684664,0.0291759206384484,0.0216725668882681,0.00615600627911046,0.000590845451741917,0.0282575114755675,0.0263500429603451,0.03471234681077,0.00972123265311526,0.000214119400099229,0.0020251552730605,0.00085548335716894,0.000471271001135274,3.80773787900431e-05,3.50843399693339e-07,0.00080247945496934,0.000697688839191371,0.00120864223293884,9.49762045563695e-05,0.0119234809619496,0.0248644576114336,0.023805307957497,0.0167147020526553,0.00463758613291339,0.000273692039613908,0.0203763180505821,0.020992369763525,0.025954159504882,0.00750446755009518,3
0.00580471805651797,0.00149320824814008,0.0134964544361004,0.0110183964953823,0.00112056836366969,2.9667721149422e-05,0.032872490009091,0.0211341773476478,0.0113772439725602,0.0311159405575213,3.38639176733976e-05,2.22404412927142e-06,0.00018303963632669,0.000121668393396803,1.26152259052165e-06,8.63534595690536e-10,0.00108531824319028,0.000448454024007237,0.000129534776610942,0.000973014329309877,0.00452475903071942,0.00108901769495604,0.00842337432405749,0.00730557367066876,0.000817109870527932,1.79057312722171e-05,0.0247722464228935,0.0159994765830312,0.00858063633165851,0.0196756019342048,0
0.00671430040815428,0.000245347238642732,0.000930783229262473,0.00122093303986819,0.000609276285201628,1.55126410298098e-06,0.00994672354779297,0.0110180939748485,0.00082070575165535,0.00592467542581276,4.52955265176489e-05,6.04825893068262e-08,8.61945987683089e-07,1.48364860652845e-06,3.72972299295458e-07,2.35526656877644e-12,9.89841558954921e-05,0.000121800689142594,6.76885223558619e-07,3.51420847331095e-05,0.00421473776749291,0.000110573473861424,0.000670302625737232,0.000918543694123879,0.000344857855714897,1.09256812322691e-06,0.00756067395977909,0.00841870069875877,0.000576498507072952,0.00489344170203233,0
0.00462051154134369,1.4595120884533e-05,0.00258048744085755,0.000240109422873325,0.000519906436437633,0.000396456432528994,0.00287074020017032,0.0149469405897905,0.00700468376401082,0.0042846263321685,2.14513160521239e-05,2.1408525921336e-10,6.6546203982401e-06,5.77692410923407e-08,2.71536113149745e-07,1.57966912482982e-07,8.28117113405559e-06,0.000224193034242178,4.91083176233038e-05,1.84488953587735e-05,0.00350072296500848,1.04512328020616e-05,0.000921137918038757,8.90161170595877e-05,0.000261119281526883,0.000163145445706357,0.00217221096832366,0.0124897832098502,0.00312485840846722,0.00341407058025984,3
0.0101938247158655,0.00264009964251789,0.013704731468774,0.000833886173742681,0.00171020493550048,8.18482412890979e-06,0.00709232162183903,0.0229025152838503,0.0371737542591347,0.0066685405448218,0.00010424736098779,6.99976067304325e-06,0.000188663005779943,6.98842008578103e-07,2.93922450260863e-06,6.67914722428564e-11,5.05472272411874e-05,0.000527045612363621,0.00138858046956707,4.46902348530845e-05,0.00796524400280626,0.00171874032382484,0.0112288813057473,0.00034900227489703,0.00101034823352562,6.06812705349123e-06,0.00574884332363837,0.0188941226511769,0.0289333015030018,0.00527875277717851,3
0.00992912403233526,0.00966340543390457,0.0121134567006336,0.00238794705538649,0.000363886494749486,0.000957770806828361,0.0961999141723696,0.0300919506982858,0.032285371074318,0.0259134253051066,9.90674473154319e-05,9.37784225856996e-05,0.000147447472498879,5.73030485016977e-06,1.32860219953181e-07,9.21866087530333e-07,0.00929198959870955,0.000908576564533507,0.00104747142319262,0.000673292928480055,0.00769539516495758,0.00471023189710125,0.00852930252744656,0.00105144382820275,0.000190790577510478,0.000375857842996797,0.0569672136352152,0.0229172136491524,0.0223132589186039,0.0164109367814611,3
0.00425319362794452,0.00129218035693392,0.00313847893749261,0.000455523771687572,0.00062548123308986,0.000282410023564895,0.0651366213917367,0.0226970718848859,0.0027575288010286,0.0136998015316824,1.8101603257352e-05,1.64534303232678e-06,9.79917513416364e-06,2.0789864475277e-07,3.93105662159158e-07,8.00772158909873e-08,0.004254412317351,0.000516448806338156,7.48059039751424e-06,0.000187815525696972,0.00319965586653267,0.000953329510912991,0.00201303379272073,0.000336151756594741,0.000317487479299102,0.000135659188172725,0.0432841032701611,0.0159605384494864,0.00186186798395208,0.0105493843997311,0
0.00250669803943876,0.000100477055169616,0.0010300900861103,0.000396832598767885,0.000618150170212065,4.02714038908351e-06,0.00786400580876881,0.0123317452748338,0.00769137786623477,0.00557666147610029,6.28720534591399e-06,9.96933280284226e-09,1.06641573354036e-06,1.58263498609715e-07,3.8371566423639e-07,1.58719777208738e-11,6.21158498461177e-05,0.000152192437087391,5.94301901058644e-05,3.12205035274448e-05,0.00180685388690964,7.20452364835099e-05,0.000585679020042585,0.000143484692608984,0.000326636405892961,2.88414568702099e-06,0.00582895971211395,0.0100978645650933,0.00388767669778748,0.00449658021051566,3
0.00952267178303166,0.00424377262974574,0.0146761229644514,0.00576019698780967,0.00445923579590167,0.000231306673273892,0.0186089459580341,0.0208127493794037,0.0293034746219286,0.0101162980729717,9.11154585121641e-05,1.80926397201749e-05,0.000216250606606876,3.33387735262087e-05,1.99771720265398e-05,5.37716335733819e-08,0.000347998103570491,0.000435149054758925,0.000862719738998865,0.000102847720576659,0.00738852838423605,0.00269403731881027,0.0121826475822273,0.00375145504703033,0.00312142768133929,6.63145553872687e-05,0.0140172568523307,0.0171030151301302,0.0239868334713779,0.00792298281719316,3
0.00810531309510589,0.0203684631779821,0.0372878743631729,0.00625890942678873,0.000869395646658457,0.00129520881591234,0.0728451610729334,0.0299867263187149,0.0555817330962545,0.0224453994117285,6.60232284492112e-05,0.000416883464330776,0.00139717481821981,3.93706450333583e-05,7.54053067630566e-07,1.685224475931e-06,0.00531805264404547,0.000903531777245984,0.0031046910576174,0.000505892206384252,0.00659742918857842,0.0118320120535907,0.0266026706581864,0.00363365985235787,0.000644468601731466,0.000563214539954425,0.0531724085036547,0.0228971606955034,0.0398617352225772,0.0157765948012312,3
0.0043634170599664,0.0034829984386885,0.00808367938179352,0.00178670746666387,0.000772675636002988,0.000313719114214523,0.040965912771249,0.0170509607251607,0.00854107873742162,0.0126582659564179,1.91176935297995e-05,1.21644125959411e-05,6.50470096417172e-05,3.2017522836648e-06,5.99974370330287e-07,9.80952654215196e-08,0.00167123049465687,0.000291764528290251,7.22967324807361e-05,0.000160854384683523,0.00343725621306245,0.00259950022716821,0.0060722096306968,0.00137001334750551,0.000451325571409896,0.000193261933252433,0.0327847399786817,0.0133637743434411,0.00574957088279332,0.00984954201873826,0
0.00366214012625286,0.0339748206494584,0.0300823345268645,0.00645019487390577,0.000843270786424517,0.00128160308127592,0.0541599717111755,0.0175808322647181,0.0494452202636353,0.0135331116149695,1.34222930795644e-05,0.00115374932360515,0.000904683019289987,4.17289003090236e-05,7.14630505208454e-07,1.65063564334668e-06,0.00293308538152525,0.000310234893057449,0.00243819816547783,0.000184052137809446,0.0022587225965556,0.00907000114731842,0.00828451225423109,0.00176934070414853,0.000498339300413596,0.000359123426312747,0.0218251855774829,0.0112015309617198,0.0132897006255253,0.00747543271274433,4
0.0231249787727884,0.129616921309473,0.0763409756849277,0.0200726098296488,0.00669454961612623,0.0147989531987079,0.186619342561193,0.0736710587274023,0.107528267195435,0.0472504204255766,0.000534945162990116,0.0168562465241315,0.00584870259237289,0.000404839900391209,4.49378710245782e-05,0.000219822939702715,0.0349986581480719,0.00545431564721985,0.0115637165696211,0.00224379532796492,0.0186776312390194,0.106972380671755,0.0609401898648118,0.0162780545763827,0.00431965357455081,0.0105752663235071,0.142364752526328,0.0578625785816757,0.0845070790722606,0.0362003485719245,4
0.0280151634294007,0.083380299243691,0.0458976360677299,0.011991865188454,0.00572031463368211,0.012040326738925,0.167363965572882,0.0561561528205024,0.0769259397198015,0.0313547575006088,0.000784211101579704,0.00698194558375193,0.00211715672181708,0.000144526869871324,3.27843274105443e-05,0.00014524631700502,0.028123059391995,0.0031690783241867,0.00594137225312348,0.000987970612620344,0.0210343409026501,0.0548118079426207,0.0351868499378589,0.0080997885087549,0.00415254393794414,0.00798092790644215,0.12553288626087,0.041387487835458,0.0565553180817038,0.0245315401785991,4
0.00676553845217345,0.00370473685731091,0.0078739410942421,0.000383213374030916,0.000802405740272837,0.000899219937232966,0.0262414265291598,0.0182692317417854,0.0148280615046336,0.00620793700192486,4.58021903341484e-05,1.35609528912137e-05,6.14699854057536e-05,1.46702896783104e-07,6.4703391743531e-07,7.93736976221212e-07,0.000680434717989733,0.000335335688812409,0.000220353060925889,3.87320220006806e-05,0.00498925159486777,0.00273965151207704,0.00542190768525474,0.000216518340774491,0.000509286277547368,0.000654776121814145,0.0199750195019235,0.0145317817768698,0.00868646588537465,0.00518021143138071,0
0.00438620048112938,0.000235983631475156,0.00277827958518385,0.000316291514677263,0.000777992876257361,5.11873978936117e-05,0.00947468754048707,0.0142378714077125,0.00202446642170765,0.00787676641888999,1.92882761736232e-05,5.44146798559355e-08,7.71184019246537e-06,1.00542962139445e-07,6.08292484847024e-07,2.55414549549259e-09,9.01342566498215e-05,0.00020353924421653,4.11887621472433e-06,6.22550332310828e-05,0.00332647632314858,0.000166488704322562,0.000820538414679175,9.26816752134511e-05,0.000447002128508734,3.63742641414737e-05,0.00618828981533452,0.011312240885755,0.00126408330773348,0.0061427749885519,0
0.0334216361029508,0.16424562205761,0.0591066375223122,0.0234022398020517,0.0139222811214335,0.0243658404403214,0.306783301103079,0.081974099739661,0.101544874014582,0.0346680306050813,0.00112221185157315,0.0271059988612328,0.00351096268228055,0.000550300851316875,0.000194725602648347,0.000596176627363699,0.094473387202381,0.00674602244775671,0.0103610378839885,0.00120783610918995,0.0249166348119891,0.126434983077228,0.0460862552415407,0.0180172476929052,0.00915354543277288,0.0169672027828014,0.220667055163701,0.0620125601487953,0.0789940095879849,0.0277857502969583,4
0.0472433486029603,0.185878968184375,0.0425337511647022,0.0160807089548893,0.0172544614836401,0.0313813525433656,0.41600284644618,0.125876644826292,0.107343191033581,0.0488019014838139,0.00224280138095433,0.0347200726889863,0.00181820074735157,0.000259863593357134,0.000299183909055843,0.000989474927458367,0.173905423118373,0.0159216720347849,0.0115775462009144,0.00239342652918032,0.0297432793509313,0.10457569312556,0.0276941409855427,0.0116516531181723,0.0110579901985352,0.02189888540622,0.31280448047924,0.0872281415594972,0.064825635968288,0.0311945425169002,4
0.00578962954761642,0.00743541233556307,0.00339666582183201,0.00184411388628364,0.00132083425205148,0.00300026598166727,0.0555265164118402,0.0178320072028897,0.00519033475595046,0.00897961430087223,3.3659485047988e-05,5.54285758541567e-05,1.15931963315496e-05,3.38700623703714e-06,1.74176747443658e-06,9.00949608650982e-06,0.00306295017813218,0.000315759504192339,2.70289063589958e-05,8.10386132777773e-05,0.00465128813228134,0.00540227900927479,0.00208832356142048,0.00134494142963938,0.000887926731120322,0.00216998513300239,0.0432959381330071,0.0146706000112535,0.00395529503136024,0.00747220887430891,0
0.00366438861658802,0.000431710126072323,0.000818663244181986,0.000415267053549458,0.000687010196981685,0.000171570312422865,0.0134086098018274,0.0128131055419416,0.00270360164758084,0.0075828944908912,1.34683743802938e-05,1.8726027418923e-07,6.73561889615346e-07,1.73268008825973e-07,4.74339132143611e-07,2.95785213979215e-08,0.000180591179730394,0.000164484642419806,7.34609352694516e-06,5.74212585749245e-05,0.00262623825422983,0.00030205527788076,0.000524897383657444,0.000193612513081316,0.00040363570661725,0.000121456591781318,0.0111382625338451,0.0101715803237429,0.00166853316455103,0.00597174678457648,0
0.0221433860547087,0.0819948529061555,0.0803150101979059,0.0146980493412102,0.00586142658865909,0.010875561165909,0.149373311504696,0.0527986269210398,0.10535254118877,0.0312136158231181,0.000488375165616356,0.00674777372459628,0.00647190212481933,0.000217086287525764,3.45053215519993e-05,0.000118477313026483,0.0224184620623064,0.00279366485408632,0.0111371209592123,0.000978811238500505,0.0146184760811864,0.0533864118566636,0.0469842954913088,0.0074416423553421,0.00289335000798368,0.00584255543917394,0.0999909841821276,0.0359924355016368,0.0648701240674861,0.0227139880848623,4
0.0278837288596019,0.144030870730068,0.0999010789805224,0.0229222146699268,0.0127383604133905,0.0268185188797591,0.33539783763012,0.076421384168549,0.111265027996961,0.0607983089635946,0.000778935491051383,0.0208473987038476,0.0100303774335834,0.000527934668315987,0.000163040621990717,0.000721908552908239,0.113051157721774,0.00585995458618635,0.0124364666772505,0.00371498864206906,0.0202773776189069,0.110896726609625,0.0768987711447762,0.0173739892937259,0.00853240293199982,0.018469532199605,0.237973576386248,0.0587933441160974,0.0836654370251337,0.0482450815546459,4
0.00552501819206727,0.0293821284011458,0.026024566097349,0.00368577609410125,0.00143669186327028,0.00193239531810372,0.0341744242601001,0.0124711607822102,0.019462624758964,0.0133008048071638,3.05992481904623e-05,0.00085151823466395,0.000671944380505202,1.33935354742972e-05,2.07087227416296e-06,3.6468744937722e-06,0.00117323092890021,0.000156038375809286,0.000378332760940839,0.00017671468120181,0.00399467224524141,0.0214098928014997,0.0204272600792837,0.00265698734506608,0.00105438135166779,0.00139131467331795,0.0266330607486683,0.00992713648286864,0.01416610992516,0.0103832900727148,0
0.107008493747916,0.00752289468966716,0.0021137852611273,0.000445232117550066,0.000615863947649269,0.000100754287719801,0.0101599906753498,0.0341696156238434,0.00158229370608051,0.00665160638940061,0.0114977273175032,5.68471917711517e-05,4.37288241168764e-06,1.98173480892104e-07,3.80946042952634e-07,9.99328173769295e-09,0.000103260529045571,0.0011731658450115,2.44127148794686e-06,4.44586657226759e-05,0.0647288952281656,0.00460713699421773,0.00157425744293616,0.000234302523685724,0.000328022485639248,7.29078791937535e-05,0.00771391446269061,0.0249428026757241,0.00112584211837639,0.00535626320691468,0
0.045014590099276,0.0907725600649902,0.137417265543205,0.0124381192247129,0.00981173663205707,0.0109685401306322,0.134965848087765,0.1209757350383,0.131054840673503,0.0165284427869717,0.00201790714433484,0.00827922353248497,0.018929639426641,0.00015511846497424,9.67479814200661e-05,0.000120913340806449,0.0183063445220105,0.0146777568561161,0.0172009088974902,0.000273785871698904,0.0359705617256568,0.0512692667418491,0.0771517439768141,0.00592874151382978,0.00451060859182295,0.00466358352221182,0.065027750519642,0.0680024045435725,0.0670498464169012,0.0126942599220684,4
0.0335639213279388,0.149348117278604,0.174182973685889,0.0158214005451174,0.0148019579121735,0.0176233910320746,0.252557585688128,0.174037022040265,0.207534774031041,0.0245606799846697,0.0011315705381777,0.0224150592936034,0.030446321568877,0.000251437626882377,0.000220176661885414,0.0003120477657,0.064105075049424,0.0304257240961442,0.0432166482983089,0.000606258290056269,0.0252272856763132,0.120374860603087,0.134434497443487,0.0123442792102208,0.0116794392502082,0.014367472269445,0.183485574214299,0.136621139478288,0.158100572599964,0.0206666756651694,4
0.00620799068148392,0.0286368184570059,0.00296465423279862,0.00134179904362141,0.0015666974160475,0.00167805787250789,0.0260156478193724,0.032410930621357,0.0193522590289817,0.0104951742557447,3.86823310731071e-05,0.000824167817934318,8.78047337064387e-06,1.76108633440707e-06,2.41211830182902e-06,2.74730785274304e-06,0.000677485370372383,0.00105558587131518,0.000376053753001122,0.000110211416867933,0.00455047168701115,0.021617422847604,0.00202104722124648,0.000950415863606669,0.00101735743723696,0.00119637514621027,0.0201071214308133,0.024840639116903,0.0138840512628831,0.00813365310260971,4
0.00253823482418522,0.00195118737252328,0.000610500732623052,7.4708272233735e-05,0.000618911867555973,8.59370745044914e-05,0.00387645687291053,0.0115776670119521,0.00172534072772357,0.00511491018742839,6.46769165752263e-06,3.8260946852214e-06,3.73473992520204e-07,5.44525610126342e-09,3.84894656131538e-07,7.2355492623911e-09,1.51023738644547e-05,0.000134709831607684,2.98954588072047e-06,2.62923893651085e-05,0.00172524423064088,0.00139299802517549,0.000383706686898513,5.32294565166133e-05,0.000346763858233853,6.17976930079976e-05,0.00285984090363247,0.00914406918652104,0.00120088422316424,0.00398503412129382,0
0.00964606219844426,0.0598818009927514,0.0168378888546754,0.00327586745271255,0.00273573800044195,0.00524696919354933,0.13062665998125,0.0242336774899561,0.0645745314558957,0.00864925303970818,9.34354054191053e-05,0.00360092806685227,0.000280425507503609,1.0653227070662e-05,7.4906316350456e-06,2.76688438202911e-05,0.0171335734974393,0.000590082766050749,0.00417963117554977,7.51518666852157e-05,0.00499966156284989,0.0338197448154158,0.00625205749445696,0.000894159787337818,0.000947846806956704,0.00173568141420025,0.0710055324996818,0.0162390583115699,0.0293723281113829,0.00482613632848071,4
0.0538505472475438,0.227831393369115,0.0803288166856079,0.0213995970861429,0.0204983456518133,0.0465075894049194,0.402207415601547,0.0761489947524806,0.156242489324746,0.0661361019082864,0.00291424287411777,0.0521679273155621,0.00647069515245155,0.000459793008082514,0.00042222999282281,0.00217367463626765,0.162418775342471,0.00582767669326467,0.0245032813069879,0.00439399445652904,0.0399295288600607,0.164147062129238,0.0637257220702251,0.0158690226035452,0.0145048588226527,0.034173140606804,0.335411228260055,0.0592906063116854,0.119716078799531,0.0500477560840181,4
0.00634840154531804,0.0160398225620286,0.00819524334732694,0.00327227480074832,0.00346724154733572,0.00281356693395872,0.1076459254459,0.0172357724489449,0.0110454172339192,0.0104101324905378,4.00271229414062e-05,0.000255577367783978,6.48216265213964e-05,1.06816890074152e-05,1.20764727597871e-05,7.81952639089167e-06,0.0113858145301771,0.00029841645417124,0.000118053204039469,0.00010694576246689,0.00426604214442908,0.0123585107825162,0.00554135878627425,0.00242491537212286,0.00248526341056704,0.00187947725582361,0.0704336237876343,0.0138385559002412,0.00736864389003301,0.00851255122998738,4
0.000852721338438645,0.00117580163154011,0.000782894682505594,0.000217100321420898,0.000582039979159971,0.000105671104402475,0.00685127050639353,0.00803673114697134,0.000494775944378429,0.00648883845578298,7.30542558158307e-07,1.34868586627787e-06,6.1420641979727e-07,4.67820390631585e-08,3.40351003953998e-07,1.1205334502392e-08,4.70342145013428e-05,6.4734710034416e-05,2.40123647856644e-07,4.2295211206309e-05,0.000491504197043328,0.000837559591726994,0.000515947544962556,0.000148868475549149,0.000320819484798141,7.54895174827308e-05,0.00542134313621629,0.00646633836379695,0.000334556420409623,0.00509214246794019,0
0.0151256590537323,0.0212811199268363,0.0193523322432216,0.000581960369318193,0.000648188085091322,0.000948707313786591,0.112238888608726,0.0203499711280454,0.0310377636792543,0.00746852265767488,0.000229929376679819,0.000455153339404181,0.000374472093852437,3.36556682582644e-07,4.22259085548233e-07,9.04456363651281e-07,0.0126541778867688,0.000416107940911705,0.000967345522337891,5.60017224577539e-05,0.0116982786558266,0.00625300291273005,0.00597669523677447,0.000131306679157306,0.000368814968933246,0.000340869631928455,0.0460229694552416,0.0137488123403133,0.00903355400355991,0.00610386322170611,4
0.0407554641257421,0.192395804622165,0.0848114478494762,0.0204542495970884,0.0207010059245621,0.0425693923496652,0.491722789682397,0.0822537178776255,0.158597026425074,0.0433961554627288,0.00166817571571956,0.0371087834791392,0.00721687952012984,0.000420294850966176,0.00043042893851001,0.00182065655320146,0.242984572813021,0.0067941897150022,0.0252657827127281,0.00189262302687154,0.0328256138452394,0.144578928720319,0.0694558278536427,0.0157439988595795,0.0157966682477134,0.0339270838803253,0.400460821401169,0.0654670801086569,0.112429744793963,0.0339508557532534,4
0.0113573050684667,0.105711211420758,0.0428225567379661,0.00301808741275235,0.00420252510169482,0.0110716482286381,0.146917108655603,0.0312279929521103,0.0602181304824893,0.00970739848325157,0.00012886556184342,0.011155613377072,0.00183888795436113,9.02908205179889e-06,1.75161631861807e-05,0.000122789576560575,0.0216928500201664,0.000976725711936389,0.00363141356527265,9.4657062396945e-05,0.00788550042286954,0.0749837263719061,0.0210424768284469,0.00229447977034199,0.00313265575880949,0.0086324998847437,0.117453512736304,0.0210218066250836,0.0338786304275778,0.00812809755901683,4
0.00217339264076964,0.00699167514613244,0.000983327848576,0.000371267538974394,0.000719632682671137,0.00121968344665353,0.0150354974102952,0.0117229692731829,0.00586189948880544,0.00649623607603288,4.70912210222795e-06,4.84215207913485e-05,9.65948466487364e-07,1.38394141367946e-07,5.2006008327515e-07,1.46455178112564e-06,0.000225763716144681,0.000137925382305326,3.39345496076874e-05,4.21843568872359e-05,0.00126540213268996,0.00481481474525738,0.000679071824299724,0.000200228430062932,0.00044404232475726,0.000762041594118774,0.0104906748190822,0.00943569845966096,0.00429320085045329,0.00530058193805232,0
0.0022706220229483,0.000367542555735253,0.000464667566922631,0.000337020889971579,0.000656562764704865,0.00128894243539464,0.0121526454564298,0.0105675930197841,0.000382580695662113,0.00931045372718483,5.17453440862981e-06,1.32988925675495e-07,2.16950591750942e-07,1.14136343263846e-07,4.33169574695464e-07,1.66792757569639e-06,0.000147727781718794,0.000112231685533354,1.4361694017803e-07,8.7119607581545e-05,0.00135014820213736,0.000254721218561343,0.000211691973952309,0.000137725838884824,0.000358297750340459,0.000624169819690048,0.00401792425970889,0.00853935880188574,0.000267051404814831,0.00741238246638677,0
0.0187182467714634,0.12390690735862,0.0660764228766462,0.00994172942760313,0.00768046234658634,0.0184849300887163,0.281101451674832,0.0472377811943587,0.0803327756962013,0.026547757985449,0.000352121248357667,0.0154269809736257,0.00438738820702959,9.93265563156769e-05,5.92840719535018e-05,0.00034294602066096,0.079252562990583,0.00224197530222988,0.00648243177260824,0.00070749383540308,0.0152855532060356,0.0889284515406035,0.0529372647863568,0.00693232820355996,0.00521227034679119,0.013365089596392,0.218818986638418,0.0369053659985761,0.0596759541691878,0.0207409078421522,4
0.0142635957135119,0.091595958087705,0.0275292952116182,0.00327598415373516,0.00341552500936466,0.0128447213076675,0.167616046997335,0.0371327208202973,0.0391301543200227,0.0170265513828838,0.000204424329845713,0.0084270947468426,0.000761123196350432,1.07707578824615e-05,1.17243773108629e-05,0.000165543311055652,0.0280891760991472,0.00138561832583353,0.00153772127764259,0.000291184112727019,0.00766935927838923,0.059508434189989,0.0179267253031474,0.00220882920969244,0.00236937493584995,0.00901468486276476,0.113573954747518,0.0263872691979857,0.0281090938232004,0.0124387755477256,4
0.000901349172067241,0.00286517263797408,0.0010408479696055,0.000201701933138882,0.000624393960508734,0.000936190369802188,0.016945489046972,0.00991135801744545,0.00435877215197691,0.00772715932700937,8.04536312091078e-07,8.06117614187188e-06,1.08588564248238e-06,4.00926494268682e-08,3.90819941920815e-07,8.56820643672286e-07,0.00028739325371966,9.87245646196298e-05,1.85768575839255e-05,5.96567352233971e-05,0.000661515366536053,0.00205761105096779,0.000791081681995031,0.000146848640033411,0.000362956986648257,0.000671823237812517,0.0133938716306658,0.00757983518102019,0.00311254013348872,0.00595608710191351,0
0.000552726914859425,0.000147136527902308,0.000641802857625985,0.000231591392153155,0.00066479779157071,4.96053682411103e-05,0.0157376902358582,0.010426945183438,0.000699440501050253,0.00801904901424873,3.0701620330283e-07,2.13835833460208e-08,4.13855970219444e-07,5.39036899043326e-08,4.44176955739905e-07,2.40143892877556e-09,0.000248732701784979,0.000109225443687127,4.90155357900494e-07,6.46170781559973e-05,0.000324258741480524,0.000106752155943138,0.000336833072197494,7.1693223231833e-05,0.000330071790397953,3.5378090471275e-05,0.0122754496663904,0.00837232101003566,0.000283126863573375,0.00663780916710133,0
0.0395163557643478,0.0960132177719086,0.0726438347551417,0.0119941684118906,0.0103383033342637,0.0162855178034513,0.288446967369275,0.0578688797257369,0.123971390484426,0.0170366373938967,0.001568001978322,0.00924875611685055,0.00530172276920847,0.000144400013557644,0.000106902752976385,0.000264118919787027,0.0831689263913306,0.00335397152046504,0.0154459797427162,0.00029129697980215,0.0250698186233373,0.0639806941036824,0.0457420205502424,0.00720948247443889,0.00575368522702969,0.00965667590355267,0.192429758042491,0.0369687065339808,0.0844212721234049,0.0132399823926388,4
0.0293404486105092,0.10370512669899,0.078198672590248,0.0104896614156474,0.013273944051522,0.0266456020705446,0.320217930870441,0.0659608857592707,0.157525742128657,0.0184473353918759,0.000863787249537101,0.0107904539249108,0.00614574355853483,0.000110352560375627,0.000176564710105663,0.000711297987232669,0.102688354641686,0.00436210299072947,0.0249388480051666,0.000341897529677583,0.0229060269669032,0.0660038375568437,0.0555055124272003,0.00756277523834761,0.00970373846721033,0.0194040663771081,0.2176914557338,0.0466345225711291,0.127959262344094,0.0144835140610092,4
0.00350298599966385,0.00218914384587515,0.00970100652441373,0.000847647428027591,0.000959534342482897,0.00213838661351888,0.0125161192573983,0.00973620786499175,0.0133815699526355,0.00819940167443576,1.23323966380673e-05,4.74749684540554e-06,9.33167136156152e-05,7.19099592244943e-07,9.25294145156983e-07,4.59330723289434e-06,0.000154548828315841,9.48233681017666e-05,0.000179434959261368,6.73357446888915e-05,0.00227874372981604,0.00162248354514141,0.00721351679629234,0.000625672097815446,0.000664801576463533,0.00151788311612268,0.00931971795623125,0.00799655840435153,0.00977771245485899,0.00605568985567939,0
0.000475792720781,0.00034942892353924,0.00102993214329157,0.000237455231710253,0.000713393557838076,0.000264206864265109,0.00177506338293076,0.00849944956570776,0.00076021946781462,0.00537060757221472,2.27334067113798e-07,1.22612481775277e-07,1.04988269533192e-06,5.66666711448503e-08,5.11432691512591e-07,7.00788749067824e-08,3.12796103038253e-06,7.25642055864297e-05,5.67727607928381e-07,2.89214440284837e-05,0.000242314922144103,0.000161563175521024,0.000752659094077094,9.58557107810913e-05,0.00040361012028227,0.000134122165704747,0.00135337053575741,0.00686732747543316,0.000555198635824988,0.00431700455173219,0
0.00887553826474508,0.0632761316814967,0.0503242503832451,0.00211304716384022,0.00211832753692336,0.00494714208089368,0.136513994008529,0.0229615696533504,0.0466443212258211,0.0108996914703269,7.89501986012319e-05,0.00402397566514531,0.00254524962378297,4.47225034720801e-06,4.50971811327382e-06,2.45783790102838e-05,0.0186809578565311,0.000529016239529526,0.00218662569912191,0.000119143895830821,0.00488242493226288,0.0374978765283861,0.0239059848409646,0.000757877049608986,0.000914216527758181,0.00228185660357464,0.0834161827698463,0.0167825838496031,0.0310937015921469,0.0083263681448876,4
0.0399189481670705,0.145755733923155,0.0710008865719696,0.0144199869956577,0.0152576082546681,0.0334194799364191,0.315094292424754,0.0848949287589866,0.101304273769264,0.0227073727758432,0.00160152123774173,0.0213482608404192,0.00506635328327013,0.000208836595669901,0.00023389175479119,0.00112235320482802,0.0997379239216874,0.00724311207416453,0.0103111525297435,0.000518195575659341,0.0310046825148802,0.117667648727855,0.0527203333737142,0.0104078514131272,0.010878637430312,0.0243842615366558,0.25221305082641,0.0648630997204859,0.0790978218981666,0.017081873442818,4
0.00511700326740674,0.0284173618814159,0.0180633948266053,0.00154486419633777,0.0019264757359978,0.00362138334879539,0.0699594800052483,0.0147088611863605,0.0396957112713018,0.00733372842725013,2.60293884593855e-05,0.000808469765335637,0.000327865321710447,2.33902820067666e-06,3.6683308672993e-06,1.31482118290156e-05,0.00491889789187666,0.000216798274235015,0.00158015561379897,5.38531875137616e-05,0.00386540769610166,0.0224680260967189,0.011184142929857,0.0011014316381581,0.001393084798264,0.00281022639588466,0.0559820128886976,0.0118967246997097,0.0251817365872062,0.00575854467714338,4
0.000782847751421287,0.00245735391167987,0.00127852532332109,0.000410674663381627,0.000576875287961351,0.000338868749590815,0.0164291651111299,0.00992510195742474,0.00344914093974375,0.00844594077817942,6.15154183741831e-07,6.05171418294554e-06,1.64274752278472e-06,1.69325532897848e-07,3.33724034688597e-07,1.14384150096526e-07,0.000270946046365476,9.89445398710343e-05,1.19254598007507e-05,7.1680851551029e-05,0.000497765168803707,0.00169861387949966,0.000920650028373447,0.000197104266248097,0.000323120139493488,0.000215583927900138,0.0134161661931737,0.00766618816222557,0.00259690308802816,0.00669488602772183,0
0.00780541027646799,0.0627670180557607,0.054770269015928,0.00156528760484486,0.000555152230627801,0.0026638852323731,0.0935727078511371,0.0167139204156783,0.0378176307107401,0.00875635126255806,6.11293736369614e-05,0.00394571093114278,0.00300549539629868,2.45735470630517e-06,3.09735885602888e-07,7.05016360132489e-06,0.00879496446464272,0.000280263969972014,0.00143731405484634,7.69350510063598e-05,0.00402163526089092,0.03061439298463,0.0255240411612991,0.000452313033567744,0.000262668979355859,0.0010234286363428,0.0532093452124208,0.0119995584989627,0.0183851455319542,0.0069032478427195,4
0.0241398667246039,0.181663414825304,0.100192134524628,0.0168253001239299,0.0097011533059508,0.0217834633530343,0.351713978684015,0.0732756225451365,0.156042241629199,0.0212022708436626,0.00058461673083372,0.0330796772551249,0.010088235071838,0.000284416310737686,9.45647263173547e-05,0.000475976515737729,0.124303810684587,0.00539616792716304,0.0244521300914403,0.000451785816489999,0.0175599373862712,0.136229821111049,0.079520146683658,0.0116070007563212,0.00604499416677351,0.0152839151711567,0.271630714608516,0.0481480910562601,0.121843561384851,0.0160473553219701,4
0.00502879353524593,0.0565592847292791,0.0515234687970379,0.00189722826601353,0.00154148142143321,0.00535819084860221,0.108686606063396,0.012351035524176,0.115586692525486,0.0129430808525162,2.49501409225635e-05,0.00317929986491038,0.00266645741406945,3.56148487183119e-06,2.37460919575566e-06,2.84792035420646e-05,0.0118716418376322,0.000153273465343844,0.0134206310250146,0.000168114726819951,0.00339032509304963,0.0348434207052632,0.0426779080199463,0.00133862874543275,0.00120389583431986,0.00399608320861838,0.0812732828552271,0.0095350845940982,0.0874156565576321,0.0101396210041038,4
0.00164020485207304,0.00349576789467512,0.0110217626489765,0.000114020075906363,0.000658487470536335,0.00035944706855011,0.0164251388674557,0.0113306316134146,0.0279281051704878,0.00639985047331592,2.70268453665644e-06,1.21957109105348e-05,0.000120951086174463,1.3064585205251e-08,4.35353497262358e-07,1.26200872789374e-07,0.000269336389758069,0.000128952149226182,0.000782606525685261,4.11425610178657e-05,0.00108504388505972,0.00257463655462092,0.00654193173949026,8.0040578156117e-05,0.000380545508051987,0.000254046895062628,0.0132089539499007,0.00889134263299845,0.0194439910047753,0.00530058350310519,0
0.00638126959906621,0.00700634597933644,0.0304659196717414,0.00773145510303455,0.000640663870506174,0.0023418835487933,0.0909428834396685,0.0199722810805885,0.0690589190370881,0.0102058651116627,4.05293225086387e-05,4.8706596132749e-05,0.000922810608953766,5.9232902164314e-05,4.12470577525865e-07,5.50926749770015e-06,0.00818673513869096,0.000394301341572402,0.00467043829131453,0.000104509469675335,0.00362802136684003,0.00265348381983823,0.0138549214500078,0.00282760222435129,0.000336848698828996,0.000949023509487918,0.0497410654218916,0.0136100987971781,0.0373408007045961,0.00804349645514865,5
0.0211086207655602,0.0237858687778212,0.0773103679883677,0.035887669718952,0.00250170142476688,0.0089241550065305,0.22613170637689,0.0611788077549968,0.167385547848709,0.0220128015686589,0.000447668772914968,0.000568101752399105,0.00599168428289085,0.00129385386477511,6.28970096255323e-06,8.00099058358959e-05,0.0512240676090776,0.00375154602778288,0.0279547188766615,0.000486996566878297,0.0172340200988497,0.0191145657998002,0.0605188707414091,0.0293558138411082,0.00173966883065585,0.00732964147411912,0.181271570067991,0.0493222208432079,0.129319883011584,0.0169829767881389,5
0.0301221151397654,0.0982697533438409,0.113665786834757,0.0369459589667013,0.00348802311950251,0.00949826457306125,0.14659531267998,0.0762211099210791,0.145220608763522,0.0365692355372399,0.000911586990202068,0.00970254868308824,0.0129828721346044,0.0013718044601746,1.22242694548355e-05,9.06391802676178e-05,0.0215975230411316,0.00583002856462541,0.0211927570142871,0.00134401838027965,0.0240827659642231,0.068082755600067,0.0842691620198574,0.0296779374141908,0.00246622184873611,0.00576058589724881,0.107908628666094,0.0598729929846146,0.11676681958171,0.0278302973658488,5
0.00960297881064924,0.0140344879239705,0.0245034543678796,0.00458336540620301,0.00066291996609201,0.000457518826901028,0.0335835973471757,0.0200699344757826,0.0486655612190522,0.0160478921555092,9.22214084059768e-05,0.000195738040914922,0.000600141710976595,2.09299754810977e-05,4.39172802718034e-07,2.07717082042542e-07,0.00112022105349322,0.000404003601008872,0.00234334411217514,0.000258823928694285,0.00803505064844345,0.0100284274700885,0.0199267564208148,0.00328926559469583,0.000425213665250909,0.000297929470390035,0.0245253741700062,0.0152778307963719,0.0393124047332496,0.0117250080350492,0
0.00573143766031608,0.000866038446136423,0.00232349467925754,0.000751463553227915,0.000714034885186581,0.000852826179403474,0.0588786715829375,0.0225693627566549,0.0356581193744665,0.0167064328278772,3.29066211170805e-05,7.40278393624243e-07,5.36247419066599e-06,5.61812656237998e-07,5.12365546950859e-07,7.26967803151634e-07,0.00347316653616559,0.000506822481388715,0.00127786840062034,0.000278536870091341,0.00434134531217061,0.000611637721091626,0.00176793862362981,0.000253108337255178,0.000391205864789461,0.000294331571522808,0.0405088031043159,0.0175797780915457,0.0233020190842224,0.0137774345159252,0
0.0188653616257903,0.0293978661844326,0.0551968555014575,0.0225443649529956,0.0048661205961564,0.00861739001815597,0.144747049837299,0.0398994648337952,0.149691926591683,0.0216527334586227,0.000356368604080375,0.000867142894220111,0.00306166839681586,0.00050917310616717,2.37678794540749e-05,7.45732575456401e-05,0.0210354363724534,0.00159931165379765,0.02252009506187,0.000470604073140575,0.0149108529913982,0.0219453285101763,0.0415503748355386,0.0183165245094229,0.0033944488753968,0.00655571333443878,0.110459496294991,0.0314987072834309,0.119066183257279,0.017313889353657,5
0.0531825654600472,0.0075870983816999,0.0805185205550817,0.0350807765560405,0.00127460660671739,0.00231336795917583,0.0632313064288109,0.0410111436358865,0.0689351529671295,0.00999602024063933,0.00284184532813487,5.6612505361544e-05,0.0065157781307688,0.0012364143624759,1.60414396219737e-06,5.3030990615551e-06,0.0039984259159935,0.00168861350351469,0.00477277650460482,0.000100391067169239,0.0393997188745955,0.00549672339091383,0.0643220707371302,0.0269952203152003,0.000951037761098996,0.0017094799267167,0.0501708406385877,0.0335902933385346,0.0533043413934706,0.00790345733752064,5
0.0354217489780278,0.000639903074984796,0.035654471266364,0.0062999014970424,0.000608259957770061,0.000546092100503406,0.028954484750218,0.0381096046521546,0.0240966436686177,0.0105406779751032,0.00126098958492492,4.0399772266673e-07,0.00127675180405927,3.93688236155896e-05,3.7169509571931e-07,2.98964218245283e-07,0.000834995697744948,0.00144962639500204,0.000578150885221008,0.000111521410421572,0.0273697698361301,0.000436299832770776,0.0245737954759323,0.00408741200901869,0.000308890051299041,0.000297501787622544,0.0173357532343557,0.0296270845560462,0.0184728470494828,0.00826799938232877,0
0.0118883670546662,3.28055938106948e-05,0.00361886930299751,0.000409320705409185,0.000721342924194884,1.27836412135581e-05,0.0284521621234502,0.0182256186676758,0.0141623268528433,0.0113441362764884,0.000141923299115851,1.06176530487001e-09,1.28963027122915e-05,1.67707484275509e-07,5.22945760942602e-07,1.61070983714024e-10,0.000812823792741749,0.000333043329377529,0.000201551564659343,0.000129321952408758,0.00964521104799313,2.26611719362651e-05,0.00253505456683384,0.00024631825627718,0.000425774907941064,8.76683211779011e-06,0.0231761541364965,0.0145065012127312,0.00937467441138493,0.00877317167978898,0
0.0177112554080326,0.0271042767592287,0.0630383597601314,0.02509477922408,0.00662698696279082,0.0105880985507965,0.187071418726654,0.0650547031842819,0.137690698444002,0.0305802737455484,0.000315078010453446,0.00073829990678357,0.00399092417019124,0.000632909278392426,4.39002086733545e-05,0.000112663520712949,0.0351104625958214,0.00425246972956951,0.0190528241226791,0.000939763224711302,0.0139238583998615,0.017523748303331,0.0427113268231317,0.0176126401305884,0.00387622947877318,0.00692001243587425,0.135508744761673,0.0455538650402965,0.108240678507043,0.021522293427624,5
0.00708994652222541,0.0133000764256959,0.061796686699456,0.0253377610135056,0.0036222994417803,0.00334972036361101,0.0871590366707953,0.0275390606021292,0.073444977601057,0.018300694182873,5.01743326501257e-05,0.000177715768282608,0.00383547815130386,0.000645227217514434,1.2951319411082e-05,1.12706473592398e-05,0.00754829764546964,0.000760656808155316,0.00542057585122384,0.000336184455249918,0.0055523859609249,0.00852187606948757,0.049298816217186,0.020192360119996,0.00224871492474779,0.00157939345180296,0.0673786365192229,0.0216974420220266,0.0541431103622979,0.0144157336873033,5
0.00749303535199568,0.000608960038304094,0.0122934817125468,0.00269998191207934,0.000748558181911459,4.54888238349727e-05,0.0603462790029065,0.021796395254267,0.0154168972896965,0.0114509779302649,5.64196602483478e-05,3.68237565143553e-07,0.000151880305141887,7.32633672921748e-06,5.63138766701029e-07,2.02517948084624e-09,0.00365939126240887,0.000476260386470333,0.000238541105985496,0.000131745022304458,0.00552224024331765,0.000426226397666936,0.00839975434156283,0.00205135164794771,0.00042717702117207,3.27172682379368e-05,0.0492915238787384,0.0166897912112646,0.0114982327639646,0.00934153281867221,0
0.0043977527925397,3.83559615994494e-05,0.000938066698395623,0.000295392951274446,0.000562816794329944,2.35724839378726e-06,0.0472080366267463,0.0181657804524303,0.0085349627030375,0.00798141697261695,1.93944899936064e-05,1.45657075588678e-09,8.83961243262137e-07,8.65549136717746e-08,3.18324918012568e-07,5.48415939155368e-12,0.00223831872832231,0.000331532210553215,7.31902907670109e-05,6.34890813305031e-05,0.00337256714299162,2.6360697804398e-05,0.000638768346244539,0.000176077963491332,0.000280627490002762,1.70910077310031e-06,0.0369403224458203,0.0134918482203925,0.00596941107411854,0.0064418594218477,0
0.0144732029571287,0.0161579936013024,0.027826653806508,0.0195817260088303,0.00441420879991003,0.00941998798065266,0.116237115840774,0.0302761994029993,0.120848786939714,0.0195925760733971,0.000210485315901511,0.000262391869259087,0.000778074219243529,0.000384844744158233,1.95488961547342e-05,8.91777079747018e-05,0.0135747214132838,0.000921058607488184,0.0146776936087621,0.000385566256090977,0.0095674602398992,0.00921700250201608,0.0184029592605548,0.0130691856688804,0.00213437064495749,0.00525925112399946,0.088954322194334,0.022911839079227,0.0778367759064886,0.0137386374902989,5
0.0141463103909616,0.0122698402063704,0.0239392754949584,0.0220574666190926,0.00267808507284933,0.00501607359036688,0.121459515384716,0.0341571335568101,0.0737919478456682,0.0171582842443922,0.000201122273950343,0.000151277206829725,0.000575327224635967,0.000488541860408062,7.18710795749943e-06,2.52873730059147e-05,0.0148201237137601,0.00116975763635658,0.0054722044456838,0.000295857505469782,0.0114921353991812,0.00887964088687235,0.0183852483381715,0.0161620594507372,0.00204617263084451,0.00337283161724161,0.101099440664685,0.0265974444057648,0.0575368041713769,0.0139688923415567,5
0.00807384562670002,0.00162789097458238,0.025856849682142,0.014990514091474,0.000513713627053999,0.000517014564372385,0.0699830036147851,0.0252376138409831,0.00730890990321988,0.0101772844703121,6.55104987887344e-05,2.64879750406139e-06,0.000671554184344289,0.000225803029981342,2.63997354425168e-07,2.65745686256483e-07,0.00492206310862664,0.000638646525170305,5.26779851236721e-05,0.000104050509618577,0.0062569787986628,0.00130778285398918,0.0203234666945249,0.0106782154516826,0.00027891757521326,0.000308949503711645,0.054404812642627,0.0200634748529624,0.00578403018950731,0.00792190320692566,5
0.00417036392447294,0.000347049274777555,0.0121723537057657,0.00203834355175362,0.000487908567556073,2.84711187438874e-05,0.0654358133861001,0.0219966073996631,0.0134211117036112,0.0135518846790901,1.74271694847248e-05,1.20659848843571e-07,0.000148880026974317,4.10909153285748e-06,2.39220567703068e-07,7.94963667774954e-10,0.00430125513937563,0.000485998904930753,0.000181029961385091,0.000184572870755057,0.00313649843037983,0.000172547287220497,0.00726397919857947,0.00129712095432641,0.000201457281862006,2.05984733095505e-05,0.0527107138417926,0.0170308274441515,0.00847240689399156,0.0110848098887247,0
0.0101077711710971,0.0089792000072913,0.0184620775587129,0.0117253735441054,0.00178090412435631,0.00539547542192737,0.105101089860001,0.027551631062835,0.0736071570067043,0.0166393487513204,0.000102677959008821,8.06845772318905e-05,0.00033952998800753,0.000137935089316475,3.18702109326317e-06,2.91512755479371e-05,0.0110894806453119,0.000762139911317274,0.00544456014785087,0.000278246999866898,0.00699270867806512,0.0042208134873891,0.00941486082872345,0.00664760178849996,0.00110806948095077,0.00267956802139433,0.0836843315323377,0.0204270857245211,0.0435146706111942,0.0122986039204633,5
0.0219163127367887,0.0228250058805188,0.0521741368448261,0.0276864834401238,0.00147530845280049,0.00689821999141122,0.148240788949745,0.046225691006481,0.137986660400705,0.0218677576961792,0.000482734704258959,0.000522922755011961,0.0027347584842687,0.000770323066337048,2.1863937301358e-06,4.77507641319892e-05,0.0220425004257518,0.00214518389528549,0.019127210478085,0.000480596813503718,0.0163673312673004,0.0164605600122989,0.0431637017116248,0.0222064670273367,0.00093816445054114,0.00441723576128787,0.120724836296574,0.0357273257693859,0.111998149099842,0.0170493291808193,5
0.00639034972433246,0.00144478657293086,0.0192516138716368,0.0112584986816764,0.000686662346252874,0.000295362466256174,0.0802737268049439,0.0233373551426089,0.0242255748746222,0.0193723280308045,4.10252247340106e-05,2.04656411854395e-06,0.000372222932679874,0.00012737300426261,4.73858147471278e-07,8.49532506523027e-08,0.00647392529093979,0.000547022670307807,0.000586286769302879,0.000377135159802166,0.00422045692223872,0.00105192896229427,0.01292930893307,0.00693822191635432,0.00039028757006678,0.00018162264981748,0.0619454816939081,0.0188568907024788,0.0153086884050613,0.015601318426492,5
0.00396006238231076,0.000332802941447584,0.0014861268798761,0.000576713015921895,0.000673754163719443,1.29810447420865e-05,0.0687543775475378,0.0195895384215044,0.00342566629505405,0.0140190356061448,1.57195285209175e-05,1.11240792107137e-07,2.18947363570141e-06,3.2772408783266e-07,4.56225801991055e-07,1.64943159608679e-10,0.00475063410594224,0.000384300952255922,1.17677021950528e-05,0.000197511736869526,0.00238676115821881,0.000136219813126885,0.0010733043505435,0.000403701391621295,0.000352430986791405,9.32163178230627e-06,0.0565479514785947,0.015806387271901,0.00213606505323326,0.0115275035237758,0
0.0071716896614174,0.00329815415478915,0.00446167356947118,0.000463269315430855,0.000689885053986917,0.00147187803313824,0.0821548334490454,0.0194736286404236,0.038148988298703,0.0163590308958972,5.13130272828426e-05,1.09324626647513e-05,2.00065638291082e-05,2.15693788404217e-07,4.78242772812335e-07,2.17637412090664e-06,0.00674486267590631,0.00037929244600799,0.00146188184105061,0.000268853189682536,0.00557624685885644,0.00075686448053788,0.00149343452422185,0.000198423568926074,0.000378830443955042,0.00049809495115063,0.0588559676416655,0.0154637099864018,0.0189938487138988,0.0130507314397472,5
0.0181569205597232,0.0224905276930199,0.041776473555353,0.0231276479251912,0.00458723054221811,0.00731874223551147,0.151807410724961,0.0510577956321728,0.136030837357365,0.0246043163339758,0.00033122272783665,0.000508271273933538,0.00175326763088633,0.000537502514456765,2.11481112244074e-05,5.38315654738625e-05,0.0231478721536311,0.00261829699499687,0.0185969358937391,0.000608368493699886,0.0142505172628251,0.016836757326475,0.0317605686438968,0.0188283218987167,0.00292253983809419,0.00524932455792454,0.121990840504086,0.0392716513965305,0.101476464318423,0.0192226096178783,5
0.00713946757658139,0.00214830952261339,0.0233998556396389,0.018464406931012,0.00063643917380952,0.00111428618494042,0.0979201665138499,0.0274824654045749,0.0178702695354871,0.0209424381557903,5.11553823542896e-05,4.55757439616405e-06,0.000550060459762865,0.000342114556933877,4.06840318096965e-07,1.24437756293956e-06,0.00961975691884804,0.000758323202610003,0.000318938561712793,0.00044077804942619,0.00564617350063688,0.00151435756741726,0.0181586191539259,0.0148187446148535,0.000428528009552272,0.000777939581429414,0.0777629807973934,0.0226004356965777,0.0123346022233478,0.0167604226395119,5
0.00244487760328257,0.000123241444266952,0.00240071552034228,0.00283073276955552,0.000568209382880099,0.000331460622185254,0.0523771037686674,0.0212178339333556,0.00170151272823736,0.0162300918864138,5.99121271616242e-06,1.49448337098821e-08,5.65232045870627e-06,7.86686622255148e-06,3.24482993764604e-07,1.10280954186442e-07,0.00275665593287365,0.000449451268468163,2.90787648300413e-06,0.000264684931161608,0.00172820612015929,8.55039230480329e-05,0.00166647856791858,0.00201675446724088,0.000301642486775862,0.000123168541342987,0.0414072389644843,0.017797290113803,0.0011608476069054,0.0129654290949638,0
0.00515875148957302,6.34803746882401e-06,0.0033434311431076,0.00375656414932673,0.000552606010048014,0.000719174989664968,0.0566670764354072,0.0187929918802797,0.0161353630473504,0.0142917365054624,2.67373674778364e-05,3.94477490237009e-11,1.12346845725438e-05,1.41749001155653e-05,3.06883943675937e-07,5.19573737083184e-07,0.00320759390791523,0.000353600225702684,0.000261633662388979,0.000205206214019511,0.00395740852130467,4.45503404026676e-06,0.00114496526173208,0.00106081244155851,0.000279650421384629,0.000209801661030759,0.0462985176880698,0.0151627735707057,0.00871515943564071,0.0117431386966788,0
0.0174421177058143,0.021991431784274,0.0425159098246089,0.0282400019136987,0.00183385440587596,0.00859210878718784,0.156075877222549,0.0465138794663011,0.124251892523916,0.0414647308664198,0.000305653315672592,0.000486006242897454,0.00181667342814276,0.00080150177236024,3.37897980895582e-06,7.4133315074419e-05,0.0244728781608423,0.00217377704909596,0.0155146946112905,0.00172420208985718,0.0142344415090778,0.01639150425309,0.0343896077526192,0.0222218027951903,0.00124260498695534,0.00634667287060519,0.127970937789369,0.0383202099978554,0.0943715636871055,0.0323356437521761,5
0.00909224615945189,0.00336318251438275,0.0241204265398657,0.0227293933592501,0.000579584093792551,0.00188400321703122,0.134689443089519,0.0281489892622874,0.0485167497570891,0.0296404675737634,8.27314797293577e-05,1.13204577552443e-05,0.000584696993792395,0.000518684349858576,3.36822943485977e-07,3.5183346413154e-06,0.0182317867622851,0.000796206199287681,0.00236525872510222,0.000879730936260086,0.00752960543218926,0.002058470037652,0.0204058690839772,0.0187665055836698,0.000338829745110496,0.00134596691408658,0.109543960031316,0.0230817132439584,0.0344539743406357,0.022863900083057,5
0.00572491206157769,0.000299579068565345,0.018438067965878,0.00775524984754882,0.000716482041423315,0.000105160607466758,0.0609123395452566,0.0204929786274287,0.00217148181785509,0.0158184296394724,3.28293355787893e-05,9.01840045089554e-08,0.0003415959720726,5.97480767922481e-05,5.15926065462879e-07,1.09707810816516e-08,0.00372151725012575,0.000421847930536653,4.60036150090955e-06,0.000251475882041582,0.00433537744811389,0.000176744008101135,0.0139982559628888,0.0053042770353312,0.000409881616709643,7.08249351747822e-05,0.0496961895722876,0.016875942333527,0.001478187349669,0.012376589063802,0
0.004136733135815,0.000231391119031786,0.00238713385648537,0.000306952556688913,0.000465026003364409,4.90561786610239e-06,0.0510078948007447,0.0206833199577749,9.45502945390285e-05,0.0141038448753897,1.71936861296382e-05,5.37697281005588e-08,5.66294314627139e-06,9.44075253022249e-08,2.17326572478389e-07,2.39089963969351e-11,0.00261347484242575,0.00042948031884703,8.71712769853421e-09,0.000199906003405956,0.00303860946615841,6.87136885578514e-05,0.00171219494314257,0.00020854011810406,0.000217436096634141,3.36879832406138e-06,0.0396140029516896,0.0168989071281809,6.70734761809744e-05,0.011344059287791,0
0.0118948089624028,0.00934444986375072,0.0309460752173739,0.0229390540549011,0.00174760383316884,0.00686493852539214,0.18071608294356,0.0472720737373918,0.0847065135704236,0.0279396191273105,0.000142196359666549,8.76814222846681e-05,0.000960796176356544,0.000528602005873792,3.06726799484866e-06,4.73588056219293e-05,0.0328210435535083,0.00224439001603823,0.00721020328466121,0.000784441919081605,0.00793871708320722,0.00561548888859428,0.0192447401175504,0.0152693450074792,0.00104405817222366,0.0045939119505711,0.134162094142263,0.0369521689024758,0.0568184452889073,0.0209754198802079,5
0.00761858029048277,0.00715885924695472,0.0268023685352593,0.0207093280942946,0.000566538324270538,0.00135763651421654,0.129200262935224,0.0424112096961489,0.0504642488436926,0.0199184105584588,5.82910513002712e-05,5.14759495516071e-05,0.000720653165731956,0.000430475800041183,3.20994262546796e-07,1.84727967338881e-06,0.0167765899501583,0.00180754866546835,0.00255932273980309,0.000398726161929793,0.00618970292333539,0.00552290690481049,0.0214856593670462,0.0166044359669177,0.000339271222430907,0.000849609597266075,0.0986510826138483,0.0326258381384658,0.0364603884632217,0.016458941453371,5
0.00358898125250623,0.000578566897378147,0.0128774130453678,0.00373260493017471,0.000468030861409307,0.000268138601068109,0.0570367080824282,0.0186508746086009,0.00402701831239517,0.0162443391512168,1.29337533022926e-05,3.27834052387066e-07,0.000166613064172087,1.39481084703246e-05,2.20145048817777e-07,7.22507944468159e-08,0.00326943052480081,0.000349267511251987,1.58849899078804e-05,0.000265096104983873,0.00281686630334528,0.000416158871950068,0.00834708236744086,0.00295083656594385,0.000238439675399084,0.00014964500942367,0.04566013861003,0.0151594949243824,0.0029127588830175,0.01330927879321,0
0.00400071030490379,0.000232763315227111,0.000847252389909351,0.000298208704944258,0.000602684389460206,1.17290114097113e-05,0.0569081794170232,0.0178529118254087,0.000319123305122626,0.0133782619588118,1.60804051789198e-05,5.44142908700173e-08,7.17372491079682e-07,8.88824853104174e-08,3.65034116984216e-07,1.36512078589273e-10,0.00325289871008817,0.000320249479225873,1.0064767243861e-07,0.000179833429429235,0.00278663739393193,7.78217368296531e-05,0.000603112311563356,0.000216139501953132,0.00030319833814097,8.53525241250594e-06,0.0435520877692221,0.0140973782410071,0.000198040072132803,0.0105443283686435,0
0.0103464173348493,0.0119008802175643,0.0231608838072921,0.0105024727692993,0.000937826006933531,0.00454673771299238,0.107835523094941,0.0269958987877439,0.114914493842431,0.0234906077160446,0.000107575475280758,0.000141217574446625,0.000537847909873587,0.000110833332030381,8.8194519416626e-07,2.05837177677935e-05,0.0116844218078481,0.000730246823001932,0.0132710341555933,0.00055348132738078,0.00680482686262471,0.00552174432452336,0.0107470985309806,0.00450018336054143,0.000466674351009276,0.00211202711528268,0.0736671260381489,0.0200791898931595,0.0519405085794792,0.015695668520293,5
0.0135117756443206,0.0165480746917024,0.0324191256565196,0.0144296188678317,0.000719074136007481,0.00718627638222394,0.14195358291793,0.0420937301187748,0.063952770270398,0.0281331143452081,0.000183202038531475,0.000273607349819866,0.00105267650951884,0.000209201462678382,5.17130228205589e-07,5.16359956396145e-05,0.0202443887732857,0.00177851420526982,0.00410723845225487,0.000792630173067407,0.0111973714482728,0.0126133365219098,0.0258455586167174,0.0109795503743834,0.000448525411677473,0.00501497824255318,0.10833679205879,0.034583467040725,0.0480898015739984,0.0222640232049551,5
0.00527822077929866,0.0012571548485516,0.0119480511514256,0.00333159610224626,0.000553391769627857,0.000479028457546026,0.0707746828332632,0.0180398264605249,0.0060714093847476,0.0153136132528342,2.77483125652396e-05,1.54848502171636e-06,0.000142996413673927,1.10179117397426e-05,3.0761054016812e-07,2.25047977075625e-07,0.00502415046121202,0.000326504419340945,3.55995755941209e-05,0.000235194590414369,0.00402540543238884,0.000905205231577342,0.0075672522315696,0.00224899347858178,0.000273673243997789,0.000333080536368367,0.0542124571114193,0.015002973316857,0.00425675046844843,0.0116877990394243,5
0.00332369047241647,0.000239507005808707,0.000905871261185769,0.000427280888899215,0.000644096378408465,0.000237072455061822,0.054870690228936,0.0158352988859303,0.00748260668056921,0.0140822180705691,1.10692047541456e-05,5.75478138827242e-08,8.19128325670827e-07,1.83218024111112e-07,4.16857735711897e-07,5.64831972945544e-08,0.00302485981447133,0.000251902832894885,5.62449973184397e-05,0.000199300141584702,0.00236718917091561,9.257352043526e-05,0.000639511345611095,0.000222200306494078,0.000319541413215951,9.37082654037723e-05,0.0433551579909081,0.0127676144975403,0.00449564986233774,0.0113685124371728,0
0.0131173245047087,0.010934928297817,0.025367104256067,0.0249678526359292,0.000931897629244316,0.00537582746074265,0.111600583863284,0.036012887097638,0.0690912285267185,0.0273264418549703,0.000172638151675903,0.000119240538659492,0.000646088425407632,0.000625351498816279,8.71379677863962e-07,2.88050137736808e-05,0.0125172759698227,0.00130337719600052,0.00475697820775218,0.000747502240824446,0.00905888625438379,0.00559974352921961,0.015329600204247,0.015283100546427,0.000467958247708353,0.00311164545831817,0.0852870088718762,0.0271370995939359,0.0409366602095465,0.0207765129876425,5
0.0280403556922216,0.0361667179807365,0.0835112017158731,0.0383572286099184,0.0065254492012455,0.0131295696847698,0.17740455097028,0.0579095196700351,0.152726608205574,0.0421966463916685,0.000788555978189326,0.00131225765320594,0.00700632490375296,0.00147674227845787,4.27932651190096e-05,0.000172592396928569,0.0315970455092302,0.00336111097667486,0.023346844162829,0.00178407812672869,0.0219730309524334,0.0283956299925647,0.0672968245458053,0.0323717932211606,0.00479795425914044,0.00976974267921054,0.142637342848902,0.0500929651610894,0.118451617435489,0.0331169268501481,5
0.00744464145324157,0.00371670275098201,0.0142520364999994,0.0114635454600343,0.000637230563917228,0.00190531836709237,0.126210129716297,0.028765959788636,0.020756467554925,0.0236617230937918,5.49329811848132e-05,1.35956216909625e-05,0.000203214337193739,0.00013196789455131,4.01773545716971e-07,3.55701962997899e-06,0.0159787754791222,0.000823977370245706,0.000422364591223862,0.000561954467431187,0.00582997842754658,0.0025895031073598,0.00875391524727333,0.00860691848974221,0.000407261448109219,0.00126840122569283,0.0987045475560466,0.0217385823977887,0.0147925155218734,0.0191424632731568,5
0.00359591309202478,0.000286448776908259,0.000846978339007567,0.000825994185013573,0.000807354395665248,0.000129110108600913,0.0720977055613379,0.0179574131999987,0.00112001830159162,0.013100362444984,1.29871407638708e-05,8.1575664763164e-08,7.15854292428078e-07,6.84883876248844e-07,6.55039811504125e-07,1.64140005884109e-08,0.0052202863983482,0.00032383152250833,1.22373356569112e-06,0.000172115759070464,0.00250539224588429,0.000137405021262841,0.000617723344142495,0.000587144330441103,0.000469189383473286,9.3894986209464e-05,0.057509008043291,0.0149376559871047,0.000794445158583897,0.0103286390427632,0
0.0030512504688149,0.0276896175910434,0.0293640606695099,0.0143265069375332,0.000602125483620658,0.000340819643231171,0.0758941127396139,0.0200792977732195,0.0140113929198633,0.0163624693207139,9.35234658803803e-06,0.000770548690382206,0.000864902308510629,0.000206127893364927,3.64279540348116e-07,1.16220798007194e-07,0.00578836664550424,0.000404391392236336,0.000197304368109029,0.000268947206407184,0.00215933919207079,0.00752277826770483,0.0098931147621177,0.0041015203452301,0.000313159572984866,2.95393144482684e-05,0.0617681192530087,0.0167695873028517,0.00421540827434573,0.0133249654906887,6
0.0259598570724115,0.087189761428209,0.0948892957651318,0.0388619807551394,0.00916954045950141,0.0197194497734367,0.262906790133856,0.0879539817971236,0.0928481145187214,0.0377550529509811,0.00067721940574539,0.00764021030444249,0.00904511582307384,0.00151767050564023,8.44828955289755e-05,0.000390775237776589,0.0694632319297574,0.00777468976939065,0.00866306310558906,0.00143259373780389,0.0204684798643911,0.0692168469912553,0.0715055844331796,0.0302750181552622,0.00684809873211624,0.0147954519012339,0.203765177112394,0.0673675554687943,0.0745100226468839,0.0293158516225003,6
0.015377361756304,0.0448153633575761,0.0453288762670193,0.03338583695155,0.00229159867553372,0.0048161596315498,0.113358021151973,0.0337191508875161,0.0348883461652006,0.0220450274874881,0.000237649284660594,0.00201824095926136,0.00206502918515936,0.00112015330816779,5.26049180960862e-06,2.32942868292059e-05,0.0129041251968503,0.00114153711127591,0.00121981892148482,0.000488295326285742,0.0108650001912071,0.0340750586208302,0.0341541282347995,0.0216226779018209,0.00164907987009185,0.00361002337833696,0.0829154379178253,0.02533394718515,0.0293056820347089,0.0179268093973437,6
0.00197679798306476,0.00326720843432108,0.00388929148493256,0.00153559240037982,0.000575854942905159,0.000269854939641411,0.00784960214369815,0.0156380927922993,0.00548807244396599,0.0104337416740367,3.87619660096036e-06,1.04121512816987e-05,1.47757036190743e-05,2.30409367921359e-06,3.33230464741495e-07,7.22814927725651e-08,6.01487418988551e-05,0.00024577292319546,2.96952850841458e-05,0.000109368487447485,0.00150394842880221,0.00232416751338545,0.00275050093237988,0.00109950458394711,0.000317224033107529,0.000195932064869288,0.00571410762856938,0.0130411699988926,0.00383234214884257,0.00809408212826836,0
0.00209808604880165,0.000283641202828306,0.0129236128001835,0.0106647245745112,0.000400929492864081,0.000231855180814145,0.0164769667687838,0.0202818262930884,0.00901472515864502,0.0118092696339915,4.42406498376668e-06,8.00692462943259e-08,0.000167049888649876,0.000113701734541288,1.61551404947724e-07,5.4024989594456e-08,0.000271869064542806,0.000411567053659292,8.16017277509847e-05,0.000139823677903304,0.00145311267245519,0.00014741566949472,0.00445103619709689,0.00357590085883831,0.00016251263510759,6.86712048037997e-05,0.0112350792565854,0.0153018363049811,0.00285534660778556,0.00839111915555093,0
0.0268856476823631,0.116149616403011,0.0784133850560742,0.0353875125392893,0.00572172193329058,0.00375725609098831,0.0725649326041377,0.0564136585030349,0.0976413676368344,0.0842617086279045,0.000725045956966176,0.0135581529265588,0.00616903553492462,0.00125646161422592,3.29019245813062e-05,1.41865877137313e-05,0.00529091282974183,0.00319845540491909,0.00957546689915125,0.00713570622748057,0.0222327871402702,0.0897388392028782,0.0598924237337848,0.0292438597500624,0.00371058649845118,0.00260792705669609,0.0575205035034904,0.0429729274494684,0.0812550439138966,0.0633279189931435,6
0.00913744664182045,0.0067269490492807,0.0184426695071305,0.0116579814664412,0.000796125331465467,0.000364835104206015,0.0269351634317297,0.0302456194602987,0.0323535522275528,0.0144036536919762,8.22606010586758e-05,4.51620280387003e-05,0.000336609148331078,0.000136084699476408,6.36562853750711e-07,1.32578143004159e-07,0.000729129851263238,0.00091832006444344,0.00104573531694562,0.000208007664564751,0.00635441528163412,0.00535400673905813,0.0134441336924871,0.00791764459039712,0.000480209625158148,0.00026939802985178,0.0218713058664235,0.0236286571083333,0.0193767409966723,0.0117156909681786,6
0.00137128519075802,0.000662004921227387,0.00213450280027454,0.000937838925893326,0.000776539355990133,2.07755686761116e-05,0.0193086318852947,0.0134650205094731,0.00238016389771445,0.00669696984757244,1.8828580862616e-06,4.3869842933298e-07,4.57035051317662e-06,8.83485695569856e-07,6.0604111542169e-07,4.29975958754863e-10,0.000373903988963295,0.000182083333833008,5.65034682974619e-06,4.49957702859872e-05,0.000948822681477055,0.00045650763311831,0.00159118621031526,0.000687905018395684,0.000457034193045991,1.50599645701513e-05,0.0116478655636254,0.011332995640996,0.00167637227575802,0.0055149944132635,0
0.00144849721345457,3.5650408776795e-05,0.00090229447687826,0.000323395470468749,0.000637722824177588,1.1198263767766e-06,0.0109266373791943,0.012999411588657,0.000248318854413589,0.00636685655685303,2.10834214356749e-06,1.26565126843858e-09,8.17942842034443e-07,1.05068799150572e-07,4.08602672020935e-07,1.25679250266371e-12,0.000118480208296183,0.000169822334739993,6.18773024989798e-08,4.07125404047758e-05,0.000811220642056861,2.44523949409973e-05,0.000574630299597611,0.000113868245652783,0.000326686182650176,8.04020347550655e-07,0.00870094381412983,0.0103812955422332,0.000108580734101809,0.00509768869040698,0
0.0415240306188763,0.10625788066227,0.0979477205653491,0.0308688757840846,0.00840660098710564,0.0054256474572742,0.105933509172544,0.0340661595418628,0.0759883274175366,0.0633101780908976,0.0017322245195484,0.011344805201651,0.00963962372250821,0.000957609271319324,7.10257296968753e-05,2.95743900241455e-05,0.0111957424928928,0.00115860645343413,0.00580321859267682,0.00402171405786771,0.0279757039164779,0.077575019540344,0.0681686510988088,0.022588858071576,0.00459559765987869,0.00274501073720275,0.0709965185310439,0.0256519456867615,0.0584214190293478,0.0469172314688133,6
0.0583346580353449,0.064310908392944,0.0879484368893826,0.042247147173326,0.0023774176348249,0.00304719759445775,0.108315835073928,0.0530435703301588,0.0592493736987183,0.0423805273739863,0.00341930043455889,0.0041562277003659,0.00775791951167417,0.00177813001671694,5.6805156580803e-06,9.31635277666993e-06,0.0117425389309937,0.00282214187716433,0.00352737635932768,0.0017956210972679,0.0469284523361357,0.0525404630628147,0.0718380638608736,0.0311146990821696,0.0018976903119838,0.00171677561306468,0.0830460096463271,0.0407675795079541,0.0481454825980658,0.0321225523257157,6
0.0853017692376921,0.0256620304105232,0.0541707772822306,0.0650547538007338,0.00104485578377502,0.00134703601221054,0.0491099914861915,0.041215672079833,0.0361200477806092,0.0103631398145103,0.00730987420412606,0.00066141423667506,0.00292228818552261,0.00424972510253148,1.09698612042026e-06,1.82289244846794e-06,0.00242198395707255,0.00170702309856904,0.00131084770666185,0.000107427829162447,0.0668378452030168,0.0181034126753983,0.0368859707298403,0.0522339877812775,0.000614568964332389,0.000698709226755309,0.0323036907634352,0.0294041966363059,0.0248682328807438,0.00761482243723718,0
0.0200933483516809,0.00171507351477195,0.0111132599970725,0.0220270382793275,0.000830121051118924,4.80549738032181e-05,0.0187511662639726,0.0280945452607161,0.00665368571155281,0.00936628858814814,0.000402845285247384,2.87208513874163e-06,0.000123951069894513,0.000483390085470862,6.92459153924245e-07,2.27021637443378e-09,0.000353053014071166,0.000793266508172225,4.43714820463484e-05,8.81395685987636e-05,0.0138236314693349,0.00122651173092178,0.00628747741593935,0.0154232200655584,0.000504486721162753,3.4826651617037e-05,0.0149992695480932,0.022842754898063,0.00497619016854144,0.00734681385631944,0
0.0269436291286745,0.124586088762422,0.0703676031165376,0.0258998295440656,0.00589202372778778,0.00433863918264137,0.0933217867214212,0.0308048278287123,0.0813106433438774,0.0841804677061856,0.000728794219414977,0.0155879521690546,0.00496535348946706,0.000673731119518779,3.48390028874459e-05,1.88140202210066e-05,0.00869545512725613,0.000949231575120991,0.00663449652635974,0.00711905689723139,0.0168930773142347,0.0734995208637487,0.0454148564389873,0.018781047354436,0.00251230720506534,0.00224371099600834,0.0631161105954048,0.0238018243813703,0.0547995697154653,0.0505950724041795,6
0.0187779257172809,0.0951994664970115,0.0608846557224965,0.020069163743954,0.00763096616349926,0.0060513788577101,0.143638367581553,0.0366459567570609,0.0681932292336033,0.0848679236638411,0.000353518198955284,0.00909109125063567,0.00371128079793643,0.000404103935233533,5.84023757081454e-05,3.66599335888365e-05,0.020661445740709,0.00134467710833231,0.0046654435116762,0.00723548064891599,0.0127178893764818,0.065136036316416,0.0454079548865619,0.0146301943878975,0.00608797457525897,0.00477366433468586,0.117324559113726,0.027739609049229,0.0462487921538146,0.0648409885592628,6
0.00194048207632683,0.00979989642706348,0.00195164029327725,0.00152749232836966,0.000883854570171152,0.00049554395670678,0.0169243282759156,0.0135101611356458,0.0152153018705886,0.00990101067563793,3.77998492722778e-06,9.60067013782788e-05,3.70782950022224e-06,2.33659244394558e-06,7.73809635657999e-07,2.43958293175688e-07,0.000286941402781429,0.000183387915869967,0.000232490644194908,9.83760212385507e-05,0.00133761525358805,0.00719562729472176,0.00135077045266203,0.00104909636829903,0.00059999567559156,0.000360311138090926,0.0118921519758623,0.0106382085836798,0.00903408384133103,0.00691292347014998,6
0.00163190986935404,0.00061762071406861,0.000657582618082271,0.00033620484389489,0.000676680866073767,2.67275663475205e-05,0.00736324604821556,0.0120067876921375,0.000645603634958887,0.00455674331530076,2.67507705361689e-06,3.83229144754285e-07,4.34370564110872e-07,1.13458077178377e-07,4.60185365007362e-07,7.14673551500314e-10,5.43897785580736e-05,0.00014481860099176,4.17454137170921e-07,2.08152386051797e-05,0.00101552286624637,0.00044351240238393,0.000360979830012395,0.000143456899396647,0.000384784523407724,1.92708758872685e-05,0.00593912395540308,0.00927631519573992,0.00045003120314371,0.00352505619624655,0
0.00679251006069171,0.0657033204319758,0.0311020349535655,0.0116682962343535,0.00126727633873202,0.000501424366644305,0.0210906833184599,0.0148616702892849,0.0468124709562045,0.0274294993629183,4.61987234667628e-05,0.00433706884421668,0.000972137331481228,0.000136687840065176,1.61374709859051e-06,2.52318855124876e-07,0.000440684736776775,0.0002213536945692,0.00219520580437937,0.000746008545400453,0.00357762645656959,0.0241326116962772,0.0124507009773159,0.00518003939381953,0.000493781284575632,9.35282748747172e-05,0.00965013901937336,0.0108206419631348,0.0220701393315105,0.0120048912764697,6
0.0148257634433077,0.118611817472316,0.0741076073996264,0.025967392316076,0.00367409298467155,0.00350251092451801,0.111451163779616,0.0433952884988834,0.0635560487555082,0.0857106645921741,0.000220900841082459,0.0141362279189094,0.0055189175376034,0.000677475637772774,1.35662715484489e-05,1.23292163907079e-05,0.0124692420087371,0.00189035611238856,0.00404777158084815,0.00736115890496488,0.0115014462951352,0.0921021931767223,0.0610829722000501,0.019390355474759,0.00287235807533546,0.00234759292346233,0.0863911625178496,0.0347676418618212,0.0513304237556608,0.0685184058270614,6
0.00358474794995138,0.0105035930989044,0.0123398897060514,0.00514122886202027,0.000694871713145187,0.000316788690865679,0.01831117846131,0.0133950874164381,0.0128045783906658,0.0183015449184445,1.27985414125779e-05,0.000110575121898135,0.000152751572064721,2.65573262257741e-05,4.83423532947822e-07,1.00608737515653e-07,0.000336087109584902,0.000180263727784227,0.000164237150756184,0.000334822271292946,0.00265663497747464,0.00735905287012958,0.00909374910754523,0.00384190164530169,0.000431110231869409,0.000186037184869594,0.0135789814676517,0.0106671062870063,0.00949259760569492,0.0134006192012852,6
0.000958728953201064,0.000529863350225992,0.00104815075095386,0.000406971855667091,0.000708722983700471,0.000321570726895011,0.00575730377309198,0.00938860242067026,0.000777638236007234,0.00618218840823344,9.22651984282227e-07,2.82161937143902e-07,1.10381671609344e-06,1.66457827705817e-07,5.04812299319706e-07,1.03925075379106e-07,3.33081802584553e-05,8.85875361553362e-05,6.06873226348287e-07,3.82876733290638e-05,0.000503855644696496,0.000373803106160589,0.000782161702943915,0.000275816340136901,0.000366178706328951,8.18996438890248e-05,0.00435526002732314,0.0077167747869266,0.000555536304744485,0.00502901161759987,0
0.00293772560580826,0.0383522938867528,0.0189514943100999,0.0119339635852125,0.000647726799710485,4.41939199013515e-05,0.0132522816184437,0.0160585680191861,0.0256784420666126,0.00900723169161271,8.66638399325587e-06,0.00147647975108257,0.000360588680364479,0.000143135014813783,4.21658294608939e-07,1.96101352957525e-09,0.000175922209770385,0.000258566976013624,0.000662489172527003,8.15379108484975e-05,0.00166477269645187,0.0141798654839698,0.00771812318667287,0.00446973704705402,0.00036195030504234,3.17050874018683e-05,0.0079572934434582,0.0121723752196097,0.00952213677714755,0.00613866317664754,6
0.0273423172865558,0.102572863609016,0.0504435872085586,0.022878598794633,0.00122084697959544,0.00134828218386528,0.0623544271122906,0.0332401331125835,0.0593753935756104,0.0700157642081183,0.000750842711529545,0.0105674861708486,0.00254275670392563,0.000525021099359412,1.49789541936397e-06,1.82696082190927e-06,0.0039075962669088,0.00110985482963124,0.00354039986676148,0.00492664318430094,0.0218954745763575,0.0820509233542604,0.0414178442408926,0.0187373806348349,0.000903495327642465,0.000869234845297557,0.0488664382403418,0.0265675676619817,0.0483921081416345,0.0574754764778571,6
0.0181122862241943,0.0348824724552821,0.0271591742728674,0.0101086886849642,0.000558924976009262,5.30124703604231e-05,0.04288601558174,0.0139344381828733,0.0453588448126395,0.0256693922172636,0.000328912983439457,0.00120989431698116,0.000730813883124106,0.000101683267245768,3.13962582885127e-07,2.78726395174222e-09,0.001848164240607,0.000194844560856293,0.00206046626934792,0.000661923290023953,0.0134041967167238,0.0262300499101312,0.0173398687543195,0.00596745505716104,0.000270692989070256,3.786942353992e-05,0.0329197902613355,0.0111332077564786,0.0354353958841587,0.0190211036079039,6
0.00248286125956705,0.00257259459244644,0.00110918671320424,0.000465524718227316,0.000398657263656534,3.2530079839108e-06,0.00771370662752633,0.00896212748994787,0.00340887393162965,0.00608651369088863,6.18352791185371e-06,6.56984336289027e-06,1.23538832224666e-06,2.17176028529118e-07,1.59715092140533e-07,1.06292940633429e-11,5.93903151508653e-05,8.03659633034366e-05,1.13666197378399e-05,3.72304806468257e-05,0.00162775991236123,0.00177774685965114,0.000807232451331607,0.000320869892767054,0.000154562327915189,2.27122615618761e-06,0.0062682141583993,0.00721054109811379,0.00246491653475749,0.00484173891002686,0
0.000936742139258228,0.00012387306832392,0.000624561344786846,0.000230980185241879,0.000545633299621841,0.000222063844006076,0.0137051867564006,0.0110153983946132,0.000204645629888172,0.00449309082230244,8.81801331547226e-07,1.50961708910036e-08,3.91966336392499e-07,5.36196632765456e-08,2.99160837156784e-07,4.95600865549281e-08,0.000188100675736666,0.000121916343926688,4.13715454756792e-08,2.02607010157922e-05,0.000562971924797863,7.55474128388774e-05,0.000336551397498717,6.75420129954215e-05,0.000268961061216403,6.38337715981075e-05,0.0112829434604429,0.00877360992241369,0.000147336915995505,0.00362808653749258,0
0.0236124801962885,0.0899278923146247,0.0584135978275909,0.0246413500617414,0.00713727040036465,0.00325029609646313,0.07018528124757,0.0223120631540154,0.0742989525152515,0.0478097490264803,0.000559622195096911,0.00808571718451278,0.00341676332899182,0.000609761188381621,5.11906155447466e-05,1.05916837428434e-05,0.00494783498904961,0.00049988684120085,0.00553440901994714,0.00229724229934293,0.00956030817926392,0.0399120688320825,0.0242592949335376,0.0114581062720713,0.00316074446126067,0.00115402053201647,0.0376669354450705,0.013461823890089,0.032807127876911,0.023476759184389,6
0.0264144387340915,0.155990516991844,0.0908165165267343,0.0267045588397725,0.0078489512272112,0.0104967100435173,0.209661145708314,0.0669073268033237,0.168089054729499,0.084601000116143,0.000699786151967087,0.0244098244676873,0.00825618624298652,0.000714945460753358,6.19144984375268e-05,0.000110674762146737,0.0439359387668964,0.00448598333509482,0.0282476057071048,0.0071931716469775,0.0211908996281482,0.11417393005059,0.0746713500545102,0.0205772602763491,0.00571059712634323,0.00869566594231036,0.163904255667562,0.0520397404459628,0.14216689358937,0.0626644944040383,6
0.00431868742763755,0.00859060345057305,0.0177053785119778,0.00518117103605022,0.000911893481151944,0.00274852302841158,0.107337068967512,0.0208167258202294,0.0441214657667984,0.011640911674851,1.86085945345978e-05,7.41539841765468e-05,0.000311238744246554,2.66602466902582e-05,8.28233549906959e-07,7.45038210039266e-06,0.0113953807650011,0.000428150877668136,0.00188967774511107,0.000136139151378565,0.00300825560802197,0.00691639708148557,0.0134420447437253,0.00394596267209475,0.000643297679514058,0.0020041062720173,0.0798648492501797,0.0150976756995215,0.0281025327407329,0.0089285775005206,0
0.00133460069156505,0.00249068204855056,0.0013640731000698,0.000499092478620413,0.000460857893399248,0.000178165034352978,0.0176745878202042,0.013820687624431,0.0049515013238436,0.00560860381865849,1.78981012133645e-06,6.22583869742922e-06,1.81830873662449e-06,2.46225655868797e-07,2.13255105162259e-07,3.11623051199352e-08,0.00031315269361846,0.000191266392292777,2.45892532529165e-05,3.1566058386293e-05,0.000869263609961851,0.000838358909602098,0.00100711483616383,0.000343943445790615,0.000225807981686568,0.000124256574658368,0.0148065907377233,0.0115208568506924,0.00177946951981356,0.0042169137622731,0
0.0388078059832199,0.0857843841758033,0.0679851112144402,0.0251162617024534,0.00247009848880114,0.00197888401429731,0.0809585754899788,0.0275554844006323,0.0522164859897727,0.0735936100368614,0.00151349278119896,0.00739294263152503,0.004639840285713,0.000633991848852986,6.12659335521151e-06,3.9355358749358e-06,0.00658688488070145,0.000762489381841614,0.00273743685746584,0.00544016379879403,0.0299251573012122,0.0673623876255599,0.050564858926089,0.0193294851807468,0.001692481716816,0.00122676589412017,0.0597159915308599,0.0212611035543617,0.0417423746928326,0.0537246345252517,6
0.0224040327013855,0.0847139807096473,0.0353347656346772,0.0120203928639957,0.00110658431261971,0.000547569935951222,0.0529409639897302,0.0214463776209354,0.059458634350694,0.0527613654419087,0.000504301801336528,0.00721101942946009,0.00125159707558569,0.000145213858679974,1.226893953613e-06,3.01338941673876e-07,0.0028138075502187,0.000461380321625161,0.00354923798744865,0.00279481233436813,0.0183939525831922,0.058844168481702,0.0252792233546547,0.0083170152850922,0.000797988410696361,0.000433308046690763,0.0403491561521158,0.0173531292978788,0.0478627128790842,0.0375798458393589,6
0.00437334824936751,0.00115143202499022,0.00302154785725381,0.000441241625188815,0.000563872193738268,4.91610138639531e-05,0.0177790716278007,0.0144021929282559,0.0399255941947391,0.00660487049997031,1.92171871384474e-05,1.2636339887084e-06,8.94763219999845e-06,1.95347022320344e-07,3.1946208405068e-07,2.35979982998797e-09,0.000316944708928739,0.00020821746745064,0.0016018956029591,4.37791348194553e-05,0.00337244728999866,0.000733327812872385,0.00225499934824586,0.000256558505079215,0.000280634017288009,3.48368975982356e-05,0.0133315927518132,0.0122762018402182,0.0306507548710443,0.00506408222466981,0
0.00129719049372073,2.58419528296141e-05,0.000766853548427037,0.000328254527221332,0.000744277658010302,2.50620056272377e-06,0.00556167111269398,0.0116633263587157,0.0056744217380265,0.00320208044738998,1.69015204113535e-06,6.52587420108357e-10,5.89825996899448e-07,1.0828786385269e-07,5.56665906376458e-07,6.12288220072655e-12,3.09607452697307e-05,0.000136714658950138,3.22223779221488e-05,1.02865432536838e-05,0.00083866894190798,1.83932861097057e-05,0.000458626316512042,0.000118359983780043,0.000405676531607717,1.78090820576021e-06,0.00437223571443975,0.00949874151319103,0.00397735534833556,0.00239787999544484,0
0.0205678629003374,0.132772403090056,0.0626172794296168,0.0293651206101252,0.00770793112904088,0.00532781924820144,0.121399454655034,0.0275070303057802,0.0667707450509603,0.121027286249397,0.000423383639284047,0.0177033740659476,0.00394008185762311,0.000866014344943504,5.96967605558893e-05,2.85215831395948e-05,0.014811710061916,0.00076022962217907,0.00447823862622192,0.0147201017833981,0.0140085208308245,0.0898252292289004,0.0375300711977102,0.0205259709374302,0.00463415346973685,0.00358855333775957,0.0848960668347968,0.0212635655350515,0.0487769204771303,0.0813397172562175,6
0.00839055255173028,0.0850700959064302,0.0269891978473784,0.0127610113703481,0.00141381006747623,0.0013572649609821,0.0698088528529829,0.0210852855428779,0.0476289447626891,0.0623797582156283,6.90001475253741e-05,0.00725326694587095,0.000731975072909147,0.00016327180123926,2.00112133472316e-06,1.84737042324549e-06,0.00489755573440174,0.000446823103242877,0.00227593753349859,0.0039105075251233,0.00602515682550258,0.0572566691948201,0.0182256942254198,0.00930572009900958,0.00110367162661739,0.00103117325576049,0.0507367956625646,0.0164478775972167,0.0353254698863381,0.045339976687191,6
0.00199839097947879,0.00641770975701602,0.00244778831473063,0.00105546356653078,0.000532887182621377,0.00025116936341679,0.0201815961454041,0.0117504358304121,0.0097082996228232,0.00552083718013182,4.01352974612667e-06,4.08408576072285e-05,5.86375367849142e-06,1.09410414707908e-06,2.84775195229981e-07,6.31335746514494e-08,0.000408449316944179,0.000138492278015429,9.45788914742472e-05,3.04222139566013e-05,0.00131202581147807,0.00467285206525399,0.0017490678457667,0.000739434852424474,0.000299890408071899,0.000120224169985367,0.0146036662485683,0.00935977595989642,0.0067694454872114,0.00419195290124902,6
0.001097972101948,0.000414273357351345,0.000786540424580376,5.89806477358541e-05,0.000640851303070068,2.46291859961822e-05,0.00490474151954617,0.0138976025101733,0.000279877269927826,0.00492432294829079,1.21141122452504e-06,1.71858475235393e-07,6.21095354645406e-07,3.3979024318277e-09,4.12727677591356e-07,6.07132429567198e-10,2.41767953159778e-05,0.000194101280347946,7.87248310462045e-08,2.43465659976263e-05,0.000610990075255504,0.000290188993431371,0.00047505407236796,4.22249379202812e-05,0.000371485211028256,1.83252063309122e-05,0.00391208052286887,0.0105429214342657,0.000157361503325172,0.00383725724466732,0
0.0283312303891446,0.0742036958560802,0.0377294504126513,0.0181300291461459,0.00316804723730931,0.00256334217778842,0.0720773525618805,0.0256250504201508,0.0539613620420797,0.0863796515334616,0.000805177315748132,0.00553245681504826,0.00142938905082081,0.000328770882206839,1.00851714688596e-05,6.59941858883384e-06,0.00519471094327535,0.000650430902315914,0.00292626678218019,0.00747223399539779,0.0194049142217222,0.0446549714336378,0.022728351227586,0.0101590791849883,0.00174503926162625,0.00123773229563611,0.0404738316158991,0.0180306296376516,0.0328060555419531,0.0478685077530376,6
0.0313926267922275,0.165115314310619,0.0648527728129445,0.0206825543803657,0.00552029289925381,0.00318819074632108,0.168369032039258,0.046518503495192,0.0778059245188204,0.123624985239621,0.00098787825701204,0.0273820332837017,0.00422373489740984,0.000427620754294767,3.06253342814483e-05,1.02069019121722e-05,0.0284307326088738,0.00216892116807955,0.00607707139259859,0.0152716765398242,0.0249293002041231,0.130799639406694,0.0491650064048429,0.0155362638417887,0.00310150300794751,0.00211310237237506,0.13309173551608,0.0379009791535794,0.0649240413654615,0.10152428241171,6
0.0113009456214208,0.0317551851647598,0.00410119281660934,0.00198900111324415,0.000519160909141384,0.000159621579876304,0.0325488302748418,0.0166401182731403,0.0266409723800355,0.0340575762960097,0.000128352198168483,0.0010053858973695,1.64883065658844e-05,3.91487929582889e-06,2.70803750470802e-07,2.4913067413775e-08,0.00105890863229102,0.000278275007832566,0.000710532941316123,0.00115013037075168,0.00741085973998001,0.0219911136096461,0.00291396670848962,0.00144815625979672,0.000263613926856952,0.000103632142684943,0.0211491890532903,0.0127859557684539,0.0198650143672098,0.0235302933820285,6
0.00603449988150489,0.00174498815652194,0.000841473145786657,0.000253322719787504,0.00033055782273326,0.000231351168959773,0.00395478648432306,0.0116197543765267,0.0150352135511749,0.00371699796698244,3.6470986797824e-05,3.01748316327547e-06,7.10778384827095e-07,6.43158855342371e-08,1.09788961868678e-07,5.37921814567302e-08,1.57047735055563e-05,0.000135596948186651,0.000226856119027428,1.37753217937291e-05,0.00436799456910736,0.00119855642240843,0.000558306705634777,0.000123650093997035,0.000131740698392102,6.92276186795552e-05,0.00318615731134631,0.0094267799956195,0.00918917971759147,0.00284692199870638,0
0.0368812342828173,0.0195197284642076,0.0137682897665754,0.004801180841953,0.000772291512906021,5.77935386481643e-06,0.00704077389343241,0.0118841933134053,0.0245878716943634,0.0116231822666729,0.00135744025416416,0.000376945531515699,0.00018857662163715,2.29378926742467e-05,5.9883995393125e-07,3.30626645989907e-11,4.97084331092522e-05,0.000141931115000733,0.000607510872040123,0.00013553047420175,0.0121186177654213,0.00645535539201378,0.00353886727204459,0.00131796729850538,0.000437444773917368,4.22718629202456e-06,0.00419103717743024,0.00950951207504444,0.0131318333192192,0.0064243913533946,7
0.29426866272034,0.129679836694478,0.125278542758834,0.0408911772933438,0.0116923153199572,0.00450413536790443,0.106912380965726,0.0274696791475861,0.0556146406862312,0.0947754808074414,0.0868652941858699,0.0168698701588611,0.015728607263625,0.00167713903993189,0.000137089509265225,2.03654316386681e-05,0.0114843287495328,0.000755237908398101,0.00309380286245239,0.00900575827542144,0.218905810337197,0.106434242129996,0.0978486625322219,0.03293378689676,0.00922896247070426,0.00358212411265793,0.0824004903651274,0.0219259352851829,0.0449785350192575,0.0772519444820484,7
0.134208462590633,0.0525312211372355,0.0510605692409373,0.0143526380361366,0.0029434465848728,0.0023552507507184,0.102486988016868,0.0282995819256178,0.0381048517058472,0.05495086405319,0.0178483538112524,0.00270882644753578,0.00256190257713268,0.000202296770704588,8.44921610104341e-06,5.5647260621875e-06,0.010555617524526,0.000804098912132013,0.00144155801523551,0.00303161589444872,0.0919293889171802,0.0350156922263685,0.0365509739528083,0.0103066526261826,0.00200993175787209,0.00157257712322412,0.0723142473094949,0.0233789729133113,0.0304857168828998,0.0482315384020524,7
0.00575736627711743,0.00163975592182061,0.00349515915718769,0.000932750742982505,0.00073225074054477,0.000422271694253327,0.0341841856684016,0.0137739794198759,0.00957246548836482,0.0147392534402022,3.3313086887068e-05,2.70150332286354e-06,1.20754272823438e-05,8.60115975750124e-07,5.38789981923702e-07,1.76832884520708e-07,0.00117427198032442,0.000189192148054472,9.20831772692571e-05,0.000212728168657514,0.0046706714359652,0.00128381303846164,0.00238276015043981,0.000659574083478824,0.000441001956839651,0.000281787684310181,0.0275897029749847,0.0108179198896153,0.00705334009786981,0.0102779613991967,0
0.00490079675555643,0.00012246482941395,0.000541679190655513,0.000238131198150452,0.000522747937578908,2.32701559159048e-05,0.0213946141951504,0.0102566889767245,0.00560533040979247,0.00884673097260749,2.41382904918864e-05,1.49929271690257e-08,2.94872269631154e-07,5.67532202097636e-08,2.74637994557389e-07,5.32145719978078e-10,0.000459678433977076,0.000105562249393238,3.15454766435532e-05,7.8618906646369e-05,0.00341023803194494,8.8433731795979e-05,0.000327903255071021,7.42248768007827e-05,0.000268973172518548,1.68502435023062e-05,0.0177692985142947,0.00865706424203185,0.00129158968256598,0.00697569913826242,0
0.184422854754559,0.0889123439706497,0.0841951559789804,0.0374845824971489,0.00675403281301056,0.00402599725083838,0.112024243266912,0.0374734199989796,0.051476118074759,0.0861936678288042,0.0341826356275165,0.00794474697423414,0.00711172674288243,0.00141164712191739,4.5846180062159e-05,1.62884320014367e-05,0.0125916990978562,0.00141099064848342,0.00266297426881221,0.00746615211541811,0.136454441016698,0.0711066500416183,0.0628087063697969,0.0282711605592706,0.00463219973666545,0.00252018218642937,0.0846785867647954,0.0280184651217611,0.0397728493920244,0.0665090829105407,7
0.0782587666103431,0.0230812921694557,0.032003512987975,0.0126051189469311,0.000759195389549893,0.000437823383998472,0.044492814562756,0.0184258195897276,0.0220235734742084,0.0234382468141452,0.00615520413364166,0.000535191032556392,0.00101679747823029,0.000159154587595109,5.79180599146034e-07,1.91111522364002e-07,0.00196577903464337,0.000341033488921531,0.000487384954650983,0.000551482235009502,0.0499010505010563,0.0144241106099894,0.0225968053406231,0.0099003733005442,0.000400753378414038,0.000272788299728021,0.0358841175186477,0.0139580402325322,0.0174980263071785,0.0174498228089348,7
0.00907367241076833,0.000878643646329292,0.00254904840061982,0.00133347004483386,0.000682874335285956,0.00023110758611856,0.036176185976222,0.0132009032670169,0.00376510170384361,0.0170208736442591,8.27266038790141e-05,7.58917790624838e-07,6.53029453041083e-06,1.7867984325176e-06,4.68629814018757e-07,5.3676427616069e-08,0.00131399845430695,0.000175131743685006,1.4010967346577e-05,0.000291106073686425,0.00655381129251529,0.000602856971052881,0.00178542721871089,0.000966582567710814,0.000363992653334949,6.44557608553634e-05,0.0291926696337407,0.0102119045461515,0.00245970707922717,0.013570556123986,0
0.000969300820961318,4.35638092609679e-05,0.000556506892037917,0.000242459258375976,0.000596695471197577,0.000231276171389696,0.0197516121218283,0.00957337654630197,0.00028325453296914,0.0126258773375049,9.44245594339967e-07,1.85768665129093e-09,3.11254768929276e-07,5.90689281257816e-08,3.57706790443918e-07,5.37572896825626e-08,0.000392001120536891,9.18369623371776e-05,8.06331108387159e-08,0.000160201806200643,0.000671075294073403,3.0576534725152e-05,0.000286717634635191,0.00010016744825759,0.000303788336845795,6.83098817517623e-05,0.0148736179864905,0.00766954010835003,0.000144147331906651,0.00975316826082746,0
0.111074205266911,0.0596567853909695,0.0827830735161385,0.0459137883322801,0.00452203335185659,0.00210383687437771,0.0674440768407215,0.0185854054566108,0.095775552371899,0.0385224141366122,0.0123968579545231,0.00357681258646248,0.00686665912828458,0.00210952710186651,2.0475831039812e-05,4.44215281762541e-06,0.00456519529567038,0.000344831143465382,0.00918541289489621,0.00149071881479203,0.0534920518338998,0.0246305887796898,0.0329046697123929,0.0179564080790878,0.00172135449873768,0.000723760563047737,0.0347418244565358,0.0125741644208292,0.0397564699791505,0.0250791714844118,7
0.121773701720906,0.0982168017554982,0.0974330890165833,0.0423766155530754,0.00979498253780114,0.0120787251196112,0.242127154996436,0.0392988562157947,0.0888296447388216,0.0965680669444538,0.0149028740727108,0.00969457305492282,0.00952748038817122,0.00179424799227455,9.63312830306729e-05,0.000146625989301659,0.058906228272455,0.00154901388172318,0.00789002950069435,0.00937135646774967,0.0925300170326253,0.0748944047636112,0.0714624475445534,0.0268091594741926,0.0054345593526461,0.00892617984366025,0.192486980749521,0.0274054949330688,0.0671621724300652,0.0722603384642804,7
0.0153058713378685,0.0116815222380075,0.00930393333720424,0.00199831688111712,0.000808678774511397,0.000986667256616522,0.0406317533026129,0.00964080302763695,0.00915526887837004,0.0203076194407642,0.000230297674170235,0.000136787370619425,8.62757169330294e-05,3.96958033665908e-06,6.55859394228861e-07,9.62755239920215e-07,0.00161874380654989,9.33975114470794e-05,8.394317152903e-05,0.00041446491785497,0.0108578306536356,0.00850828873983773,0.00646049780035681,0.00147313520900387,0.000508028907429785,0.000722545776181516,0.0301635791551285,0.0077363922094015,0.00632708599268697,0.0159053284022206,0
0.00224868963044029,0.000668868441084256,0.000646637348795799,0.000338747922021578,0.000555112412719374,5.41151334785354e-05,0.0186716096484143,0.00990488770228965,0.000419341138076352,0.00889411353842746,5.07609695743377e-06,4.49532883052855e-07,4.16699012604339e-07,1.1521401275757e-07,3.09477809545349e-07,2.9095430858871e-09,0.000350291491930462,9.85644825115726e-05,1.76676456907026e-07,7.94921585976488e-05,0.00169900986850162,0.000473667320799005,0.000452763887287672,0.000145748258063109,0.000251362985958461,3.92851674985964e-05,0.0154711923608278,0.00824994897941369,0.000297193700681844,0.00714757643309182,0
0.0582111444020295,0.0174539263162046,0.021325935029337,0.0107106387223758,0.00137577190716326,0.000532492991716553,0.0326918421077694,0.0212493069505179,0.0225501724876548,0.035474199063611,0.00339946839335783,0.000306109089486562,0.000456067976596592,0.000115190186876959,1.89467250566737e-06,2.84968308988966e-07,0.00107334380933229,0.00045358099116185,0.000510899357270718,0.00126384314343973,0.0268105256473631,0.00683581563865535,0.00796896045334525,0.00308512733522292,0.000512924650270256,0.000123142285844469,0.0225447683286194,0.0143231227450283,0.0113558028000516,0.0190783334731364,7
0.158496983576118,0.0645812217762767,0.0879139376171525,0.0360254531297113,0.0082128646979524,0.00594737965328353,0.151808900414661,0.0306501804994793,0.0507071362801024,0.101406396777256,0.0252459117154662,0.0041916337560073,0.00776617611275414,0.00130414342952673,6.77854164894414e-05,3.55489372207495e-05,0.0231382818676414,0.000942895782420621,0.00258409240253997,0.0103332962355819,0.129691433364731,0.0489961255380015,0.0579063937376288,0.0255733194463541,0.00600392994902643,0.00470776393071813,0.116478088618183,0.0252260775183202,0.0370688137992939,0.0848947033460276,7
0.0248320471292515,0.0103659562083211,0.00379416704317609,0.00299537707305871,0.00112964280950253,0.0009878270061122,0.115025689498881,0.0170930218339339,0.00169947247418033,0.0265101498869278,0.000607615180442067,0.000107992510804972,1.44096188311384e-05,8.99779365813104e-06,1.26477953448261e-06,9.80449720803025e-07,0.0132760357401202,0.000292939304400544,2.86936002141766e-06,0.000702125401823723,0.0170514603311586,0.00748882195060084,0.0029630882552066,0.00224756923530042,0.00084365883602519,0.000582370733790678,0.0822305974278643,0.0135613131565898,0.00121182091482849,0.018450040985314,7
0.00260118435638272,0.000624779012012099,0.000660335091115618,0.00032089168596162,0.000638380534443023,0.000325311344001379,0.0219444727159866,0.0149538975389861,0.000120205450644593,0.0113899178158951,6.76298157428734e-06,3.91637984002265e-07,4.38107251944562e-07,1.03423831394425e-07,4.09230833426495e-07,1.06357739738281e-07,0.000483921789615539,0.000224618628277498,1.41304656520398e-08,0.000130138699785143,0.00188305514811563,0.000426231420493133,0.000439296878872362,0.000176646268666411,0.000344445289528041,0.000120251703863035,0.0182910373248835,0.0126169116855889,8.41699315065314e-05,0.00959957631748718,0
0.0685037530950646,0.0162347555356864,0.025244922672826,0.00997343505712104,0.00309281091277339,0.00104152416466591,0.0349778745077444,0.0166133686059434,0.0287265551027716,0.0312515643643541,0.0047159136698057,0.000264481612257417,0.000640288472581051,9.99146756069016e-05,9.54338204069161e-06,1.08709138856846e-06,0.00122509929462552,0.000277358625114505,0.000828396104317902,0.000979646868648908,0.0328216908183631,0.00652737498121168,0.0125397160221361,0.00456591289693654,0.00120194881673746,0.000241464269392516,0.0210970524114924,0.0124980265508301,0.016380829255879,0.0202838073206061,7
0.207981910393765,0.060351219098883,0.0420458260738634,0.0215931512719149,0.00585625967231023,0.00201087419566107,0.107557476825753,0.0433463685151978,0.032254308026465,0.0633383073531486,0.0434674784528342,0.00366042431988341,0.00177651375562717,0.00046860552700902,3.44346798238784e-05,4.06333132242154e-06,0.0116252591529632,0.0018883100573404,0.00104346449939265,0.00403127468494454,0.162812924624624,0.0470041338064754,0.0323550923572789,0.0163542302444613,0.00460473246061857,0.00160361775281117,0.0910693646338418,0.0354511921075844,0.0248644628989609,0.0475848069169138,7
0.0474955004667932,0.00642724597685497,0.00398609558903854,0.0017191408313203,0.000749170685304717,0.000212010074148175,0.0499332519469345,0.0158281897517249,0.00294862176248654,0.0341562158896686,0.00225778750682457,4.05496963764812e-05,1.59687970938236e-05,2.90096937345353e-06,5.58781771274608e-07,4.40402900000691e-08,0.00249820471279061,0.000251747271545271,8.54463337265199e-06,0.00117247742422051,0.0346815578719067,0.00461114103168232,0.00289502531207404,0.00114153506443779,0.000505618273808438,0.000148409255362096,0.0396848252371367,0.0130921750647549,0.00211716889064652,0.0265710517821137,7
0.00373101455100672,0.000312688860351039,0.000521505019042262,0.000243514178208591,0.00052372850042417,9.70160956356255e-06,0.0213023629893899,0.00975992203459343,0.000284217296074078,0.0161808165143969,1.39845074760393e-05,9.6808151029859e-08,2.73333311880284e-07,5.94900302931929e-08,2.75666445373771e-07,9.29663248927988e-11,0.000454511508130498,9.57343296425962e-05,8.04044912771953e-08,0.000262953078280436,0.00303049967551792,0.000224809668802382,0.000302211267556474,0.000100671788109686,0.000274316939025282,7.03805467353754e-06,0.0172183958635789,0.00790264206385997,0.000153730991745732,0.0126664068811813,0
0.000916840078532548,0.000231805389947487,0.000560766102987663,0.000228226370813362,0.00074636057459561,0.000231367894020762,0.0218780957716662,0.0118688427258306,0.000231264114485177,0.0136748606250031,8.44705026749284e-07,5.40032486297598e-08,3.16036340636823e-07,5.23139279416487e-08,5.59851216177389e-07,5.37998014387207e-08,0.000480452962560949,0.000141404230127666,5.37518461973356e-08,0.000187941071123669,0.000509470637340726,7.17659146628765e-05,0.000274172481103536,4.83994663201589e-05,0.000425248606546899,6.84466993162115e-05,0.0174124051303665,0.00928484721313842,6.75335740631447e-05,0.0109272444164728,7
0.173974286263993,0.119177657476404,0.128897002487759,0.044652187964218,0.00655121572216701,0.00659337826346605,0.155621379592475,0.0366526518804433,0.0605814189177966,0.0784251602131417,0.0303619675828722,0.0142722819152741,0.0166814703835194,0.00200331017327418,4.31332568266562e-05,4.36775006694613e-05,0.0243332887716783,0.0013470606058199,0.00368605493576609,0.00616504033391374,0.117879660212003,0.0727574229045532,0.0853439645718705,0.0301796330861624,0.00423271672321389,0.00377755289126236,0.0981610230090792,0.0272938539935825,0.0398787775712169,0.057666616054165,7
0.0906776850567229,0.0766884702463588,0.0536332287344869,0.0217547942719874,0.0047270250733761,0.00655909840115044,0.0990319351973107,0.0269223326005429,0.0526131864248524,0.042939815583084,0.00821239879281899,0.00590956844848572,0.00287628329346779,0.000475163164904829,2.24562052705149e-05,4.32103014412413e-05,0.00985650953908299,0.000726642077285915,0.00278094251738427,0.00183355578818194,0.0598346650044645,0.05278010032247,0.0339165911317188,0.0138758447616886,0.00369505764519971,0.00494095595977412,0.0773207031854867,0.0196198210289086,0.0383398469104984,0.0318148734794822,7
0.00289491931191377,0.00359720729211041,0.00188819694069539,0.00115387996463523,0.000773016291722838,0.000483899623506756,0.0206231366003935,0.0137908129317461,0.00360203348226696,0.014272184986696,8.25772015002479e-06,1.277957055171e-05,3.53730252231267e-06,1.33695953689612e-06,5.97924703060896e-07,2.3289062640871e-07,0.000422946561328348,0.000190848155830167,1.27861623222949e-05,0.000204576479164687,0.00227260197666564,0.0026227357701158,0.00137649823504967,0.000823348620212158,0.000524344911296104,0.000341767884663527,0.016413372667639,0.0108518346149629,0.00261211109970101,0.0115433246147312,0
0.0147852919653311,0.000171498472588787,0.000535479785718498,0.000236788920174931,0.000770111192706885,0.000235581686937734,0.0222180971592975,0.0124954734687535,0.0134276079467201,0.0163145027335273,0.00021858016470095,2.90024485413201e-08,2.88178165410731e-07,5.63499369895952e-08,5.96047962572117e-07,5.57774170177707e-08,0.000494962241189878,0.000156593314469731,0.000181182670434275,0.000267455917197062,0.00514895066560872,0.000120853249182398,0.000279831660504105,8.69884780388675e-05,0.000445532465808886,8.79597790954173e-05,0.0183036572800542,0.00954449964242052,0.00383730191741171,0.0128903657080377,0
0.172240075714905,0.0674385944435371,0.0853912711862393,0.0407008401959811,0.0112407243929129,0.00830375863203464,0.153894655723985,0.0339246243878716,0.0357780763344062,0.0836738487758267,0.0296920721592227,0.00456833715451036,0.00732155135578562,0.00166241378915008,0.00012698822143512,6.91736104660483e-05,0.0237641787235661,0.00115555771965752,0.0012839393826946,0.00703564182452417,0.129659475055438,0.0471634908510214,0.0538496747099919,0.0275518127920513,0.0069001944838359,0.00538950801868382,0.0991515722618436,0.0277122158481173,0.0291413346344105,0.0606127233743834,7
0.14918838029858,0.0128158639366156,0.0332285819731464,0.0175955594949852,0.000701990313433988,0.00455626508881336,0.153430362002148,0.0344666369495722,0.0131728328535075,0.0284064471008041,0.0222776199744884,0.000162690663349617,0.00110208037101223,0.000308409651732145,4.94440285602829e-07,2.07874540190771e-05,0.0236541589048098,0.00119372732545768,0.000172318774720584,0.000808744945970121,0.106610447014282,0.00632023694891716,0.0202189739629857,0.0100356808503836,0.000434657853225065,0.00343113044260692,0.122060863065462,0.0285481392409042,0.00747522459385843,0.0220659824143893,7
0.0111818507460239,0.000269536115521681,0.00120272762361878,0.000543393685414518,0.000603284270549256,0.000588174268520041,0.0449888836340891,0.0172169366195261,0.000315849433466375,0.0149131676804151,0.000125444621415451,7.20694686079202e-08,1.42637849061828e-06,2.89643691546294e-07,3.65780348160543e-07,3.42672489238943e-07,0.00202910011375685,0.000297848451591157,1.00002611210803e-07,0.000223318880208964,0.00796751316500269,0.000196337467213275,0.000866750448533339,0.000377279027452233,0.000318174306950533,0.00041822077562585,0.0359676588709579,0.0137750125570981,0.000226187744390982,0.0120844248535333,0
0.000845933579758114,1.46690188911931e-05,0.00062362695614163,2.22812243187017e-05,0.00064407159552428,0.000233252451383837,0.0239248156171787,0.0113531238088627,1.70838293766168e-05,0.0111426478873357,7.16901943894216e-07,2.15323517494863e-10,3.908638182725e-07,4.93197414153273e-10,4.16617357988143e-07,5.46616719050706e-08,0.000574641027407143,0.000129253472553112,2.93297736174157e-10,0.000124722483460405,0.000603289339494327,1.05700074862632e-05,0.000361485543635174,1.64319908964036e-05,0.000349904707034791,7.99054089156703e-05,0.019421402063102,0.00873522764559581,1.20721948207183e-05,0.00877454802431151,0
0.199729121576978,0.093139244412018,0.110093296194643,0.0375667941694012,0.0082441187884176,0.00985309127278117,0.27208260086961,0.0521008172016278,0.0684749856083294,0.0846052863849651,0.0399257506881054,0.00867850659179406,0.0121811980885195,0.00141725033498638,6.81683506632563e-05,9.75078235814877e-05,0.074374802389776,0.00272792886731945,0.00469442303738572,0.00719237256078477,0.121467777146759,0.0454463065310217,0.0556841612246928,0.0201926213032715,0.00394514021780049,0.00592037960079089,0.196298895861766,0.0381047938447494,0.0366224402391424,0.0497902179726371,7
0.203477925248298,0.0823638066517435,0.0912612745682062,0.0214891017174481,0.00476343675287804,0.0127545668688685,0.253567441986933,0.0621708856569789,0.0428378926526615,0.108514248422642,0.0414257072949941,0.0068036699712918,0.0083701781695091,0.000463270257692666,2.26417822235832e-05,0.000163493027722181,0.0645198635298918,0.00388447535088194,0.00183417372499862,0.0118345139402267,0.150261455598608,0.068415472526342,0.0597239474635384,0.0149984336819126,0.00229314838636587,0.00991212662944439,0.204415710209771,0.0468785793093146,0.0312430294016649,0.0763276314311143,7
0.0121020601230233,0.0144087673186964,0.00507999082749547,0.000913878520978084,0.000674690022046291,0.00245173288322245,0.0542137899810548,0.0197046178059443,0.0064220157782041,0.0179669691715232,0.000146645488469401,0.000202767230860136,2.59272576676744e-05,8.2172439665679e-07,4.57075613486211e-07,5.95205377693667e-06,0.00292527643888752,0.000388119079316623,4.04732498601167e-05,0.000322895562230623,0.00899742400576506,0.0103194492122287,0.00365701429945372,0.000602466882245792,0.000388270913974694,0.00167803370125604,0.0409483380261578,0.0153821691554301,0.00467299645630101,0.0138059459117217,0
0.00242323851469165,0.000751647318290343,0.00071515056576253,0.000328125344348077,0.000628847339645965,0.000115899101904993,0.0234322328748427,0.0145592807833963,0.00043283910610715,0.0149993079302386,5.90144720815646e-06,5.52882904145808e-07,5.12866433537444e-07,1.08149453590738e-07,3.97435527098254e-07,1.34008097882938e-08,0.000551804982643172,0.000213035262328259,1.84343233425265e-07,0.000226105570544804,0.00158329683176439,0.000539271760927084,0.0004856092607013,0.000128312931280952,0.00034582269200021,7.89311508987217e-05,0.018519478449795,0.0113229327846427,0.000284792120076683,0.0117633671094654,0
0.0222189994822808,0.0162658940341601,0.00630626623982398,0.00138558888546073,0.00171468767118216,0.00703947980973939,0.0797965714470162,0.0283321113153483,0.0228051868155033,0.0449238037995574,0.000495867907916348,0.000265000374898343,3.97982992066316e-05,1.9282574174249e-06,2.94387650278207e-06,4.955592915678e-05,0.00633163882682759,0.000804310523908557,0.000521743427101597,0.00200364867112043,0.0116436616671416,0.00626346004242956,0.00286182592411598,0.000351241803766468,0.000606790042699773,0.0013584478571916,0.0328617571899587,0.0152859425777065,0.0101279564138519,0.0216529653882122,7
0.192303704703903,0.132054206904945,0.113466538253058,0.045433909538886,0.00888963804269371,0.022396063705705,0.358876366903991,0.0837697632103961,0.060248829071673,0.144716315682564,0.0371169947140284,0.0174912162039257,0.0129003608381112,0.0020711644792186,7.9355750738123e-05,0.000501814427250261,0.128656142271842,0.00699596127374731,0.00364479327078161,0.0209946261752249,0.14571595614171,0.105900375425878,0.0908507619571469,0.0360494614083371,0.00705683925532644,0.0188385314155307,0.293826140506987,0.0714919961538501,0.0474561683770118,0.110337040481646,7
0.0749393935229004,0.0495992561656588,0.0487477076920637,0.0133015837694803,0.00359006007978218,0.014965374933146,0.222943098200159,0.0678949846710896,0.0229459434590079,0.0425585925187043,0.00559795335062418,0.00243293937399194,0.00235052379033868,0.000174978328135739,1.29344667888068e-05,0.000224185997631248,0.0494617769250218,0.00460951963764417,0.000522554215412972,0.00181460962659447,0.0533030201542675,0.0364890106734412,0.0360031232439583,0.00981584839933101,0.00231623079914096,0.00929361663417544,0.166556588400508,0.0455644065544458,0.0168540134973395,0.0348922986798845,7
0.00542443823986586,0.00345871671780853,0.0034065969622461,0.000963713566964013,0.000610995559304451,0.00124029138674372,0.123346009206646,0.0198072751819197,0.00159855998851919,0.0160213409372204,2.91636849106529e-05,1.17488397690283e-05,1.14184465202883e-05,9.17832999694801e-07,3.75129014995579e-07,1.54128933093425e-06,0.015283816500942,0.000393122659429184,2.52025613778193e-06,0.000257971450898857,0.00409394640494634,0.00241450138035468,0.00234465693743055,0.00067701947292769,0.000357251180031251,0.000761242018616534,0.0940352191400748,0.0151054497809174,0.00110398337666203,0.0125871318899484,0
0.0484470166067842,0.0133829586496525,0.0123057387652091,0.00488020952971535,0.000794580890521091,0.00636940030698341,0.172174387990813,0.0347970586296319,0.00243321715932087,0.0388304725917049,0.00235318962582736,0.000178266550425128,0.000150690234618134,2.37946703164087e-05,6.34141800149777e-07,4.03990736699146e-05,0.0296390622457721,0.0012077553650329,5.93911061361796e-06,0.00151195185025906,0.0317808190625309,0.00455293782783809,0.00425874738111072,0.00146998321894933,0.00038702345792282,0.0031337577205123,0.13003437540648,0.0255864805601821,0.000858137235093207,0.0274189621261222,7
0.229222505247666,0.163432016419603,0.142389029773134,0.05999928915395,0.0135558296369887,0.0235066202167278,0.346519793378693,0.0856076637091904,0.110520945085958,0.0956287507709376,0.0525843836011448,0.0267036507986906,0.0203618008150564,0.00361740736826359,0.000184647005837394,0.000555024118181768,0.120101350985652,0.00732444246643147,0.012271383202815,0.00914481143066266,0.191017440185352,0.129751633266096,0.105124978305929,0.0488574529010762,0.0111886730704893,0.017154810801283,0.282009908251569,0.0673027545737221,0.0839125756456344,0.0747769985432685,7
0.0868871282896757,0.135233249523446,0.0538603300981535,0.0266145929610761,0.00461995075611649,0.00815831373945752,0.24870799836949,0.0522833828822311,0.0677073569475233,0.0551654372279867,0.00742788855352604,0.018274810387795,0.00290840465072426,0.000711191177278864,2.14232312794381e-05,6.6891894301302e-05,0.0619713316124864,0.0027317663441007,0.00460260594912764,0.00303646879199658,0.0498568281972049,0.0859151820703934,0.0375118870479836,0.0201483918094868,0.00352879576228762,0.00556748958366763,0.198436240104315,0.0383454972777936,0.0432513441592074,0.0434399632554178,7
0.013793422764252,0.008068742307351,0.00371429534317532,0.0018698488740685,0.000751796053832661,0.000707734586706429,0.147393933647316,0.0224691791391911,0.00320577588004212,0.0381276568020623,0.000190934102439824,6.53814068910603e-05,1.38561829976346e-05,3.41478038885024e-06,5.65647404875279e-07,5.02540651502593e-07,0.0218339857660411,0.000507331442175189,1.03208747979943e-05,0.00146057430410996,0.0105691139958572,0.00563943662404997,0.0026764460110092,0.00136956647819553,0.000476434100571549,0.000340145038021426,0.119635990860173,0.0181787969146248,0.00229625830509094,0.0289941180302402,0
0.00668522573027575,0.000442230135745079,0.000506699277066131,0.000105754400822546,0.000683542102395837,0.000235643792016008,0.0737040245526632,0.0162699939023276,0.000180046148654571,0.0243948722124121,4.48048165093708e-05,1.95751854214898e-07,2.57896796123516e-07,1.12026219883533e-08,4.69560998845278e-07,5.57801727988357e-08,0.00545711065761152,0.000265357496463379,3.25651910941535e-08,0.000597755080574311,0.00472801444524783,0.000304651100628995,0.00028745349619444,6.85057545071578e-05,0.000371391027788181,8.19397550062632e-05,0.0563544888508075,0.0133427114203007,0.000125743731720831,0.0198943260308512,8
0.0497493521806721,0.0684098981185876,0.0848049289185255,0.027482543841223,0.0042633876942626,0.0100096726556808,0.179802962298638,0.0570680411313891,0.0837198076105749,0.040531521019706,0.00248737282585953,0.0047033724462393,0.00722650269630536,0.000757432338124202,1.8241205260148e-05,0.000100609025107193,0.0324539066651819,0.0032720738948457,0.00702654000105559,0.00165066678345698,0.0384211056219276,0.0471684417825746,0.0546740573746219,0.0203859992332666,0.00271513506426265,0.00618055885190474,0.122241031228861,0.0434407756953369,0.0606226645412261,0.0320200515398305,8
0.0242967739062966,0.00727803979101092,0.0338895838911308,0.00915042779573631,0.00161437346586486,0.00300687324916261,0.065620974701465,0.0283030731239983,0.042268747211638,0.0157690217696539,0.000592862898637335,5.30886251375423e-05,0.00115257108063851,8.23757232965678e-05,2.59248030421769e-06,9.0061885176185e-06,0.00429978718900778,0.000804993739607274,0.00177870327973403,0.000249587675539433,0.0179952874468575,0.00599565944067188,0.0190156805463381,0.00529477739517562,0.00114460895765865,0.00212341461672977,0.0513808945417417,0.019360163993412,0.0247312464906787,0.0114637778035269,8
0.026263129744268,0.0384265601092171,0.0410119497520239,0.0116363664371186,0.000806522812306769,0.00666520135924829,0.234115117932354,0.0425666208120235,0.0661633597517779,0.0404828180634288,0.000692586468696664,0.00148230832784909,0.00168988805285811,0.000136064309886699,6.53653952807026e-07,4.46439441782266e-05,0.0550845596214083,0.00182101361886733,0.00439396979937444,0.00164705723996613,0.0203192210950943,0.0264442872406021,0.0293834243586034,0.00761511566965328,0.000429584409900386,0.00423774114169438,0.155409308109721,0.0306960845400401,0.0492172009441214,0.0285869626664765,0
0.010701496628978,0.00729943717897813,0.00437544364941523,0.000670341211510593,0.000637191902590697,0.000312277060810857,0.0361412118875169,0.015698656759983,0.0141580831553497,0.0128851744081577,0.000114241593069249,5.23564100709095e-05,1.88468796050622e-05,4.42043247826503e-07,4.07939763351365e-07,9.56690887993402e-08,0.0013126579233334,0.000247521064735321,0.000196925943206821,0.000166854465417164,0.00855742150802337,0.00522425492078761,0.00314071445514937,0.000479462731819411,0.000329276576150377,0.000224816492119934,0.027692538630155,0.0126626358580625,0.0102353586723433,0.010096890319466,0
0.0285130726732159,0.0577175109440814,0.110159383615293,0.0424935598428497,0.00797785030375771,0.00680098558290969,0.136261291742084,0.0900331616931029,0.172801413987933,0.0402820708814755,0.000816014614321684,0.00334699506870487,0.0121874916183486,0.00181322855873041,6.35851465613366e-05,4.64196915846656e-05,0.0186599757322397,0.00814522779524192,0.0299188903800652,0.0016296635693601,0.0224521452918065,0.0404887608736002,0.0774686384368651,0.0309850341783152,0.00469002271760903,0.00422652133551478,0.0971298498628072,0.0659134371565435,0.114009909836965,0.0282143411287856,8
0.0285756157119579,0.0158116647720203,0.0542703377916004,0.025074737511695,0.00556013029355919,0.00733141973324183,0.143055247458622,0.0493757655059129,0.141997280423538,0.0465076689800987,0.000820337448218827,0.000250249069675146,0.00295570451486544,0.000630950373722717,3.06896633741775e-05,5.40040705391087e-05,0.0205568998659598,0.00244529106649266,0.0202018771143944,0.00217206219810182,0.0227625258777993,0.0102510333343975,0.0420075106362946,0.0175522245498042,0.00359936281531545,0.00587612807861352,0.107623092903264,0.0363785375080556,0.110906995062824,0.0342871980379018,8
0.012573493135328,0.00105903706551736,0.00454759816406737,0.00159363411119577,0.000633198860352989,0.000938807722587136,0.0395417331833846,0.0111503004152724,0.00969904908003821,0.012813807420112,0.000158885570583167,1.1202217043225e-06,2.00756589203458e-05,2.48791194460407e-06,4.02927484159373e-07,8.69889385222785e-07,0.00155651520239468,0.000124058464074719,9.1556325869599e-05,0.000165007651464754,0.00986924961684628,0.000726711627951995,0.00319261352016922,0.00114258465134882,0.000393391708595834,0.000667368788757839,0.032558657445926,0.00901837154435212,0.00634970496128408,0.00920693624975375,0
0.0025834077412914,5.82437733298467e-05,0.000638256526621967,0.000247929839308463,0.000510794908717309,0.000327410532157074,0.00749585255112637,0.00923250466035152,0.000375807856753409,0.00511362999545595,6.68854495208723e-06,3.3420915893433e-09,4.0841471138058e-07,6.15184649456052e-08,2.62199612031982e-07,1.07724616261852e-07,5.61171240511724e-05,8.50282217350669e-05,1.37709185839732e-07,2.62389522760274e-05,0.00153799688997275,4.16519609906004e-05,0.000373106873265454,9.96373135687666e-05,0.000231538555631407,0.000126731915111173,0.00549718479623951,0.0072899805460042,0.000266871100290481,0.00399811749281958,0
0.0183159035515968,0.00877083923627979,0.0294896770138009,0.0153188111150438,0.000638438515283871,0.00282549650867473,0.117786795171635,0.0374603093507619,0.0884386759426757,0.0138342884736179,0.00033698394394878,7.73119684620368e-05,0.000869893556177248,0.000234794252940732,4.09597902939655e-07,7.963751126917e-06,0.0139191007487692,0.00140113561596042,0.00785935947786703,0.000192344887766918,0.0110263867309769,0.0042644626834716,0.0157517550959882,0.00837266668964183,0.000325563049500958,0.0012771927511727,0.0688604098988253,0.0257025021932747,0.0522250022760288,0.00965833685798412,8
0.0493058325818585,0.00415552235067379,0.0295206449753951,0.0146630237872079,0.000717617250157118,0.00269131425186885,0.0709675219408668,0.0538631604678068,0.0689275871361315,0.0357316316128038,0.00244324127331882,1.73545439652649e-05,0.000871514882471034,0.000215306631862844,5.17404258995204e-07,7.21297896041722e-06,0.00504799938133097,0.00290364431269598,0.00477317937854521,0.00128305548603835,0.0368331245286733,0.00257591269278329,0.0219525964876134,0.0101395157733334,0.000402487827513578,0.00156933994159089,0.0547793584600288,0.0437000575456406,0.0514770524670387,0.026626990286814,8
0.0126907381000018,0.00013017733734942,0.00175765530801647,0.00101681661382649,0.000570514507923255,0.000214533242416784,0.0372575511452395,0.0172139421780558,0.00370740067927805,0.0128974204734953,0.000161646456948118,1.65684120029468e-08,3.10222441858102e-06,1.02167167481198e-06,3.27084712724207e-07,4.59737892464326e-08,0.0013950218088006,0.000296608144475283,1.37765747629875e-05,0.000166784552875829,0.00896684341954384,7.65594707862374e-05,0.00123099045297391,0.000714731720562596,0.000302941744439508,0.000160493682713999,0.0292134064571795,0.0138202006188476,0.00299501605748082,0.0106174197898842,0
0.00130069626733034,3.49716881940608e-06,0.000712264987278739,0.000240022667780538,0.000560541703778961,1.31628074689757e-05,0.0268555760041208,0.00802078578590504,0.000403815982011711,0.0108858242731931,1.68805767033648e-06,1.19453260512694e-11,5.09837118507556e-07,5.7805715853451e-08,3.15767760452598e-07,1.70076332088736e-10,0.000724812303895114,6.46283291612057e-05,1.61775242928981e-07,0.000118994484433595,0.00092092685177234,2.46717445829482e-06,0.000393798238860194,8.55984201363989e-05,0.000265037816628829,9.4965487287901e-06,0.0227900067065002,0.00648432350906988,0.000277729505936366,0.00866656420505365,0
0.0190480061116442,0.0136886829768556,0.0206597859934686,0.00896217377380266,0.00138803797702803,0.00283588087518646,0.0530402560343409,0.0417025753484218,0.103447822951002,0.0164172220099848,0.000364617128130974,0.000188251132183205,0.000428839347017283,8.07033591052427e-05,1.93585203534784e-06,8.07711274644656e-06,0.00282285689193585,0.00174059907079367,0.0107364176898364,0.000270565415906592,0.011060828259821,0.0068259417395322,0.0133005049457233,0.00470494256000264,0.000631421035782962,0.00139454280809646,0.0378776082073792,0.028815719881007,0.061403100987849,0.0117947705134975,8
0.0499877945286068,0.0175322214542649,0.0452359508865783,0.0197762700764429,0.00155579223755242,0.0043689515242766,0.0811172117551629,0.0558888479422293,0.0765818637615128,0.0254271028871009,0.00250955128540957,0.000308788574492891,0.00205586619396582,0.000393063873688467,2.43253433797951e-06,1.91810767859248e-05,0.00661103247400778,0.00313317727657669,0.00589112825132599,0.000648106698801631,0.0412313701912319,0.0110712522945905,0.0310755800608753,0.0117480972507285,0.00095656564179933,0.00251318890574379,0.0666035635904708,0.0376247438876287,0.0607821907663309,0.0193090795244795,8
0.025112797452031,0.00474019820093648,0.00381343626269166,0.000613767180817832,0.000622504701400357,0.000193885286176824,0.0493736221291317,0.00924877310533423,0.019540273317532,0.0147987897738163,0.000629651770886157,2.25613402044667e-05,1.43999583705025e-05,3.70495916694331e-07,3.89428735855562e-07,3.72268773736123e-08,0.00244457699213707,8.59567316622927e-05,0.000378041703755857,0.000218042279276132,0.0195108317321808,0.00318583114918628,0.00273286841850013,0.00040084151869539,0.000329266306384289,9.01043571195238e-05,0.0363390811820357,0.00735678148881496,0.0122101439661926,0.0110534891437205,8
0.00458846558141283,0.000333157412627962,0.000695248892525668,0.000232969386604099,0.000396201486370863,3.28040870042561e-06,0.0228019194432963,0.00878579484839566,0.00106356221014005,0.0131448220201865,2.0881091792961e-05,1.10086312845503e-07,4.85302076714259e-07,5.4511631619737e-08,1.5774235627182e-07,1.08079133249609e-11,0.000522447720331942,7.74115465352276e-05,1.10627596188265e-06,0.000173538656045708,0.00362983838311388,0.000216864669051789,0.000423912813015479,7.80734081054724e-05,0.000156051607247443,2.30149440436296e-06,0.019277262899465,0.00698292964597506,0.000739185178042767,0.0101516272303144,0
0.00905759362710072,0.00333122938093582,0.0213971871576597,0.0074076291142728,0.000609369242016616,0.00177271970633415,0.0384535474205718,0.027519568674122,0.0520878211314655,0.0102754306024974,8.24488590144141e-05,1.1152627903562e-05,0.000459421557259546,5.5110648852716e-05,3.73193077363643e-07,3.15705053796293e-06,0.00148564206039805,0.000760572220246608,0.00272667841929877,0.000105883585499365,0.00482347479432109,0.00111358765293737,0.00906985378253355,0.00282486918485881,0.000314944197412002,0.000656162573697319,0.0283281385903927,0.0183321303109961,0.0279838492116831,0.00757158404474652,8
0.030278893331816,0.0313890189313672,0.0363878280839181,0.0200346732782988,0.00233971972004031,0.00352188111422203,0.0663156087904199,0.0539038295065711,0.114501609524426,0.0221137548679736,0.000920790304810715,0.000990052579256353,0.00133065962664196,0.000403404970163356,5.50097884185724e-06,1.24639049283298e-05,0.00441652656363029,0.00291770142271105,0.0131695818266365,0.000490810614671795,0.0225558091263626,0.0218912930349952,0.0285428276650413,0.0142215792018002,0.00139708694706867,0.00281494708000846,0.054221824256337,0.0434488777388162,0.0856865172742656,0.0177655942017316,8
0.0355333782250655,0.00388475364693345,0.010893564168379,0.00226048240989111,0.000492152522217503,0.000765057864667761,0.0304579392088977,0.0192238946124082,0.0268159844299775,0.0119935572185516,0.00126895905681145,1.50121874578087e-05,0.00011820146571478,5.09841652167665e-06,2.42097726119515e-07,5.80008335956102e-07,0.000928248187824845,0.000371067309644072,0.00071444012895931,0.000144473971391447,0.0279522744807343,0.00266506301697212,0.0078517472391191,0.00161700056574967,0.000273656626322896,0.000506110349710884,0.0197530879539439,0.0141232672050528,0.0177890366282001,0.00903208800643901,8
0.00968293545695051,0.000197506266938975,0.00101080035285116,0.000136389943860433,0.000564006539406288,0.000514928009659598,0.00982124239094575,0.00645583433612724,0.000886991492005899,0.00597158694293056,9.31703779023161e-05,3.85451009377804e-08,1.02072171408834e-06,1.842781743211e-08,3.19564196281777e-07,2.6628238751512e-07,9.6865077023103e-05,4.18742187469882e-05,7.85338373479737e-07,3.58216704564212e-05,0.00770416162819724,0.000135962379208088,0.000667084010680675,9.37320341497708e-05,0.000270475535958213,0.00027536532182949,0.00797963368685027,0.00517662974473394,0.000622753888638986,0.00472900549426228,0
0.013307055098037,0.00305242260360796,0.0155807171418355,0.00653567031865177,0.000460877851256753,0.000592730850765145,0.0214642247427275,0.0190122468271901,0.0316651156260563,0.00777382325951422,0.000177879053536218,9.36127089183344e-06,0.000243944161578339,4.28952869859851e-05,2.13428809576061e-07,3.5308372392492e-07,0.000459430339874317,0.000363118716482176,0.00100657154927482,6.07071256072021e-05,0.0106860666082855,0.000743087469059329,0.00552946604087705,0.00238005934013465,0.000194906507128877,0.000290288099970263,0.0133330593563505,0.0114988473213708,0.0119298610648875,0.00622513620145494,8
0.0317465648125536,0.0112075531655306,0.0386489638257964,0.0228028676541348,0.00340067733901378,0.00589884410451012,0.0516348744999616,0.0594754389208047,0.0619184296683789,0.017071428083901,0.00101224190554346,0.000126236059789766,0.00150123026935744,0.000522445331950555,1.1622718306322e-05,3.49668914297496e-05,0.00267769490711191,0.00355478715623717,0.0038523282467083,0.000292883270675494,0.0262154105010801,0.00867981710305372,0.0308649935063805,0.0185768324694678,0.00251615405995287,0.00384037044431656,0.038355284780918,0.0477852878835478,0.0500622814793998,0.0131883359344547,8
0.0244099843048474,0.00224129871436679,0.0106696812074386,0.00335753905416962,0.000639235238215526,0.00061915999649711,0.0255787323015454,0.0227299684321736,0.0226457674738786,0.0154225846745044,0.000598333143750548,5.04172556311655e-06,0.000114345948691362,1.12981291721005e-05,4.10642216211354e-07,3.81163089508029e-07,0.000657335419729147,0.00051924569458899,0.000515154179857865,0.000239035314339993,0.017083555823487,0.00149484616419622,0.00809705128894106,0.00242103177182808,0.000433853463822335,0.000400647099720422,0.0185255164240396,0.0174556465952502,0.0181225643384089,0.0126698383446916,8
0.0140661322961565,0.000173668920465019,0.000904494361877835,0.000366214261870074,0.000714348304235516,4.80729168328717e-06,0.00695945216778328,0.00657216153522548,0.00421611952645724,0.0059878920999658,0.00019873947693067,2.92208938645471e-08,8.18504156611084e-07,1.34680132262753e-07,5.12840038194503e-07,2.30902053996938e-11,4.85846748365593e-05,4.33743620697774e-05,1.7766736953937e-05,3.60112679393838e-05,0.0114442338827388,0.000142470572360344,0.000585899273138081,0.000201405669591992,0.000429945616252886,2.88946852681158e-06,0.00547010272101721,0.00530767897978324,0.00312989737098021,0.00464969448874949,0
0.00480467220491348,1.43354274115977e-05,0.00115792063018228,0.000232168493288657,0.000463991163264503,1.65283064673953e-07,0.00915580480004537,0.00732439488387437,0.0064678042085426,0.00408931455630564,2.3163919521727e-05,2.04347739939933e-10,1.33283054567975e-06,5.41642063033971e-08,2.16358852799786e-07,2.74157518288926e-14,8.41163831220439e-05,5.38806193752035e-05,4.15339714074195e-05,1.68054167859321e-05,0.00346830651911399,1.04114918584017e-05,0.000295491170856949,7.42375811735446e-05,0.00020507068162745,1.18166880710918e-07,0.00752552176212812,0.00614991438679092,0.00086257905118682,0.00320976604262709,0
0.0217980734188635,0.0315211907496141,0.0300016297395451,0.0121985381949553,0.000497293710294417,0.001747522246627,0.040330068066036,0.0368054315158962,0.0913171861491985,0.0126501948730815,0.000477534725711166,0.00099557592304838,0.000904360601255265,0.000149435744541528,2.48543532271309e-07,3.06888330088989e-06,0.00163315503277568,0.00136092233470998,0.00837407953120845,0.000160809361940861,0.0172140965871437,0.0168615742738624,0.0181187864192155,0.0057414865463095,0.000215285429196997,0.000969066276361213,0.0306299434004002,0.0288716302153375,0.0722430041715662,0.00986359216271983,8
0.0324179737140068,0.065535806697898,0.0192495006689632,0.00498223323808852,0.000463596649288978,0.000761425044423609,0.122124997045424,0.0310856639378863,0.0437443282840316,0.0221756581389028,0.00105577144185243,0.00431332218769818,0.000371925297520845,2.48167459206285e-05,2.16000890129088e-07,5.82564383100021e-07,0.014989437134134,0.000970115413931484,0.00191629827061639,0.000494217789926986,0.0233571710772192,0.0502094499728455,0.0160290428049656,0.00365154319789467,0.000198410170503444,0.000416179700396983,0.0880888480302272,0.0230402614238691,0.0341251089037871,0.0183894256223653,8
0.00495618681830803,0.0220476068807196,0.00254668542600134,0.000320984888903087,0.000676139114877842,4.28801852600627e-05,0.0258485945048769,0.010112245716608,0.00552019010787468,0.0114171332570396,2.44256392719503e-05,0.000488539447834797,6.43017886292718e-06,1.03176891649973e-07,4.59428693660274e-07,1.81091702101293e-09,0.000670522590504782,0.00010223406585436,3.02360608409579e-05,0.000130916122480456,0.00346877654722777,0.016009334515063,0.00188708076348353,0.000230226061364595,0.000385458319676232,3.13397136584731e-05,0.0201902301524212,0.00804754365078061,0.00407245300373242,0.00907105566785388,0
0.000398616201350557,0.0013489599888776,0.000703215761386279,0.000231467603387774,0.000806258680012779,0.000224819903756852,0.00491982431199112,0.00819239014843506,0.0003171960516114,0.00978446208826051,1.59082098981816e-07,1.82758179618004e-06,4.96703603158258e-07,5.38459654180037e-08,6.53318070290139e-07,5.07895877240941e-08,2.4324720400682e-05,6.7085348651535e-05,1.00838840604869e-07,9.56466335238039e-05,0.00023152258622738,0.000942851006162365,0.000410751648320033,6.88167271451856e-05,0.000475253053530386,3.67197453297945e-05,0.00402552063502151,0.00666386255046898,0.000227691646753784,0.00814076156340125,0
0.0236257296046141,0.062192255043782,0.0353105974645558,0.0105399686997897,0.00235813792143423,0.00445697480854347,0.0571706853541222,0.0360197210669715,0.0881349062225394,0.0205654682947655,0.000560899988806078,0.00388593955163446,0.00125207699109101,0.000111629210763367,5.58765771549284e-06,1.99610298775402e-05,0.00328293121691187,0.00130112556294461,0.00779853973303343,0.000424787881856586,0.0150860916130046,0.0403539412580295,0.0241172058787084,0.00598268439365325,0.00115433228987307,0.00249878669230334,0.0419240925495505,0.0253670467163982,0.0577201644557689,0.0155538707804712,8
0.0355651342248574,0.0271573019689611,0.00729741777704789,0.00189425277036074,0.000573761239740557,0.000394884091497162,0.0686780213005826,0.0286990579377779,0.0434029660094773,0.0272325268550022,0.00127122147467527,0.000739800480272226,5.25269529798472e-05,3.58944435028584e-06,3.30550613906001e-07,1.52652411798433e-07,0.0047361809866092,0.000823580460624771,0.00188636922660236,0.000745269734657524,0.0261774705408835,0.0148316872933873,0.00520497470805718,0.00127016117761354,0.000374969736834726,0.000243341090493063,0.0502593870870678,0.0191822455054577,0.0307728414034318,0.018953792728288,8
0.011579043261915,0.000172320390753173,0.000809290517640522,8.5562698448692e-05,0.000723833647119252,2.30055103857562e-05,0.0208949531815475,0.00842966470292097,0.00501378090001484,0.0124786798631556,0.000134675365491773,2.96519044117835e-08,6.57437162349462e-07,7.26002723062557e-09,5.26564613062145e-07,5.25009816684856e-10,0.00043877495580557,7.14127093398431e-05,2.52196163202097e-05,0.000156339654658671,0.00902272295685206,0.000114754718331508,0.000523955848334708,5.7217214111722e-05,0.000422701653069344,1.67247429294778e-05,0.0153418939471685,0.006777565704106,0.00365142678054818,0.0100279452905165,0
0.00255881599348197,8.11443822283213e-06,0.000511375821343163,0.000507888104393319,0.000683070915281335,0.000229824856309796,0.0106794064945778,0.00801670638717124,0.000395055263513333,0.0100985814323447,6.55400895008774e-06,6.49184577515128e-11,2.62789129143425e-07,2.59194219261362e-07,4.68828007641232e-07,5.30717014899416e-08,0.000114439041214616,6.45813107102201e-05,1.5599762683875e-07,0.00010245544532235,0.00183689467131906,5.606580810074e-06,0.000235639570669789,0.000257843276280518,0.000395401691280496,5.12705854388702e-05,0.00905034884747613,0.00645206138602373,0.00024235747232399,0.00813023789629745,0
0.0182857977308404,0.0188459868965595,0.0371420394559847,0.0111328347216931,0.00218087460048557,0.00284425606435749,0.0451058967821418,0.0370163439723409,0.0458867543281752,0.0159836593054124,0.000336045792397395,0.000356223361102839,0.00138566752520696,0.000124102718279887,4.77768604524287e-06,8.12414657040134e-06,0.00204452274415502,0.00137692721971644,0.00211613203813825,0.00025672381819375,0.0106676867194036,0.00589380822322569,0.0192300851096271,0.00508291245813361,0.00102813981112339,0.00134101742331299,0.0305916759673217,0.0242964988225608,0.0266713124074533,0.0126633352593554,8
0.026455792158841,0.0216642234739484,0.0382828030292787,0.0124274250528754,0.00175210097789495,0.00408127497292355,0.0620782592616416,0.0406138466316077,0.0495460393371876,0.0220458286806807,0.000702107636080324,0.000470787211343842,0.00147125046133452,0.000154689097530693,3.08297901870451e-06,1.67237751443512e-05,0.0038701973234297,0.00165619102318271,0.00246629754884903,0.000487953002109783,0.0210416111968879,0.0166890094155912,0.0317487752708145,0.0102886855010035,0.000823252341693506,0.00295023030072116,0.0498571145485493,0.0307990100720065,0.0398035223647305,0.0175253663323944,8
0.0182003948833617,0.00226261584507412,0.00777995729158769,0.00242427774407631,0.000650388300853569,0.00035854106742538,0.037766680758221,0.0112397202307107,0.0147803387240718,0.0137072083293686,0.000332405334811766,5.13732013691424e-06,6.06776849939877e-05,5.9033626641698e-06,4.25130591490812e-07,1.27282087811984e-07,0.00142465143822371,0.000125922602577776,0.000219264103014531,0.000188645746655637,0.0137050765954622,0.00157962582799653,0.0057354242584482,0.00173845095884974,0.000344585720927095,0.00023129750304921,0.0285975624010922,0.00871944584216919,0.011663469890977,0.0106451555791037,8
0.00768359103931379,0.000124720866148198,0.000682853940617016,0.000339198775797334,0.000499205002031856,0.000397057782733558,0.0290622107060282,0.00760484899991576,0.00117576305246452,0.012268631826892,5.90909125023722e-05,1.55569838035546e-08,4.68591735189598e-07,1.15591282143619e-07,2.50449336610466e-07,1.58424701189057e-07,0.000847440636824692,5.78432333915019e-05,1.36213069259576e-06,0.000150959624026938,0.00486612095214437,8.58235526988334e-05,0.000435611102886978,0.000152339805749033,0.000214814396489197,0.000155924134461322,0.0219175753537667,0.00620060114885697,0.000816333704307359,0.00933516668361504,0
0.0014388688863005,0.000231491839661972,0.000629678007104309,0.000338792742482705,0.00060459160702477,5.16337389162407e-05,0.0166732072003518,0.00888578571392901,6.57563027673821e-05,0.0128476927929725,2.07887180421825e-06,5.38556812964674e-08,3.98399657324102e-07,1.15336840897767e-07,3.67314357138815e-07,2.67562253598138e-09,0.000278860020915256,7.92829582996839e-05,4.23849640962577e-09,0.000165884872049581,0.000685971217258583,6.88749704455717e-05,0.000282873008701023,0.00015420384638914,0.00029581884850706,2.86806009992879e-05,0.013264230098152,0.00703346828623358,4.74152537205467e-05,0.00998181826666029,8
0.00460439056572325,4.84820998196279e-06,0.00065116304358925,0.000453889155515897,0.000404416674830775,1.90270893988613e-06,0.00921799217435859,0.00844599627733005,0.00760804294337328,0.0117054648246048,2.12742844803283e-05,2.31634391389971e-11,4.25998230052207e-07,2.07046772418354e-07,1.64267771716542e-07,3.62960598659713e-12,8.5314641330494e-05,7.16921513123267e-05,5.81706450486745e-05,0.000137412938259889,0.00298849904114591,3.39840320758754e-06,0.000342323054680169,0.00019023751568489,0.000158429493082607,1.36785660120783e-06,0.0072241228566527,0.00665479450520206,0.00418547653325025,0.00941865445150608,8
0.0364674566160411,0.00928064443720636,0.0293919031448224,0.00213897478917688,0.000677929182956221,0.000231064591260937,0.0353527691367674,0.0269187851183361,0.040877091894319,0.0198517338184778,0.00133325544347744,8.65381098629923e-05,0.00086811179108071,4.5981908784274e-06,4.61870901141599e-07,5.36563493968271e-08,0.00125575330819123,0.000728060077324124,0.00167763077201554,0.0003945440556037,0.0198804313479336,0.00469466414629074,0.0161655235269188,0.00102419172432951,0.000362681580817322,6.175960319254e-05,0.0253738412442304,0.0195262189101299,0.0257462351275978,0.0151917476064562,8
0.0163752680658681,0.00215669853969016,0.00268198207815934,0.000309858835472636,0.000559758592463989,0.000322163290454558,0.0127616101576222,0.0140679688837394,0.0109725422670636,0.0121041520527351,0.000267342954470091,4.65268352538743e-06,7.12562803494234e-06,9.649141956417e-08,3.1488362597514e-07,1.04293758921965e-07,0.000163617947619349,0.000198029136513762,0.000119664755917069,0.000146971182352845,0.0122382684369836,0.00162157705798388,0.00214482809477329,0.000195375156239551,0.000268502477954904,0.000121300995102794,0.00983920684442489,0.0108509702373962,0.00834831152946735,0.00941258391734955,0
0.0233409401571018,0.000154265866256234,0.000809128975816054,0.000398749157844883,0.000547623683783483,1.62895597670216e-05,0.00924516896019268,0.0131753118102738,0.000932470278538237,0.00841159869298212,0.000546398795845921,2.38362603835436e-08,6.57702705005152e-07,1.59799570875117e-07,3.01397951962804e-07,2.61345989314933e-10,8.5852369498538e-05,0.000173679510083187,8.65884402319483e-07,7.11105394345316e-05,0.0191155730696839,0.000106488437108659,0.000497783731320302,0.00014533001881593,0.000263619113777602,1.19042236161216e-05,0.00705577706626734,0.0108791829861627,0.000653413736998624,0.00631783448288565,9
0.0251850094693934,0.113347650553476,0.0153061081442218,0.00391707591187881,0.00173111063861923,0.00105145832596659,0.0544443133532775,0.0747682812700134,0.0551978732653382,0.0176637128014746,0.000636126019175134,0.0128674408940646,0.000234407510154079,1.5406190794404e-05,2.98156070393549e-06,1.09914012155415e-06,0.00297476223923272,0.00561789875831653,0.00305666022832196,0.000311864461666348,0.0150742234807481,0.0685115093892717,0.00869334446436137,0.00168806696234292,0.000615841008168412,0.000371563085045919,0.0388727429580886,0.0464348612298079,0.0329802380865093,0.013047014663239,9
0.0574535026577264,0.191336138416389,0.0284918306389673,0.0103606739635639,0.00432938364072499,0.00334962628444881,0.0473440807499965,0.248863857641787,0.101830087426032,0.0326136072533159,0.00331700988419355,0.0367130092623279,0.000813653054560991,0.000107882140363368,1.88160583563796e-05,1.12712688003207e-05,0.00225100781307968,0.0622185075552051,0.0104101089577955,0.00106763638214075,0.0467077222972329,0.142607241126422,0.0236089224414508,0.00732737123847881,0.00245786345131487,0.00219338768438209,0.0348746785943562,0.198497180427286,0.0669756119525179,0.0266615970362548,9
0.00656957953982852,0.0127633803630403,0.00357067319413045,0.000849396699951767,0.000664836277906265,0.000315330810419112,0.0235779745841611,0.0353495252695993,0.00647553642003633,0.0108127025671545,4.26895845892697e-05,0.000158983677201486,1.26163180065675e-05,7.04966644178502e-07,4.43593557927086e-07,9.86210523489709e-08,0.000558618813108153,0.00123545797567939,4.11406552692562e-05,0.000117484413875049,0.00513860392708203,0.00911010284075275,0.00263244496712501,0.000608649401011179,0.00039298794887895,0.000180463099224697,0.0194089202111552,0.0281135215942868,0.00467598404426708,0.00819612208026294,0
0.00194477405423164,0.00071617242859941,0.000571799100984342,0.000506759636808182,0.000685507018311449,1.42681322514591e-05,0.0248549261180471,0.0251044678571651,0.000338219471268627,0.00967708576540712,3.78902147484708e-06,5.0741635456181e-07,3.28296123957024e-07,2.58084293060489e-07,4.72213095076042e-07,2.0129568796791e-10,0.000620836076036953,0.000632101911094604,1.13293432506605e-07,9.40710008585694e-05,0.00131152330518993,0.000528832263978086,0.00031554130152728,0.000236745920391849,0.000395289314428044,1.03662328861276e-05,0.0200317667135922,0.0203047055561279,0.000245580661398725,0.00779273012328163,0
0.0200621705623158,0.109927880152684,0.0182233640146503,0.00484059692341942,0.0023309287785453,0.00226027122515118,0.0547086121395886,0.0738349489991958,0.0588490556262956,0.0406453741715692,0.000404067350682339,0.0120168764661265,0.000333271228151525,2.34729718058786e-05,5.4363800638057e-06,5.11804929210994e-06,0.00300094385080072,0.00547163292485307,0.00348052801527408,0.00164869929188761,0.0123932983640849,0.0699433521619881,0.0104085179783387,0.0026860384309003,0.00102449657389657,0.00101078951875539,0.0400827121356758,0.0502137003871975,0.0385899863114021,0.02389021834429,9
0.0318869930308858,0.164203454659608,0.0482715901320044,0.00947679322962514,0.00253943018283826,0.00260855650397173,0.0713498838309164,0.120540023771695,0.100040465875463,0.065718285970161,0.00101922538641663,0.0269548802738935,0.0023418269294545,9.01377494270041e-05,6.45122628855368e-06,6.81628043223571e-06,0.00510477462591271,0.0145895554909255,0.0100583685994125,0.00432479500900214,0.0271813744089335,0.107441217265198,0.0334887804123044,0.00634797764178969,0.00189667275288,0.00199264017446768,0.0530754020134468,0.0927996901647574,0.0703552682156399,0.0516546242114219,9
0.0067457719871677,0.00388600859542319,0.00553794174781993,0.000480734944093289,0.000374921199958547,0.000210318215925448,0.0252236095373789,0.0316740872217043,0.00280687257878401,0.0151892117774575,4.50434559220465e-05,1.47866764126087e-05,3.01566948011344e-05,2.28436095015652e-07,1.40783945232861e-07,4.40180932673305e-08,0.000639071126399608,0.00100821112321526,7.89936151569961e-06,0.000231752729456919,0.00489117020847933,0.00284817789029085,0.00400580333082813,0.000327530678758523,0.000215173556953357,0.000152417974455021,0.0205751703705466,0.0256539743082757,0.00213739962319249,0.0119622846663583,0
0.002554825149981,0.000215258023883459,0.000625586145821171,0.00023340722722447,0.000712930974581421,0.000322115468852535,0.0241610688420124,0.0205783506209519,0.000208965226927991,0.0125077456544986,6.52719009376604e-06,4.5958281325317e-08,3.91002386565216e-07,5.47469584646267e-08,5.10803095133052e-07,1.04279758927341e-07,0.000585757948345128,0.00042558309992637,4.33901231176675e-08,0.000157129457131993,0.00162049467688865,0.000156299290547802,0.000371141213767458,7.4027721395946e-05,0.000388290590473942,0.00012585160057287,0.0197578840747868,0.0161886854118746,0.00014334479105477,0.0101163298711674,0
0.0106823279135005,0.0677837439160201,0.00741244195605646,0.000372406344974861,0.00051539989107928,0.000229440049565613,0.0266665716897028,0.0453865940870848,0.0397075784183267,0.0203939558103819,0.000114684451380784,0.00461543499062092,5.5219582020196e-05,1.39137872900274e-07,2.66937969945918e-07,5.29067644667794e-08,0.000714209943389588,0.00207007490671326,0.00158459835716687,0.000417724031739108,0.00714056893185695,0.0405918485621719,0.00290807196412471,0.000129636153910373,0.000243405324384565,5.57114215752179e-05,0.0207607584986866,0.0323406138466324,0.0231196647052287,0.0124541826852543,9
0.0333423548435218,0.12544790201584,0.0127830137225511,0.00340615398196825,0.000670542024375923,0.00183112903245668,0.0564431644447216,0.123354904315783,0.0748614466494586,0.0644206876828781,0.00111719903108944,0.0158153683460188,0.000164208035002607,1.16601383984791e-05,4.51885500228074e-07,3.36979271413193e-06,0.00320168950996828,0.0152907716851786,0.00563234551831618,0.00417077482129403,0.0198988850790045,0.0900206040059825,0.00860946388597215,0.0018469606730052,0.000351660091238754,0.0010730287162498,0.0418927344369033,0.0870178090082371,0.0563038962432621,0.0471950890515438,9
0.00568441195276085,0.0177744085245466,0.000959208997294555,0.000265486606498013,0.000657424900704614,0.000101913063878297,0.0250951948272479,0.0298235879212291,0.00623725109695906,0.0136433846517522,3.2436309173972e-05,0.00031726188955603,9.11383233780412e-07,7.03474389285874e-08,4.34367179648144e-07,1.03508316409741e-08,0.000632644569480043,0.00089049933055014,3.90936428635383e-05,0.000187074372927515,0.00423523872704836,0.0126719905654168,0.000648917770915448,0.000121191572407734,0.000353404381066605,7.41993304709825e-05,0.0201113673110351,0.0242323942206093,0.00480143461713773,0.0111681189861455,0
0.00404686468466199,0.00104035295991987,0.000517709651937913,0.000327485881283132,0.000559887198775684,0.000231066792413586,0.0266877566982936,0.0210665955541565,0.000603157227136326,0.0104596890117731,1.64375168499222e-05,1.08412105967519e-06,2.69341518205838e-07,1.07783858639088e-07,3.1504786295412e-07,5.36550773004084e-08,0.000715521661315914,0.000446016775876119,3.64740547161881e-07,0.0001099512534112,0.00275768325559216,0.000717994000526019,0.000256077875710262,0.000127702482378987,0.000279152353735458,6.44379842136969e-05,0.0214574963834914,0.0166986309833338,0.000400828497477472,0.00826590167627773,0
0.011224362888363,0.062539874675963,0.00703939566335029,0.000582964744868102,0.000401864342205161,0.000289266455549754,0.025714250415206,0.0485198618065832,0.0374281674050204,0.0283899956364594,0.000125699862959602,0.00390779124353175,4.92671990050416e-05,3.39141301491504e-07,1.62306276109043e-07,8.39478414529752e-08,0.000664285359248083,0.00236132240630406,0.00140525087488568,0.000798601764256618,0.0067445216820285,0.0315147427237821,0.00270143731552941,0.000207536503909056,0.000165969315663161,8.1173715292647e-05,0.0209072083539445,0.0305953209406073,0.0176138524161361,0.013326618445933,9
0.0267578813803883,0.151840352329621,0.0150465710596148,0.00060161749445872,0.000642498089726513,0.000816970553329461,0.0324670916455639,0.0860945600682687,0.0657195977135072,0.0529358613535957,0.000719422996870499,0.0231696931758795,0.000226811082898737,3.61249121331709e-07,4.14873873957621e-07,6.70693940271655e-07,0.00105933020962704,0.00744905199019949,0.00433848439463296,0.00280980865921639,0.0189809396250338,0.110746882478368,0.00977779938294412,0.000358884326830747,0.000339565146914733,0.000434376100197527,0.0255009711121218,0.0653794667783614,0.0482883831413078,0.0392323606636756,9
0.00714637287774438,0.0246938473908542,0.00106418631889073,3.94342732151287e-05,0.000564369705885796,0.000231627084451593,0.025419638437142,0.032418219694551,0.00553450224190462,0.0100184164866703,5.11048982437603e-05,0.000602397927388617,1.12249446051269e-06,1.55688035077944e-09,3.20112677113875e-07,5.39188058956811e-08,0.000649403090479744,0.00104660343605991,3.07779180060785e-05,0.000100600500043745,0.0057171719506537,0.0184509643984339,0.000735283553468516,2.74073179317901e-05,0.000275583935360797,7.12507393171151e-05,0.0207244978179875,0.025766400057062,0.00443164205079546,0.00838869956971654,9
0.00334688143281253,0.00162386345033131,0.000615130531096973,2.17693659358963e-06,0.000461751217541428,3.61163387836059e-05,0.0221801907355709,0.0256947786374928,0.00239399922535966,0.0125021558644115,1.1257616405779e-05,2.570558929216e-06,3.80264430040897e-07,4.72121401784456e-12,2.14277815615066e-07,1.30740381264133e-09,0.000494429073734,0.000660427794307678,5.75978813347123e-06,0.000156992891762994,0.00233383607846375,0.00116179135830934,0.000333531056374243,1.49320676057298e-06,0.000211051201068294,2.45451326685984e-05,0.0178070052288668,0.0212698617896376,0.00154704478527856,0.00991178366299385,0
0.00588174002723298,0.0591559601215435,0.000898383773447951,0.000231340652437305,0.00056104664114228,1.96672913750925e-06,0.018590990865545,0.0257136494629713,0.0256214273007232,0.0107368854615486,3.47487640040887e-05,0.00351482561573123,8.11089938112617e-07,5.378682065234e-08,3.16282123087334e-07,3.77281880575147e-12,0.000346789970816778,0.000662244609378315,0.0006592101953413,0.000115672765775836,0.00411479308078369,0.0221551476164763,0.000482718238188413,6.72810775358658e-05,0.000286050713454835,1.39901257410829e-06,0.0152904089103681,0.0207167094267301,0.0112003026196512,0.00844419813716749,9
0.0459326717867599,0.220567024392811,0.0275180383144531,0.0110368405928176,0.00277925550264116,0.00340374671955844,0.043185775727274,0.165943314289611,0.0971475844557027,0.0746776007170325,0.00211856736814233,0.048819197426846,0.000758839673971579,0.000122212016412023,7.76147764779947e-06,1.16373267058979e-05,0.00187275900314881,0.0275169695578565,0.00946852781941652,0.00559839928949388,0.0350623302047371,0.170665440259838,0.0210475498056601,0.00706021451200952,0.00168254284421449,0.00206826901891081,0.0342876107975152,0.124351117623831,0.0789916917057061,0.0532178016819314,9
0.0468830169231959,0.09838573843186,0.0131728079598499,0.00391016675949259,0.000721243426565884,0.000645157034724278,0.0373021249694159,0.0763762181810893,0.0518082227108081,0.0339387895864032,0.00220905827141984,0.00964736983712219,0.000172372503296494,1.51914206121552e-05,5.21017800735776e-07,4.13092353516466e-07,0.00139812925219941,0.0057733693056138,0.00267796498933655,0.00115236365968418,0.037845634666321,0.0776745699372231,0.00818779927044319,0.00295318180672933,0.000470050895226981,0.000485795250563182,0.0290934331176254,0.0493259464705926,0.0360528821268261,0.0260369085546638,9
0.0118221426088771,0.0082143985438759,0.000699097492723544,0.000473283578474975,0.000634671037132779,4.48865242118461e-05,0.0302234177095311,0.0223338888345585,0.00312680330768661,0.011140272913878,0.000139593787729736,6.66421928219011e-05,4.88880706739542e-07,2.23130786784215e-07,4.04733391812998e-07,1.97300764801089e-09,0.000917501826975281,0.0004963540172753,9.68559208535053e-06,0.000124702123658183,0.00946374483953278,0.00567840788698473,0.000443618391557073,0.000273227005791587,0.000311504711921401,3.14758573666821e-05,0.024046840204217,0.0171771131876208,0.00208393967254771,0.0087564965195756,0
0.0560373455828601,0.000614835990067849,0.00064233912272716,0.000324796342786196,0.000458480340302593,2.29055255953146e-06,0.027779917782872,0.0287429320702809,0.000153699352662932,0.0108941021093085,0.00312448433635354,3.73924041548119e-07,4.14670229828139e-07,1.05969685551883e-07,2.11229807244715e-07,5.11937624089669e-12,0.000775348855087015,0.000822303650711648,2.33050791758684e-08,0.000119277103433563,0.0365911753418081,0.000423360116153936,0.000327484285751253,0.000121021432091845,0.000200094670405349,1.62344491940845e-06,0.0238366696552359,0.0219531484806755,0.000106139969040425,0.00829810490901424,9
0.0875324243321235,0.203864782922463,0.0661562926202087,0.0228442033626017,0.00592192724219546,0.00652263912691315,0.0710682888726211,0.158052408069835,0.078999907035973,0.0862504503069009,0.00761565324703671,0.0417689430586229,0.00437055095402842,0.000520095530261666,3.52272872632041e-05,4.27494353752935e-05,0.00507501850418957,0.0250170998276032,0.00627131090367078,0.00746342948241922,0.0751578499140529,0.152736405646958,0.0450329184260537,0.0151594891121387,0.00365917058818655,0.00419272217108998,0.0507057749862709,0.123559664225898,0.0563220285863276,0.0585757081392526,9
0.0408239393126416,0.171748579480285,0.0639775798580582,0.0179912492067931,0.00133072317070833,0.0013617320930186,0.0409941200028436,0.132859397037186,0.070495184073077,0.0549743456668091,0.00165077753018845,0.0296360455359745,0.0040827773226032,0.000321224868522791,1.76350152711015e-06,1.8547337255604e-06,0.00168661555442836,0.017675175097971,0.00499108337457999,0.00302257151331099,0.0329775419921246,0.135990164350226,0.0457879125669139,0.0129715097694887,0.000866520947821764,0.000856659040432915,0.0308944374950157,0.0977305248360523,0.0554277141921852,0.0402902770063859,9
0.070617612570266,0.0161851856976121,0.00269431454770944,0.00108932257520245,0.000559467718258573,0.000237923649086626,0.0321541400159532,0.033559822826861,0.00822626993389687,0.0111655566865802,0.00500564321046,0.000258479920943825,7.2363268226764e-06,1.18737049762198e-06,3.14544872220978e-07,5.68896426403397e-08,0.00103793370910384,0.00112959352577511,6.74416052219371e-05,0.000125237272244482,0.0576722087951449,0.011743562832959,0.00204649338582294,0.000739815857572854,0.000298573639900535,9.00174035889095e-05,0.026375999825402,0.0261858138360948,0.00625212806154998,0.00883880721880412,0
0.0395466339455535,0.00114471539646376,0.000669608361619432,0.000458091658761038,0.000516890811405651,5.94493809832411e-06,0.0317292088049535,0.0248442420110167,0.00294312737339704,0.0114815110922246,0.00156724672017604,1.30790138289726e-06,4.50622532965013e-07,2.10862036780963e-07,2.6849256213799e-07,3.55119130507049e-11,0.00101120548100416,0.000620308512677892,8.67763077279092e-06,0.00013248599826011,0.0324162907754131,0.000727258674955981,0.000365090287951083,0.000202039284099201,0.000258601446986492,4.22284712077641e-06,0.0249136199675677,0.019140491758619,0.00124340499472282,0.00884149356871321,0
0.0469133599371424,0.149052360384803,0.0344009111240746,0.0146354933874854,0.00437714964407815,0.00694661666625259,0.0602079027926307,0.208702210173829,0.0757606234928344,0.0814479287081502,0.00221130495330878,0.0223205994223539,0.00118318469419594,0.000214826911944979,1.92530750561492e-05,4.84956871333234e-05,0.00363590558990656,0.043724410705493,0.00576430590581222,0.00664757501804996,0.0365128301160813,0.12149644001108,0.0255118841710624,0.0104202000928829,0.00288184731857109,0.00415331333725182,0.0473938448889061,0.153365036376104,0.06250913243429,0.0636044565959893,9
0.0186938154329745,0.0899702068606811,0.0225315271817425,0.00464356092596418,0.000740367248931267,0.000359427528393242,0.0336186160150198,0.0710712467627191,0.0417980774235987,0.0335093727568253,0.000349406675656207,0.00812971526466228,0.00050507419710654,2.12908997672972e-05,5.48906409321172e-07,1.27862505486157e-07,0.00112890769865316,0.00503755485649865,0.00175043567823713,0.00111443035103002,0.0148382432809338,0.0619726069842102,0.0164722749351569,0.00338553072517056,0.000534615149914981,0.000273221140840841,0.0266192883506295,0.0570208506461564,0.0277837260438795,0.0263824908109473,9
0.00800905563101238,0.00249626661998928,0.00163112885610693,0.00044722722716214,0.000710917019935144,2.35123320213334e-05,0.0268452550518883,0.0144219655534322,0.00100807811549652,0.0103604134238534,6.43383497742835e-05,6.1335331680999e-06,2.6275394140476e-06,1.98989601650337e-07,5.07766712735862e-07,5.45067205162228e-10,0.000723642998618928,0.000206205627792716,1.02059905415973e-06,0.000106434611470015,0.00589550041850416,0.00165586825964775,0.00119090699161005,0.000290941663855725,0.000403230753063255,1.70314324349715e-05,0.0210630840342155,0.0116432200903882,0.000656077877038002,0.00836523845197243,0
0.0115513128843182,0.000116517633229647,0.000675832186021908,0.000324930366924318,0.000710510733854328,0.000230726804288229,0.0235768880944589,0.0131491940365559,4.59653540733634e-05,0.00948960222089077,0.000133936618624416,1.33633059778098e-08,4.58892825600304e-07,1.06082631906386e-07,5.07136708770025e-07,5.34996019373813e-08,0.00055821500106991,0.000172031888997258,2.11662639558676e-09,8.98668880901761e-05,0.00920096068120901,8.07862790675782e-05,0.000363685138596767,0.000137980813884902,0.000432974707527137,5.86098179459348e-05,0.0193597603299071,0.0103138244795779,3.17379897626199e-05,0.00793850743320438,0
0.0231838633257014,0.141326253022798,0.0213801192878639,0.00207858052640709,0.00422540395916255,0.00483979395660424,0.0274593439586401,0.0773349486497763,0.0640299602342335,0.033120302046266,0.000539228524483723,0.0200726698781053,0.000458583944873553,4.34112715742101e-06,1.79264555905231e-05,2.35050054882982e-05,0.000757353593733238,0.00600144389008821,0.00410970183776562,0.00110222566743604,0.0178047911630457,0.115410694031314,0.0158440781405948,0.00124746415976148,0.00173254468401213,0.00197261157243084,0.0224831941675034,0.0600422512668002,0.0508239374375968,0.0250855034558671,9
0.0209784397228301,0.105466138420183,0.00912888992476723,0.000385371622700595,0.00140652232897502,0.00169695928974012,0.0295231947960957,0.0816349300338399,0.0454929476336379,0.0160168339421172,0.000440007495071821,0.0111781484561103,8.3025186792743e-05,1.48601596967348e-07,1.97120679567219e-06,2.8584970544154e-06,0.000875464639579243,0.00665694258185975,0.002076032370653,0.000257784159689956,0.017430309290265,0.0724959796987341,0.00544985168603434,0.000259252278119162,0.00100629934810389,0.00121408891869449,0.0232941109076393,0.0688809187312541,0.0347620603977447,0.0131320733430385,9
0.00780968381042466,0.0118099279532328,0.000714856919178898,0.000236819333886194,0.000684346286424301,9.9988916545293e-05,0.0258166865043552,0.037345301422891,0.00817537459473689,0.0106502680753253,6.0959291704802e-05,0.00013727523590433,5.11469276256689e-07,5.63614932850354e-08,4.70681851905879e-07,1.00480230379194e-08,0.000669780897397909,0.0013892690913206,6.57571856636803e-05,0.000113883526401284,0.00580734850610166,0.00851331503541769,0.000434263388423941,7.8239464944241e-05,0.000361427741873851,7.04765222739797e-05,0.0208618758405289,0.029780779225683,0.0060080074874509,0.00845988257294312,0
0.0135128741453641,0.000672296952717293,0.000708829926116721,0.000398690689129815,0.000458257894333057,0.000222048731399,0.0238864782529653,0.022597932400947,0.00162213683019153,0.011375243685,0.000183514113121906,4.41291107998749e-07,5.04902864635038e-07,1.59749585040394e-07,2.11053272443371e-07,4.95530938129849e-08,0.00057126432876775,0.000513219768754781,2.64182631248274e-06,0.000129995537709219,0.00980108601811117,0.000475490310136117,0.000380897458671636,0.000168685031782094,0.000198482869778518,6.52573895861624e-05,0.0187712689581419,0.0183774556416842,0.000940517068686696,0.00898076598778811,0
0.0201615683079225,0.104074688148118,0.0260034373000408,0.00521948251716857,0.00116497951828296,0.00150588079067904,0.0301462013187927,0.0834147175406571,0.0581397048513879,0.0416921129719633,0.000408419986630625,0.010879502087556,0.000676270013937388,2.73473923814311e-05,1.36315105688235e-06,2.27858650797725e-06,0.000909893800008145,0.00699227138641415,0.00339676323208871,0.00174359462983979,0.0150007828362687,0.0678624375033907,0.0174390770599781,0.00249056564321701,0.000586570601844882,0.000530486300006366,0.0232753003352009,0.0555664300785458,0.0408598238119223,0.0230728411886033,9
0.0914382815952579,0.27640724702941,0.0887985444335752,0.0246400513084504,0.0078187172857173,0.00507716091238548,0.0663211552918305,0.347483992878442,0.237283146995252,0.116558086246745,0.00839635246356234,0.0766490741680041,0.00790880945208651,0.000609319032593177,6.14135377868344e-05,2.58990864769133e-05,0.00441336934197585,0.121275190349879,0.0565787434408884,0.0136233336931576,0.0687902096357537,0.205925250456539,0.0649385245866937,0.0192901431049921,0.00554277979706966,0.00356105232033509,0.0530397293376691,0.255582304973628,0.173738717904256,0.0925461411691745,9
0.029792353217406,0.0606331417098903,0.0159538565856346,0.00440699877101361,0.000991350537528517,0.000456924702216233,0.0142987499264854,0.0667511355668104,0.0310754835019263,0.0258058126915688,0.000887402508699557,0.00362280335307481,0.00025179498381373,1.90217107412661e-05,9.72148374653406e-07,2.0571677613781e-07,0.000202568585649995,0.00439162243051171,0.000960407004867988,0.000657568456638129,0.0233456146658669,0.0437082048334545,0.0119375461486493,0.00317259254616737,0.000714524755463294,0.000319991033620007,0.0114760828119312,0.0470105787584971,0.0229772716883359,0.0196019772981601,0
0.0342393102373826,0.00342979400814561,0.00180437010068409,0.000409416826721108,0.000865340024471348,2.43509274776818e-05,0.0176558105320237,0.0268059771711783,0.00344918518654084,0.00444971221799396,0.00117784421212446,1.14881176766855e-05,3.23976241149409e-06,1.66390301355526e-07,7.52519041948319e-07,5.80644243963366e-10,0.000313279303745005,0.000721868146712827,1.18810626578379e-05,1.9833406311787e-05,0.0266418669611641,0.00249998792064719,0.00129995277928515,0.000264272154820948,0.000521701145835289,1.70737911883293e-05,0.0136065788353423,0.0225037157527373,0.00257895079611081,0.00316852381792277,0
0.0244447127395581,0.0675417729698507,0.00591059709319586,0.000231542120453839,0.000460643478001855,1.24232972272431e-06,0.00896267335190814,0.0336608613376415,0.0578273336512509,0.00642705760239188,0.00059923529299548,0.00458446204271561,3.51085431153813e-05,5.38669508418969e-08,2.13256803149913e-07,1.50595223166402e-12,8.02306912681863e-05,0.00113854222643914,0.00335634422300524,4.14700316751523e-05,0.0196309722289587,0.0397075692370641,0.00327901995725393,7.00443004063081e-05,0.000203387284034012,8.80505316038937e-07,0.00650755399414224,0.0237717374576975,0.033877576721254,0.00397515273309399,9
0.0213099657963251,0.108343015897992,0.0129748026174825,0.00202935043847413,0.000460396375666617,0.000231338044513165,0.0234767965321275,0.112829464694264,0.0563843055912384,0.0221135347320309,0.000456391208175041,0.01179497192164,0.000169147781032751,4.13863833401547e-06,2.13024948839131e-07,5.37853721076947e-08,0.000552468657384203,0.0127940029595988,0.00319295670756209,0.000491240881181461,0.0177282892179877,0.0840125034013913,0.010555881530029,0.00116869680261951,0.000203562102716961,6.71202576320212e-05,0.0191488607810593,0.0898737395363733,0.039853126016075,0.017832137559135,9
0.0168015522575395,0.0281755266350996,0.00294043220710621,0.000337841310018297,0.000460082622902447,5.30094667959925e-06,0.0167517421671799,0.037344414505151,0.00629966231324996,0.00348232637177392,0.000283215624125957,0.000797187013924636,8.6781069123307e-06,1.14412418180574e-07,2.1273852654398e-07,2.74617621740743e-11,0.000281705938095156,0.00140050487674463,3.95512813214358e-05,1.20833070116125e-05,0.0125846998323864,0.0203042962346528,0.00223034648401302,0.000157118979481435,0.000199766613092953,3.79830260316416e-06,0.0124692510586722,0.0277875705776353,0.00473988103211489,0.00260376395558354,9
0.00595894129134855,0.00176377699179257,0.0014678965307381,0.000325660574666954,0.000398246542966876,0.0002313761480001,0.00777383150600666,0.0157894196109957,0.0025993250676185,0.00134347649344463,3.56874171024287e-05,3.11367825381469e-06,2.16304957044479e-06,1.06575123150165e-07,1.5937583299826e-07,5.38038373080644e-08,6.0429084591565e-05,0.000250351714045037,6.78790882371758e-06,1.80675298358698e-06,0.0047841933416211,0.00120510748901233,0.000825484243048569,0.000101415092229326,0.000165613723160518,6.83460770550117e-05,0.00653698949375045,0.0127594186763991,0.0016175644234444,0.000891964839015266,0
0.00687074324606603,6.88451666652899e-05,0.000837522232256538,0.000320603140061661,0.000604882188517536,3.64189080238194e-06,0.00775172533077879,0.0143343241201495,0.00024352710097379,0.00236716558251196,4.74438825113617e-05,4.71652845375137e-09,7.04967075715834e-07,1.03287370945288e-07,3.67655723946047e-07,1.32592886389013e-11,6.03230708020116e-05,0.000206201500592865,5.93381157868579e-08,5.63154680395814e-06,0.00392466509514969,4.68099044761921e-05,0.000482689500465412,9.96932106796625e-05,0.000308808628328626,2.64170066899127e-06,0.00590837885452266,0.0111484570981732,0.000171332144084093,0.00120446225931452,10
0.0120322077928385,0.000231081034857995,0.00115973892004548,6.82696345272595e-05,0.000779654823578841,0.000324687775600069,0.00840516924304442,0.0129548111724135,0.00225264666400375,0.00309726706750836,0.000145355647459261,5.36651251893296e-08,1.34890032205376e-06,4.67302659091788e-09,6.10813253746455e-07,1.05940481941718e-07,7.09754592723042e-05,0.000168670484651351,5.09789593514423e-06,9.63912363372631e-06,0.0100088053166423,6.36381706120847e-05,0.00063187694412967,4.20515780303887e-05,0.000425306221615221,0.000108332287283002,0.00657508743056605,0.0106890611184041,0.00116696618884377,0.0021680621117781,10
0.00977465094310874,0.000231260690619973,0.00930933641439516,0.000229864490045242,0.000641558370326107,4.07943858577793e-05,0.0168941164240221,0.0384681636683284,0.00344980347231636,0.00388870537284676,9.57622383865794e-05,5.3750085154474e-08,8.70989664989177e-05,5.30886683349823e-08,4.13663568632959e-07,1.65987623553183e-09,0.000286837999535645,0.00148636251792056,1.19608067529439e-05,1.51931663720201e-05,0.00811613091174243,6.80155652616617e-05,0.00672852939772024,5.26247567038263e-05,0.00034480974396789,2.74763660588432e-05,0.0124678933461648,0.0292942987294379,0.00237521988599803,0.00258495434738268,10
0.0084736412447487,1.35362124469909e-05,0.00223509258864197,0.000233995246918279,0.000558978813906075,2.03775706414651e-06,0.0211686012449467,0.0197977441831136,0.00178137369717054,0.00295877799072947,7.20231489065082e-05,1.82532246424244e-10,5.01925657735122e-06,5.50146708434961e-08,3.13977885895628e-07,4.14521342312202e-12,0.000450233686240073,0.000392501566901222,3.18680269240955e-06,8.79832302870877e-06,0.00671692359526652,1.00706422674944e-05,0.00169744963320035,7.07891362273991e-05,0.000283491907932775,1.47688242371489e-06,0.0173755453756418,0.0136991475061618,0.000914292380042677,0.00229388918099417,0
0.00755356488929451,7.98771981491363e-07,0.00106176283095403,0.000231340449117709,0.000674419444068012,1.11051319955314e-07,0.0152581030958647,0.0128927037691624,0.000995755448375645,0.000344918658463416,5.73298246663096e-05,6.29499318568218e-13,1.1311162906683e-06,5.37873293394349e-08,4.57110658233839e-07,1.23743885043116e-14,0.000232997670296416,0.000166868731223429,9.96499655988709e-07,1.19353047876421e-07,0.00574179854165612,5.79041264231559e-07,0.000510490153617773,6.87256642706614e-05,0.000349165062826746,7.93918996209435e-08,0.0120990357437603,0.0104131394950737,0.00047082398951178,0.000222084931541109,10
0.0171013011654874,0.0424851698299959,0.0471363219049855,0.011249344855232,0.00068745754109062,0.000231248903127043,0.0457747961959407,0.0390947950029129,0.0301012604889918,0.0133791046284802,0.000293923476876787,0.0018140471184413,0.0022329969664529,0.000127143423499402,4.7492783514071e-07,5.37428643881358e-08,0.00210533345320479,0.00153473245300422,0.00091057502315742,0.000179885391998595,0.012826122133106,0.031484586869778,0.0368370024901597,0.00802187229130834,0.0003848393214757,6.47472327364189e-05,0.0387017828107063,0.0318304397676901,0.0208531923407622,0.00853681399331237,10
0.00814167995831027,0.00758475467567474,0.0104440071913438,0.00365315874705065,0.000661533801945044,0.00022319627379747,0.0245162663173251,0.0155327586087437,0.00351886744581752,0.00333283581694118,6.64255830516952e-05,5.78071136970685e-05,0.000109620330944824,1.33755956517777e-05,4.39692912362284e-07,5.00134944057881e-08,0.000602682117816723,0.000241537740505151,1.24044468843295e-05,1.114466565941e-05,0.00692943604217628,0.00371963080308523,0.00525765882627699,0.00238023004466708,0.000380676730026753,3.75840831758281e-05,0.020105189341188,0.0121742997553471,0.00270148339560192,0.00246777247865209,10
0.00359126254050953,7.00035682232891e-05,0.000742057932036015,0.000281464059982274,0.000467725396083322,6.16431595250639e-05,0.0151857541662479,0.0142310212708125,0.000263630128373223,0.0029045257240445,1.29239829155414e-05,4.81799387451601e-09,5.53323133841985e-07,7.95570578262152e-08,2.1986630663689e-07,3.78202702607159e-09,0.000231760124800737,0.00020338996592235,6.8950724481943e-08,8.47816245592108e-06,0.00249889771907448,4.7831850815567e-05,0.000472992732747201,0.00015276492911019,0.000237300870249145,3.75361007459852e-05,0.011721315770279,0.0115375860705754,0.000184162746585855,0.00214008411921092,0
0.00666866050871345,3.45344195618012e-06,0.000710928248286249,0.000231890861794379,0.000395028383556203,2.77329385026317e-06,0.00839944551867637,0.0134526870033889,0.000807729641224378,0.000524233617545243,4.46745355062807e-05,1.16812441050789e-11,5.07958686434572e-07,5.40427765196633e-08,1.5683146545353e-07,7.71029150976121e-12,7.08659881756015e-05,0.0001815932395837,6.53594533698021e-07,2.75285736190759e-07,0.00472934236733368,2.42028426187183e-06,0.000407411772040985,7.3750494606568e-05,0.00015191768173978,1.92357882596329e-06,0.00668585802549696,0.0105005728738063,0.000145738992719662,0.000283081190256006,0
0.0305589638311708,0.0670630995519159,0.0777322147313381,0.0242079076774119,0.0092133894662522,0.00569089385445827,0.15659239505031,0.0560116133860656,0.0808218695657772,0.0223567197939228,0.000938141134222361,0.00451880128531081,0.00607263456457452,0.000588561087682112,8.52390377912261e-05,3.25371755717935e-05,0.0246431915524965,0.00315142573829434,0.00656499293306194,0.000502031435981008,0.0221123407906643,0.051158993151466,0.059804463791044,0.0178519815017057,0.00648812931458367,0.00320936010969907,0.114865263203556,0.0447276742345044,0.0592109302968441,0.0171961121056063,10
0.0209943466931388,0.0328158961037016,0.0363111575222032,0.00947314787760836,0.00218333908582603,0.000779991857888096,0.0375178442626917,0.0338090170671821,0.0124076965652074,0.00709786746440757,0.00044294663616537,0.00108188170233692,0.00132457534658027,8.99501794536389e-05,4.73133376813959e-06,6.01581659997129e-07,0.00141384997456699,0.00114688341546241,0.000154697340247381,5.03343986014143e-05,0.0181720073580854,0.0259981574573886,0.0293008889462187,0.00743052299052368,0.00165992486348541,0.000590554537494011,0.0256374837799822,0.0283442456986563,0.0091120673943461,0.00575623739647331,10
0.00457559792756313,0.00269599627037602,0.00334339781911168,0.000826027596131412,0.000692035805698872,5.22715716129052e-05,0.0113241050026276,0.0163396038278884,0.000786591148274237,0.00399051690214483,2.09717658721711e-05,7.09845765812391e-06,1.0923329893759e-05,6.66030708161395e-07,4.80547875825298e-07,2.66423066361503e-09,0.000128479265305017,0.0002683039320938,6.20540459476871e-07,1.60028435357102e-05,0.00321051514188047,0.00193375587882716,0.00237990191475629,0.000607236547813955,0.00041626876355724,3.71254654430381e-05,0.00897769458341554,0.013544415003873,0.000544720827415903,0.00279111795589732,0
0.00665287656049152,0.000145977559570746,0.000676791186713834,0.000327841376795492,0.000422223778478216,0.000230670500519508,0.00955548724460515,0.0145529986291889,4.2481446882359e-05,0.00306714740494301,4.44803427104513e-05,2.085092861979e-08,4.5986724901077e-07,1.07992849807583e-07,1.79167494628631e-07,5.34712691767467e-08,9.17619257954365e-05,0.000212515712114724,1.8023082159857e-09,9.45397305833307e-06,0.00456110529289174,0.000103992651295314,0.000367866869656617,0.000116591922922275,0.000210888651849973,5.84667615818172e-05,0.00746172517633396,0.0117563756178962,2.91763837852466e-05,0.00228418705383753,0
0.0169438017927281,0.0747957534399348,0.0343895303712637,0.00830477236440862,0.00257077013176381,0.00199675451133068,0.0480206510015631,0.0299717396867783,0.0262226633341662,0.0173340501066181,0.000288367242298992,0.00561688337113304,0.00118841992878114,6.92782203777166e-05,6.63442368125934e-06,4.00266394903141e-06,0.00231714851790044,0.000901991459218599,0.0006906521077809,0.000301857987643998,0.0107775021406174,0.0470714695472276,0.0216620275077888,0.00476669587158282,0.00125582107678193,0.000753972560991529,0.0326875481912976,0.0217381590548615,0.0168735611907059,0.0118146359656948,10
0.0194267046994141,0.0396615037312874,0.0434929203355219,0.0105756525725109,0.000944084486170868,0.00221488042043422,0.0331744406833385,0.0224943824633818,0.012080019736129,0.0153517772572288,0.00037926737753627,0.00157331994212236,0.00190055965883778,0.000112396037751619,8.88622829813736e-07,4.92144161554977e-06,0.00110591248453656,0.000508249318153192,0.000146310351946442,0.000236845693350418,0.015134497282025,0.0271121849522621,0.0324842462950555,0.00828046233286696,0.000398795313828898,0.00156485494882721,0.0255400977529113,0.0178236094321716,0.00898244036883809,0.0127809175535423,10
0.00573577109421334,0.00330037199769883,0.00310267968127042,0.00200889514878305,0.0005092326040735,0.000144423523612847,0.0174978806993837,0.0150765392469126,0.000740597401614042,0.00745238124932919,3.30413479200618e-05,1.0814269828909e-05,9.54381380626786e-06,3.98043363799538e-06,2.60567707427981e-07,2.03870439101271e-08,0.000307617410993845,0.000228431119338444,5.4722800879856e-07,5.57885357942829e-05,0.0040875313692609,0.00250953269246739,0.00234074814069566,0.00148644400184756,0.00021086223038439,0.000103438164611651,0.013255235629694,0.0121168179187003,0.000536276210707195,0.00577082609204039,0
0.00324535695752896,0.000312021662317339,0.000666467772270479,0.000273713598901025,0.00056628652293445,0.000231234592898917,0.0150603141458932,0.0111702519052714,0.00924078729214249,0.00431825925670832,1.05768893509149e-05,9.72555141327265e-08,4.4640539396046e-07,7.48456229747704e-08,3.22208368504591e-07,5.37377803188819e-08,0.000227564899490359,0.000124675882086756,8.57296226174025e-05,1.87407078689474e-05,0.00239738687993815,0.000185428521279372,0.00038879610418897,0.000152497906125222,0.000289271676432029,6.63744115136111e-05,0.0125140512168297,0.00902215062846744,0.00419633154669774,0.00321210797410508,0
0.0110233037901928,0.025831359970611,0.0354268496423042,0.0072815942375473,0.00101405044524308,0.000810501732041116,0.0181663363470131,0.016200120975716,0.0211402541996209,0.00731151565756922,0.000121278382381639,0.00066472181960032,0.00123766363407995,5.30007428551572e-05,1.03332317498182e-06,6.60086630010589e-07,0.000328702517664156,0.000262854222235189,0.000445187638543197,5.35977102939775e-05,0.00593302830018121,0.0113157109537247,0.0163274118286264,0.0030907678354811,0.000438425802456029,0.000321328011691082,0.0123584197864639,0.0129942709392787,0.0106973099944944,0.00544931530038808,10
0.037429957674228,0.030688657509218,0.0465830887726372,0.00715282413644682,0.000705993665442332,0.000773893946087239,0.0850605579210934,0.0244200055945233,0.0191608249152117,0.0176838660780888,0.00140790620680738,0.000941734141067196,0.00215963483717983,5.12211840425967e-05,5.00718666907577e-07,6.01743171730185e-07,0.00726840459511461,0.000598396964039521,0.000366284482233882,0.00031409985727984,0.0286059351769917,0.0244217863904219,0.0334199563631961,0.00532666403754258,0.000462662956784398,0.000367543932788722,0.0628715644667286,0.0182803462867387,0.0146544781816799,0.0131976008949729,10
0.0556167375293893,0.106088594416785,0.0890030979468003,0.0269561220946203,0.00701583374088568,0.00603077952079325,0.0868584775227571,0.0700762923894056,0.083513264079634,0.0251931802173907,0.00310736876264836,0.0113042584424257,0.00795478657026822,0.000729956828301547,4.94572425289865e-05,3.65410082980839e-05,0.00757201660784128,0.00493187382066611,0.00700471951035896,0.000637562950436656,0.0443612559690752,0.0857343921996974,0.06978304689876,0.0212916553115597,0.00538128577885346,0.0043812633203973,0.0680469880589265,0.0559187673176444,0.063862093867909,0.0201286223331364,0
0.0405022308830498,0.0303286663633626,0.0163223026217013,0.00362004785776037,0.0012440123033828,0.00108907154649465,0.0332243461900882,0.0359715450448212,0.0182909947203833,0.00967538666072246,0.00164542427800564,0.000917136130177817,0.000260602101390388,1.27750817777585e-05,1.54201413086752e-06,1.18206317647266e-06,0.00110189622547263,0.00129884556486443,0.000331901476135886,9.3552112351905e-05,0.0341123239294323,0.022343418527493,0.0116338301955169,0.00252975618997772,0.000908695302581712,0.000845333004456326,0.0266284814738693,0.0290350849903386,0.0135928364436708,0.00753775321231033,0
0.0359108678744355,0.00925287276016246,0.0173389163018289,0.00499582470310059,0.000577901701266099,0.00318936231272134,0.116344039778087,0.0299325956255835,0.00950775910504778,0.0110794288984206,0.00129603234933739,8.59401978253808e-05,0.000300816824633208,2.50477435322487e-05,3.35640003069969e-07,1.01473486503726e-05,0.013404837274423,0.00089839561985929,9.01080903560945e-05,0.000121950243338784,0.0290352637802394,0.00460475666695053,0.00780949619226371,0.00233264289327257,0.000321915304868281,0.00107471956669079,0.0510024227471713,0.0255103590753192,0.00417307233355578,0.00722938704229498,10
0.032298342226013,0.0182156848652405,0.0323475369782606,0.00858584730587601,0.00127470674107545,0.00403078193724351,0.221477736920146,0.0291234879592606,0.00761216987274501,0.0241644060132774,0.00104629364165996,0.000332416148822425,0.00104595413709875,7.38434559621495e-05,1.63284869116296e-06,1.62367642608436e-05,0.0490968479950306,0.000851243890755086,5.76274014949119e-05,0.000585577272788054,0.0264269748664911,0.0146385090308042,0.0274919331733522,0.00710687960096349,0.000662216845216886,0.00279175263559897,0.16961665743311,0.0209387490789732,0.00551931899134195,0.0173564758443386,10
0.00580935740144958,0.00328766968754398,0.00769063354956889,0.00175934576364005,0.000691258943765225,0.000383137956124534,0.0387223071821511,0.0138947408244051,0.000451447073527084,0.00479517386420031,3.3617090943161e-05,1.06349965419906e-05,5.83959052817979e-05,3.04583055916273e-06,4.7999400471278e-07,1.46349796955027e-07,0.00150593321270053,0.000193656943751789,1.99985085904721e-07,2.31025581870656e-05,0.00414485529803686,0.00241127512651435,0.0056508812308806,0.00128126279910993,0.000394685892246294,0.000225206540756421,0.0307353185004949,0.0116143511979923,0.00032582197584731,0.00358007671164902,10
0.00760115744961181,0.0669905828423602,0.000726667257230357,0.00025045383108125,0.000399870817642325,3.40333709445861e-05,0.0287942038919724,0.032454986094802,0.0179494791311022,0.00601738896464715,5.80152429767177e-05,0.00450482968555109,5.28637194871536e-07,6.28183770735222e-08,1.60699361757742e-07,1.15322175334066e-09,0.000833131966477947,0.00105742429354144,0.000323545472936372,3.63744161399015e-05,0.00527844986588721,0.0326223260156776,0.000530978527182546,0.000104225486102616,0.000165852376958442,2.53018389378795e-05,0.0220401568494573,0.0228302606911825,0.00839538291124329,0.00460682348522846,0
0.0039812100908127,0.0188112909189186,0.0072668037979748,0.000581608756338164,0.000513898690872233,1.98881520139686e-06,0.0256477419495989,0.017988752099426,0.00427146818681626,0.00414095764518578,1.58097147520972e-05,0.000350605613792343,5.29591893664377e-05,3.39911269740895e-07,2.65418953779625e-07,3.91886580806425e-12,0.000661097577419556,0.000322381361391693,1.81098539932902e-05,1.7230063338609e-05,0.00256911431868795,0.0136448171077973,0.0029799696316276,0.000194865319789168,0.000232791370642652,1.44442817967164e-06,0.0196943319126825,0.0147801721359243,0.00306385960178552,0.0028129126459713,10
0.00776711275568385,0.00601562553999953,0.0251474347005183,0.00244629534462134,0.00051513935661304,0.000229901174667579,0.0233011922132615,0.0147702990351104,0.000421015795026446,0.00729776152164045,6.06225426099097e-05,3.62809237322994e-05,0.000634241500059385,6.01016639195536e-06,2.66696457590237e-07,5.31128757219991e-08,0.000545297678062626,0.000219196597235087,1.77471346019123e-07,5.35216249838713e-05,0.00618860397707757,0.00413241333753889,0.0207272520111722,0.00156128004508862,0.000242100872598454,5.13553212122069e-05,0.0192697518768947,0.0121894692310106,0.000269625176658052,0.00550558229332634,10
0.00236391527387994,0.00152430523577298,0.00855493790751691,0.000640091424173761,0.000679460253941621,0.000233164009819464,0.0214766034776069,0.0133271180844475,0.000232349529618897,0.00445650751755214,5.61549610471244e-06,2.30608694906938e-06,7.29167308415087e-05,4.06967613459878e-07,4.63845881217799e-07,5.46247672076955e-08,0.000463428063811775,0.000178402425886023,5.42505787774795e-08,1.99491914868301e-05,0.0015989391533575,0.00112383232041984,0.00524772158826701,0.0004494584306586,0.00036392846804758,7.89193913941627e-05,0.0163963854162135,0.0106112287332923,7.56436080635204e-05,0.00329568866919519,10
0.000714911270663153,6.62355994748233e-05,0.000544815431022688,3.27473110668346e-05,0.00040278442225315,0.00023120162683388,0.0202573377705031,0.0113299062543468,1.3583951814082e-05,0.00300943570421816,5.13624533008803e-07,4.4013318289877e-09,2.98136878793334e-07,1.07432292423112e-09,1.63018058834335e-07,5.37207278285126e-08,0.000412414029383348,0.000128992215916375,1.8435062422321e-10,9.07042723301451e-06,0.000344690360573546,4.90284267426102e-05,0.00032595655224896,2.24763110345437e-05,0.000168401556725748,6.64588903115157e-05,0.016116446371952,0.00908840478000683,1.00409621640209e-05,0.00226537724608069,0
0.00157168567229991,5.40531017488651e-06,0.000398941172655252,0.000323248360508657,0.000459604856720719,0.000232001630478654,0.0209004947924532,0.0102737910630583,7.81337669032968e-07,0.00297363251946543,2.48260854906226e-06,2.8662661258143e-11,1.59952483953401e-07,1.05013837411475e-07,2.12297966981336e-07,5.40944354250306e-08,0.00043847878626964,0.000105917467161966,6.04676362696477e-13,8.88584067263007e-06,0.000970786627601479,3.77416069757288e-06,0.000162686531415877,0.000106551174515046,0.000216495776265103,7.01478989261908e-05,0.0176521191040109,0.0083861143265371,5.67455327817724e-07,0.00222508577910377,10
0.011229641983284,0.0302054485387614,0.0348821428261599,0.0137293190846737,0.00151400055494324,0.00118632877464975,0.0312351042291288,0.0215097310274998,0.00194432923474701,0.00970730227792018,0.000126250375436737,0.000916577069366237,0.00122285380196116,0.000189380302744907,2.30348674787263e-06,1.41441776094838e-06,0.000980533300230915,0.000464992213208106,3.79940138602673e-06,9.46255691118008e-05,0.00813803936929612,0.0209775211010101,0.0262578910793791,0.00943981664339912,0.000810449831804613,0.000613687079774493,0.0238621730797174,0.0173581194901205,0.000908336115373169,0.00674600647472142,10
0.0131672304256118,0.0194816759086816,0.0239566795643894,0.0111680689872915,0.00065849947939153,0.000677611414504924,0.0366143146353174,0.0114464007610024,0.00063019245005439,0.00874490019053078,0.000173787927567694,0.000381226459215233,0.000576775713353568,0.000125279564115324,4.35172102353443e-07,4.61460350410097e-07,0.00134612873324129,0.000131678291435502,3.99073727580504e-07,7.67225759441421e-05,0.00994823943673125,0.0156971371606877,0.017362163704897,0.00703474429498606,0.000450750670521484,0.000439267369916594,0.0298912681383767,0.00936475169556188,0.000461757655803146,0.00652203986100983,10
0.00344361723713182,0.00209285854058259,0.00143551416178698,0.000351856566909407,0.000151486663810441,5.48255816590281e-05,0.023901143251682,0.0146833087241138,3.65979808750166e-05,0.0021362986301404,1.19178034809307e-05,4.38316388051624e-06,2.070403909507e-06,1.24156346080186e-07,2.30326850457048e-08,3.0046859996986e-09,0.000574044228238352,0.000216490899480923,1.3266330815812e-09,4.58387625721361e-06,0.00260483734486027,0.00144317242376626,0.00105785423734993,0.000184514359143778,9.17257972901925e-05,3.92945549692431e-05,0.0196136908954016,0.0114789165160214,2.65872695474107e-05,0.00158337692586322,0
0.0023458080526049,0.000257904401109295,0.000715455354418351,0.000397413039578769,0.000326981814578553,3.06479125146456e-06,0.0183819276511959,0.0103378113717164,1.95217413046897e-06,0.00337995661978998,5.52998924495124e-06,6.67150355105701e-08,5.14179972086612e-07,1.58669170152893e-07,1.07453353301293e-07,9.43087074161713e-12,0.000337820843668344,0.000107353311344011,3.80368743642796e-12,1.14815099549158e-05,0.0013838283834543,0.000119925320783945,0.000420412409966615,0.000168765746143888,0.000120567456690364,2.18697417572253e-06,0.0155548705923062,0.00825519330724519,1.41259465834605e-06,0.00232796568697463,0
0.0113924126425827,0.00316073599061147,0.0178393419334255,0.000954641688163933,0.000559552874254978,0.000878987817230034,0.0240645786700242,0.0169085764668173,1.05574193085026e-07,0.00568775551954558,0.00013040400656044,1.00163087144612e-05,0.000319660908959933,9.15452086178087e-07,3.14671311542783e-07,7.76441843049559e-07,0.000581833561225622,0.000287226288400055,1.11825058055899e-14,3.24903957664137e-05,0.00806722785381482,0.00165953938570957,0.0130018903341992,0.000564823138602078,0.000263564086502636,0.000413054479945,0.0201204894098204,0.0134728757572725,7.55091338620068e-08,0.00416397435494977,10
0.028397582176195,0.00199287119266374,0.0173679466737125,0.000438334382291308,0.000642751876115218,0.000461263195912657,0.0199039802939901,0.0245892868012429,0.000230296051708712,0.00291133277484859,0.000810107087767075,3.96128052821172e-06,0.000302804135446224,1.92872893258933e-07,4.15203043152665e-07,2.13832553723823e-07,0.000398076569965146,0.000607664555251656,5.33027514147933e-08,8.51221088950026e-06,0.0208082967159002,0.00146839343970843,0.0133821900739134,0.000234766055748137,0.000327767969831253,0.000227016955917399,0.0162861603084086,0.0192076924374366,5.38013425769921e-05,0.00178118442824735,10
0.00394582071177858,0.000131021960048753,0.00122414334537367,4.85273074392928e-05,0.000466550032007422,7.50951398630694e-05,0.0251665825276772,0.0180543300957147,2.25258806432631e-05,0.000960726010165182,1.54553247669958e-05,1.69528225123472e-08,1.47118778834634e-06,2.34763704288427e-09,2.18754537146629e-07,5.6154095617771e-09,0.00063647432264099,0.000327552411422186,5.09839380103359e-10,9.25944520647838e-07,0.00266634206509556,9.52102481048948e-05,0.000843775412315478,3.46763301636868e-05,0.000217466344441429,3.54809844409845e-05,0.020857323654552,0.0139055866541846,1.63190573225573e-05,0.000560111315843902,0
0.00361244005055795,6.97777041067326e-06,0.000713414326654563,2.65081339003354e-06,0.000456622122366022,0.000229947298162999,0.0298748391953411,0.0121697997779029,0.000501338898048654,0.000784530421037121,1.31025764992286e-05,4.84659599041105e-11,5.11446844311369e-07,7.01480386074681e-12,2.09551509935687e-07,5.31354549738004e-08,0.000896276503036602,0.00014884775401641,2.52572709537948e-07,6.18422115415497e-07,0.00238938633203607,5.06056110820853e-06,0.00040034880204504,1.9200719448468e-06,0.000186968532540368,5.24112642192301e-05,0.0244890082597855,0.00965278151169942,0.000167697482914137,0.000482880210589398,0
0.0122013353609806,0.0114954038521745,0.019965742728857,0.00671221892050207,0.000610024155886578,0.0010516562913861,0.0277152817285123,0.0271113671273661,0.0039036546777111,0.00591274112934158,0.000147666239197224,0.000132754070796037,0.000400274745423311,4.52761200353626e-05,3.73998431303808e-07,1.11148663528359e-06,0.000771777223173454,0.000738718153114534,1.53128836209224e-05,3.48961304828637e-05,0.00819919581248091,0.00694741658236406,0.0124868229033988,0.00395876862977281,0.000323367554293077,0.00051062737389107,0.0218743693915256,0.0184496142488751,0.00209623597852105,0.00333363089424609,10
0.0219844961982689,0.00197043122351711,0.00986992198222718,0.00429536923175583,0.00083705764835234,0.000499023145890774,0.0320890079480438,0.0163121953623469,0.000588200129009633,0.006468184919089,0.000483896528880655,3.84265112207477e-06,9.77315219120444e-05,1.85073278244029e-05,7.04184030155306e-07,2.50173966236578e-07,0.00103323795327757,0.000267423970229491,3.46098694530453e-07,4.18577522347482e-05,0.0175368574636275,0.00137418923996143,0.00757038246146258,0.00280679868494534,0.00051874209968014,0.000290104255860885,0.0262141699473747,0.0138372603083322,0.000433953359122781,0.005278303823743,10
0.00341976567019294,7.90616299322249e-05,0.00134631326138356,0.000991254582813455,0.000737108190869223,0.000322643400402925,0.0270720715259655,0.0130043123225191,3.89065972756123e-05,0.00119333837993004,1.17358482020708e-05,6.17501791820796e-09,1.79433675969633e-06,9.73960106338661e-07,5.45836500784378e-07,1.04616979133159e-07,0.000734876906294332,0.0001697969256737,1.51980229523177e-09,1.42827404252879e-06,0.00235256822429301,5.07299290202909e-05,0.000953836806599596,0.000697768441083897,0.000400520137357586,0.000125913441748416,0.0216501192788446,0.0109003848533596,2.70802150640386e-05,0.000845100124279873,0
0.00550954792518387,0.000230987095206364,0.000558560525331319,5.77894326011846e-05,0.000463406813207372,0.000230138248428048,0.0258737466538304,0.0122515689355878,0.000231005753948274,0.000692015603591899,3.05028749626582e-05,5.36223474983445e-08,3.13363764461466e-07,3.30494936326524e-09,2.15742489585538e-07,5.3227411021126e-08,0.000672769895684794,0.000150600621815334,5.36307669993516e-08,4.81241760112394e-07,0.00403994954982561,6.19509397005346e-05,0.000276002235363791,3.97313876339512e-05,0.000205720134334918,5.82059101554735e-05,0.0198982551057884,0.0100799086021036,6.16066766558197e-05,0.000348742383139613,0
0.00587134577402785,0.0451871808627992,0.00162107810784763,0.000230900047843141,0.000553488201420433,0.000289894552290481,0.0224952892207769,0.0220933534154921,0.0232092058177668,0.00465353209040648,3.4618008728396e-05,0.00204970103092475,2.63267481943232e-06,5.35827255474989e-08,3.07802896683663e-07,8.42377392214298e-08,0.000507876274714344,0.000489398363547814,0.000540181551416289,2.17519946947775e-05,0.00378349390552221,0.0146751364591366,0.000742464517965566,6.1034520228253e-05,0.000258634684654711,8.62321601696658e-05,0.018617107459154,0.0148672538209005,0.00832304825016058,0.00304275461200572,11
0.0294617680007671,0.214565774072687,0.0954447283260739,0.0232197344441755,0.00164803129852868,0.00439929734872457,0.169144138716515,0.0982547551145462,0.0925750509649678,0.0532376815621936,0.000870670562932116,0.0462212367789553,0.00914970342875092,0.000541378003990105,2.72923997626556e-06,1.94500761694834e-05,0.0287510358428717,0.00968506267217932,0.00860567284274183,0.0028484064986972,0.0237450797461447,0.162461433229452,0.0712970401504278,0.0175988077396474,0.00103994480868562,0.00260606562615319,0.114707433517816,0.06984218058739,0.0698212023333737,0.0338277774877589,11
0.0104221468161366,0.0349858223301376,0.0155325584058291,0.0042915331637066,0.000414918408972652,0.000343367228924846,0.0272464897681627,0.0233884424450682,0.011532872447846,0.0123830282476585,0.000108010055740474,0.00120459517697834,0.000237724314305288,1.80728315100415e-05,1.72871930771655e-07,1.18113518072955e-07,0.000746000711054871,0.000542243678231884,0.000131321833879324,0.000154099147956911,0.00778895344865637,0.0251431007359106,0.0112951644732606,0.00313590235099134,0.00021088614412168,0.000249533957846483,0.0208655553012763,0.0187689549040581,0.00868989090860838,0.0100303336418288,11
0.00370648591556708,0.00203839396768365,0.0010287739111221,0.000223700919644707,0.000677080718002943,1.9338154235422e-05,0.0280389871055571,0.0165090929323257,0.00460821342576559,0.00708973105091361,1.38036240884631e-05,4.06646430016718e-06,1.04791054824988e-06,4.9047094447081e-08,4.60645852832889e-07,3.75660943264589e-10,0.000789572409859474,0.000273919562292825,2.13421603484311e-05,5.03943702070309e-05,0.00286216163140021,0.00145627852332167,0.000747743425750556,0.00016137938679087,0.000395504346011044,1.37344274805325e-05,0.0222708338800795,0.0132842158467271,0.00207723721423962,0.00578341948605709,0
0.00613686794229529,0.047498818408015,0.000558244818723856,0.000228824632829078,0.000408419619364755,1.05526642240431e-06,0.0265276529727288,0.0223948660835789,0.0279344013937939,0.00719802504627225,3.77996687318411e-05,0.00226391832935524,3.13089668740414e-07,5.26117241270584e-08,1.6757178646943e-07,1.1188041952553e-12,0.000706089420207841,0.000502596530992973,0.000784248834068065,5.18745616480982e-05,0.00396303672485741,0.019364544119045,0.000271902126310937,5.30434313501998e-05,0.000190264799061824,7.37654383555998e-07,0.0218478032101303,0.0162220912728873,0.0130345799229902,0.00554767992772519,11
0.0195359852364429,0.0796388420541097,0.00821194504426734,0.000507616846237797,0.000603263408213208,5.73700300197408e-08,0.0292576083242299,0.0889769034857066,0.0688458833229864,0.0232300484906726,0.000383383073959604,0.00637095743613701,6.77718464299962e-05,2.58962666190911e-07,3.65617972875709e-07,3.29778540207298e-15,0.000859739815587349,0.00795352455687827,0.00476345024313015,0.00054205963374252,0.0152124382291881,0.0624871921742822,0.00664310160816905,0.000220451348028376,0.000338860547681265,3.96195284962443e-08,0.0237255792919575,0.0727545552414005,0.0550956708677433,0.0193329209775226,11
0.0131274317991231,0.0455494291678751,0.00218300020552252,8.95186705837975e-05,0.000599771273153923,3.08975869537131e-09,0.0261157084097444,0.0377888147219558,0.0192140124499783,0.010422352810746,0.000172679057525009,0.00208515652088656,4.78470016310861e-06,8.03102643384295e-09,3.61350650096697e-07,9.52097820764761e-18,0.000685083140402298,0.00143473310867168,0.000370933254075451,0.000109039353617895,0.00780945679899204,0.0299258010237592,0.00150717995499339,5.98335166088017e-05,0.000323231800974972,2.11985622218855e-09,0.0201603641266391,0.0274636741588679,0.0143742628377593,0.00833353395551715,11
0.00694156158246608,0.00409668462442079,0.000651640685034037,0.00022981878514186,0.000605673015281409,1.64282193036532e-10,0.0295438235421146,0.0163377130393116,0.00177793674303811,0.00911489903947334,4.84079799367895e-05,1.68345985138151e-05,4.26387989372537e-07,5.30747716858821e-08,3.68577119408918e-07,2.67629731491219e-20,0.000877204243598105,0.000268261323274109,3.15986466372202e-06,8.32506227204858e-05,0.00491388402955891,0.00285416370783891,0.00036557947935715,5.27222613369254e-05,0.00033152402250509,1.12806373911803e-10,0.0232214568429289,0.0134270153741261,0.00135484688964902,0.00730901223927519,0
0.00661767235330444,0.0623376366558709,0.00201622241893603,2.73527738929947e-05,0.000518203819812488,8.61166564056539e-12,0.0244648513953006,0.0282534284096043,0.0250553909720455,0.0085108206438071,4.40126703559421e-05,0.00388962855702777,4.0768858912397e-06,7.45329885508682e-10,2.69640834975661e-07,7.31025680923461e-23,0.000601305962122927,0.000802098652246677,0.000630272171176175,7.27774271249644e-05,0.00424506364053156,0.025557225769864,0.000714684541779215,1.9914200163599e-05,0.00026024147091494,5.95432823137836e-12,0.0197354876157187,0.0182748538761018,0.00996506076877173,0.0066466977732499,11
0.0443149519858304,0.21914993242043,0.0241986980970131,0.00673719282265537,0.0019723576279789,0.00170420204609521,0.0388516521182666,0.143516167328516,0.074854353120375,0.0277528691685446,0.00195356915680444,0.0482149867887832,0.000587372139465802,4.54031919130671e-05,3.90234183461662e-06,2.91109770044182e-06,0.00151697237295314,0.0205330223424474,0.00562607678557983,0.000773259089933137,0.0287703601701212,0.171124953268303,0.0163689116840275,0.00362255312402056,0.0010033930354188,0.000709833292157024,0.0290993268106448,0.0967676348993638,0.061042681675376,0.0206799414028,11
0.0329024246787739,0.0953026986478658,0.0166443372596888,0.00395775136986243,0.000827974127524273,0.000758770344104581,0.0263769945793898,0.107752851650194,0.0443722042271175,0.0152754229324746,0.00107223226137649,0.00902964286366599,0.000277570614533472,1.55459378800219e-05,6.82331021909427e-07,5.71322751891037e-07,0.000699239191311403,0.0115122092862129,0.00197294029442427,0.000232762315196549,0.0243410159334275,0.0650850209792352,0.0125833469174694,0.0029302199727881,0.000585420078487689,0.000545932578222693,0.0213930508242214,0.0769024790308833,0.0296274606263326,0.0108843506355447,11
0.00355827060467123,0.0073397957678373,0.00165168206728445,0.00027106600272074,0.000567892293729965,0.000235620390579902,0.0234748992523127,0.0162705158520627,0.0040667215231884,0.00725611398989579,1.26124295150616e-05,5.25807267903623e-05,2.69706854845353e-06,7.34999829099443e-08,3.24075825430175e-07,5.57930654410191e-08,0.000553655470307931,0.000265965982037344,1.61739876086072e-05,5.27625011545916e-05,0.00271600907841292,0.005224795051879,0.00118659870694666,0.000186230269072895,0.000310272633692716,8.26649090038159e-05,0.019331235793115,0.0130425868940552,0.00290931383929913,0.00579086643793301,0
0.00219637011326752,0.000498079518018802,0.000468802891030171,0.000461404236014702,0.000751917700087095,7.12911611314872e-06,0.0172483011246271,0.011286140758499,0.000214904635554508,0.00521814355659462,4.82222369943569e-06,2.45168712161685e-07,2.20725015772583e-07,2.13947657353259e-07,5.68016900496772e-07,4.98614882550806e-11,0.000298996709523849,0.000127998238653803,4.50356208407109e-08,2.73576069620417e-05,0.00143901248981878,0.000344053513925363,0.00023423390508697,0.000208077481697154,0.000456118863573371,5.04047502894193e-06,0.013744379708107,0.00898772344171057,0.000152901029358719,0.00393784891649302,0
0.00283015970416475,0.00984144022164323,0.000908550565207148,0.000231821153734355,0.000713948205665321,0.000230105112472188,0.0164271591980236,0.0125408904726315,0.00872257832646346,0.00426648963634725,8.03461842673636e-06,9.6668866190658e-05,8.29367978654297e-07,5.40069270325301e-08,5.12210177941787e-07,5.32128048535422e-08,0.00027120587578646,0.000157296292275236,7.64496831470083e-05,1.82917230844707e-05,0.00178129232532733,0.00171471647597445,0.0004022101977793,7.08191583327399e-05,0.000399799331811948,5.28990497021297e-05,0.013155633327771,0.00944047329068381,0.00185152895935346,0.00327186615232748,11
0.0416585569184642,0.252369537224239,0.0371679924138557,0.0145347865870545,0.00870285840934019,0.0077480894812118,0.0519171207167259,0.232591472431472,0.135857192983828,0.0734776954956511,0.00174329365409159,0.0640059381358746,0.00138725285840604,0.0002119783654055,7.60800567802572e-05,6.02561897397643e-05,0.00270828864045709,0.0543287473849611,0.0185381738930319,0.00541133089811126,0.0296060537240163,0.187572649280852,0.0268074323808909,0.00971812115100887,0.00586632060181396,0.00580045355460478,0.0400670270242385,0.16598367123073,0.10172091690052,0.0547378631140219,11
0.00727487318332884,0.0200796702780891,0.00681956554849261,0.00376844924797912,0.00130626644904678,0.00180009677003759,0.023742948624077,0.0491959317080402,0.0231170972350796,0.0267776388931938,5.20072025036029e-05,0.000397523264658388,4.57019378500943e-05,1.39700583580031e-05,1.67416933204247e-06,3.18814809758233e-06,0.000565751633648033,0.00239602223992711,0.000527695392504676,0.000708091306587407,0.00553184843682644,0.0148163535879496,0.00490760218668763,0.00277683892702976,0.000958178555886879,0.00130639539203027,0.0195533739994859,0.0358258867712437,0.0167552888463743,0.0194750838384595,0
0.00202541675229983,0.00114564500503966,0.000822376100966504,0.000310679103343004,0.00071729871286426,9.85459849156331e-05,0.0186619641867028,0.0134801054531617,0.0014245326135849,0.00398531393514164,4.12264292592309e-06,1.29482280615243e-06,6.74998334702063e-07,9.58795444859039e-08,5.17085623962782e-07,9.49891944624242e-09,0.000349925501853384,0.000182544801785845,1.99000028553551e-06,1.59515593646924e-05,0.00133200396527609,0.000830285736937323,0.000565543297717959,0.000199435819558248,0.000413533154919268,7.06131213500966e-05,0.015332045267767,0.0114429415225854,0.000995187302881877,0.00299861836923767,0
0.0154992395934709,0.1196199644303,0.0133149661729834,0.00331906518363761,0.00110726158136272,0.000978272389538556,0.0290437863646217,0.0717032547993072,0.0520443139516029,0.0586581287887296,0.000239682140624981,0.0143023004127116,0.00017670980476384,1.10073687440178e-05,1.23175432275322e-06,9.60818272453268e-07,0.000845275134538172,0.00509641869703942,0.00271184550061796,0.00343195032950355,0.00887036606765937,0.0690246063019544,0.00646301581798078,0.00109446506482281,0.000637250760745527,0.000294602043429259,0.0234246610647057,0.0402062979488178,0.0304930878268075,0.0247349623488394,11
0.0289790990344183,0.114239350011291,0.024441084569882,0.00392078877320855,0.00075087438212275,0.000495668548119017,0.0317129084199146,0.129295139997749,0.0647311794324159,0.0478683920863182,0.000842172231029357,0.0130612816080023,0.000598781938888846,1.53739058256985e-05,5.66181690741745e-07,2.45696207279307e-07,0.00100733272253944,0.0167021742575261,0.0041963954247434,0.00228086686852876,0.0232748188723863,0.0728908001491943,0.0186387410696814,0.00285510963815975,0.000472471832790232,0.000348682112718853,0.0255875623550504,0.100433076061431,0.0498153841856107,0.0356062727563443,11
0.00472936390029405,0.0115542533305456,0.00203296022287397,0.00047749395656044,0.000511073445412946,2.77868064273993e-05,0.0219442030060862,0.0188452420646775,0.00418884516681645,0.00977413555513134,2.24783274146042e-05,0.000132370765297392,4.15087094253384e-06,2.28731794397711e-07,2.62498819928894e-07,7.7002504979351e-10,0.000483959786187236,0.000356915576276283,1.73025324471664e-05,9.56227054757326e-05,0.0034158160082064,0.00836000617837395,0.00147420548210177,0.000296965061234547,0.000221449277914951,2.01623193964933e-05,0.0179327385978736,0.0153447421942016,0.0027610855438598,0.00774565452032587,0
0.00633805294558521,0.000694044174678522,0.000617780363849314,0.000235050692319877,0.000513354651824646,1.51074530694385e-06,0.0203080978459967,0.0146251689717899,0.000312511102298689,0.00689874224282426,4.03669969613865e-05,4.72245315660932e-07,3.83569923310049e-07,5.55263408243947e-08,2.6485717436251e-07,2.28895217890649e-12,0.000414091112120865,0.000214820640343891,9.70583580483815e-08,4.77931362050054e-05,0.00450542018655661,0.000485216566009638,0.000336109112339854,8.63182837407583e-05,0.00023297752904883,1.08194731770782e-06,0.0156319266608552,0.0117301006644192,0.000192714184139904,0.00544648335444773,0
0.00620139790480923,0.0608657264367731,0.00752247923983517,0.000231326021381321,0.000605395107310022,0.000231367440746308,0.0192440490679479,0.0375619856081226,0.042158860122957,0.00957647082396725,3.8595467688898e-05,0.00372162084242517,5.65579406051094e-05,5.37787640221251e-08,3.68150332819973e-07,5.37998450449291e-08,0.000371282872393975,0.00141797231708782,0.00178504580680675,9.21084096526557e-05,0.00445923300757657,0.0304134746702544,0.00338067477231849,6.82792295971206e-05,0.000308148783479179,6.8237532133865e-05,0.015637840080158,0.0251080299551307,0.0242124425520703,0.0077538904746848,11
0.0239307595984976,0.117229873350513,0.0186010414199037,0.00443779759222881,0.000865810435259483,0.000291107431466865,0.0275219071282204,0.0973372103901798,0.0550613298802619,0.0242050428862499,0.000575258235883093,0.0138072818483545,0.000346588295987895,1.97918685063173e-05,7.53300528019807e-07,8.51198809831712e-08,0.000760975352292258,0.00951982159891793,0.00304286114516021,0.000588813309706268,0.0200502713575658,0.0948693975786749,0.0133917364191286,0.00254835895596645,0.000510979752791893,4.75167699143038e-05,0.0222957474866265,0.0764054084558835,0.0425573829722037,0.0171526489358675,11
0.00505500879101093,0.0231480248444264,0.00355180919919565,0.000456042764145049,0.000506858040385371,0.000139011297453317,0.0189594109850478,0.0155423682459736,0.00948406458920284,0.00637522753319163,2.56089126996258e-05,0.000537957661417255,1.24456162820711e-05,2.08068173225841e-07,2.58128223974302e-07,1.93762677374716e-08,0.000361247670293866,0.000241958269699285,8.96467924914835e-05,4.08475194598097e-05,0.00362882308780967,0.0168430631666128,0.00255708462486549,0.000316859893355435,0.000218102268101599,7.17087027078875e-05,0.0151577312267594,0.0123330694095381,0.0064804864566105,0.00490275032044527,11
0.00310518305051183,0.00132064121800088,0.000687576728522231,2.43604924219033e-05,0.000405642465504817,5.56648206359554e-06,0.0195607533221125,0.0161360184241029,0.000499973591946324,0.00552955934253986,9.6566404161859e-06,1.74079020572289e-06,4.74999319168725e-07,5.92716756946181e-10,1.65268977811188e-07,3.08837528017948e-11,0.000384497368418883,0.000261089041806932,2.49783476763685e-07,3.07273641637627e-05,0.00231403202102581,0.000954330548239816,0.000428837933787477,1.67339155596888e-05,0.000187633980067397,3.83351252919745e-06,0.0155370685902506,0.0130538595549957,0.000343658845465416,0.00435593617755742,0
0.00750202636673469,0.0784940338164944,0.00560616159963809,0.000734945848379838,0.000460122525990118,0.000223061872832059,0.0200379069833997,0.0457044388458529,0.0378951019030777,0.0122017225587306,5.65632067781622e-05,0.00619182210506668,3.1586982301592e-05,5.41601711903471e-07,2.12774403674097e-07,4.99701309058525e-08,0.000403359085384339,0.00209602709195279,0.0014430426469066,0.000149571242129235,0.00478619590890903,0.0433223043417885,0.00257566458317739,0.000305779644379291,0.00019124566430167,3.18436429006669e-05,0.0163292625588833,0.0284809783723108,0.0209451284715221,0.00802822344347319,11
0.0176810399343262,0.0944101052135578,0.0162898348566716,0.000969771704387848,0.000642085230554078,0.000332038753339774,0.0202627936164518,0.0841056147763347,0.0425827747782699,0.0219705859531061,0.000313902967439448,0.00895547170102911,0.000266690304203898,9.44104179948923e-07,4.14345153805778e-07,1.10788670097637e-07,0.000412359147233402,0.0071030470183537,0.00182203939028261,0.000485132241126562,0.0139080228730648,0.0665175310137575,0.0111795753003048,0.000614580269798376,0.000345814530916435,0.000139638768480536,0.0162951325515339,0.0652203910694575,0.0293804673615038,0.0165919571745924,11
0.0097832561984385,0.00697702476502702,0.000807125938091792,0.000400104999600787,0.000641514692822297,0.000232172337327607,0.018204707503043,0.0153035275616892,0.00548472137024712,0.0082203676140946,9.60140769920233e-05,4.8123083082368e-05,6.54416286369459e-07,1.60886289800754e-07,4.13606636456561e-07,5.41683468088535e-08,0.000332305621986307,0.000235334562137065,3.02171100295466e-05,6.78708662365478e-05,0.00701588889643805,0.00534137814041721,0.000566493996562898,0.000167044040776402,0.000355453552497988,7.3220188952621e-05,0.0145804132110686,0.0126458348920379,0.00398089245380059,0.0067751420315514,11
0.0217435806172547,0.000471884651038502,0.000647475678501578,1.93962767123309e-05,0.000510688048292576,0.000230801729124372,0.0168359365683012,0.0178383527562576,0.000403071696153982,0.00459423680104294,0.000475048730822507,2.22468894139178e-07,4.21253599380265e-07,3.77365179001518e-10,2.62112707938068e-07,5.35358360504154e-08,0.000284533859717438,0.000319771795373618,1.63130803989274e-07,2.11899200662688e-05,0.0178038165839963,0.000340887134746789,0.000339667058986967,1.49831093773785e-05,0.000237818667657375,6.17221541364741e-05,0.0125589046505043,0.0137687424487078,0.000237085395845849,0.00348556459639496,0
0.00680745690166767,0.0368328065175764,0.000746461346049723,1.6954612611163e-06,0.000511287033949731,1.78599456851473e-05,0.00936547326566125,0.0125371124433727,0.0268170533137712,0.0053498297553042,4.63837516067707e-05,0.00136072601788266,5.599925007941e-07,2.87230221244183e-12,2.62662508074221e-07,3.18327330468717e-10,8.80516854699155e-05,0.000157944346090222,0.000722325662864456,2.86988286324924e-05,0.00498557126017689,0.0133347512908856,0.000404231923780852,1.16664105514182e-06,0.000239808503774585,1.27142130455381e-05,0.00676743204072124,0.0098475640049223,0.00971658575959425,0.00385549817320996,11
0.0319998070064688,0.132712812758106,0.0195950857594439,0.00578891984832862,0.00168891578343243,0.00132622668552566,0.0250397327232596,0.101999781654765,0.0701511799102923,0.0858150869314003,0.00102811749748779,0.017670092480919,0.000385847687974906,3.36794153712655e-05,2.86631285956504e-06,1.76719208795237e-06,0.000629384453939724,0.0104467934517242,0.00494524019556329,0.0074006358016182,0.0238123821253378,0.109605114076462,0.0149612908773721,0.00410551827048592,0.000915631501772767,0.000639451656599281,0.0193428850450207,0.0789191836621217,0.0551105742665447,0.054515089474803,11
0.0169100114240545,0.0431461760253003,0.00796754919022024,0.0020043241455148,0.000535690146787686,0.000291243290044915,0.0210707000646245,0.0407629258417418,0.0432551278520578,0.00957405169556651,0.000286386449317093,0.00185595703769294,6.37514147135957e-05,4.03735943065135e-06,2.87744210697356e-07,8.48089156919621e-08,0.000445214240415559,0.00165933749047924,0.00188040506864511,9.11194428053957e-05,0.012776111562043,0.0255549531124461,0.0037620330582372,0.00149988723081929,0.000338214715396333,0.000171824514329703,0.0172729514557007,0.0274856792546279,0.0246185973043754,0.00751291532587385,11
0.0141737081589307,0.00176493756062421,0.000809701374893221,0.000227297260054686,0.000638364039549428,2.34293005920746e-05,0.0156091107564303,0.0131663829604498,0.0011919749096071,0.00502371716152334,0.000201834390115208,3.12810953953591e-06,6.5888862156886e-07,5.16395167359358e-08,4.09553945463625e-07,5.48714759289496e-10,0.000244821723303718,0.000174182001942704,1.4190739729919e-06,2.53634016874204e-05,0.0114631584902204,0.00126370463986827,0.000526615613511518,9.1390927464176e-05,0.000298660135863324,1.74103139954883e-05,0.0122192268790931,0.0105198390251928,0.000822393390869605,0.00400255659546757,0
0.0199062517724629,0.0024993509240329,0.000709499166354895,0.00011170636173987,0.00060640176538584,0.000230643833031119,0.00961350042636105,0.0133455194034692,0.000331159759429957,0.00554946687116176,0.000397970071499169,6.27489907519454e-06,5.05615765941393e-07,1.25218681854883e-08,3.69506202922611e-07,5.34563832924592e-08,9.28817511412898e-05,0.000178790237659487,1.10182856964939e-07,3.09478159467706e-05,0.0154812880376482,0.000572150559025555,0.000398113478141568,4.89552339691871e-05,0.000324797905538358,5.74759570259197e-05,0.00752525598853081,0.0103239340210838,0.0001267379421098,0.00421620615940704,0
0.0129593882780575,0.0909812801239785,0.00911160911927493,0.000288542080331747,0.000780528529459106,1.85887058207714e-05,0.0280136779936843,0.0458217270600824,0.0505338491414661,0.0154233822866689,0.000168789692410074,0.00831889030379407,8.34205545285291e-05,8.35389218224973e-08,6.12178477828068e-07,3.41459730256876e-10,0.000788260728838672,0.00211015444536525,0.00256647046410111,0.000239051604295598,0.00977813826712166,0.0613954123288418,0.00611753562790586,8.0302277223967e-05,0.000461588330739635,1.35828193155356e-05,0.0178391833596308,0.0348577550185857,0.0382082148444052,0.0106558477981839,11
0.0113205702119592,0.0555197812071587,0.00395501912182597,0.0002775370830393,0.000555922711519869,1.23448744454129e-06,0.0155838349850571,0.0438918021822377,0.0276186688044832,0.00732835499602045,0.00012866663332505,0.00309788266124834,1.57163388627361e-05,7.7305647928741e-08,3.10596265954212e-07,1.49093497706876e-12,0.000243767785729831,0.00193530126089537,0.000766498722922187,5.39723335411518e-05,0.00849191397728817,0.0437929262127132,0.00319202911956971,0.000110517469032742,0.00027413953792295,8.68583197613604e-07,0.0110457741053188,0.0327570421039722,0.0218766774781319,0.00538473932741383,11
0.00614325367667807,0.00556687996741289,0.0007758796273063,0.00032191563682559,0.000567625091521869,6.29598133256646e-08,0.0080121885478458,0.0131399954259941,0.00309019973126538,0.00374267486384478,3.78634506299836e-05,3.05263807736752e-05,6.02231371137973e-07,1.04074089910691e-07,3.23814841845124e-07,3.86594045865448e-15,6.45122282326823e-05,0.00017290051145627,9.3450700292227e-06,1.40742937616766e-05,0.0039345103476706,0.00386254600846636,0.000510123611954545,0.000103251609167586,0.000289625481105342,4.46820009565422e-08,0.00613397122859979,0.0100107534830911,0.00218520841284907,0.00253115569826136,0
0.00827362332685143,0.000440031025741685,0.000548913779450464,5.98193137028227e-05,0.00056068507905776,3.19535768469467e-09,0.0105464459818465,0.0139126720723597,0.000157890380000222,0.00528191136960541,6.87461790755311e-05,1.92522540486878e-07,3.02817440316347e-07,3.54324797147183e-09,3.15931257262853e-07,9.95679052738491e-18,0.000111778281064471,0.000194529692501463,2.43043583991451e-08,2.80333629523827e-05,0.00607142046051565,0.000279948314135632,0.000294950277265671,3.7188689037554e-05,0.000284692092676328,2.27351461787297e-09,0.00825562479222907,0.0116446286921175,0.000111814557626804,0.0040078698988443,0
0.0427796634859138,0.081574362377324,0.0233695758619806,0.00797337283685073,0.00241959888660176,0.00217200912452351,0.0230288032490141,0.161764154069112,0.0619266394915707,0.0199463954480523,0.00183928079280185,0.00668780324826882,0.00054887636113099,6.38922524996917e-05,5.88041910132389e-06,4.73653523581477e-06,0.000532754789704388,0.0262991261857258,0.00385370570146015,0.000399591315758604,0.0238830896942471,0.0498883491642665,0.0125415606351525,0.00311416357141789,0.00112860380799231,0.000816777887981642,0.0125886994843625,0.0863479392563049,0.0361374729550842,0.0122481440758892,11
0.0380437398431637,0.0811468879332319,0.0164922458511855,0.00307726674323089,0.000939983279626861,0.000908526759947378,0.0230267309134622,0.139232875092407,0.0467716398338009,0.0123864011534461,0.00145408093961625,0.00661786760935356,0.000273356347466982,9.51706648229302e-06,8.85195483622748e-07,8.26308385318479e-07,0.000532880987010597,0.0194798405694512,0.00219825465980774,0.00015391049243525,0.0298961002938078,0.0515922487582328,0.0110630106062837,0.00224829413456266,0.000678010936341943,0.000661125186434335,0.0172136030929989,0.0907987864247246,0.0351467748795248,0.00843636226398932,11
0.0201756334431998,0.00660968389432422,0.00108502851642157,0.000408982599173303,0.000560454807876876,0.000244034127524317,0.0126670400121571,0.0242314058911433,0.00521898695838008,0.00487410450341887,0.000409037092787862,4.38113373922971e-05,1.1655350305992e-06,1.67051153952543e-07,3.15647331762531e-07,5.96445802896961e-08,0.000161114423396899,0.000584024432215681,2.7365470974833e-05,2.38753280177024e-05,0.0158077301034023,0.00481624533262576,0.000785736149977719,0.000259274296374601,0.000281797992349473,8.98792494205993e-05,0.00960110523532238,0.0193120057441677,0.00366401414840483,0.00351394363140515,0
0.00698686669242536,0.000381786128829591,0.00046629410559493,0.000233061597655902,0.000606840573275877,1.67990953863118e-05,0.00675344347000549,0.0110517371818885,0.000489628442861007,0.00429908411280659,4.90498916950162e-05,1.46479392588825e-07,2.18374931910565e-07,5.45879479710427e-08,3.701044190428e-07,2.79363231443541e-10,4.55851222233516e-05,0.000122106769010965,2.40562153243694e-07,1.85745077764894e-05,0.00492208480479954,0.000269810076624786,0.000224725559081244,7.50011650332251e-05,0.000309453333928547,1.24119539848574e-05,0.00539017565153472,0.00829670540581746,0.000307675550843254,0.00309798313130582,0
0.00657655136006379,0.043596310870249,0.00523180601791648,0.000539605877711304,0.000720697939302413,0.00084553422119829,0.0761157877729564,0.0186306213898802,0.0230195719373466,0.0123552270679746,4.34640327027704e-05,0.00191013774934603,2.74494089611964e-05,2.92051933335019e-07,5.21982373419077e-07,7.15844396806903e-07,0.00579836965453808,0.000348554154404517,0.000531616525686073,0.00015224997708569,0.00524487718628707,0.0188777712938013,0.00224785751524022,0.00015204148500598,0.000403610551854279,0.00017645766981987,0.0353242875060802,0.0137942432043994,0.00989484705934784,0.00739028547446494,12
0.0108034490017076,0.0816062724977309,0.00945413950873811,0.000795315077815073,0.000561463936425321,0.0022385924880046,0.0647650291283396,0.0366292992228906,0.0601899185291207,0.0161280341786937,0.000117232999466737,0.00669215482028065,8.96632417899385e-05,6.35293452493965e-07,3.16814040653206e-07,5.03209414027135e-06,0.00419733540693505,0.00134844712793178,0.00363846665788756,0.000260596877666028,0.00887117465019789,0.0637811136512384,0.00779778372958795,0.000501480086797045,0.000281550608934589,0.00166027190412168,0.0514205312228346,0.0282031247540601,0.0488294800767958,0.0127449297048868,12
0.00532444581555142,0.0405265488646114,0.00906216371022429,0.000323401886136444,0.000401040301289115,0.000158653875245408,0.0254088318255728,0.0148625559724916,0.0489516095358329,0.0129343420258093,2.84724113011198e-05,0.00164865082004662,8.2527900081918e-05,1.05113045197955e-07,1.61633465935194e-07,2.5111283087723e-08,0.000648317636616955,0.000221806524292889,0.00240830022260921,0.00016809684600605,0.00406754370708099,0.0269557630146907,0.00530977388102271,9.98939902939464e-05,0.000169026492096721,0.000109618042532167,0.0204135029091103,0.0119579609932901,0.035943194991951,0.0101136531455405,12
0.00261438146635919,0.00205060271318247,0.000915397210268559,0.000399835541715105,0.00032884528795705,8.64209612601312e-06,0.0180593190880492,0.0107585235932499,0.00592966496880854,0.00920859078203088,6.86803848527985e-06,4.17467803419995e-06,8.36380478672565e-07,1.6063869970626e-07,1.08682486040483e-07,7.41447000511053e-11,0.000327628635945206,0.000116279335444709,3.49893928262534e-05,8.52101358755862e-05,0.00176685851010295,0.00144343757182878,0.000623086452392028,0.000160422077530794,0.00012008009099868,5.92946905572187e-06,0.0149371767194515,0.00852580811917754,0.0042176157313,0.00748853224084609,0
0.00298569269792105,0.0375141879526215,0.000459642794696416,0.000457780505627367,0.000585161899674746,0.000326530980420183,0.0210566085384313,0.0104154050955847,0.0170940475759723,0.00825772993736513,8.89196360713377e-06,0.00141040015998099,2.12316002039524e-07,2.10599877293591e-07,3.44109187604059e-07,1.07157951965318e-07,0.000445521975010129,0.000108767505468646,0.000293089639967173,6.83764107766468e-05,0.00164790374875806,0.0116686195131617,0.000195137614034805,0.000202937074231507,0.000258339120577291,0.000115430255936685,0.0165323521709426,0.00831010960348758,0.00714442169333813,0.00644585586314567,12
0.01195892101978,0.0831173573916975,0.00910649732485513,0.000504051795205918,0.000498199177067125,0.00141592405755998,0.0337056361818639,0.0280733324715254,0.0541282947322269,0.0236007374060669,0.000143707511385581,0.00693586861127687,8.29755687542795e-05,2.55332395305969e-07,2.48989553131445e-07,2.01377364118439e-06,0.00114034847333615,0.000789000426228381,0.00294084976154157,0.000558734873268733,0.00992316083581548,0.0682199896938157,0.00666179813377367,0.000248058298055303,0.000224286369020405,0.000841694437788493,0.0268990545736755,0.0231301913264055,0.0445349463611852,0.0200725112981004,12
0.00601041117885073,0.0920315029193503,0.0047075085186001,0.000237694291479462,0.000619423907159106,0.000211498020285993,0.0237282459060304,0.0161109294568357,0.0544202134978338,0.0158575731813795,3.6217514938337e-05,0.00850784047053002,2.19679571179255e-05,5.6781679041863e-08,3.85305173144596e-07,4.39155739528283e-08,0.000564325677565807,0.000259090665477361,0.00297570317438399,0.000251125161188707,0.00460539787606692,0.0732053979552082,0.00354219263917871,9.17606439315021e-05,0.000337312160915966,0.000151014508551975,0.0195864321545766,0.0131570955236415,0.0450055854338071,0.0131636733079784,12
0.0029481161753082,0.0200518966514767,0.000778291123533716,1.06038265363044e-05,0.000511283855715842,1.21631187920721e-05,0.0202164706352226,0.0136580345408592,0.0115684431714711,0.0102430222582507,8.73368427936525e-06,0.000396455485100784,6.0487070575638e-07,1.12698709875278e-10,2.6272435679459e-07,1.44477367658571e-10,0.000410744177461588,0.000187463426703438,0.000129896878152348,0.000105421694492186,0.00202670040949563,0.013451765606831,0.000521716337465509,7.41942509145433e-06,0.000237403921226559,8.6009702792241e-06,0.0163719548554356,0.0116887235277762,0.0064304199942437,0.00833180094740046,0
0.00240810428610983,0.000989302445396609,0.000562934108214452,0.000452989694786091,0.000514093841002797,0.000231268008636698,0.0182063320992686,0.00951980459750599,0.000484835013997347,0.010006642377138,5.82731036130642e-06,9.80419957268803e-07,3.18457136227566e-07,2.06173679808176e-07,2.65595249032947e-07,5.37528695070773e-08,0.000333127265895578,9.10096048780146e-05,2.34842681400577e-07,0.000100564891943718,0.00163304513428245,0.000705815292463738,0.000277044263338347,0.000187329670848858,0.000239927915458612,6.55185087150423e-05,0.0146872658732112,0.00750805660485437,0.00034696384246689,0.00807569629075065,12
0.00631751134406009,0.0316145185640971,0.00175678813334269,0.000335763871439578,0.000740620200442979,0.000396236383736498,0.0276041392751707,0.0198299757913289,0.0203168672863748,0.0154562703635661,4.01090007849345e-05,0.00100352755078101,3.10177684728156e-06,1.13258674644359e-07,5.5126440116441e-07,1.57791406813416e-07,0.000765772662824947,0.000395157485568152,0.000414847908953825,0.000240084791099077,0.00474450761683122,0.020473475212807,0.00102540476357375,0.000145816438910574,0.000421964739328502,0.000149072728895451,0.021691014404357,0.0153347212278865,0.0141265679343648,0.0124457272612178,12
0.00513993048401204,0.00984433704033527,0.000744004260558136,0.000232927123397683,0.000523689903172946,4.03464132780787e-06,0.0216127222765634,0.0148146191402553,0.00516388449752631,0.0106757803381153,2.65188159989926e-05,9.65653121821093e-05,5.56319402021033e-07,5.45225314105338e-08,2.755069435395e-07,1.63554177201666e-11,0.000469400732734219,0.000220523612902368,2.67992580135868e-05,0.000114423164746986,0.0040519344638356,0.00707322402516537,0.000441234535780056,7.99675148462467e-05,0.000293361468550798,2.89986440935909e-06,0.0173988437029697,0.0124025916002677,0.00369897070249699,0.00883622803456699,12
0.00345404625371146,0.000610921025886102,0.000511242608488097,0.000215884132695516,0.000538756404627953,2.44542259002693e-07,0.0206296806658676,0.00946780050060463,0.000397684219020676,0.0101811637462456,1.19807546320775e-05,3.70233944744115e-07,2.62610475018637e-07,4.68373212442382e-08,2.9153089417204e-07,5.95731348115066e-14,0.000427674056789959,9.00454624465867e-05,1.5865599689063e-07,0.000103955104092442,0.00273460661271344,0.000419400379512115,0.000241764028672405,3.16201722337767e-05,0.000236022483215423,1.67698524594869e-07,0.0170659278372493,0.00770422420918513,0.00026854572085877,0.00783076581895253,0
0.00337867361988301,3.20583913711705e-05,0.000512351441650207,0.000337810699416956,0.000578815511649284,1.2956182926414e-08,0.0193643782382575,0.011565452434919,0.0004372389143669,0.0109087013146241,1.14727993782319e-05,1.0133850578884e-09,2.63819144210231e-07,1.146887326778e-07,3.36710694492843e-07,1.66252731677074e-16,0.000376779161118481,0.000134331296046982,1.92007384925712e-07,0.000119545952296087,0.0021463178307362,2.21571817678481e-05,0.000241113153598527,0.000133673057787306,0.000297398252693203,8.90397162929597e-09,0.015905228046909,0.00950739111435881,7.32838690662504e-05,0.0088430576877905,0
0.00739347245543932,0.0688368952889087,0.00121127366585398,0.000231183423940565,0.000516938875920349,6.77169387399331e-10,0.0242789686620098,0.025606131794625,0.0374946946671064,0.0165966502386275,5.48264219479261e-05,0.00476231351356624,1.47422964454163e-06,5.37100644908624e-08,2.6834386862119e-07,4.51473197184242e-19,0.00059239808432073,0.000656707851702388,0.00141160936910017,0.000276109531553004,0.00496441489216086,0.0367845463001204,0.000668232677520428,6.54676671811548e-05,0.000255213629908954,4.69223027371386e-10,0.0197353402492013,0.0187457000114812,0.020768496663565,0.0125660176254662,12
0.00542711196884489,0.0681214996440174,0.000637269667781982,0.000327558640308373,0.000648040042663074,3.49234860022521e-11,0.0194194543353104,0.018157640095405,0.0389136543788173,0.0175963842625099,2.9471809095277e-05,0.00466339726109448,4.07554145545029e-07,1.07820666119525e-07,4.22041120469248e-07,1.19452431563295e-21,0.000379007137420408,0.000331186496225996,0.00152036995609502,0.000310638949361018,0.00399589491493528,0.0412319402948844,0.000421325292754697,0.000123749999002516,0.000351106920032225,2.44783818483342e-11,0.0159496701324615,0.0148156767509598,0.0209095667762568,0.0140535379053001,12
0.00173431822587749,0.00390334088450678,0.000637435836640783,2.20509682308627e-05,0.000397081015003451,1.78235671588999e-12,0.019258407660139,0.0124661766346979,0.0016595087797458,0.0108603120384717,3.02296187206339e-06,1.50327367552987e-05,4.0830148115263e-07,4.84096099228813e-10,1.58458414494269e-07,3.10006214223956e-24,0.000372466570719226,0.000155452510451589,2.76291558279844e-06,0.0001184015383702,0.00119522043897722,0.00284404335447899,0.000314865674970353,1.53432202849905e-05,0.000148032237308048,1.26279770001258e-12,0.0147907418376942,0.00964838378571666,0.00114228703267785,0.00892153435781299,0
0.00410349735624735,0.000210516213639401,0.000640887965331346,0.000231027838377974,0.000599435837522206,0.000230781546578867,0.0181440346664365,0.0105471581846069,0.00164451461206274,0.0114141877343066,1.69218060861651e-05,4.40929790340969e-08,4.12796265054546e-07,5.36402142335754e-08,3.6111691899529e-07,5.35266461247273e-08,0.000330684858428803,0.000111725868530763,2.71796007349528e-06,0.000130761601106938,0.00286063168643501,0.000152745571052558,0.000311803017697313,6.14252832851501e-05,0.000290777920051818,5.83255525523401e-05,0.0145111338483959,0.00856685831443351,0.000745563247299634,0.00908087523017129,0
0.00458441778081014,1.1315706643582e-05,0.000452087919899066,0.000231342809356131,0.000604993112679107,0.000231646375497204,0.0197433484798328,0.0128484000310376,0.00302058550171852,0.0104377564482944,2.10942209350753e-05,1.28226863150397e-10,2.05410058540083e-07,5.37854264450044e-08,3.67792075909641e-07,5.39296105913122e-08,0.000391619764322456,0.000165494126115129,9.1696123306072e-06,0.000109463291236737,0.0032866328536984,8.13968167210373e-06,0.000192365255608096,6.54671657540919e-05,0.000308004138586751,7.19278618300127e-05,0.0159410187665173,0.0105782005097662,0.00166052922307585,0.00847186777008483,12
0.00525896007422741,6.15396418687232e-07,0.00068286543958876,0.000230662927484386,0.000470341028719169,0.000231685553474424,0.0232628664531612,0.0115929315993808,0.00101165023628698,0.010278070284125,2.77300314247964e-05,3.804922916688e-13,4.68643745718637e-07,5.34677336301896e-08,2.22132443565059e-07,5.39474571584077e-08,0.000542699840361693,0.000133424906656382,1.02780268008983e-06,0.000106157028743417,0.00415421566083837,4.36407107216207e-07,0.000362083689014311,5.85612221445762e-05,0.000216993042735774,7.1165931634283e-05,0.0188113149133365,0.00965182940505294,0.000328214754145408,0.00836134115991642,12
0.00215979036430194,3.35782276978295e-08,0.000517227418505861,0.000231296239819238,0.000387682045191649,3.67010114443826e-06,0.0206204753453985,0.0125491686681614,0.000974210346402028,0.0115063682905943,4.67341688059428e-06,1.13261098045596e-15,2.68860741607571e-07,5.37667750629138e-08,1.51051043765383e-07,1.31594301297055e-11,0.000426345210120859,0.000157774469476496,9.53843392078819e-07,0.00013283990780695,0.00153317521847683,2.34418618138527e-08,0.000253683737234333,6.86021279486473e-05,0.000144645531901804,2.60526961779833e-06,0.0164982933874765,0.00994069300929191,0.000459805830622525,0.00943373494870979,0
0.00254622359403421,1.82424624300395e-09,0.000643528729687066,1.96747962584873e-05,0.000605756994974376,0.000231163404128123,0.0191336857117049,0.0107269232270481,0.000231374833089269,0.0110122823821965,6.51574106962956e-06,3.33316539729121e-18,4.16167855053463e-07,3.82329660478946e-10,3.68628375560244e-07,5.37050125831345e-08,0.000367934676504895,0.000115486037239559,5.3803120752234e-08,0.000121843010014896,0.00157778721455321,1.25874431071054e-09,0.000350673704051552,1.43563743332216e-05,0.000308867453311635,6.33142017165754e-05,0.0155876854684157,0.00884511819903852,6.85254947962793e-05,0.0087780610648069,0
0.00507541983467687,0.00470193868840591,0.000733625006889722,0.000230651352084838,0.000396906367091137,1.03730109590081e-05,0.0231887886267942,0.0151203682958247,0.00360750055355647,0.0122166498326127,2.58101902349333e-05,2.20621942070152e-05,5.4083167829638e-07,5.34612379137613e-08,1.58143263976168e-07,1.08123679031637e-10,0.000540322880660326,0.000229563037039436,1.30672421401206e-05,0.000149804218968903,0.00361438752674342,0.00149600399492988,0.000425385049029384,5.75333265546589e-05,0.000181188329012988,7.43924060862444e-06,0.0187159339346132,0.0122022577654908,0.00166801101638819,0.0094756524659893,12
0.0059750584948681,0.0249131946332363,0.000624356274917062,1.8633841966229e-05,0.000608825193503369,0.000327767228916443,0.0197760368346523,0.0174484808899408,0.0155469896121955,0.012087376288683,3.58207666050974e-05,0.000623761607517583,3.91298493921119e-07,3.42631309001208e-10,3.72439982980323e-07,1.07968277894998e-07,0.000393054406588899,0.000305897853118478,0.000242917598907678,0.000146794192544079,0.00383710851701278,0.0161677149534725,0.000303676338370602,1.35580207695304e-05,0.000320228319345586,0.000113508278610815,0.0162689704237584,0.0134226611878952,0.0111077608718599,0.00979196828122108,12
0.00238914149774989,0.00138944391183888,0.000656293821025085,0.000321002724522292,0.000510196970416551,1.41645942614903e-05,0.0201863427696898,0.0115038570958933,0.00218920997794546,0.00952419539251028,5.72812988938892e-06,1.88899496008545e-06,4.32798751295911e-07,1.03518320171645e-07,2.61603541155241e-07,1.99213050143004e-10,0.000409526760570175,0.000132824424893518,4.77898732060318e-06,9.11205733878792e-05,0.00167181104073558,0.000985226986658548,0.000354461488098303,9.86444879913827e-05,0.000257925319131724,1.00213099268948e-05,0.0162782109368323,0.00907504831577096,0.00138427053112605,0.0075310874466348,12
0.00461605143699156,0.000239125043595134,0.000507082409410862,0.000464557141698791,0.000630872190483272,7.57433986602187e-07,0.0152077346000191,0.0132104446313429,0.000638379387615154,0.00960727912721385,2.1412041814976e-05,5.7399335825646e-08,2.58391132081135e-07,2.16888302427076e-07,3.99994735443248e-07,5.59493421956827e-13,0.000232166003836885,0.000175390772167289,4.09562469161608e-07,9.25992136242468e-05,0.00291779677134425,9.22318120685059e-05,0.00023421349113803,0.000225659058002085,0.000316577481840997,5.3915970903574e-07,0.012261475225153,0.0104692004315873,0.00027380295261688,0.0079887346891374,0
0.0103587675793166,0.0258474437512739,0.00337517753471786,0.00032825921021888,0.000606398580947096,0.000315871317820345,0.0176489989055914,0.0159065466348244,0.00930212725006066,0.00978031638701704,0.000107821362705997,0.000671325891942196,1.14462593854925e-05,1.08288196158828e-07,3.69565213270792e-07,1.0027224666076e-07,0.000312940844905574,0.000252787572658765,8.6705524291087e-05,9.61352492932852e-05,0.00697176438115732,0.00969756926821732,0.00127106729216062,0.000118809281068142,0.000310184167529331,8.6213369998117e-05,0.0145131517653915,0.0129087581289431,0.00409759653808671,0.00773793172183508,12
0.0217883739371779,0.0616369305025221,0.00102380724194838,0.000230658349885734,0.000453514695246712,8.52236369209048e-05,0.0197351921055523,0.0241592745307861,0.0236776867160421,0.0115524323896131,0.00047695167689784,0.00381620688334767,1.0507591721334e-06,5.3460551118243e-08,2.06705360608563e-07,7.29470808656116e-09,0.000391383059697136,0.00058575311172687,0.000563411475272927,0.000133935759783342,0.0173631951045651,0.0486448466599309,0.000699602333947336,5.88910722872352e-05,0.000186316181273509,4.14955549379525e-05,0.0150788469920321,0.0199137081176125,0.0188024205049707,0.00958389335088433,12
0.00492295138084164,0.00827731421260546,0.000605642233705177,0.00032558098368149,0.000636678325497927,0.000231232819354315,0.0170803767797383,0.0120004669874728,0.00406011703073569,0.00830701846855652,2.42033724444133e-05,6.78768976549732e-05,3.68642120499648e-07,1.06535498089599e-07,4.07385124589249e-07,5.37360588320867e-08,0.000293171373073274,0.000144543120910949,1.64929602985385e-05,6.93170352284012e-05,0.00372377924581555,0.00575495956668792,0.000304915988653651,0.000113597865749025,0.000328323635110445,6.58088210898691e-05,0.0139027818957511,0.00977395432886656,0.00280547177679786,0.00686784122550004,12
0.00193766312397502,0.000439661706100967,0.000715917497468942,0.000329092140950624,0.00044640127291453,0.000327917819419647,0.0154746778619844,0.0122286973465125,0.00154421655939094,0.0113007228849923,3.77340289825736e-06,1.90142258621089e-07,5.15111810422703e-07,1.08830957786579e-07,2.00228527891231e-07,1.08070188122049e-07,0.000240198760063477,0.000149892082780742,2.39534992627929e-06,0.000127957095427477,0.00134238285158249,0.000306140966725341,0.000389980784460069,0.000125377761826542,0.000173659899858438,0.00011854074087765,0.0128385603504072,0.00994986308871446,0.000699769771544937,0.00920319401836201,0
0.00273159996715384,2.27864367211221e-05,0.000520914137554005,1.13407467480805e-05,0.000573422128917465,0.000230953363261191,0.0152080628020222,0.010198626019656,0.00267873126431434,0.00931268587417852,7.49736618814538e-06,5.07936870817513e-10,2.72714784951573e-07,1.28711363890224e-10,3.30289001622206e-07,5.36068232803582e-08,0.000232434713821338,0.000104495401013245,7.20232948584746e-06,8.71601994365171e-05,0.0019884126127859,1.60229825352738e-05,0.000262632351117344,8.05534819228267e-06,0.000302771286728574,6.45943368637597e-05,0.011756236392799,0.0085565818911259,0.000998614849762893,0.00751194283597111,12
0.00605847181728305,0.00022208769359626,0.00051417933799883,6.73425491143071e-07,0.000514091783487188,1.90600681786986e-05,0.0193954414999636,0.0199224374416932,0.00237858410148741,0.0105728801178068,3.68821065664302e-05,4.95707935758227e-08,2.65679807414326e-07,4.52864618609721e-13,2.65254037799412e-07,3.58951499270457e-10,0.000378061003018797,0.000398869370877788,5.67060215245495e-06,0.000112341940868196,0.00472969763938902,6.57077321829674e-05,0.000245716764492554,4.62561067794683e-07,0.000252593313122121,1.39296361210922e-05,0.0148689809754084,0.0164369962508885,0.00148444356632143,0.00836267116134829,12
0.00276897732013343,3.53762465780301e-06,0.000600356443086075,3.59389651315417e-08,0.000403308104183315,1.26623791578884e-06,0.0196889858564505,0.012452324980642,0.000973091730081736,0.00903335199658392,7.69593733737662e-06,1.2506018004913e-11,3.62217694897151e-07,1.2826484085507e-15,1.63409428716868e-07,1.5688872496661e-12,0.000389602056374071,0.000155793114136829,9.50891324499898e-07,8.19931970392724e-05,0.00187070626231913,2.56717865766142e-06,0.00027940384463451,2.46577600076416e-08,0.000195269530180947,8.90436568050271e-07,0.014888605702994,0.0100031707721911,0.000443972335828551,0.0072988041184572,12
0.00209682151616855,1.94774856372425e-07,0.000403326879249376,0.000430370341422411,0.000593691979296505,0.000231283738998512,0.00613182420943684,0.00996070186349554,7.20422637534187e-05,0.00907489565058806,4.41667001926705e-06,3.80802649490839e-14,1.63477167459875e-07,1.85993653028695e-07,3.54239068034276e-07,5.37607491384876e-08,3.77513093010861e-05,9.9694727726707e-05,5.16096741781063e-09,8.27659616894118e-05,0.00137973456977654,1.39018178558935e-07,0.000178432728243806,0.000166489176830349,0.000288501921992002,6.57159344592204e-05,0.0048099501950283,0.00805588104178314,5.32491435880408e-05,0.00723994470864762,0
0.00268019148987011,1.062401084323e-08,0.000635419370336239,0.000281827303480484,0.00056136887238257,0.000230282719604985,0.00615163353476487,0.0125062446410284,0.000226949430135041,0.00806100692327724,7.21292977886268e-06,1.1343291951746e-16,4.05746762642845e-07,7.96946907183143e-08,3.1671166759667e-07,5.32946485536783e-08,3.80256053991536e-05,0.000156856448726001,5.17616716826863e-08,6.52906282215196e-05,0.001830796740822,7.46299723598657e-09,0.000337111364154997,0.00011616366467855,0.000282670740924502,5.7804203710672e-05,0.00452646234741645,0.0103317536900605,4.17632285304289e-05,0.0064758543986656,0
0.00603520314146451,0.053120201517921,0.00380500382444244,0.000231608233251255,0.000590267994827967,0.00108780331764198,0.0111189676074999,0.0243034673786798,0.0283161449152501,0.0117080126593863,3.66059406664612e-05,0.00283498698646725,1.45450848114997e-05,5.39087830784662e-08,3.50103725852595e-07,1.18864875685565e-06,0.000124224080493469,0.000593336836633859,0.000804396735162316,0.000137601303748534,0.00369085776361052,0.0280636351221109,0.00154868164316534,6.96114512722618e-05,0.000305429653994582,0.000446732559523448,0.00844757449980273,0.0172146494240248,0.014893862690539,0.00863181275436119,12
0.00747517470841728,0.0792594319016855,0.00331572870076192,4.74248753585219e-06,0.000719089194781321,0.000419573933636798,0.00766135395715739,0.0187278205231005,0.0521111582559577,0.0144898513172567,5.61459088653189e-05,0.00631354162021784,1.10388945883627e-05,2.21137765674215e-11,5.19657412040743e-07,1.76473451190186e-07,5.89912278399618e-05,0.000352387813356775,0.00272635106841491,0.00021099557759433,0.00556934173890314,0.0519588186305151,0.00235507288450629,3.34209183123454e-06,0.000397851529395695,0.000304253164414597,0.00592629793343554,0.013769338977403,0.0345160673964542,0.0113672693907767,12
0.00346360324791211,0.00422413943110049,0.000632953303078951,0.000231251545659918,0.000604498015854318,0.000231563526252459,0.00649214358806008,0.0125406804690402,0.00310357315985115,0.010572353679148,1.20540816433459e-05,1.75232448310826e-05,4.02102466910767e-07,5.37443955432218e-08,3.67214358822605e-07,5.38906923031912e-08,4.23302717480307e-05,0.000158003970038662,9.4665071392278e-06,0.00011216401746473,0.00230393531151711,0.0030809352869737,0.000375668355113144,6.50394180349987e-05,0.000322451632054028,6.96663547276576e-05,0.00533776218467257,0.0101214992242024,0.00229493364217036,0.00873661100421832,0
0.00255009160319985,0.000243546983237621,0.000598098811209151,0.000224215508976974,0.000815627848328322,2.80400924994719e-05,0.00626612532355146,0.0118291472611709,0.000371996521765911,0.00899058817355653,6.52094760636675e-06,5.78670928018606e-08,3.59375774944141e-07,5.04997984653774e-08,6.68590614684486e-07,7.76957379856367e-10,3.94452389571649e-05,0.000140554248141903,1.37865152937516e-07,8.12332419685355e-05,0.00162964789822223,0.000173497576448204,0.000298261454763054,3.95308785116661e-05,0.000528116572294785,2.00580199701418e-05,0.00483837103886895,0.00959619429551454,0.000194799089218548,0.00734070480413332,0
0.0072815629597725,0.0529166756068361,0.0057419749304372,0.00387482543477423,0.000600176903187768,0.000231044361220956,0.00773641213866676,0.0187001140217715,0.040444754232384,0.0104839609768058,5.30901568113284e-05,0.00281337622864388,3.26270147383825e-05,1.48844334670822e-05,3.61971285060284e-07,5.36463078874597e-08,5.99317511590136e-05,0.000351445408235865,0.00164395543751565,0.000110159954011115,0.00416071523394781,0.0251230779673161,0.00192230108140004,0.000985997219194832,0.000306267932230979,6.22612672538056e-05,0.00598949002443966,0.0139875851389012,0.0179936993198404,0.00848806270140118,12
0.00920812231359331,0.0909153677725632,0.0126969905886846,0.00543554261162089,0.000638596702384999,0.000325258242436077,0.00891641024872148,0.0278075574761632,0.0661008482923976,0.0136860229282983,8.47637958874474e-05,0.0083065378062682,0.000161421794712312,2.94720629807437e-05,4.09795641987717e-07,1.06323051685686e-07,7.91258650477199e-05,0.000774920872804319,0.00439124537322436,0.000187151082810199,0.00721303480680586,0.0728492257899293,0.00890145232696109,0.00348709811864391,0.000335738803048429,0.000101277217500879,0.0068154614099712,0.0230421461381964,0.0534163001646088,0.01114821078219,12
0.00323599977557484,0.0394633460461521,0.00106566345063304,0.00035907326675773,0.000687379862765682,0.000231227057501456,0.00625311966450321,0.0173043158936798,0.0251468580218815,0.00912968481204899,1.04666514399679e-05,0.00156514565347836,1.1379255792083e-06,1.29430958156317e-07,4.74770813318021e-07,5.37338926972098e-08,3.89575685129619e-05,0.000296469081517396,0.000635499469798309,8.36712694028727e-05,0.00230509061793976,0.026376796934238,0.00074992245606548,0.00023222153346033,0.000411311298692436,6.58641314391544e-05,0.00463619802632825,0.0136265201811884,0.0164911545488108,0.00722463087704622,0
0.00231746087152896,0.00265108902406576,0.000565870890429652,1.93575099235592e-05,0.000782361457004067,1.22138081607394e-05,0.00559565317220089,0.0128187990087418,0.0010224072841374,0.0099352610680084,5.39652254372109e-06,6.95972159219547e-06,3.21809325841098e-07,3.75116609028836e-10,6.15159678210025e-07,1.47731094985726e-10,3.1466101522228e-05,0.000164146971881111,1.02097523448334e-06,9.90840281785148e-05,0.0016431831377153,0.00184014231815462,0.000288274411439127,1.514305280795e-05,0.000449954638452092,8.68335442006601e-06,0.00449572457356456,0.010211683495685,0.000730940550187909,0.00815886604816913,0
