1.45945195193264E-05,1.00001459451952,2.00001459451952,3.00001459451952,4.00001459451952,5.00001459451952,6.00001459451952,7.00001459451952,8.00001459451952,9.00001459451952,10.0000145945195,11.0000145945195,12.0000145945195,13.0000145945195,14.0000145945195,15.0000145945195,16.0000145945195,17.0000145945195,18.0000145945195,19.0000145945195,20.0000145945195,21.0000145945195,22.0000145945195,23.0000145945195,24.0000145945195,25.0000145945195,26.0000145945195,27.0000145945195,28.0000145945195,29.0000145945195,30.0000145945195,2,0,116
1.49833240637717E-05,0.00001145,1.93545226130653E-10,5,2.17485631709315E-05,0.0000159,4.06140703517588E-10,5,2.50099980007996E-05,0.00002055,4.75354271356784E-10,6,2.65706605111729E-05,0.0000178,5.47447236180905E-10,5,1.14837720599298E-05,8.66325095156626E-06,1.32516831532089E-10,21,1.24298028946561E-05,0.00001155,3.03291457286432E-11,2,1.57162336455017E-05,0.0000114,1.37437185929648E-10,2,1.3228756555323E-05,0.0000102,1.26633165829146E-10,2,0,221
1.4422205101856E-05,0.0000107,1.67879396984925E-10,3,2.259424705539E-05,0.00001615,5.0841959798995E-10,4,2.6229754097208E-05,0.0000233,5.39407035175879E-10,8,2.17025344142107E-05,0.0000182,4.68502512562814E-10,7,1.07654006374664E-05,8.30126615557623E-06,1.16474583621521E-10,22,1.52315462117278E-05,0.0000129,7.61306532663317E-11,2,1.17898261225516E-05,0.0000082,7.21206030150754E-11,0,1.29228479833201E-05,0.0000104,1.31658291457286E-10,3,0,332
1.3114877048604E-05,0.0000108,1.05286432160804E-10,4,2.8661821295933E-05,0.00001995,7.45123115577889E-10,2,2.89482296522603E-05,0.0000262,7.7948743718593E-10,10,2.41039415863879E-05,0.000021,5.38804020100503E-10,8,8.65684929925042E-06,6.7238555103033E-06,7.53025728317127E-11,22,1.50166574176812E-05,0.00001135,1.10489949748744E-10,1,1.21655250605964E-05,0.00000960000000000001,5.61206030150754E-11,0,1.49499163877261E-05,0.00001195,1.08479899497487E-10,1,0,440
1.79443584449264E-05,0.0000152,1.29437185929648E-10,3,3.18355147594632E-05,0.00002315,5.51856783919598E-10,1,2.83637092073657E-05,0.00002535,5.71736180904522E-10,8,2.19658826364888E-05,0.00001895,3.26630653266332E-10,8,7.87754539808685E-06,5.95969204147274E-06,6.23614809607922E-11,22,1.37477270848675E-05,0.0000095,1.25628140703518E-10,2,1.34536240470737E-05,0.0000114,1.38130653266332E-10,0,1.39104277432436E-05,0.00001065,1.2606783919598E-10,1,0,548
2.07605394920267E-05,0.0000171,3.53557788944724E-10,6,2.73495886623547E-05,0.0000205,6.82522613065327E-10,7,2.37486841740758E-05,0.0000212,4.66331658291458E-10,14,1.95320249846246E-05,0.00001545,2.83917085427136E-10,5,6.78818608417058E-06,4.68993912266993E-06,4.62674856031763E-11,30,1.64468842033985E-05,0.00001275,1.59997487437186E-10,4,1.46969384566991E-05,0.0000115,1.80904522613065E-10,3,1.25099960031968E-05,0.00001005,1.27434673366834E-10,2,0,651
1.66282891483159E-05,0.00001365,2.53263819095477E-10,8,2.31948270094864E-05,0.0000185,5.27678391959799E-10,12,2.18746428542274E-05,0.00001845,4.66771356783919E-10,17,2.09045449603669E-05,0.0000167,3.46572864321608E-10,6,6.52849955660597E-06,3.96721805289509E-06,4.28286744300801E-11,47,1.3856406460551E-05,0.0000116,1.00341708542713E-10,3,1.43527000944073E-05,0.0000103,1.14412060301507E-10,3,1.58271917913444E-05,0.00001225,1.50248743718593E-10,1,0,756
1.90131533418315E-05,0.00001455,2.29243718592965E-10,5,2.21923410211722E-05,0.00001605,3.65505025125628E-10,7,2.33987179135952E-05,0.00001595,4.73304020100502E-10,10,2.48394846967484E-05,0.0000207,5.11396984924623E-10,5,1.09308182925735E-05,7.36475376081424E-06,1.19743615912743E-10,37,0.000012,0.0000095,6.6894472361809E-11,0,1.35830777072061E-05,0.00001015,1.23494974874372E-10,2,1.59843673631458E-05,0.00001175,1.47032663316583E-10,1,0,860
1.87483332592527E-05,0.00001315,2.57726130653266E-10,3,1.8907670401189E-05,0.00001385,3.12138190954774E-10,11,1.86010752377383E-05,0.00000960000000000001,3.12753768844221E-10,5,1.994993734326E-05,0.0000153,3.71768844221106E-10,4,1.1342703406766E-05,8.52134763000461E-06,1.2900730888922E-10,24,1.25499003980111E-05,0.00000865,8.30929648241206E-11,0,1.44395290781937E-05,0.00001185,1.30831658291457E-10,3,1.35646599662505E-05,0.0000112,1.10592964824121E-10,5,0,965
1.18110118110177E-05,0.00000895000000000001,1.09243718592965E-10,2,1.83030052177231E-05,0.0000142,2.69105527638191E-10,9,1.802775637732E-05,0.0000122,2.48804020100503E-10,4,1.17898261225516E-05,0.00000900000000000001,1.30653266331658E-10,4,9.32355569347737E-06,7.3710433303617E-06,8.70622778074138E-11,29,1.21860576069539E-05,0.00000915000000000001,9.3464824120603E-11,1,1.21243556529821E-05,0.00000990000000000001,7.8502512562814E-11,3,1.24899959967968E-05,0.0000112,8.92060301507537E-11,8,0,1074
1.26491106406735E-05,0.0000098,1.07246231155779E-10,2,2.18288799529431E-05,0.00001635,3.07736180904523E-10,2,1.84526420872459E-05,0.00001395,2.36620603015075E-10,4,1.26491106406735E-05,0.0000104,1.0427135678392E-10,3,8.38168637891043E-06,6.39488163526833E-06,7.06029762146927E-11,22,0.000013,0.0000108,1.37195979899498E-10,3,1.12694276695846E-05,0.0000098,8.25226130653266E-11,2,1.29614813968157E-05,0.0000109,8.37788944723618E-11,4,0,1176
1.42653426176871E-05,0.00001135,1.24017587939698E-10,2,1.99749843554382E-05,0.000015,3.41417085427136E-10,8,2.22373559579371E-05,0.00001425,3.82992462311558E-10,5,1.72191753577226E-05,0.00001365,2.04399497487437E-10,6,9.77579817581666E-06,7.30794775543349E-06,9.60406894274144E-11,20,1.6140012391569E-05,0.00001335,1.64298994974874E-10,4,1.46116391962025E-05,0.00001315,1.19032663316583E-10,1,1.59059737205869E-05,0.0000124,1.02221105527638E-10,2,0,1278
1.20415945787923E-05,0.00000790000000000001,1.19587939698493E-10,3,1.83303027798234E-05,0.0000138,3.28643216080402E-10,10,2.65894716006167E-05,0.0000194,4.26894472361809E-10,7,1.65529453572468E-05,0.0000121,2.06140703517588E-10,8,9.23716581687343E-06,6.78844544777287E-06,8.55088502556071E-11,33,0.000016,0.0000136,7.95075376884422E-11,3,1.47986485869487E-05,0.0000128,8.94874371859297E-11,5,1.60468065358812E-05,0.00001335,8.23492462311558E-11,2,0,1383
1.06066017177982E-05,0.00000715,9.9675879396985E-11,6,1.85472369909914E-05,0.0000142,3.44723618090452E-10,5,2.35902522241709E-05,0.00001845,4.5979648241206E-10,7,1.48155323900291E-05,0.00001185,1.91836683417085E-10,9,7.02733398170832E-06,5.42901811990047E-06,4.96308236869027E-11,32,1.35277492584687E-05,0.0000115,8.9356783919598E-11,3,1.28452325786651E-05,0.0000098,1.06241206030151E-10,5,1.29614813968157E-05,0.0000102,8.74371859296483E-11,2,0,1485
1.17473401244707E-05,0.00000980000000000001,1.14562814070352E-10,6,1.67182534973005E-05,0.00001235,2.49947236180905E-10,2,1.96086715511276E-05,0.00001475,3.68278894472362E-10,6,1.4543039572249E-05,0.00001155,2.09484924623116E-10,5,7.32331284053869E-06,5.48456352587549E-06,5.37761425951539E-11,26,1.52315462117278E-05,0.000012,1.26542713567839E-10,4,1.52970585407784E-05,0.0000121,2.01366834170854E-10,2,9.48683298050514E-06,0.000006,6.8251256281407E-11,3,0,1589
1.29034879005639E-05,0.00001065,8.86206030150754E-11,1,1.50166574176812E-05,0.00001135,1.7085175879397E-10,4,1.57003184681076E-05,0.00001255,1.44198492462311E-10,2,1.43874945699382E-05,0.0000115,1.77638190954774E-10,2,7.64743491997922E-06,5.77144086277711E-06,5.87310725768545E-11,24,1.36930639376291E-05,0.00001055,7.86909547738694E-11,2,1.57955689989313E-05,0.00001305,1.96459798994975E-10,2,1.01488915650922E-05,0.0000074,5.14170854271357E-11,2,0,1691
1.3076696830622E-05,0.000011,1.13809045226131E-10,1,1.72191753577226E-05,0.00001445,2.52198492462312E-10,8,1.78885438199983E-05,0.0000156,2.06542713567839E-10,4,1.86279360101972E-05,0.0000165,2.70914572864322E-10,4,8.37489912769533E-06,6.36407626425766E-06,7.04761586704101E-11,29,0.000013,0.0000109,9.55175879396985E-11,4,1.41421356237309E-05,0.0000105,1.26673366834171E-10,2,1.54757875405422E-05,0.00001045,1.33042713567839E-10,1,0,1794
1.1379806676741E-05,0.00000925000000000001,9.80678391959799E-11,2,2.38222584991432E-05,0.00002015,3.21042713567839E-10,6,1.99749843554382E-05,0.0000169,3.50341708542713E-10,7,1.76351920885484E-05,0.0000154,2.90361809045226E-10,5,8.11283541401714E-06,5.83323611678336E-06,6.57862258286625E-11,27,1.43178210632764E-05,0.0000118,1.15326633165829E-10,4,1.54272486205415E-05,0.0000106,1.46572864321608E-10,1,1.66433169770932E-05,0.0000122,1.45477386934673E-10,1,0,1896
1.53785564992297E-05,0.00001085,1.36178391959799E-10,3,2.30976189249022E-05,0.00001895,3.59736180904523E-10,6,2.82223315833402E-05,0.00002225,7.12640703517588E-10,9,1.63248277173145E-05,0.00001255,2.34610552763819E-10,6,1.08211744970211E-05,8.0597418589409E-06,1.17665121626507E-10,15,1.42126704035519E-05,0.0000113,7.46834170854271E-11,0,1.4560219778561E-05,0.0000112,1.85889447236181E-10,5,1.40178457688762E-05,0.00001215,1.07736180904523E-10,4,0,1998
1.62018517460196E-05,0.00001225,1.72158291457286E-10,4,3.29545141065682E-05,0.0000224,1.02054271356784E-09,8,3.80985564030975E-05,0.00003025,1.45788693467337E-09,9,2.0591260281974E-05,0.000016,4.0486432160804E-10,8,1.01699112697668E-05,7.75610145437477E-06,1.03478365293102E-10,23,1.30958008537088E-05,0.00001025,6.67713567839196E-11,0,1.44741148261301E-05,0.00001175,1.72540201005025E-10,5,1.44048602908879E-05,0.00001215,1.41786432160804E-10,5,0,2101
0.000011,0.00000830000000000001,8.29748743718593E-11,2,3.46770817687994E-05,0.00002455,1.09239949748744E-09,6,3.60138862107382E-05,0.0000272,1.30251256281407E-09,6,2.1920310216783E-05,0.00001525,4.51957286432161E-10,6,7.85499311666968E-06,6.04355805208942E-06,6.2001977230979E-11,33,1.23895116933639E-05,0.00001055,1.12459798994975E-10,4,1.38202749610852E-05,0.0000106,8.94371859296482E-11,1,1.46969384566991E-05,0.0000115,1.26381909547739E-10,2,0,2206
1.43352711868314E-05,0.00001055,1.20540201005025E-10,2,2.94872853955735E-05,0.00002505,8.38288944723618E-10,7,3.24884594894864E-05,0.00002625,5.98389447236181E-10,7,2.17600551469889E-05,0.00001635,3.55374371859297E-10,4,1.01377317519933E-05,7.27534939928881E-06,1.03215376890123E-10,25,1.6985287751463E-05,0.00001505,1.78087939698492E-10,5,1.29614813968157E-05,0.00000980000000000001,9.96080402010051E-11,4,1.43003496460751E-05,0.00001125,8.50226130653266E-11,2,0,2308
1.65529453572468E-05,0.0000142,1.08130653266332E-10,2,3.12809846392341E-05,0.00002605,8.53947236180904E-10,5,3.54471437495322E-05,0.00002995,7.1014824120603E-10,8,2.2293496809608E-05,0.0000192,3.68884422110553E-10,5,1.07203059118256E-05,8.1087995966667E-06,1.1543594875716E-10,18,1.53460092532228E-05,0.00001255,1.20540201005025E-10,3,1.38744369255116E-05,0.00001085,1.39173366834171E-10,6,1.4560219778561E-05,0.0000125,9.8E-11,4,1,2412
1.88148877222268E-05,0.0000164,1.2964824120603E-10,2,2.83372546306095E-05,0.0000219,5.02753768844221E-10,5,3.00249895920049E-05,0.00002515,7.62510050251256E-10,9,2.00499376557634E-05,0.0000173,3.01497487437186E-10,5,1.01907951270583E-05,7.83227450153219E-06,1.04290082411695E-10,21,1.22678441463853E-05,0.00000955000000000001,1.08138190954774E-10,4,1.18321595661992E-05,0.00000990000000000001,8.56683417085428E-11,3,1.32098448136229E-05,0.00001075,1.03615577889447E-10,3,1,2515
1.65981926726978E-05,0.00001265,1.90891959798995E-10,3,2.71569512280005E-05,0.00002095,6.6425879396985E-10,7,3.3734255586866E-05,0.000028,1.1358391959799E-09,9,1.55080624192708E-05,0.00001325,1.68238693467337E-10,5,1.01540334738394E-05,7.50995887553679E-06,1.03620101684593E-10,19,1.57162336455017E-05,0.0000131,1.35316582914573E-10,3,1.14673449411797E-05,0.00000885,5.34447236180905E-11,0,1.2328828005938E-05,0.00000990000000000001,6.95376884422111E-11,1,1,2617
1.1916375287813E-05,0.000008,1.11195979899498E-10,2,2.24833271559171E-05,0.00001605,4.97424623115578E-10,4,3.49499642346026E-05,0.00003005,1.18319346733668E-09,12,1.43527000944073E-05,0.00001,1.63256281407035E-10,5,8.38229019411474E-06,5.87723473302676E-06,7.06157921599026E-11,23,1.54757875405422E-05,0.00001275,9.95753768844221E-11,1,1.58113883008419E-05,0.0000129,8.40100502512563E-11,0,1.3490737563232E-05,0.0000115,8.24120603015076E-11,3,1,2720
1.49666295470958E-05,0.0000105,1.22603015075377E-10,1,2.34414163394621E-05,0.00001645,4.90329145728643E-10,3,2.94703240565828E-05,0.00002575,7.14570351758794E-10,14,2.17255609824004E-05,0.000016,2.99256281407035E-10,3,5.65979931569258E-06,4.06210507706479E-06,3.21083565418635E-11,32,1.38021737418423E-05,0.00001105,6.87412060301507E-11,0,1.47986485869487E-05,0.0000117,8.48643216080402E-11,1,1.37840487520902E-05,0.0000121,8.01507537688442E-11,4,1,2823
1.29614813968157E-05,0.00000850000000000001,1.09256281407035E-10,0,2.51594912508182E-05,0.0000171,5.45477386934673E-10,3,2.85569606225873E-05,0.00002325,5.37625628140703E-10,6,2.09880918618154E-05,0.00001655,2.79334170854271E-10,2,6.04646095895191E-06,4.49335476510539E-06,3.67323052008694E-11,28,1.16833214455479E-05,0.00000825000000000001,7.52537688442211E-11,0,1.25698050899765E-05,0.00001,7.55678391959799E-11,3,1.43178210632764E-05,0.0000123,9.0964824120603E-11,3,1,2925
1.57480157480236E-05,0.0000107,1.69638190954774E-10,3,2.23606797749979E-05,0.0000163,3.76442211055276E-10,5,2.50499500997507E-05,0.00001935,4.82288944723618E-10,5,2.58940147524481E-05,0.00001905,5.5336432160804E-10,8,7.41585707206907E-06,5.48497243255978E-06,5.52619509657346E-11,21,9.32737905308882E-06,0.0000049,7.05427135678393E-11,1,1.36930639376292E-05,0.00001245,1.0058040201005E-10,4,1.4422205101856E-05,0.0000121,1.00341708542714E-10,4,1,3027
1.87882942280559E-05,0.0000153,2.02723618090452E-10,4,2.39060661757638E-05,0.00002035,2.82208542713568E-10,8,2.36114379062352E-05,0.00001755,5.10349246231156E-10,9,2.79821371592664E-05,0.0000214,6.19688442211055E-10,9,7.55540030528634E-06,5.93176742458034E-06,5.73599496787871E-11,18,1.09772492000501E-05,0.00000675,8.05804020100503E-11,1,1.38744369255116E-05,0.00001105,1.16520100502513E-10,2,1.38202749610853E-05,0.0000118,6.81306532663316E-11,3,1,3129
1.61864140562386E-05,0.0000141,1.72613065326633E-10,3,2.37276210354094E-05,0.0000199,3.36673366834171E-10,6,2.17140507506085E-05,0.00001525,4.22489949748744E-10,11,2.08686367547092E-05,0.00001625,3.97163316582915E-10,7,7.23103186098083E-06,5.72579765288436E-06,5.24608440997676E-11,29,1.45086181285469E-05,0.00001145,1.51193467336683E-10,4,1.35092560861063E-05,0.00000845000000000001,1.1501256281407E-10,1,1.41950695665784E-05,0.00001185,7.97964824120603E-11,4,1,3233
1.56684396159924E-05,0.00001315,1.34871859296482E-10,2,2.25388553391693E-05,0.0000189,4.29145728643216E-10,4,2.44028686838249E-05,0.00001885,5.23293969849246E-10,11,1.96086715511276E-05,0.00001425,3.52037688442211E-10,8,8.21302335677288E-06,6.1795175341777E-06,6.77767529858054E-11,33,1.70293863659264E-05,0.0000128,2.08231155778895E-10,4,1.26095202129185E-05,0.0000087,8.71859296482413E-11,1,1.52643375224737E-05,0.000011,1.19105527638191E-10,3,1,3339
1.56044865343272E-05,0.00001215,9.63592964824121E-11,0,2.35053185470863E-05,0.00002005,4.25806532663317E-10,6,2.02977831301844E-05,0.0000165,3.43155778894472E-10,7,1.86547581061776E-05,0.0000132,2.38944723618091E-10,3,1.01971458980511E-05,7.55403658853412E-06,1.04338619653958E-10,29,1.40356688476182E-05,0.00000890000000000001,1.18381909547739E-10,0,1.19582607431014E-05,0.00000940000000000001,7.77788944723618E-11,2,1.67332005306815E-05,0.0000095,1.9070351758794E-10,0,1,3441
1.47986485869487E-05,0.0000109,1.58954773869347E-10,3,2.17025344142107E-05,0.0000185,2.98251256281407E-10,9,2.343074902772E-05,0.0000142,4.80844221105528E-10,5,2.02731349327133E-05,0.0000156,3.04361809045226E-10,6,1.06995618179034E-05,8.36663690828756E-06,1.15015531656044E-10,24,1.40178457688762E-05,0.00001075,8.56256281407035E-11,2,1.2328828005938E-05,0.00000880000000000001,9.62311557788944E-11,2,1.63248277173145E-05,0.00000995000000000001,1.79977386934673E-10,2,1,3546
1.60934769394311E-05,0.0000132,1.57778894472362E-10,3,2.26936114358204E-05,0.0000187,3.68E-10,8,2.90946730519523E-05,0.00001895,5.98268844221105E-10,2,2.15754490103914E-05,0.00001755,3.33766331658291E-10,8,8.90817713330863E-06,7.1291433595272E-06,7.94188177451218E-11,17,1.50166574176812E-05,0.00001205,1.16881909547739E-10,4,1.3729530217746E-05,0.00000985,9.58567839195981E-11,2,1.50332963783729E-05,0.0000115,1.0772864321608E-10,2,1,3649
1.4142135623731E-05,0.0000112,1.23175879396985E-10,1,2.03838171106395E-05,0.00001585,2.97082914572864E-10,5,2.3632604596193E-05,0.00001885,4.29545226130653E-10,3,1.95703857907809E-05,0.0000159,1.79407035175879E-10,4,6.95244935477605E-06,5.3298630433372E-06,4.84885598543074E-11,23,1.6109003693587E-05,0.00001265,1.35856783919598E-10,4,1.60934769394311E-05,0.0000128,1.27386934673367E-10,4,1.14455231422596E-05,0.0000075,9.04924623115577E-11,1,1,3753
1.06301458127347E-05,0.00000780000000000001,1.01949748743719E-10,3,1.83575597506858E-05,0.0000154,2.59085427135678E-10,9,2.26163657557973E-05,0.00001825,4.59776381909548E-10,8,1.58587515271537E-05,0.00001365,1.57223618090452E-10,6,8.75631753225892E-06,6.31551676425352E-06,7.6772584286792E-11,27,1.71464281994822E-05,0.0000141,9.84924623115577E-11,2,1.43352711868314E-05,0.00001155,1.02992462311558E-10,2,1.19791485507109E-05,0.00000835,1.08640703517588E-10,5,1,3858
1.08627804912002E-05,0.00000930000000000001,8.59396984924623E-11,5,2.58553669476958E-05,0.00001885,6.7179648241206E-10,8,2.39165214862028E-05,0.0000188,5.65829145728643E-10,8,1.81796589626978E-05,0.00001585,3.03394472361809E-10,6,1.02782373869826E-05,7.7891973287797E-06,1.06164419143633E-10,25,1.54272486205415E-05,0.0000129,1.28391959798995E-10,2,1.21860576069539E-05,0.00000935,8.57261306532663E-11,3,1.37658998979362E-05,0.00001155,8.48618090452262E-11,4,1,3963
1.29228479833201E-05,0.0000107,1.21366834170854E-10,5,3.06022874961987E-05,0.00002175,9.07977386934673E-10,7,3.10322412983658E-05,0.0000241,9.31658291457286E-10,9,2.1083168642308E-05,0.00001765,4.00942211055276E-10,5,8.52836066855613E-06,6.30906256482973E-06,7.30434198525962E-11,27,1.47478812037526E-05,0.00001175,1.46831658291457E-10,3,1.35092560861063E-05,0.00001065,9.17562814070352E-11,4,1.36565002837477E-05,0.00001185,7.55753768844221E-11,2,1,4065
1.62480768092719E-05,0.0000132,1.60763819095477E-10,3,2.50998007960223E-05,0.0000195,4.36180904522614E-10,8,3.62353418639869E-05,0.0000288,1.06870351758794E-09,9,1.92223827867411E-05,0.00001565,2.71856783919598E-10,8,6.88991001727611E-06,4.57075823117131E-06,4.75677625242019E-11,26,1.31529464379659E-05,0.0000111,9.24623115577889E-11,2,1.29228479833201E-05,0.0000102,9.17688442211056E-11,2,1.57797338380595E-05,0.0000124,1.26422110552764E-10,2,1,4167
2.00748598998847E-05,0.0000153,1.9662311557789E-10,3,2.02607995893548E-05,0.00001735,2.49183417085427E-10,4,2.92916370317536E-05,0.0000235,7.24733668341709E-10,7,1.66583312489577E-05,0.00001455,1.35374371859297E-10,7,7.75334737425379E-06,5.70365662337729E-06,6.03994891217291E-11,24,1.83983694929741E-05,0.00001435,2.0379648241206E-10,5,1.58429795177549E-05,0.0000124,2.1486432160804E-10,7,1.56364957711119E-05,0.00001165,2.13645728643216E-10,3,1,4270
1.6416455159382E-05,0.00000985000000000001,1.99092964824121E-10,3,2.87228132326901E-05,0.0000228,7.998391959799E-10,5,2.29455878111675E-05,0.00001985,5.00379396984925E-10,11,1.3490737563232E-05,0.0000111,7.42110552763819E-11,5,7.31925058555064E-06,5.93021879556457E-06,5.36490328431156E-11,25,1.69115345252878E-05,0.0000111,1.94814070351759E-10,3,1.46969384566991E-05,0.0000114,1.94884422110553E-10,9,1.37840487520902E-05,0.0000113,1.82502512562814E-10,4,1,4373
1.73925271309261E-05,0.00001195,2.16158291457286E-10,3,2.99416098431597E-05,0.00002095,8.81987437185929E-10,5,2.81424945589406E-05,0.0000231,7.59798994974875E-10,12,2.08446635856758E-05,0.00001465,3.82389447236181E-10,6,8.2327778276815E-06,6.24096854448539E-06,6.81171628453176E-11,22,9.27361849549571E-06,0.00000720000000000001,3.85829145728643E-11,1,1.01980390271856E-05,0.0000071,8.0391959798995E-11,5,1.34536240470737E-05,0.0000102,1.42020100502513E-10,5,1,4476
1.95192212959431E-05,0.0000154,2.07798994974874E-10,3,2.38746727726267E-05,0.0000174,4.62060301507538E-10,6,3.13209195267317E-05,0.0000259,8.53015075376885E-10,9,2.12249852767911E-05,0.00001425,3.99937185929649E-10,3,9.43198227328102E-06,7.11541909302025E-06,8.94092249077344E-11,21,1.01980390271856E-05,0.00000890000000000001,4.94874371859297E-11,2,1.29807549857472E-05,0.00000875000000000001,1.16520100502513E-10,1,1.38924439894498E-05,0.0000101,1.31246231155779E-10,6,1,4578
1.17686022959398E-05,0.00000765000000000001,1.09344221105528E-10,2,2.14709105535839E-05,0.0000176,4.19537688442211E-10,7,3.33991017843295E-05,0.00002755,1.05597738693467E-09,12,1.47817454990945E-05,0.00001105,1.51193467336683E-10,2,9.92647607417625E-06,7.39923216854059E-06,9.90083195382577E-11,24,1.52479506819769E-05,0.00001265,1.19675879396985E-10,2,1.62172747402269E-05,0.0000125,1.77396984924623E-10,4,1.40178457688762E-05,0.00001075,9.79874371859297E-11,3,0,4680
1.08627804912002E-05,0.0000057,1.12804020100502E-10,3,2.18860686282393E-05,0.0000177,4.18683417085427E-10,6,4.02802681222457E-05,0.00003425,1.60502261306533E-09,12,2.12014150471142E-05,0.00001855,3.94469849246231E-10,6,1.05902414614658E-05,7.89828515543865E-06,1.12712150061468E-10,24,1.69115345252878E-05,0.0000131,2.24713567839196E-10,3,1.36198384718762E-05,0.00001085,1.27615577889447E-10,5,1.30192165662915E-05,0.00001045,1.16057788944724E-10,4,0,4783
1.32664991614216E-05,0.0000088,1.49708542713568E-10,3,2.42383992870817E-05,0.00002075,5.30087939698493E-10,7,3.7449966622148E-05,0.00003195,1.3507311557789E-09,10,2.20340645365307E-05,0.00001985,4.59173366834171E-10,9,8.98392998473798E-06,6.39369697318654E-06,8.11036355152182E-11,31,1.42302494707577E-05,0.00001065,1.80841708542714E-10,4,1.27671453348037E-05,0.0000098,9.78793969849247E-11,1,1.06770782520313E-05,0.00000860000000000001,9.23718592964824E-11,4,0,4885
1.40356688476182E-05,0.00001,1.28753768844221E-10,1,3.23264597504892E-05,0.0000242,8.85587939698493E-10,10,2.76767050061961E-05,0.0000219,6.93778894472362E-10,10,1.79304210770411E-05,0.00001525,2.62751256281407E-10,7,8.51540405264236E-06,6.04367577526973E-06,7.28157901943308E-11,34,1.66282891483159E-05,0.00001225,1.76379396984925E-10,3,1.60779351908135E-05,0.00001075,1.81082914572864E-10,1,1.1916375287813E-05,0.0000086,8.31256281407035E-11,1,0,4988
1.4456832294801E-05,0.0000111,1.52E-10,4,3.09434968935316E-05,0.00002055,8.70650753768844E-10,9,2.27596133534821E-05,0.0000183,4.97447236180905E-10,7,1.78185296812055E-05,0.00001515,2.78570351758794E-10,5,1.01906184254194E-05,7.33248982998923E-06,1.04346758635798E-10,23,1.65529453572468E-05,0.0000118,1.78854271356784E-10,3,1.4456832294801E-05,0.00000880000000000001,1.55015075376884E-10,1,1.31719398723195E-05,0.00001055,7.68618090452262E-11,2,0,5091
1.11130553854464E-05,0.00000845000000000001,1.22007537688442E-10,7,2.31624696438009E-05,0.00001885,5.34108040201006E-10,8,2.06276513447363E-05,0.00001725,4.2763567839196E-10,4,1.78885438199983E-05,0.0000155,3.19346733668341E-10,6,1.21051509042325E-05,8.47788155900069E-06,1.4713446118131E-10,19,1.4543039572249E-05,0.00001225,1.35615577889447E-10,4,1.28062484748657E-05,0.00000970000000000001,7.41206030150754E-11,1,1.12249721603218E-05,0.00000960000000000001,5.05628140703517E-11,3,0,5194
1.14236596587959E-05,0.00000895000000000001,1.2771608040201E-10,7,2.2561028345357E-05,0.000018,4.48834170854272E-10,8,2.49399278266799E-05,0.0000207,5.07899497487437E-10,4,1.60312195418814E-05,0.0000128,2.48E-10,7,1.16155934795895E-05,8.08745303258555E-06,1.35497120539895E-10,19,1.41774468787578E-05,0.0000119,1.56894472361809E-10,4,1.24096736459909E-05,0.00000930000000000001,7.33668341708542E-11,3,1.1247221879202E-05,0.00000835,8.26909547738694E-11,2,0,5298
1.47139389695622E-05,0.00001175,1.73143216080402E-10,7,1.81383571472171E-05,0.0000136,2.58040201005025E-10,7,2.60672207954742E-05,0.00002205,4.39896984924623E-10,6,1.61709616287962E-05,0.00001245,2.47133165829146E-10,7,1.04244501796808E-05,7.61836706048545E-06,1.09213939446956E-10,18,1.54434452114805E-05,0.00001275,1.48037688442211E-10,3,1.43874945699382E-05,0.000011,9.29748743718592E-11,3,1.3856406460551E-05,0.0000104,1.16894472361809E-10,3,0,5400
1.41950695665784E-05,0.00000985,1.43695979899497E-10,6,1.75356779167502E-05,0.00001595,2.24902010050251E-10,6,2.79105714739057E-05,0.0000223,6.52301507537689E-10,8,4.44915722356493E-05,0.00003055,1.88793718592965E-09,6,1.87905661351627E-05,1.23623148612525E-05,3.54857784574284E-10,23,2.29237867726953E-05,0.00001885,3.26912060301508E-10,6,1.93907194296653E-05,0.0000146,2.18331658291457E-10,1,1.41598022585063E-05,0.00001195,7.43090452261307E-11,4,0,5502
5.48133195491753E-05,0.00003085,2.94952512562814E-09,7,4.19463943623287E-05,0.00003165,1.67083165829146E-09,6,0.000127155416715136,0.00008545,1.59039170854271E-08,9,8.09444253793923E-05,0.0000608,6.15011055276382E-09,8,3.42418300370218E-05,2.32310701943034E-05,1.17804741757449E-09,24,0.000205732836465159,0.000136,4.11478994974874E-08,9,9.70875893201598E-05,0.0000587,8.74612060301507E-09,3,7.94889929487096E-05,0.00004165,5.77376633165829E-09,6,0,5604
0.000161865685060176,0.00010975,2.55748718592965E-08,9,6.27375485654325E-05,0.0000533,3.76714572864322E-09,9,0.000140763986871643,0.00011415,1.99139472361809E-08,11,0.00014180620578804,0.0001097,1.99462914572864E-08,12,8.16732624901216E-05,5.3982984216747E-05,6.69482034813828E-09,21,0.000312413988163142,0.00027595,9.80458065326633E-08,9,0.000232264934934225,0.0001545,5.09298090452261E-08,10,0.000169676162144245,0.0001183,2.44902010050251E-08,9,0,5708
0.000322685605504801,0.0002428,1.0463151758794E-07,10,0.000148467168087763,0.00011215,2.18185301507538E-08,15,0.000229194240765339,0.0001737,5.2399959798995E-08,15,0.000207047096091686,0.00018035,4.07441582914573E-08,13,0.000147764938499547,0.000101133943211367,2.19324849361768E-08,29,0.000402568627689739,0.00033135,1.6284817839196E-07,16,0.000504476461294281,0.00040685,2.46054047738693E-07,13,0.000301688581156132,0.0002492,8.54525025125628E-08,13,0,5812
0.000366292233059889,0.0003,1.32745236180905E-07,9,0.000164896937509464,0.0001329,2.70735577889447E-08,16,0.000230049994566398,0.0001699,5.25954874371859E-08,13,0.000234716850694619,0.0002106,5.29656180904522E-08,13,0.000201996429152296,0.000150671867110181,4.09821580643051E-08,34,0.000406926283250419,0.0002942,1.65782874371859E-07,18,0.000544639789218526,0.00047555,2.98075957286432E-07,12,0.000355823692297183,0.00028755,1.27062208542714E-07,14,0,5915
0.000353548440811157,0.00029675,1.25623716080402E-07,8,0.000157429349233235,0.0001278,2.45145326633166E-08,11,0.000168887536544293,0.0001326,2.58750854271357E-08,11,0.000236917707231857,0.0001988,5.63734271356784E-08,11,0.000212521147387181,0.000166272925021305,4.53867331966617E-08,35,0.000479245239934629,0.0003567,2.2870351758794E-07,13,0.000617689646991108,0.00053085,3.66433645728643E-07,10,0.000459762438657183,0.00034455,2.10330932160804E-07,12,0,6017
0.000334032184078121,0.00027485,1.10698369346734E-07,9,0.000149784845695417,0.00011925,2.13554748743718E-08,11,0.000223361814104381,0.00017905,4.55959170854271E-08,13,0.00019966346686362,0.00015175,3.95410829145729E-08,9,0.000211736319364814,0.000153696850985438,4.50120205943901E-08,47,0.000485387474086425,0.000386,2.36414432160804E-07,11,0.000678911260769771,0.00059545,4.58417022613065E-07,11,0.000528215864964316,0.0004293,2.77262311557789E-07,13,0,6120
0.000270254509675602,0.00022315,6.96954145728643E-08,12,0.000134500929364819,0.00010725,1.75707311557789E-08,13,0.000230272664465411,0.00017765,5.2875756281407E-08,14,0.000212933088081679,0.00017255,3.94145100502513E-08,13,0.000223672207597057,0.000163987598596849,5.02721893168694E-08,43,0.000354974646982006,0.0002929,1.08647798994975E-07,13,0.000510815035017569,0.0004123,2.38097487437186E-07,14,0.000434703922227532,0.00035645,1.76381806532663E-07,12,0,6223
0.000302700346877898,0.00024555,9.16717361809046E-08,12,0.000160249804992081,0.0001347,2.46197386934673E-08,12,0.000238577031585188,0.000209,5.53553668341708E-08,13,0.000238203694345827,0.0002147,5.25816582914573E-08,16,0.000204655226408784,0.000158357220152312,4.20941014754623E-08,30,0.000338890100179985,0.00028525,1.12025203517588E-07,13,0.000387970359692593,0.0003089,1.48794884422111E-07,13,0.000296674906252619,0.0002358,8.63224020100503E-08,10,0,6326
0.000287838496382954,0.0002279,7.99444723618091E-08,10,0.000156606194002664,0.00013735,2.22109924623115E-08,7,0.000209833267143225,0.000195,4.35076984924623E-08,9,0.000178524508121434,0.0001503,3.20018492462311E-08,11,0.000164625210964879,0.000129964692529602,2.72371679193106E-08,23,0.000410065848370722,0.000347,1.50190713567839E-07,10,0.000393551775501013,0.0003485,1.46968844221106E-07,10,0.000350878183989829,0.00027065,1.23703213567839E-07,8,0,6430
0.000208240245870005,0.0001598,4.35268743718593E-08,7,0.000177482393492988,0.0001455,3.14584824120603E-08,7,0.000156052875654376,0.00014155,2.44735452261306E-08,7,0.000119425709124962,0.00009475,1.28016055276382E-08,6,0.000137026473482595,0.000107741928508587,1.88467096843467E-08,16,0.00038838962396027,0.00033265,1.32256218592965E-07,9,0.000357719163590658,0.000308,1.163788040201E-07,9,0.000377504966854742,0.0003193,1.26939407035176E-07,7,0,6532
0.000336217191707979,0.0002168,1.1265664321608E-07,8,0.000161588984773096,0.0001287,2.62319195979899E-08,8,0.000205347266843267,0.00016345,4.22544497487437E-08,6,0.000115786441347854,0.00009945,1.20567814070352E-08,8,0.000106823716599437,7.99031010539888E-05,1.14660818116494E-08,16,0.000230548259590048,0.00018645,5.31574648241206E-08,6,0.00024089624322517,0.0001996,5.53154874371859E-08,7,0.000241883236293878,0.00020495,5.85616055276382E-08,10,0,6635
0.000342585755687536,0.000238,1.17908301507538E-07,12,0.000103053384223906,0.0000763,1.05864422110553E-08,8,0.000201210089210258,0.00015445,4.05098266331658E-08,9,0.00015393342716902,0.00011885,2.38052236180905E-08,8,7.77127856948893E-05,5.61030529495302E-05,6.06718169507312E-09,31,0.000279622960430648,0.0002171,7.77308442211055E-08,9,0.000384775908809271,0.00032095,1.48736118090452E-07,6,0.000262714674123849,0.0002229,6.83749145728644E-08,10,2,6740
0.000233886724719468,0.0001996,5.28047738693467E-08,9,0.000133656275572829,0.0000899,1.76633165829146E-08,10,0.000181683791241817,0.0001463,3.24037286432161E-08,11,0.000145155089473294,0.0001081,2.06670854271357E-08,9,6.69449064464594E-05,4.62368191193341E-05,4.50317951352799E-09,44,0.000258670640003847,0.00019015,6.71981884422111E-08,12,0.000390387627877729,0.00030665,1.52815012562814E-07,7,0.000258397948908268,0.00021245,6.65894246231156E-08,8,2,6844
0.000234246664864198,0.00019315,5.29318567839196E-08,8,0.000156096124231193,0.0001325,2.44861809045226E-08,8,0.000186876964872613,0.000155,3.47432763819095E-08,8,0.000164547865376613,0.0001413,2.66475477386935E-08,9,6.31125787622158E-05,4.65899632735007E-05,4.00318412008237E-09,35,0.000234009615187069,0.00018255,4.89914547738693E-08,8,0.000216255635764712,0.00016045,4.69895452261307E-08,8,0.000185786167407587,0.00014235,3.37824095477387E-08,8,2,6946
0.000214575161656703,0.00017655,4.28987914572864E-08,10,0.000136240596005743,0.00012675,1.82784698492462E-08,7,0.00013651922941476,0.00011215,1.83025904522613E-08,9,0.000224757647255883,0.000205,4.93939698492462E-08,8,9.91001938932221E-05,7.51989409824303E-05,9.86946142898486E-09,23,0.00031600158227452,0.0002613,9.30118090452261E-08,4,0.000192614900773538,0.00015985,3.44478165829146E-08,9,0.000160614445178508,0.0001118,2.57064924623116E-08,10,2,7049
0.000230495119254183,0.0001886,5.33061708542714E-08,13,0.000152582764426393,0.00013165,2.33267311557789E-08,10,0.000191631156130729,0.00014095,3.63730628140704E-08,11,0.00020319448811422,0.0001722,4.12349648241206E-08,9,0.000102743069896365,7.85823326842904E-05,1.05999035515779E-08,22,0.000249956996301364,0.00018705,6.26949522613065E-08,8,0.000266822975022767,0.00019975,7.02677763819096E-08,9,0.000203247386207056,0.00015565,4.09877361809045E-08,13,2,7152
0.000239658089786262,0.0001965,4.34924623115578E-08,10,0.000172464489098481,0.0001414,2.64774974874372E-08,11,0.000274106731037383,0.00023795,7.11009422110553E-08,10,0.000130349530110392,0.0001032,1.6713567839196E-08,6,6.99098248059574E-05,5.38781745325318E-05,4.91111995082333E-09,20,0.000173072239252862,0.0001589,2.49522010050251E-08,10,0.00032801143272758,0.00027285,1.08130047738693E-07,9,0.000228949776151889,0.0001963,4.97398894472362E-08,7,2,7256
0.000205946595019194,0.0001517,3.38597386934673E-08,5,0.000164178256782072,0.00013715,2.7007635678392E-08,9,0.000323780017913398,0.00029265,9.90799974874372E-08,9,0.000129346434044391,0.00009745,1.37688417085427E-08,8,5.81818890435443E-05,4.36234927253642E-05,3.40165559913389E-09,21,0.00015478048972658,0.0001396,2.35953668341709E-08,5,0.000280557480741469,0.00024695,7.22924396984925E-08,9,0.000187076187688332,0.00014835,3.09597361809045E-08,5,2,7361
0.00024275193099129,0.00017925,5.87707914572864E-08,9,0.000145192975036673,0.0001279,2.11193567839196E-08,9,0.00025953323486598,0.00019985,6.16049020100503E-08,11,0.000133264774040254,0.00009715,1.50627914572864E-08,9,8.91029992729872E-05,5.84597486944593E-05,7.9782560945312E-09,24,0.000231686210206823,0.00018865,5.25537060301508E-08,7,0.000191166158092901,0.00014055,3.38461281407035E-08,13,0.00016801339232335,0.00013275,2.58928417085427E-08,11,2,7463
0.000231987068605127,0.0001892,5.35705628140703E-08,10,0.000106508215645555,0.0000924000000000001,1.03459698492462E-08,9,0.000126550385222646,0.0001087,1.59846733668342E-08,11,0.00012391125856838,0.000103,1.53160904522613E-08,8,0.000134738949939387,9.77130821501025E-05,1.82446125259314E-08,21,0.000246284388461794,0.0002034,5.63272261306532E-08,10,0.000157746632293688,0.0001076,2.01125226130653E-08,11,0.000116520384482716,0.0001,1.0917175879397E-08,11,2,7565
0.000226993391974304,0.0001924,4.45917989949749E-08,9,0.000100039992003198,0.0000838,6.92900502512563E-09,6,0.000184423425843899,0.0001443,2.97250653266331E-08,8,0.000119649488089168,0.0000986,1.3611216080402E-08,9,0.000129368048463724,9.6518599629135E-05,1.68125674202563E-08,26,0.000233897413410238,0.0001578,5.18311557788945E-08,8,0.000194965381542468,0.00015945,3.67626909547739E-08,7,0.000138171994268014,0.00011445,1.84466105527638E-08,9,2,7668
0.000373913091506569,0.0003171,1.26233527638191E-07,9,0.000177900252950916,0.00013535,2.78501884422111E-08,5,0.000225577037838518,0.0001721,5.11310452261306E-08,9,0.000126481223902997,0.00009535,1.58562587939699E-08,9,0.000101287070815092,7.81657923015162E-05,1.03103100252993E-08,25,0.000311253915638021,0.0001953,8.69505125628141E-08,7,0.000279679280605482,0.00024075,7.27088216080402E-08,7,0.00013458454591817,0.0001159,1.66279798994975E-08,7,2,7770
0.000376838161549491,0.0003003,1.39397738693467E-07,9,0.000176792250961404,0.00012235,3.1406027638191E-08,10,0.000206157706622867,0.000174,4.27126030150754E-08,12,0.000159513322327635,0.00012785,2.50290829145729E-08,11,0.00010439567032946,7.82400359351342E-05,1.09185799716347E-08,20,0.000252034719830423,0.00014845,5.75126407035176E-08,9,0.000251736965898932,0.00020995,6.29654045226131E-08,6,8.52701589068532E-05,0.0000714,7.30689447236181E-09,8,2,7872
0.000232924880594581,0.0001745,4.51869748743719E-08,9,0.00010394229168149,0.0000755,9.13571859296482E-09,13,0.000150930447557807,0.0001223,1.9179256281407E-08,11,0.000162663763635298,0.00012655,2.14903894472362E-08,8,9.17912678307685E-05,6.38442867752629E-05,8.46791543261895E-09,31,0.000152626996301441,0.0001255,2.33708944723618E-08,9,0.000221117615761386,0.0001731,4.73573768844221E-08,6,0.000119348229982686,0.0000754,1.30346834170854E-08,8,2,7974
0.000162203575792891,0.0001392,2.46354170854271E-08,9,0.000128220513179444,0.00010235,1.48047010050251E-08,10,0.000191290355219493,0.0001398,3.62208542713568E-08,10,0.000186901043335772,0.0001559,3.44894070351759E-08,6,0.000106313341445512,7.4633152026474E-05,1.13105564765111E-08,32,0.000203998774506123,0.00016765,3.69770829145729E-08,6,0.00024968780506865,0.0001891,6.02244824120603E-08,5,0.000176933603365782,0.00013555,3.04496859296482E-08,7,2,8076
0.000165168096192939,0.00014205,2.72881180904523E-08,9,0.000133093951778434,0.0001046,1.55829145728643E-08,10,0.00023429895432972,0.000204,4.46745326633166E-08,10,0.000201175296694201,0.00016875,4.02379673366834E-08,9,0.000119977328681198,8.86683595832054E-05,1.44656666016721E-08,20,0.000204628932460686,0.0001337,3.59688442211055E-08,4,0.00023294741895973,0.00018645,5.1782891959799E-08,5,0.000176390192471123,0.00014875,3.12508316582915E-08,9,2,8179
0.000157221181779047,0.00012095,2.34406809045226E-08,10,0.000109915876924128,0.00008085,1.18768216080402E-08,13,0.000251103564291708,0.000215,6.08169246231156E-08,12,0.000202089089265106,0.0001676,3.85326633165829E-08,14,9.05957201334841E-05,6.44833980825916E-05,8.24509650685287E-09,18,0.000165500755285286,0.00010815,2.67542085427136E-08,7,0.00021487205495364,0.0001808,4.63327738693467E-08,9,0.000147336349893704,0.0001213,2.08760201005025E-08,13,2,8282
0.000196805741786158,0.00015405,3.70731633165829E-08,9,0.000105529616695978,0.00007985,1.11046005025126E-08,11,0.000244899979583503,0.0002042,6.0180864321608E-08,12,0.000197036798593562,0.00017135,3.77626909547739E-08,13,7.48083257986483E-05,5.82768535783214E-05,5.61680711986148E-09,18,0.000160114021871915,0.00013715,2.45376859296483E-08,10,0.000194115944734069,0.0001707,3.76257688442211E-08,9,0.000120274685615885,0.0000971000000000001,1.43302914572864E-08,14,2,8385
0.000184260684900496,0.0001563,3.08915678391959E-08,8,0.000123511133101433,0.000103,1.53272261306533E-08,10,0.000246378773436349,0.00021585,6.05789723618091E-08,9,0.000162431524033976,0.0001364,2.64962311557789E-08,8,6.89690366970919E-05,5.55548121444618E-05,4.77734388875395E-09,18,0.000149313428732984,0.00011305,2.14438165829146E-08,8,0.00023067401240712,0.00020635,4.71816859296482E-08,8,0.000139111466098234,0.0001096,1.62182010050251E-08,9,2,8490
0.000173194976832471,0.00014045,2.99734447236181E-08,9,0.000160443136344314,0.0001304,2.5862311557789E-08,9,0.000238921535236989,0.00020045,5.64927613065326E-08,9,0.000137686237511234,0.00010565,1.89740477386935E-08,5,6.18683962580535E-05,4.74354701205023E-05,3.83850268419972E-09,20,0.000164505319062941,0.0001167,2.2806824120603E-08,6,0.000225707775674654,0.0001971,5.03194371859296E-08,10,0.000158604854906778,0.00012705,2.52725603015075E-08,6,0,8593
0.000200440764317042,0.00015765,3.96646005025125E-08,11,0.00014447491131681,0.0001108,2.07837085427136E-08,10,0.00018367226246769,0.00014765,3.36743492462312E-08,9,0.000168214149226514,0.0001333,2.68221005025126E-08,7,9.78094395344296E-05,7.11621290529227E-05,9.58925592446803E-09,20,0.000167761735804086,0.0001352,2.81478492462312E-08,8,0.000152379460558174,0.00013175,2.12964798994975E-08,10,0.000176804977305505,0.0001318,2.82653266331658E-08,9,0,8697
0.000216359654279628,0.00014005,4.67878366834171E-08,9,9.43345111822815E-05,0.0000761,8.85301507537688E-09,11,0.000187098904326028,0.0001657,2.96336783919598E-08,8,0.000195669363979137,0.00017145,3.79768618090452E-08,9,0.000104717858953433,7.61411864862618E-05,1.09845775806359E-08,19,0.000160886606030459,0.00014135,2.59980879396985E-08,8,0.000125811366736078,0.00010685,1.5839635678392E-08,8,0.000159785794111992,0.00010775,2.45553542713568E-08,8,0,8802
0.000246700222942745,0.0001798,6.02380301507538E-08,6,6.96347614342147E-05,0.0000599,4.30408040201005E-09,10,0.000192152283358799,0.00017755,3.7098067839196E-08,6,0.000186831474864381,0.000155,3.50781507537689E-08,8,0.0000856482824882002,6.4169548372935E-05,7.35953925071477E-09,20,0.000247379263480187,0.00020255,4.62866306532663E-08,5,0.000253189652237211,0.0001726,3.62298994974874E-08,6,0.000112605506082074,0.0000793,1.17528040201005E-08,6,0,8907
0.000209908313317982,0.00018445,4.31516557788945E-08,8,5.86856030044849E-05,0.0000482,0.000000003432,10,0.000164493160952059,0.0001471,2.28028040201005E-08,9,0.000182223763543617,0.00014865,3.33574648241206E-08,8,7.76869258407958E-05,5.58457011323378E-05,6.06448568720311E-09,24,0.000254209559222308,0.00020185,6.00296457286432E-08,9,0.000302413624031722,0.0002234,7.60336783919598E-08,7,0.000181894200017483,0.00013925,2.00410829145729E-08,8,0,9009
0.000169131605562059,0.00014885,2.87489422110553E-08,8,0.000128048818815325,0.00008135,1.63583894472362E-08,7,0.000128551546081718,0.00011075,1.44680175879397E-08,13,0.000167775147146411,0.00013325,2.76491834170854E-08,7,9.06696558124469E-05,6.47305414642282E-05,8.24752965845301E-09,23,0.000175748399708219,0.00014095,2.73579874371859E-08,10,0.000227543402453246,0.00018,5.12025728643216E-08,10,0.000191989583050748,0.0001601,3.5691567839196E-08,8,0,9112
0.000216572158875512,0.00017215,3.83059673366834E-08,5,0.000184481706410148,0.00014535,3.41818467336684E-08,7,0.000272411453503703,0.0002091,7.2398432160804E-08,11,0.000191183158254068,0.0001423,3.67105427135678E-08,6,0.00011284786288331,8.62235368498532E-05,1.27870652983217E-08,25,0.00019662146373171,0.0001658,3.85569447236181E-08,5,0.000219265820409839,0.00017395,4.67549723618091E-08,8,0.000202985221136909,0.0001744,3.74590050251256E-08,8,0,9214
0.000255098020376482,0.0001936,6.48749648241207E-08,6,0.000147781933943226,0.00011455,1.93094849246231E-08,7,0.000288017360587864,0.0002343,7.47530050251256E-08,7,0.000188962959333304,0.0001512,3.21956180904523E-08,9,0.000121807182436455,9.19973464456593E-05,1.49026683093586E-08,24,0.000235569522646713,0.0002043,5.53896984924623E-08,3,0.000189830187272731,0.00013015,3.49249020100502E-08,6,0.000190585938620875,0.0001631,3.56603015075377E-08,8,0,9318
0.000359822178304784,0.000247,1.28281567839196E-07,10,0.000245829209004951,0.0001185,5.98610552763819E-08,6,0.000319930461194304,0.00021635,1.0200409798995E-07,5,0.00027203216721557,0.00016925,7.4365203517588E-08,8,0.000220119377277802,0.000131260961591206,4.86715622727449E-08,19,0.000331473226671476,0.00023415,1.08096560301508E-07,2,0.000259292306094878,0.00014715,6.53738065326633E-08,7,0.000276345797869264,0.0001593,7.57786834170855E-08,8,0,9426
0.000546630588240358,0.0003624,2.94316743718593E-07,12,0.00050524251602572,0.0002947,2.46116974874372E-07,11,0.000536326393159986,0.0003689,2.86160804020101E-07,11,0.000497924191017066,0.00027635,2.34544801507538E-07,9,0.000377470212409978,0.000251400313103635,1.42934796700953E-07,29,0.00052560156011945,0.0003425,2.43656070351759E-07,6,0.00048741204334731,0.00028515,2.05309042713568E-07,8,0.000512146951567614,0.00030365,2.33862610552764E-07,12,0,9529
0.000678012168032403,0.00044755,3.61938389447236E-07,10,0.00066857572495567,0.00042035,3.6139153517588E-07,12,0.0006725455374917,0.00046165,3.51708037688442E-07,11,0.000660896739286857,0.00039815,3.18209324120603E-07,11,0.000437638248369369,0.000336848889520546,1.9212366545473E-07,32,0.000670972056050027,0.00043465,2.94343997487437E-07,9,0.000660046210503477,0.0004281,2.77849246231156E-07,11,0.000698625793969848,0.0005132,2.86288804020101E-07,12,0,9631
0.000507120794288698,0.00025675,2.08954469849246E-07,12,0.000500251936527986,0.0002291,2.10824683417086E-07,16,0.000499746435705148,0.00024665,2.05895555276382E-07,11,0.000503182372505238,0.00024235,2.0995306281407E-07,20,0.000314454316724995,0.000213472993270438,9.91203704189249E-08,26,0.000506583161978366,0.00024825,2.12596962311558E-07,13,0.000516189403223274,0.00029795,2.15842690954774E-07,20,0.000568059856001109,0.0004141,2.57725869346734E-07,18,0,9733
5.03140139523771E-05,0.00003845,2.32852010050251E-09,12,3.47347088659168E-05,0.00002805,1.09641959798995E-09,15,4.0024992192379E-05,0.0000309,1.32975879396985E-09,20,3.98748040747538E-05,0.000031,1.50536683417085E-09,23,9.8580789587917E-05,5.45792798600986E-05,9.53924011477315E-09,26,3.70877338213054E-05,0.00002825,1.16671105527638E-09,14,0.00010005248622598,0.00008055,9.92204773869346E-09,18,0.000195744731729873,0.0001578,3.69798994974874E-08,18,0,9835
3.26802692767364E-05,0.0000223,8.90201005025126E-10,6,2.83813318926368E-05,0.00002315,6.27736180904523E-10,8,2.84868390664882E-05,0.00002175,6.49625628140704E-10,19,3.09919344346235E-05,0.00002585,7.12841708542713E-10,16,1.70267021813234E-05,1.14629499722814E-05,2.90623494465909E-10,31,2.27705950734714E-05,0.00001705,4.17565326633166E-10,9,6.36710295189264E-05,0.0000521,4.07179899497488E-09,9,0.000119605601875497,0.00007865,1.42913944723618E-08,8,0,9939
1.76918060129541E-05,0.0000109,2.10010050251256E-10,4,2.98579972536672E-05,0.00002065,7.66510050251256E-10,9,2.37276210354093E-05,0.0000192,5.01507537688442E-10,11,2.21697992773954E-05,0.00001895,4.17022613065326E-10,12,8.10291834119827E-06,5.59942673810404E-06,6.59709536758201E-11,32,2.03469899493758E-05,0.0000144,3.61045226130653E-10,5,6.97352134864446E-05,0.0000533,4.88380904522613E-09,8,0.000109219961545498,0.0000762,1.19810653266332E-08,7,0,10051
1.40534693225552E-05,0.00001055,9.08316582914573E-11,1,2.75952894530933E-05,0.00001985,6.88379396984924E-10,10,2.92403830344269E-05,0.0000211,8.01246231155779E-10,10,1.54110350074224E-05,0.00001315,2.01907035175879E-10,7,9.64701031531969E-06,6.59601149380616E-06,9.35249935758912E-11,25,2.66458251889485E-05,0.0000203,4.49809045226131E-10,2,7.94952828789231E-05,0.00006415,5.83109296482412E-09,8,0.000130700038255541,0.00011185,1.44872135678392E-08,10,0,10153
1.58429795177549E-05,0.0000135,7.97889447236181E-11,4,1.99123077517399E-05,0.00001595,3.70791457286432E-10,12,2.78028775489157E-05,0.000019,7.38251256281407E-10,11,2.18288799529431E-05,0.00001625,3.83354271356784E-10,8,1.00640935379924E-05,7.38209960682184E-06,1.01525442962751E-10,24,2.54558441227157E-05,0.0000201,3.10994974874372E-10,3,6.40156230931169E-05,0.0000467,3.62772864321608E-09,6,0.000100705014770864,0.00007385,7.92964572864322E-09,9,0,10258
1.73060682998768E-05,0.00001355,2.03494974874372E-10,9,2.61820549231721E-05,0.00002005,5.95354271356784E-10,15,2.77938842193746E-05,0.00002095,6.37625628140703E-10,18,2.35159520326097E-05,0.0000176,4.59256281407035E-10,13,9.78542056436169E-06,7.68248983180823E-06,9.619951049905E-11,23,1.7058722109232E-05,0.0000132,1.66391959798995E-10,7,4.96840014491587E-05,0.00003525,2.37115326633166E-09,9,5.44655854645849E-05,0.00003365,2.74767587939699E-09,15,0,10360
1.77341478509682E-05,0.00001225,2.3736432160804E-10,5,3.06186217847897E-05,0.00002225,7.26510050251256E-10,12,3.00083321762473E-05,0.00002375,7.23213567839196E-10,19,1.73781471969828E-05,0.0000143,2.29185929648241E-10,7,1.13594918519829E-05,8.87449236171582E-06,1.29177126115091E-10,17,1.26293309403151E-05,0.00000835000000000001,1.17183417085427E-10,5,3.33616546352246E-05,0.0000246,9.10190954773868E-10,9,4.55796007003133E-05,0.00003035,1.71551507537688E-09,13,0,10463
1.37840487520902E-05,0.00000970000000000001,1.44482412060302E-10,2,3.286335345031E-05,0.000022,9.04964824120603E-10,8,2.60192236625154E-05,0.0000203,6.48884422110553E-10,9,1.77341478509682E-05,0.00001525,1.95575376884422E-10,3,9.78455129670096E-06,7.22972781236747E-06,9.58144642802697E-11,21,1.44913767461894E-05,0.0000107,1.77246231155779E-10,1,1.89604852258585E-05,0.00001605,3.44821608040201E-10,5,3.250384592629E-05,0.00002585,9.95052763819095E-10,6,0,10566
1.33041346956501E-05,0.0000116,1.39256281407035E-10,3,3.07652401258303E-05,0.00002375,8.02891959798995E-10,9,2.58650343127551E-05,0.0000204,5.61557788944724E-10,5,1.87882942280559E-05,0.0000152,2.7694472361809E-10,4,1.00389998769992E-05,7.4496833219351E-06,1.0103967988308E-10,24,2.08925824157762E-05,0.00001835,2.59575376884422E-10,3,1.79304210770411E-05,0.00001325,3.16057788944724E-10,4,2.99332590941915E-05,0.0000252,8.93708542713568E-10,8,0,10668
1.94036079119323E-05,0.00001685,2.44319095477387E-10,7,2.46373699895098E-05,0.0000223,4.86221105527638E-10,10,3.12169825575759E-05,0.00002425,6.62751256281407E-10,9,1.86413518823073E-05,0.00001335,2.35253768844221E-10,3,1.07953317868404E-05,7.89852160339178E-06,1.17077197018546E-10,26,2.01246117974981E-05,0.0000179,9.21708542713568E-11,3,2.36431808350738E-05,0.0000139,3.7591959798995E-10,2,3.60208273086558E-05,0.00002765,1.11400753768844E-09,7,0,10770
1.93907194296653E-05,0.0000155,2.73326633165829E-10,8,2.33452350598575E-05,0.00002,5.12753768844221E-10,11,3.59513560244951E-05,0.00002805,1.28771608040201E-09,10,2.0952326839757E-05,0.0000149,3.6513567839196E-10,5,1.08880192941127E-05,7.16587773060428E-06,1.19095628531781E-10,26,1.91963538204525E-05,0.00001515,1.51695979899498E-10,4,4.19046536795139E-05,0.0000279,1.35878391959799E-09,8,3.85875627631495E-05,0.0000296,1.43054271356784E-09,10,0,10873
1.88148877222268E-05,0.0000146,3.07929648241206E-10,6,2.62392835268039E-05,0.00001995,6.85927135678392E-10,7,3.0232432915662E-05,0.0000224,9.16894472361809E-10,6,1.76918060129541E-05,0.0000139,2.80763819095477E-10,6,1.11834279453071E-05,8.00781873015776E-06,1.25547419091669E-10,21,1.62941707368003E-05,0.00001025,1.89886934673367E-10,4,4.17013189239861E-05,0.0000309,1.74764824120603E-09,14,3.95474398665704E-05,0.000032,1.5701608040201E-09,11,0,10977
1.87082869338697E-05,0.0000144,3.0251256281407E-10,5,3.250384592629E-05,0.00002635,8.79997487437186E-10,4,2.45662369930765E-05,0.00001895,4.48238693467336E-10,6,1.56364957711119E-05,0.00001255,2.0128391959799E-10,4,1.27177720283566E-05,1.01675684381492E-05,1.62552400209079E-10,17,1.54272486205415E-05,0.0000095,2.06542713567839E-10,4,2.34200768572607E-05,0.00001785,4.77786432160804E-10,11,3.37934904974316E-05,0.0000245,1.04923618090452E-09,5,0,11080
1.71901134376711E-05,0.00001295,2.33464824120603E-10,5,3.60763080150949E-05,0.00003145,8.14952261306533E-10,5,3.40073521462639E-05,0.00002615,8.12741206030151E-10,7,1.79164728671689E-05,0.0000126,2.37547738693467E-10,1,1.19478014767554E-05,9.09063962987086E-06,1.43296191128995E-10,18,2.18174242292714E-05,0.0000172,2.86994974874372E-10,4,1.41598022585063E-05,0.00001105,1.86610552763819E-10,7,1.9811612756159E-05,0.00001535,3.06610552763819E-10,3,0,11182
1.95064092031312E-05,0.00001595,2.59695979899498E-10,5,3.01081384346492E-05,0.00002445,6.39092964824121E-10,5,4.21485468314152E-05,0.00003475,1.39340452261307E-09,11,1.67481342244442E-05,0.00001095,1.74248743718593E-10,2,1.14276898376136E-05,8.23980743753987E-06,1.31243693351348E-10,22,1.80416185526687E-05,0.00001515,2.17384422110553E-10,2,1.61554944214035E-05,0.0000111,2.61095477386935E-10,5,2.54165300542777E-05,0.0000206,5.09306532663317E-10,7,0,11284
2.21472345903501E-05,0.00001955,2.77263819095478E-10,4,2.22036033111745E-05,0.0000171,4.43376884422111E-10,6,4.16353215431321E-05,0.00003645,1.56039949748744E-09,13,1.81796589626978E-05,0.00001465,2.00399497487437E-10,5,1.45518420898281E-05,1.04557923613817E-05,2.12777260565864E-10,26,1.99624647776771E-05,0.00001595,2.54570351758794E-10,1,2.3388031127053E-05,0.0000171,4.47226130653266E-10,3,2.93172304285381E-05,0.00002335,5.25404522613065E-10,8,0,11388
1.86815416922694E-05,0.0000155,1.91195979899497E-10,4,2.26715680975093E-05,0.0000177,5.10301507537689E-10,9,4.07615014443776E-05,0.00003185,1.41736432160804E-09,13,2.94618397253125E-05,0.0000233,6.46231155778895E-10,5,2.30104716258864E-05,1.39111828336889E-05,5.31967371301029E-10,25,2.47891105124811E-05,0.00001985,4.4379648241206E-10,3,2.70739727413618E-05,0.0000232,5.01417085427136E-10,7,2.31624696438009E-05,0.00001685,4.07434673366834E-10,9,0,11490
1.00498756211209E-05,0.0000077,4.49748743718593E-11,1,2.30759615184287E-05,0.00001815,4.89384422110553E-10,8,3.2124756808418E-05,0.0000217,9.4838190954774E-10,10,4.59184058956754E-05,0.00003335,2.11565577889447E-09,7,3.57105526450507E-05,2.43326609171785E-05,1.27571156730284E-09,23,2.35053185470863E-05,0.00001945,4.96459798994975E-10,7,2.47790233867277E-05,0.0000197,4.62552763819095E-10,6,1.36930639376292E-05,0.00001145,1.60741206030151E-10,7,0,11592
1.50996688705415E-05,0.0000102,1.82673366834171E-10,0,2.45662369930765E-05,0.00001865,5.22389447236181E-10,7,4.29825546006749E-05,0.00002745,1.85334422110553E-09,7,0.000140308588475546,0.00008035,1.96490226130653E-08,9,0.000173893644836337,9.27891299627765E-05,3.02626732616315E-08,25,6.7003731239387E-05,0.00004185,4.47024874371859E-09,7,3.2225766088644E-05,0.00002475,8.59193467336684E-10,4,2.0161845153656E-05,0.00001775,3.33344221105528E-10,7,0,11694
2.86356421265527E-05,0.0000201,7.29557788944723E-10,4,2.86356421265527E-05,0.0000228,7.39055276381909E-10,7,5.57135531087365E-05,0.000045,2.93643216080402E-09,10,0.000163269715501681,0.0001071,2.57031055276382E-08,11,0.000215743834314723,0.000146716420505844,4.6777711422316E-08,33,0.000106458912261961,0.00007255,1.07240577889447E-08,5,6.52839949757978E-05,0.0000471,3.78810050251256E-09,10,9.89317946870469E-05,0.00005445,9.1067311557789E-09,12,0,11797
5.13955250970354E-05,0.00003835,2.64415829145729E-09,8,2.8644371174805E-05,0.00002435,7.81505025125628E-10,5,4.73392015141785E-05,0.0000401,2.10511557788945E-09,10,0.000123219316667477,0.0000822,1.42107638190955E-08,16,0.000198505982218756,0.000129728969227117,3.94413907807054E-08,38,0.000131643457870112,0.0000856,1.72674974874372E-08,9,7.64820240317945E-05,0.00005975,5.87832914572864E-09,13,0.000123939501370628,0.0000882,1.54359296482412E-08,12,0,11900
6.50691939399898E-05,0.000053,4.2429648241206E-09,12,4.00749298190278E-05,0.000035,1.61403015075377E-09,9,3.38821486921948E-05,0.0000245,1.13156783919598E-09,8,8.61103942622492E-05,0.0000496,7.43994974874372E-09,14,0.000158949646114492,8.1855541544498E-05,2.5387928781861E-08,30,0.00011144505372604,0.0000724,1.22711055276382E-08,10,7.69577806332797E-05,0.00006595,5.13306281407035E-09,8,0.000156968149635523,0.0001134,2.47396582914573E-08,14,0,12002
0.000241441504302802,0.000163,5.81223618090452E-08,14,0.000372189467878929,0.0002349,1.3661727638191E-07,11,8.62206471791995E-05,0.0000519,7.43754773869347E-09,12,6.97603038984206E-05,0.00004735,4.8491432160804E-09,11,0.000107539230505981,6.65359670476271E-05,1.16189732228472E-08,23,0.000206942020865749,0.0001494,4.30305427135678E-08,9,0.000228683186963974,0.0001722,5.25427135678392E-08,8,0.000283737554793157,0.0002139,0.000000078682,10,0,12106
0.000316826450915955,0.0002649,9.0200391959799E-08,12,0.000533522258204848,0.0004269,2.67460090452261E-07,11,0.000114525106417763,0.0000911,1.24654371859296E-08,15,0.000131331641275056,0.0000948999999999999,1.73250150753769E-08,14,0.00025353466577783,0.000177025684309028,6.46010605262E-08,24,0.000248028224200392,0.0001962,6.02029748743718E-08,10,0.000277136248080254,0.00023965,7.34200376884422E-08,12,0.00040335902122055,0.00036455,1.39696379396985E-07,6,0,12208
0.000263702483871502,0.0002196,6.5227527638191E-08,15,0.000438909443963103,0.00033815,1.79863515075377E-07,13,9.38136450629651E-05,0.0000741,7.26918592964824E-09,11,0.000124763776794389,0.0000926,1.53639296482412E-08,17,0.00024295656855035,0.000161362157723995,5.93169826840937E-08,28,0.000181656268815585,0.0001407,3.17963718592965E-08,12,0.00018750866646638,0.00014885,2.99436557788945E-08,11,0.000379520750420843,0.0003385,1.36709296482412E-07,10,0,12310
0.000225832902828618,0.00018135,5.06802989949749E-08,11,0.000257323726072821,0.00018655,6.36662286432161E-08,11,6.85528992822331E-05,0.00005195,4.65798743718593E-09,11,6.24379692174561E-05,0.0000545500000000001,3.85772613065326E-09,13,7.33496791050416E-05,4.58529598047545E-05,5.39502623177336E-09,41,0.000116950844374891,0.00008785,1.36778266331658E-08,11,0.000147013604812616,0.0001111,2.06535075376884E-08,8,0.000361743693794377,0.00028325,1.30807635678392E-07,8,0,12413
0.000188796186402162,0.000154,3.34978793969849E-08,10,0.000219408295194143,0.0001605,4.82466733668342E-08,12,5.57942649382533E-05,0.0000438,3.10918592964824E-09,14,5.03189825016365E-05,0.0000436,2.42965829145729E-09,10,6.54442827968183E-05,4.30012110817475E-05,4.303838058069E-09,38,5.50181788139157E-05,0.0000419,3.03734673366834E-09,8,0.000146201915172134,0.000118,1.94472361809045E-08,9,0.000302776320078041,0.00020205,8.8931555276382E-08,8,0,12516
0.000119463383511434,0.00010525,1.43088216080402E-08,10,0.000202786833892144,0.00017535,4.13142487437186E-08,11,4.73655993311602E-05,0.00003685,1.98281155778894E-09,12,6.91230786351418E-05,0.0000569000000000001,4.70150753768844E-09,9,7.53866440782201E-05,5.26454741566829E-05,5.69540356445365E-09,20,9.11838801543343E-05,0.00006905,7.28490201005025E-09,6,0.000127184904764677,0.0001105,1.57927135678392E-08,8,9.77241014284603E-05,0.0000846,9.29020100502513E-09,8,0,12619
0.000125942447173302,0.00010685,1.59056256281407E-08,7,0.000168343399038988,0.00015705,2.84803391959799E-08,11,4.6518813398452E-05,0.0000386,2.08980904522613E-09,11,9.21737489744233E-05,0.0000734,8.53290452261306E-09,9,0.000134548044541943,9.53835719914111E-05,1.8186170106406E-08,17,0.000112514443517266,0.00010005,1.01141683417085E-08,7,0.000105560409245133,0.0000858,1.09153366834171E-08,7,0.000120867696263311,0.0001101,1.46486030150754E-08,12,0,12722
0.000170452339379664,0.0001417,2.91464422110553E-08,10,0.000169195153594895,0.0001439,2.85231256281407E-08,12,8.25530132702617E-05,0.0000665,6.84754773869347E-09,8,8.65130048027463E-05,0.00006775,7.43796733668342E-09,10,0.000142419026170002,0.00011007091546068,2.03670652192773E-08,18,0.000124404581909189,0.00010885,1.26722587939698E-08,10,5.55382750902475E-05,0.00004415,2.66727386934673E-09,7,0.000126964561984831,0.0001188,1.36277788944724E-08,14,0,12827
0.000191692462032288,0.00015,3.69222010050251E-08,6,0.000144532003376415,0.00011815,2.07355753768844E-08,10,8.29337084664613E-05,0.0000673000000000001,6.90351758793969E-09,7,5.97871223592506E-05,0.00004825,3.54934422110553E-09,10,8.99026522080452E-05,6.68412899766678E-05,8.1189816242763E-09,30,0.000123077211538123,0.0001026,1.51829547738693E-08,10,6.55400640829714E-05,0.00005225,4.31434924623115E-09,10,0.000126716218377917,0.000107,1.57594371859296E-08,12,0,12929
0.000246182858867144,0.0001939,5.80123718592965E-08,5,0.000251969244154917,0.00018325,5.56215452261306E-08,10,5.20336429629908E-05,0.00004255,2.65917336683417E-09,8,7.30205450541147E-05,0.0000592,4.60975879396985E-09,8,0.000105091014023244,6.87232544283905E-05,1.1091030441458E-08,33,0.000135273796427837,0.000116,1.50680904522613E-08,10,6.80073525436772E-05,0.000057,4.30797989949749E-09,12,0.000188017286439306,0.00014735,3.50570628140703E-08,8,3,13036
0.000216010416415505,0.00015685,4.1487716080402E-08,11,0.00029724989486962,0.00023325,7.24507512562814E-08,10,4.55466793520669E-05,0.00003535,1.42884170854271E-09,7,0.000104744928278175,0.00008635,1.01901281407035E-08,8,0.000142282892897628,0.000101100907219751,2.03456390508712E-08,25,0.000151089377522048,0.0001206,2.27400603015075E-08,10,8.42822638518924E-05,0.00006375,6.97836934673367E-09,8,0.000189425447076152,0.0001469,2.85771959798995E-08,6,3,13142
0.000135264555593844,0.00009375,1.830058040201E-08,8,0.000202361063448481,0.0001636,4.07617688442211E-08,9,5.0808463861841E-05,0.00003475,1.69296231155779E-09,4,8.59185660960424E-05,0.0000591,5.28320603015076E-09,7,0.000131367183269231,0.000103225313232483,1.73439802137094E-08,19,0.000105569882068704,0.0000693000000000001,9.10202010050251E-09,10,8.08238826090408E-05,0.00005665,5.6577864321608E-09,5,0.000123480767733279,0.00009345,1.31275753768844E-08,10,3,13246
0.000169509586749541,0.00012865,2.74982889447236E-08,9,0.000153292204628937,0.00011925,2.13822889447236E-08,9,7.0668238976219E-05,0.0000461,5.01845226130653E-09,6,5.85149553533112E-05,0.0000478,3.17089447236181E-09,8,9.56687276710658E-05,7.79664567654339E-05,9.18907640673536E-09,20,7.79102047231298E-05,0.00006,6.04396984924623E-09,11,9.023026099929E-05,0.00006115,8.13386683417086E-09,6,0.000121326007104825,0.0000899,1.38834070351759E-08,11,3,13350
0.000186354500884739,0.000144,3.40572864321608E-08,11,0.00018409236811992,0.0001383,3.2891648241206E-08,11,8.94902229296586E-05,0.00007135,7.92602763819095E-09,9,7.67691344226311E-05,0.00006225,5.89103266331659E-09,6,8.24390853270357E-05,6.16662619692125E-05,6.83002492115241E-09,33,0.00010846197490365,0.0000836000000000001,1.16426532663317E-08,11,8.87327448014542E-05,0.00006225,7.67625879396985E-09,8,0.000153985388917261,0.00012225,2.16715351758794E-08,7,3,13452
0.000160689140890105,0.0001167,2.53074472361809E-08,10,0.000192347342066377,0.00015945,3.46758768844221E-08,7,9.10027472112793E-05,0.00007795,7.85637939698493E-09,6,6.79301111437336E-05,0.0000531500000000001,4.26138442211055E-09,1,7.2457310557227E-05,5.17890168818191E-05,5.27279283689996E-09,35,0.000101904366932924,0.00007685,9.70673115577889E-09,9,5.53669576552658E-05,0.00004605,2.96476130653266E-09,11,0.000166664333317,0.0001428,2.77519195979899E-08,5,3,13557
0.000157028659804508,0.0001167,2.47191859296483E-08,10,0.000167648441686763,0.000132,2.81025125628141E-08,7,6.7819613682179E-05,0.00005175,4.60359547738693E-09,6,5.91692487699481E-05,0.0000505,3.51794974874372E-09,9,7.63095126709769E-05,5.37634966356614E-05,5.85086499226906E-09,27,8.34266144584568E-05,0.0000633,6.80079396984924E-09,9,6.96024424858783E-05,0.00005525,4.58009798994975E-09,10,0.000137133146977673,0.00011715,1.88906507537688E-08,8,3,13661
0.000215105787927708,0.00016825,4.61382889447236E-08,8,0.000165870431361349,0.0001295,2.67766331658292E-08,11,5.96280135506793E-05,0.00005175,3.33963567839196E-09,10,5.36376733276155E-05,0.00004,2.68305527638191E-09,12,7.61193175038632E-05,5.2681939873148E-05,5.82187016943264E-09,36,7.3556101038595E-05,0.00005815,4.83688190954774E-09,11,8.41189633792524E-05,0.0000635,0.000000007058,10,0.000146775338527969,0.0001278,2.02152361809045E-08,12,3,13764
0.000205819095324025,0.00016135,4.17779673366834E-08,5,0.000152569656222986,0.00012255,2.33868718592965E-08,9,5.80689245638319E-05,0.0000527,3.38604020100502E-09,10,4.59347363114234E-05,0.0000344,2.11890452261307E-09,8,7.72703753267908E-05,5.32286753072748E-05,6.00053666046479E-09,34,7.229799443968E-05,0.0000593,5.19054271356784E-09,10,7.23152819257451E-05,0.00005335,5.1417864321608E-09,11,0.000166776796947297,0.00015305,2.7932540201005E-08,11,3,13868
0.000128134694755168,0.00008965,1.54686407035176E-08,7,0.000110464926560425,0.0000957500000000001,1.16873341708543E-08,12,6.79779375974294E-05,0.0000605,4.64164824120603E-09,10,4.78069032672061E-05,0.00003775,2.20144472361809E-09,7,7.01387041582104E-05,4.43339083607068E-05,4.93939080386792E-09,31,9.52470471983253E-05,0.0000777,8.95548743718593E-09,8,5.92199290779717E-05,0.0000482,2.12634170854271E-09,9,0.000149634554832766,0.00013155,1.43170226130653E-08,9,3,13970
0.000151368755032206,0.00011345,2.24366206030151E-08,8,0.00013177063405782,0.00011215,1.62991733668342E-08,11,6.97961316979673E-05,0.0000620500000000001,4.34331407035176E-09,11,4.81456124688429E-05,0.0000407,2.21884422110553E-09,5,6.95354913101848E-05,4.7411797982866E-05,4.8555290164416E-09,30,9.44113340653547E-05,0.00008305,8.94261055276382E-09,7,6.71118469422501E-05,0.0000554,3.95255276381909E-09,9,0.000149038585607889,0.00012645,2.00992939698492E-08,8,3,14073
0.000172464489098481,0.0001552,2.41493869346734E-08,6,0.00016942992651831,0.00013965,1.98851231155779E-08,9,4.54422710700071E-05,0.0000358,1.58451256281407E-09,8,4.49388473372426E-05,0.00003725,2.02807788944724E-09,7,7.02339815840563E-05,5.09928107561461E-05,4.95425515123356E-09,21,6.53299318842443E-05,0.0000562,4.02568844221106E-09,8,4.98898787330657E-05,0.0000401,2.49619095477387E-09,10,0.000134530665649137,0.00011265,1.7583716080402E-08,7,3,14176
0.000136779018858888,0.00012065,1.7918972361809E-08,9,0.000177926951303056,0.0001409,3.18156381909548E-08,11,5.47083174663597E-05,0.0000402,2.98189949748744E-09,5,5.30471488394994E-05,0.0000399,2.81124623115578E-09,12,7.74910980737759E-05,5.79173041325741E-05,6.0349802975064E-09,23,5.94684790456255E-05,0.00004805,3.55044974874372E-09,10,3.44093010681705E-05,0.0000272,1.11561809045226E-09,8,9.16842407396167E-05,0.0000693,7.60883417085427E-09,9,3,14278
0.000129143331225426,0.0001059,1.47626532663317E-08,8,0.000202886667871499,0.0001566,3.66264422110553E-08,11,6.6071930500024E-05,0.00005265,4.36476130653267E-09,6,5.57045779088218E-05,0.0000443,3.09824120603015E-09,14,8.59461373547495E-05,6.8589576786302E-05,7.42321273180598E-09,24,7.59440583587683E-05,0.00006035,5.72640954773869E-09,11,4.58039299623952E-05,0.0000341,2.07236180904523E-09,7,8.34445923951936E-05,0.0000673,6.9849648241206E-09,9,3,14380
0.000163360031831535,0.00012175,2.4949324120603E-08,6,0.000185834603882054,0.00014525,3.46445201005025E-08,14,6.28251541979803E-05,0.0000511,3.94993969849246E-09,10,5.59732078766261E-05,0.0000455000000000001,2.66672361809045E-09,14,7.02548058962588E-05,5.38252446052426E-05,4.95934206337587E-09,23,7.51332150250474E-05,0.0000585,5.08478391959799E-09,8,5.8638724406317E-05,0.00004665,3.22204773869347E-09,9,0.000105016665344125,0.0000889499999999999,1.10697864321608E-08,10,3,14482
0.000160124951209985,0.0001222,2.55989949748743E-08,11,0.000121640864844015,0.00010115,1.21375653266332E-08,14,5.72101389615512E-05,0.0000471,2.78065326633166E-09,12,5.25594901040716E-05,0.00004055,2.24703266331658E-09,11,5.61160946435223E-05,3.9125558206605E-05,3.16460350507278E-09,27,6.98605754342175E-05,0.00005685,4.39396733668342E-09,6,6.05144610816291E-05,0.0000448,3.25804020100503E-09,7,0.000141774468787578,0.0001213,1.92722010050251E-08,14,3,14586
0.000100314505431667,0.0000794,1.00831658291457E-08,12,0.000110392481628053,0.00008615,1.21991934673367E-08,13,6.61815684310972E-05,0.0000543,4.11155778894472E-09,13,3.94017766096911E-05,0.00003235,1.24007788944724E-09,12,3.86722341896842E-05,2.62646236430058E-05,1.50185802967887E-09,56,5.69824534396335E-05,0.0000426,3.08820100502513E-09,7,5.28062496301337E-05,0.00004075,2.60693216080402E-09,4,0.000144144025197023,0.00012255,2.04738467336683E-08,14,3,14689
0.000100361845339751,0.00007475,1.00702889447236E-08,8,0.000147780242251798,0.0001081,2.19125628140704E-08,11,6.77790528113222E-05,0.0000545,4.61511557788945E-09,12,5.9455865984779E-05,0.000041,3.55050251256281E-09,12,0.000107263785648498,6.444423677506E-05,1.15519223551462E-08,56,7.93756889733878E-05,0.00004855,6.33195728643216E-09,8,5.67186036499489E-05,0.0000491,3.179608040201E-09,8,0.000119501046020527,0.00010135,1.43498467336683E-08,10,3,14792
0.000108696826080617,0.0000887,1.03846733668342E-08,6,0.00013494999073731,0.0000945499999999998,1.69530427135678E-08,9,5.07444578254611E-05,0.0000395,2.58789949748744E-09,8,8.15628591946113E-05,0.0000600500000000001,6.03497236180905E-09,9,0.000126276370633023,8.94910717333122E-05,1.60141030917411E-08,27,0.000102941731090943,0.0000769,1.03459698492462E-08,8,6.38396428561439E-05,0.00005265,4.08108291457287E-09,8,0.00018044666802133,0.0001349,3.02221005025126E-08,6,3,14894
8.10431983574193E-05,0.0000590000000000001,5.48654271356783E-09,7,0.000149988332879594,0.00010275,2.24277361809045E-08,8,4.93558507170123E-05,0.0000351,2.40176884422111E-09,6,7.75499838813652E-05,0.0000667000000000001,6.03843216080402E-09,10,9.61425910709326E-05,7.38494332597697E-05,9.28710870029266E-09,16,7.97809501071528E-05,0.0000612,6.38965829145728E-09,6,5.01996015920445E-05,0.0000353,2.5286432160804E-09,5,0.000189971050426111,0.0001355,3.54711155778894E-08,6,3,14999
6.09549013615804E-05,0.00004745,3.67223869346734E-09,12,0.000168877174301325,0.00013165,2.77970628140703E-08,14,6.67794878686562E-05,0.00005255,4.4374648241206E-09,9,4.89540600971973E-05,0.00003955,2.32255025125628E-09,9,6.84888409742342E-05,4.72400420748277E-05,4.70588612373141E-09,24,5.33760245803301E-05,0.0000434,2.73270351758794E-09,11,4.43452364972834E-05,0.00003225,1.86872110552764E-09,11,0.000161780715785288,0.000119,2.58136582914573E-08,13,0,15105
5.93380147965872E-05,0.0000456,3.45362814070352E-09,10,0.000104112919467278,0.00007805,1.05137663316583E-08,13,7.08590149522275E-05,0.0000615,5.04501507537689E-09,9,5.60044641077834E-05,0.00004075,3.1213040201005E-09,8,6.60662544149509E-05,4.36641170906739E-05,4.38612993202782E-09,26,6.97423830966508E-05,0.0000617,4.83190954773869E-09,15,4.67332857821917E-05,0.0000406,2.16116582914573E-09,14,0.000142181222388894,0.00010645,2.01043190954774E-08,12,0,15208
7.61741425944526E-05,0.00005295,5.8089824120603E-09,8,0.000133960815166227,0.00009465,1.78140477386935E-08,7,5.26830143404874E-05,0.00004245,2.24148492462311E-09,8,5.79396237474839E-05,0.0000463,3.35614070351759E-09,10,6.28195731009908E-05,4.20121671004955E-05,3.96591397229179E-09,22,6.69738755038112E-05,0.0000589500000000001,4.1160175879397E-09,10,3.56721179634739E-05,0.00002945,1.1353743718593E-09,10,0.000113203356840687,0.0000949,1.28787537688442E-08,9,0,15312
0.000139873156824317,0.00012245,1.68874346733668E-08,13,0.000199565778629504,0.00016745,3.85097261306533E-08,9,6.85164213893283E-05,0.00004705,4.54693216080402E-09,11,5.28488410468952E-05,0.0000437,2.38467336683417E-09,11,3.90360957251293E-05,2.84429342535145E-05,1.5288468612574E-09,30,6.37220526976337E-05,0.00004865,3.51400753768844E-09,10,3.54682957019364E-05,0.0000252,1.24116582914573E-09,6,0.000131715602720407,0.0001116,1.64134572864322E-08,9,0,15415
0.000182151036230926,0.0001524,3.25178994974874E-08,14,0.000198246059229433,0.00014385,3.90059070351759E-08,10,0.000124114866152287,0.00007145,1.53569623115578E-08,10,0.00010395912658348,0.00005155,1.0834108040201E-08,9,8.99058601855417E-05,4.49112650118199E-05,8.12297366209915E-09,35,0.000108581766425123,0.0000471,1.16741306532663E-08,10,0.000110145358504115,0.0000566,1.15445628140704E-08,6,0.000175579042029509,0.0001344,3.03845628140704E-08,7,0,15517
0.000197649943081196,0.00015105,3.10576658291457E-08,12,0.000154274106706213,0.0000972500000000001,2.37883391959799E-08,9,0.000132625412346202,0.00008605,1.74222085427136E-08,11,9.81121806912883E-05,0.0000416,9.3907135678392E-09,12,9.57441675334546E-05,5.19766550331338E-05,9.21032300326884E-09,42,0.000106068374174398,0.00005035,1.12936457286432E-08,10,0.000117051270817535,0.0000689,1.3214824120603E-08,8,0.000182212787696144,0.00013565,2.19583894472362E-08,11,0,15619
0.000188549728188613,0.0001598,2.5779648241206E-08,15,0.000211755755529808,0.00015735,3.9298932160804E-08,14,8.81078884096084E-05,0.0000727000000000001,7.64995979899497E-09,14,4.15511732686335E-05,0.00003445,1.72027889447236E-09,10,5.69659134576804E-05,4.14212779218602E-05,3.26138984598501E-09,37,7.68016926896797E-05,0.00005565,5.68823869346734E-09,11,6.42495136168361E-05,0.0000526,4.11722613065327E-09,10,0.000128547656532509,0.00010305,1.46926407035176E-08,14,0,15721
0.000130744024720061,0.0001037,1.69743819095477E-08,18,0.000210036901519709,0.00015595,4.20456658291457E-08,16,6.68356192460278E-05,0.0000605,4.18165829145728E-09,14,3.93700393700591E-05,0.0000342,1.53652261306533E-09,7,4.12397934314564E-05,3.12633501495686E-05,1.70804761542013E-09,21,6.08769250208977E-05,0.0000317,3.71231155778894E-09,7,4.73867069967939E-05,0.00003715,2.22355527638191E-09,9,7.95047168412038E-05,0.0000633,6.34181909547738E-09,12,0,15825
4.52437841034545E-05,0.0000325,1.84597989949749E-09,13,9.43345111822815E-05,0.0000606,8.30041206030151E-09,11,6.48960707593303E-05,0.00005085,4.23193718592965E-09,15,3.54400902933387E-05,0.0000293,1.23818090452261E-09,17,2.7187469596156E-05,1.88767904569961E-05,7.42481704270609E-10,36,2.24276614920058E-05,0.0000141,4.86944723618091E-10,6,2.93001706479672E-05,0.00002225,8.2841959798995E-10,9,4.15030119388943E-05,0.00002595,1.72693216080402E-09,9,0,15927
1.56524758424985E-05,0.0000114,1.9556783919598E-10,10,3.00915270466622E-05,0.00002235,8.64258793969849E-10,15,6.5924198895398E-05,0.0000445,4.33044221105527E-09,19,3.37268439080801E-05,0.00002505,1.13766582914573E-09,22,1.23772557438039E-05,9.50626717284983E-06,1.53934031325826E-10,40,1.6015617378047E-05,0.00001125,2.22208542713567E-10,8,1.7606816861659E-05,0.0000143,1.61969849246231E-10,7,1.6015617378047E-05,0.00001335,2.56881909547739E-10,12,0,16032
1.6015617378047E-05,0.00001155,2.15977386934673E-10,11,2.73404462289846E-05,0.00001935,6.76057788944724E-10,13,5.86856030044848E-05,0.0000386,3.24413065326633E-09,18,2.81158318390191E-05,0.00002055,6.23314070351759E-10,16,1.10801550044452E-05,8.68327966615308E-06,1.2320169337667E-10,37,1.42126704035519E-05,0.0000103,1.14211055276382E-10,4,1.40712472794703E-05,0.000011,1.21165829145729E-10,5,1.43003496460751E-05,0.00001225,1.9555527638191E-10,13,0,16135
1.88944436276912E-05,0.0000137,2.82723618090452E-10,9,2.03592730715023E-05,0.00001465,3.24922110552764E-10,7,3.35335652742144E-05,0.00002505,1.08299246231156E-09,13,1.90656759649376E-05,0.00001685,2.55575376884422E-10,11,1.21672345099732E-05,8.69255655603404E-06,1.48733530633171E-10,32,1.44741148261301E-05,0.00001045,1.02891959798995E-10,1,1.65075740192192E-05,0.00001375,1.07917085427136E-10,6,1.6140012391569E-05,0.00001255,1.62309045226131E-10,5,0,16239
1.74499283666151E-05,0.00001215,2.21886934673367E-10,2,2.42899156029822E-05,0.0000161,4.40914572864322E-10,6,3.19452656899266E-05,0.00002565,1.00747487437186E-09,12,1.76635217326557E-05,0.0000157,2.40954773869347E-10,9,1.04176606329861E-05,6.57946562534476E-06,1.08996317694115E-10,22,1.34164078649987E-05,0.00000970000000000001,8.82814070351759E-11,1,1.54434452114805E-05,0.00001145,1.1022864321608E-10,2,1.45773797371132E-05,0.00001105,9.30628140703517E-11,2,0,16341
1.67182534973005E-05,0.00001285,1.8536432160804E-10,3,3.49213401804685E-05,0.00002685,9.69947236180904E-10,7,3.51283361405006E-05,0.0000275,1.23762814070352E-09,11,2.2248595461287E-05,0.0000184,4.08683417085427E-10,9,5.52037116561054E-06,3.92887274165497E-06,3.03747937466563E-11,35,1.25896783120142E-05,0.00000945000000000001,6.95452261306533E-11,0,1.09087121146357E-05,0.0000086,4.52663316582915E-11,0,1.36747943311773E-05,0.000011,9.91356783919598E-11,4,0,16443
1.70293863659264E-05,0.0000135,2.54060301507538E-10,4,3.67491496500259E-05,0.00002905,0.0000000011645,8,4.53265926361115E-05,0.00003645,1.87481155778894E-09,7,2.6580067720004E-05,0.00002165,5.11655778894473E-10,6,5.78191106566769E-06,4.5233718459121E-06,3.35984434843422E-11,30,1.19791485507109E-05,0.00000955,7.7464824120603E-11,3,1.64772570532841E-05,0.00001485,1.52359296482412E-10,5,1.68374582404827E-05,0.00001315,1.48520100502513E-10,2,0,16547
1.44741148261301E-05,0.00001095,1.71293969849246E-10,2,3.41979531551232E-05,0.00002545,1.01199748743719E-09,11,3.98246155034798E-05,0.000032,1.3941608040201E-09,11,2.01246117974981E-05,0.0000131,3.06532663316583E-10,3,5.75524823410446E-06,4.20299395950368E-06,3.29585458595292E-11,26,1.17473401244707E-05,0.00000850000000000001,8.80301507537689E-11,3,1.80554700852678E-05,0.0000146,2.14713567839196E-10,6,1.44913767461894E-05,0.0000106,9.81306532663317E-11,0,0,16650
1.59843673631458E-05,0.00001165,1.76278894472362E-10,3,3.11769145362398E-05,0.0000224,7.93718592964824E-10,11,3.28176781628439E-05,0.0000267,9.73708542713568E-10,11,1.46116391962025E-05,0.00001005,1.74047738693467E-10,3,6.83877053092766E-06,5.08776040251244E-06,4.6993753360137E-11,23,1.10905365064094E-05,0.0000084,6.55678391959799E-11,1,1.64620776331543E-05,0.0000125,1.17829145728643E-10,1,1.30384048104053E-05,0.0000094,9.47839195979899E-11,1,0,16753
1.74785582929485E-05,0.00001455,1.77565326633166E-10,3,2.58456959666402E-05,0.0000195,5.72854271356784E-10,9,4.02430118157178E-05,0.00003245,1.61947487437186E-09,8,1.88015956769632E-05,0.00001605,2.04459798994975E-10,3,7.18070555720079E-06,5.92670079308245E-06,5.14738110900977E-11,21,9.51314879522023E-06,0.00000745000000000001,7.10527638190954E-11,6,1.46799182559032E-05,0.00001095,9.60778894472361E-11,0,1.68077363139716E-05,0.00001295,1.86409547738693E-10,5,0,16855
1.48323969741913E-05,0.0000118,1.30402010050251E-10,2,2.68421310629391E-05,0.00002255,6.89726130653266E-10,13,5.06162029393751E-05,0.0000403,2.55452261306533E-09,14,1.98997487421324E-05,0.0000167,2.9748743718593E-10,6,1.17470317507694E-05,9.0563460006808E-06,1.3860377942916E-10,23,1.34536240470737E-05,0.0000092,1.32663316582915E-10,5,0.000013,0.0000099,7.13467336683417E-11,0,1.78465682975747E-05,0.00001515,1.86027638190955E-10,8,0,16957
1.33790881602596E-05,0.00000970000000000001,1.23366834170854E-10,1,2.48495472795784E-05,0.00001945,5.50530150753769E-10,9,4.6146505826552E-05,0.00003495,1.84803768844221E-09,16,1.75926120857592E-05,0.00001315,2.34108040201005E-10,4,1.21900430018997E-05,9.62120865456687E-06,1.49316976729095E-10,18,1.552417469626E-05,0.0000107,1.43708542713568E-10,2,1.46116391962025E-05,0.00001175,9.1856783919598E-11,0,1.60779351908135E-05,0.00001385,1.64258793969849E-10,6,0,17059
1.65981926726978E-05,0.00001315,2.08479899497487E-10,4,1.84390889145858E-05,0.0000148,2.33005025125628E-10,5,2.83372546306095E-05,0.0000203,7.92522613065326E-10,11,1.50831031289984E-05,0.00001175,1.53444723618091E-10,7,7.94259042506088E-06,6.36282615557165E-06,6.3397098122316E-11,19,1.31529464379659E-05,0.00000850000000000001,1.47728643216081E-10,3,1.41774468787578E-05,0.0000114,1.58231155778894E-10,3,1.52151240547029E-05,0.00001315,1.27072864321608E-10,2,0,17162
1.55724115023974E-05,0.00001245,2.30329145728643E-10,11,2.93853705098302E-05,0.00002375,8.57223618090452E-10,6,2.82577423018896E-05,0.00002295,7.87615577889448E-10,8,2.22148598915231E-05,0.00001905,4.34047738693467E-10,10,7.17252181199319E-06,5.6760466901435E-06,5.17028148648792E-11,21,1.46628782986152E-05,0.0000104,1.54934673366834E-10,1,1.113552872566E-05,0.0000102,8.84422110552763E-11,5,1.4247806848775E-05,0.0000118,1.1521608040201E-10,2,0,17264
1.41774468787578E-05,0.0000122,1.98753768844221E-10,12,3.33766385365573E-05,0.0000291,1.11789949748744E-09,8,4.07246853885945E-05,0.00003535,1.58269095477387E-09,12,2.56320112359526E-05,0.0000225,6.1105527638191E-10,8,8.01245522875541E-06,6.24956913860863E-06,6.44779593379602E-11,23,1.43178210632764E-05,0.0000109,8.66231155778895E-11,0,1.1379806676741E-05,0.00001075,9.21381909547739E-11,7,1.67182534973005E-05,0.00001395,1.55957286432161E-10,6,0,17367
2.16448608219134E-05,0.00001765,3.27334170854271E-10,5,3.99624824053762E-05,0.0000312,1.15332663316583E-09,5,4.58584779511924E-05,0.0000406,2.11186934673367E-09,10,2.49299017246358E-05,0.00002125,5.0190703517588E-10,7,7.46042925338965E-06,5.60191534883075E-06,5.58614271916544E-11,19,1.11130553854464E-05,0.00000965000000000001,7.9675879396985E-11,1,1.82208671582886E-05,0.0000144,2.35165829145729E-10,5,1.76635217326557E-05,0.0000141,1.24934673366834E-10,4,0,17470
2.34840371316348E-05,0.00001985,1.89545226130653E-10,3,5.26022813193496E-05,0.0000369,1.67978894472362E-09,5,4.6189825719524E-05,0.00003835,1.79838944723618E-09,10,2.71661554144122E-05,0.0000205,4.44381909547739E-10,5,7.43262142247555E-06,5.70861123376934E-06,5.54457682149221E-11,24,1.20415945787923E-05,0.000011,9.36281407035176E-11,2,2.03100960115899E-05,0.00001485,1.98871859296483E-10,1,1.59216833280907E-05,0.00001165,1.20701005025126E-10,1,0,17574
1.95448202856921E-05,0.0000172,2.16673366834171E-10,5,4.13037528561268E-05,0.0000244,1.3044824120603E-09,6,3.81379076510498E-05,0.00002685,1.33909296482412E-09,11,2.75680975041804E-05,0.0000189,5.03306532663316E-10,6,7.70178952097702E-06,6.05268077431536E-06,5.95747554829246E-11,27,1.44395290781937E-05,0.00001115,1.17886934673367E-10,3,1.68374582404827E-05,0.00001205,1.7093216080402E-10,3,1.49164338901763E-05,0.00001125,1.31957286432161E-10,3,0,17681
3.61801050302511E-05,0.0000262,1.19617085427136E-09,7,4.53155602414888E-05,0.00002935,1.70291206030151E-09,7,8.18657437515839E-05,0.0000462,6.34958793969849E-09,10,0.000269073410057553,0.00015545,6.95617060301508E-08,9,0.00027633105136078,0.000139555445889871,7.67369302219475E-08,24,0.000267299457537796,0.0001539,6.95404522613066E-08,10,0.000113163598387467,0.0000677,1.20540201005025E-08,8,5.35723809439155E-05,0.0000334,2.6108040201005E-09,6,0,17784
6.54408129533856E-05,0.00004235,4.10843969849246E-09,8,8.23802160715788E-05,0.00005365,6.45587688442211E-09,10,0.000143754999913046,0.00010595,1.95276155778894E-08,12,0.000434262593369496,0.0003534,1.67873125628141E-07,10,0.000399541776734893,0.000295421101245884,1.60435793721925E-07,23,0.000407058349625702,0.00030305,1.48550188442211E-07,16,0.000175148508415002,0.0001229,2.85348341708542E-08,12,9.50815439504429E-05,0.00006465,8.33414824120603E-09,8,0,17889
7.95047168412038E-05,0.0000562,5.83943718592965E-09,11,0.000116359357165636,0.0000829500000000001,1.2351635678392E-08,11,0.000218453656412521,0.0001777,4.19875276381909E-08,14,0.000559051875947125,0.0004839,2.63771417085427E-07,12,0.000559427171403531,0.000425396271860228,3.14521947237836E-07,17,0.000506176846566494,0.0004051,2.22056442211055E-07,16,0.000207611415871093,0.00016065,4.0469283919598E-08,12,0.000111213758141698,0.00008635,1.17433944723618E-08,10,0,17995
0.000104957134107215,0.0000742,1.01788542713568E-08,11,0.00016542369842317,0.0001224,2.44401608040201E-08,12,0.000299317557119525,0.0002226,8.18279798994975E-08,11,0.000588854396264476,0.00053815,3.40946007537688E-07,9,0.000503286804852484,0.000340787950565134,2.5457045976483E-07,17,0.000549081050483442,0.0004836,2.93877296482412E-07,9,0.000276591756927064,0.0002263,7.44248743718593E-08,7,0.00016712719706858,0.00012595,2.72001984924623E-08,11,0,18099
0.000106134348822613,0.00007805,1.0832459798995E-08,12,0.000162262133598693,0.0001225,2.56506934673367E-08,15,0.000283394601218866,0.00020445,8.03922587939699E-08,11,0.000504390721564146,0.0004534,2.48185969849246E-07,9,0.000325516437798695,0.000232826609603883,1.06484332515445E-07,28,0.000508440261977747,0.00044885,2.59730047738694E-07,7,0.000282886903196313,0.0002374,7.82446633165829E-08,10,0.0001680907492993,0.00012915,2.68323592964824E-08,14,0,18204
8.60900691136905E-05,0.00006905,6.78234924623116E-09,12,0.000122912570553219,0.00010145,1.42879170854271E-08,16,0.000226264226072086,0.00018075,4.92562185929648E-08,14,0.000493992914928949,0.0004051,2.37925467336683E-07,11,0.000482099299798738,0.000356529640928892,2.33541309986863E-07,25,0.000494505813919311,0.0004167,2.28491246231156E-07,11,0.000239162078933931,0.00020425,5.1426108040201E-08,13,0.000118631783262328,0.00010495,1.16766809045226E-08,13,0,18307
8.03927857459859E-05,0.0000629,5.97302512562814E-09,6,0.000123596116443843,0.0001011,1.45306934673367E-08,9,0.000217768225414086,0.0001689,4.62630251256281E-08,10,0.000511048432147091,0.00037115,2.59801786432161E-07,8,0.000537255373567165,0.000401314188666819,2.90078770438925E-07,23,0.000483823831575089,0.00040205,2.35256721105528E-07,8,0.000205223049387733,0.00015925,4.22823492462312E-08,9,0.000115464280190888,0.0000907,1.31818190954774E-08,9,0,18410
6.31426955395475E-05,0.0000505,3.99915577889447E-09,9,0.000113221022782874,0.0000895000000000001,1.23969849246231E-08,9,0.000164485561676398,0.00011375,2.71279371859296E-08,9,0.000369235020007583,0.00022295,1.30850027638191E-07,10,0.000384822175106948,0.000257696486550074,1.48794122004578E-07,35,0.000388217722418748,0.0003159,1.19232351758794E-07,8,0.00014226735395023,0.0001176,1.61864422110553E-08,10,0.000100851375796268,0.0000783,9.15401005025125E-09,11,0,18515
5.72013985843004E-05,0.0000462,3.0592864321608E-09,10,9.60676844729798E-05,0.0000667,6.76281407035176E-09,6,0.00012483789488773,0.00007905,1.23225904522613E-08,5,0.000236679107654225,0.0001717,4.74180904522613E-08,10,0.000180089902287902,0.000140801453489945,3.24888845451784E-08,31,0.000336583570603201,0.00025715,1.13645022613065E-07,10,0.000146083880014189,0.00011695,2.10066306532663E-08,10,0.000108630106324168,0.00009705,1.18456658291457E-08,9,4,18618
6.61702350003383E-05,0.00005465,4.19354522613065E-09,7,0.000106287346377638,0.0000708,1.11482512562814E-08,4,0.000164406508386986,0.00011615,2.69835150753769E-08,3,0.000283345195830104,0.00023785,7.98103492462312E-08,11,0.000261426577584563,0.000203744799816651,6.85301772754513E-08,28,0.000340754310317566,0.00026655,1.15433967336683E-07,9,0.000132143861000048,0.0000977999999999999,1.56216683417085E-08,11,0.000121835955284144,0.0001104,1.37771959798995E-08,10,4,18720
5.43231074221643E-05,0.0000406,2.94637185929648E-09,9,8.69022439296017E-05,0.0000533,7.29262311557789E-09,6,0.000145624517166582,0.00010805,1.83114346733668E-08,7,0.000294512308741078,0.00026285,6.81029522613066E-08,11,0.00028300206443946,0.000223263627106818,8.04804886403767E-08,24,0.000245940033341463,0.00019795,5.97645201005025E-08,13,7.76401957751267E-05,0.0000675,5.89362814070352E-09,12,9.47602237228258E-05,0.0000771500000000001,9.02351507537689E-09,15,4,18823
5.34134814442946E-05,0.0000394,2.85282412060302E-09,11,5.08281418114021E-05,0.00003735,2.34399748743719E-09,7,8.33816526581238E-05,0.00007435,6.97477135678392E-09,9,0.000292906128307347,0.000241,0.0000000862,10,0.000235042519145959,0.000184537630793155,5.54827091540068E-08,20,0.000213672646822189,0.0001825,4.54874271356784E-08,16,0.000114597120382669,0.00008695,1.3133364321608E-08,13,9.93755503129417E-05,0.00007345,9.92301256281407E-09,13,4,18926
5.25023808983936E-05,0.00003535,2.69163567839196E-09,6,6.19717677656528E-05,0.00004955,3.67798743718593E-09,11,7.22876199635871E-05,0.0000599500000000001,4.94922361809045E-09,13,0.000215245209005915,0.00016125,4.36813040201005E-08,13,0.000234653702316977,0.000185446477932988,5.53384889889077E-08,23,0.00022061958208645,0.0001959,4.88109648241206E-08,16,0.000111691539518443,0.0000828,1.2519959798995E-08,13,9.56399498117811E-05,0.0000656000000000001,9.14086432160804E-09,10,4,19028
3.61178626167164E-05,0.00002245,1.10120351758794E-09,4,6.71267457873537E-05,0.0000524000000000001,4.4398391959799E-09,10,6.55362495112438E-05,0.0000539,4.30925628140703E-09,13,0.000145310013419585,0.0001149,2.12210653266332E-08,13,0.000218296946751239,0.000163555643553885,4.78065568078717E-08,29,0.000255986327759902,0.0002041,5.85627738693467E-08,16,7.96492310069595E-05,0.0000684,6.06101507537688E-09,13,5.2263754170553E-05,0.00004395,2.66108291457286E-09,10,4,19130
4.88466989672793E-05,0.0000352,2.30536683417085E-09,7,6.55438784326958E-05,0.0000506,4.2249648241206E-09,8,7.55777745107648E-05,0.0000634,5.61463316582914E-09,7,0.000147734559260858,0.00011825,2.19300879396985E-08,12,0.000168859545587469,0.000126101598768045,2.86567957559372E-08,27,0.00028569126692988,0.00023125,8.05745703517587E-08,15,8.04145509220813E-05,0.00006195,6.44170603015075E-09,10,7.33587077312571E-05,0.00005505,5.27907286432161E-09,8,4,19232
4.42436436112579E-05,0.00003535,1.96713316582915E-09,9,4.85643902463523E-05,0.00004005,2.15465075376884E-09,11,6.02162768692984E-05,0.0000509,3.49949748743718E-09,6,0.000185935472678023,0.0001475,3.17714974874372E-08,13,0.000179973768874943,0.000133470259499293,3.25523483259329E-08,21,0.000246529917048621,0.0002186,6.0760391959799E-08,14,7.41956872061982E-05,0.0000517,5.2070351758794E-09,9,6.28490254498827E-05,0.0000405,3.96498492462312E-09,7,4,19336
3.69662007785491E-05,0.00002975,1.26150502512563E-09,10,4.13581914498204E-05,0.00003395,1.71776633165829E-09,12,4.2029751367335E-05,0.00003505,1.49340452261307E-09,8,0.000202503086396232,0.00016315,3.61543693467337E-08,11,0.000221900707834672,0.000170716603522794,4.94776729315924E-08,26,0.000208067296805625,0.0001638,3.10372261306533E-08,11,0.000100414142430237,0.0000788,9.83287437185929E-09,10,4.87647413609464E-05,0.0000394,2.27272361809045E-09,7,4,19439
5.36656314599949E-05,0.0000419,2.68895477386935E-09,12,6.69402718847182E-05,0.0000518,4.30653266331658E-09,10,7.68602628150594E-05,0.00005355,5.90160552763819E-09,9,0.000172036333371762,0.00013095,2.87949120603015E-08,12,0.000225122620121114,0.000180836046524083,5.09331549933264E-08,27,0.000190303704640766,0.00013975,3.51977864321608E-08,10,0.000109906778680844,0.00008755,1.21058065326633E-08,9,5.86941223633168E-05,0.0000504,3.46206030150754E-09,7,4,19541
5.45802161959807E-05,0.0000456,2.98021105527638E-09,12,7.8342198079962E-05,0.00006575,6.15959547738693E-09,10,0.000105799338372222,0.00007625,1.1234851758794E-08,10,0.000200983830195367,0.00014905,4.00909522613065E-08,9,0.000189650620680216,0.000149510049433269,3.61480981793965E-08,21,0.000237992646945237,0.00019045,5.51649020100502E-08,7,0.000112509999555595,0.00009255,1.22290226130653E-08,9,7.13547475645454E-05,0.00005685,5.11706281407035E-09,8,4,19644
4.06939798987516E-05,0.0000344,1.49447236180905E-09,9,6.30753517627924E-05,0.00005325,3.64516331658292E-09,11,0.000107053724830106,0.0000811500000000001,9.77465075376884E-09,7,0.000180959940318292,0.00013335,3.15015050251256E-08,8,0.000163145621069954,0.000126442671680269,2.66563801776155E-08,19,0.000223085185523378,0.0001773,4.99590351758794E-08,6,0.000107689368091748,0.0000968,1.12731155778894E-08,8,8.35613547041933E-05,0.00007215,6.72542462311558E-09,6,4,19749
3.75033331851984E-05,0.00002975,1.16741457286432E-09,9,7.0199715099137E-05,0.000057,4.55875376884422E-09,12,9.58357970697797E-05,0.00008075,8.72411809045226E-09,7,0.000177067783631015,0.0001461,2.80945829145729E-08,10,0.000202270819154488,0.000157247073378412,4.10507878976406E-08,22,0.000191390961124082,0.00015055,3.5129243718593E-08,12,7.74628943430337E-05,0.00006975,5.77497236180905E-09,8,7.15821206726931E-05,0.0000625000000000001,4.96658291457286E-09,8,4,19851
3.22955105239103E-05,0.0000272,9.08301507537689E-10,8,6.68505796534331E-05,0.0000527,4.43186934673367E-09,11,6.9372184627558E-05,0.00005605,4.7072135678392E-09,13,0.000178485293511819,0.0001603,3.19976281407035E-08,10,0.000213381993212073,0.000168167124577532,4.57570700406949E-08,24,0.000204314708232178,0.00016965,3.87629924623116E-08,14,7.75274145060958E-05,0.00006805,5.93716331658292E-09,9,7.29143332959988E-05,0.00005715,4.49507286432161E-09,10,4,19954
3.32565782966318E-05,0.0000295,8.8843216080402E-10,5,4.48720402923691E-05,0.00003725,1.85245979899497E-09,10,5.80689245638319E-05,0.0000407,3.32779899497487E-09,12,0.000153508957393372,0.0001376,2.33649849246231E-08,10,0.000204273088153331,0.000160465952828797,4.1936762158787E-08,26,0.000183364391308673,0.00016575,3.37887211055276E-08,9,9.82191427370449E-05,0.0000806,9.63894472361809E-09,11,7.31471120414196E-05,0.00005605,5.10872110552764E-09,9,4,20064
4.33704968844029E-05,0.0000358,1.87355778894472E-09,4,8.71349528031088E-05,0.00005965,7.06852010050251E-09,8,0.000158188179077958,0.00010325,2.39564798994975E-08,8,0.000241390762043621,0.00017675,5.60947713567839E-08,7,0.000239686619979563,0.000195705583618779,5.77359200639922E-08,18,0.000285744641244591,0.0002171,8.19082512562814E-08,7,0.000117413798166996,0.0000930000000000001,1.38270452261307E-08,10,6.64492287389402E-05,0.00005415,4.28190703517588E-09,8,4,20166
4.06324993078201E-05,0.0000335,1.65639195979899E-09,4,8.72295821381715E-05,0.0000599000000000001,7.61342713567839E-09,3,0.000153679862050953,0.0000950499999999999,2.30062286432161E-08,5,0.000230224890053182,0.00016265,5.29127412060301E-08,5,0.000181368561155762,0.000128917811774218,3.30304804094063E-08,21,0.000297827131067671,0.000241,8.90380301507538E-08,8,0.000122753818677873,0.0000956499999999999,1.3852540201005E-08,8,7.3729234364667E-05,0.0000574,5.41953768844221E-09,6,4,20269
3.56580986593509E-05,0.00003225,1.2769824120603E-09,7,4.63519147393072E-05,0.00003865,2.15113316582915E-09,5,4.53872228716409E-05,0.0000285,2.07019095477387E-09,9,0.000144013888219158,0.0001297,2.0808040201005E-08,13,0.000151544762172798,0.0001093528853134,2.30786094735791E-08,29,0.000189310591357166,0.00017085,3.60170226130653E-08,15,0.000104462912078881,0.00008195,1.0766108040201E-08,9,6.85018247932126E-05,0.00005415,4.70411809045226E-09,6,4,20372
3.91918358845309E-05,0.0000355,1.48868341708543E-09,9,5.30424358415034E-05,0.00004265,2.70043969849246E-09,10,6.4206697469968E-05,0.00004575,3.39692211055276E-09,13,0.000128652633086152,0.00011135,1.49739472361809E-08,16,0.00020290531503488,0.000160640275845793,4.13328932813893E-08,28,0.000156273798187668,0.00013175,2.36784698492462E-08,16,8.88988188897918E-05,0.0000774,7.85390954773869E-09,9,5.78100337311785E-05,0.000044,3.29920603015075E-09,6,0,20476
3.37045990927054E-05,0.0000302,9.63929648241205E-10,6,5.52041665094221E-05,0.00004335,2.92640954773869E-09,8,6.95665149335512E-05,0.00005795,3.87605778894472E-09,14,0.000131554171351577,0.00009865,1.56416457286432E-08,9,0.000200631666569443,0.000153242183370457,4.03667397851925E-08,26,0.000135196153791445,0.0001075,1.75931256281407E-08,9,7.3729234364667E-05,0.0000607,4.21805025125628E-09,7,5.43966910758366E-05,0.0000337,2.57985929648241E-09,2,0,20581
4.10913616226087E-05,0.00003445,1.68502261306533E-09,8,6.49268819519311E-05,0.00005275,3.85256030150754E-09,9,8.89606654651369E-05,0.0000696,7.94145728643216E-09,15,0.000210570653225942,0.0001455,4.43981507537688E-08,9,0.00034188540897214,0.000235411024618907,1.17379493739007E-07,25,0.000227026430179396,0.0001599,5.17290854271357E-08,9,0.000108090240077446,0.00007485,1.15710527638191E-08,10,6.0757715559425E-05,0.00004035,3.62405778894472E-09,5,0,20684
4.43734154646676E-05,0.0000391,1.95669346733669E-09,9,6.32574106330634E-05,0.00005105,3.62560552763819E-09,9,9.66669540225614E-05,0.0000774500000000001,9.25032914572864E-09,9,0.00020279053232338,0.0001415,4.12726030150754E-08,10,0.000372812416221722,0.000242406797151211,1.39670163435301E-07,24,0.000275225362203413,0.0002306,7.61238592964824E-08,8,0.000134499070628759,0.0001072,1.81789346733668E-08,10,6.64529909033446E-05,0.0000512,4.39702512562814E-09,8,0,20790
3.50428309358705E-05,0.0000321,1.08702512562814E-09,10,5.12786505282657E-05,0.00004145,2.58841959798995E-09,7,8.68993670863028E-05,0.00007035,7.0177663316583E-09,7,0.000109945441015078,0.0000838000000000001,1.21255879396985E-08,8,0.00021067680179234,0.000107382937317337,4.46059776250945E-08,33,0.000213703065022475,0.0001804,4.58940603015075E-08,6,9.88508978209101E-05,0.0000782500000000001,9.3878768844221E-09,8,5.54616984954482E-05,0.0000422,2.52217085427136E-09,7,0,20892
2.82665880502051E-05,0.0000252,7.30402010050252E-10,11,4.87698677463862E-05,0.00004135,2.38441959798995E-09,8,7.98122797569397E-05,0.0000649000000000001,6.31320603015075E-09,11,7.30273921210391E-05,0.0000556,5.35930653266332E-09,5,6.46318677944005E-05,4.31798465475494E-05,4.19608262273999E-09,39,0.000129865314845805,0.0000913,1.69159396984925E-08,6,5.41940956193569E-05,0.0000432,2.94596984924623E-09,9,3.19217793990247E-05,0.0000256,9.49788944723618E-10,9,0,20995
1.99248588451713E-05,0.0000155,2.90291457286432E-10,4,3.71819848851564E-05,0.00003235,1.06200753768844E-09,8,5.96950584219498E-05,0.00005195,2.76793718592965E-09,10,5.27446679769624E-05,0.0000404,2.46307537688442E-09,5,4.3773657819802E-05,3.21136424046129E-05,1.92574260000613E-09,30,4.90407993409569E-05,0.0000368,2.31858291457287E-09,8,3.13129366237024E-05,0.00002455,8.91836683417086E-10,7,2.04572725454788E-05,0.00001725,3.17062814070352E-10,9,0,21100
1.552417469626E-05,0.00000990000000000001,1.91547738693467E-10,1,2.67861904719577E-05,0.00002255,3.71535175879397E-10,5,4.46486281984116E-05,0.00003315,1.29507286432161E-09,9,4.29010489382253E-05,0.00002525,1.67859045226131E-09,5,3.74561115535238E-05,2.29159482812478E-05,1.40957046819782E-09,22,2.45153013442625E-05,0.0000172,5.90261306532663E-10,5,1.52807067899361E-05,0.00001125,1.97886934673367E-10,2,1.38202749610853E-05,0.0000106,1.10552763819096E-10,7,0,21202
1.78185296812055E-05,0.00001345,2.43896984924623E-10,3,1.97737199332852E-05,0.0000164,2.53025125628141E-10,5,2.35584379787795E-05,0.0000172,4.10643216080402E-10,9,1.44741148261301E-05,0.00001045,2.04520100502512E-10,6,7.91328847113259E-06,6.09634840780761E-06,6.26868572757947E-11,31,1.26095202129185E-05,0.0000105,6.12964824120603E-11,2,1.24699639133399E-05,0.00000855000000000001,8.95251256281407E-11,0,1.4422205101856E-05,0.0000118,1.14482412060302E-10,5,0,21305
1.68226038412607E-05,0.0000144,1.29889447236181E-10,2,2.1920310216783E-05,0.00001855,3.51153266331658E-10,8,2.56222559506379E-05,0.00001965,4.32158291457287E-10,8,2.07966343430854E-05,0.00001445,3.48680904522613E-10,8,1.11002531215808E-05,7.72162482934662E-06,1.23559146852932E-10,35,1.24699639133399E-05,0.00001055,7.21381909547739E-11,2,1.36747943311773E-05,0.0000106,7.50150753768844E-11,0,1.29034879005639E-05,0.00001035,9.03894472361809E-11,2,0,21411
1.61554944214035E-05,0.0000139,1.00211055276382E-10,1,2.39791576165636E-05,0.0000201,3.39537688442211E-10,5,2.48696602308918E-05,0.00001945,4.37082914572865E-10,7,2.26936114358204E-05,0.0000158,3.31698492462312E-10,4,1.19839832767276E-05,9.07563512426996E-06,1.44307146399776E-10,27,1.58902485820707E-05,0.00001355,1.90248743718593E-10,3,2.518928343562E-05,0.00001815,6.14047738693467E-10,4,1.4456832294801E-05,0.000012,1.26824120603015E-10,2,0,21513
1.41244468918255E-05,0.00001245,1.06912060301508E-10,4,2.57390753524675E-05,0.00001935,4.00439698492462E-10,4,2.43310501211929E-05,0.0000204,4.57396984924623E-10,7,0.000024,0.0000195,3.05276381909548E-10,5,8.48213373101657E-06,6.75960731119179E-06,7.21030967217457E-11,27,1.84932420089069E-05,0.0000168,2.35015075376884E-10,3,2.47689321530017E-05,0.00001865,5.88881909547739E-10,6,2.31732604525129E-05,0.0000191,2.91969849246231E-10,3,0,21616
1.20623380818148E-05,0.00001005,7.78266331658292E-11,4,2.98328677803526E-05,0.0000213,5.79608040201005E-10,8,2.75499546279118E-05,0.0000241,5.92964824120603E-10,10,2.31300670124408E-05,0.0000194,2.80402010050251E-10,9,7.9697978665751E-06,5.97414683041027E-06,6.38135327937993E-11,28,1.67481342244442E-05,0.00001375,2.24620603015075E-10,3,1.80416185526687E-05,0.00001505,2.87876884422111E-10,7,2.38537208837531E-05,0.0000185,4.02010050251256E-10,2,0,21718
1.13357840487546E-05,0.00000835000000000001,1.02489949748744E-10,3,2.93172304285381E-05,0.00002135,7.49826633165829E-10,8,2.66270539113887E-05,0.0000225,6.16040201005025E-10,8,1.90131533418316E-05,0.00001455,2.02489949748744E-10,6,1.0705307798499E-05,8.23374228087841E-06,1.15160252447763E-10,23,1.59843673631458E-05,0.00001195,2.38630653266332E-10,4,2.66833281282527E-05,0.0000215,6.3235175879397E-10,8,0.000015,0.00000990000000000001,2.14512562814071E-10,2,0,21820
2.50299820215676E-05,0.00001675,4.90891959798995E-10,4,3.59583091927304E-05,0.0000233,1.17342713567839E-09,4,2.60288301696408E-05,0.00002195,6.37786432160804E-10,8,2.0820662813657E-05,0.00001695,3.38168341708542E-10,5,1.14462617367599E-05,9.31478677128961E-06,1.3165147235819E-10,21,1.34164078649987E-05,0.000008,1.60552763819095E-10,2,2.46475150877325E-05,0.00001895,3.76821608040201E-10,3,1.44048602908879E-05,0.00001005,1.46610552763819E-10,1,0,21922
2.74043792120894E-05,0.0000218,5.79658291457286E-10,4,3.17962261911693E-05,0.0000187,8.27447236180905E-10,3,2.78836869871974E-05,0.00002345,5.56781407035176E-10,10,2.54361946839538E-05,0.000022,4.67085427135678E-10,10,1.00977459075566E-05,7.94854231584941E-06,1.02379086095102E-10,20,1.35830777072061E-05,0.00000835,1.17022613065327E-10,2,1.6416455159382E-05,0.00001225,1.75314070351759E-10,2,2.53278502838279E-05,0.00001845,4.46329145728643E-10,3,0,22024
1.51492574075431E-05,0.00001215,2.1869095477387E-10,4,2.3259406699226E-05,0.0000145,4.64110552763819E-10,5,2.96816441593117E-05,0.0000254,7.18180904522613E-10,9,2.42693221990232E-05,0.00002,5.05035175879397E-10,11,1.10293416945467E-05,8.51974727165396E-06,1.222572186153E-10,24,1.47648230602334E-05,0.0000119,1.48180904522613E-10,7,1.82756668824971E-05,0.0000126,3.01869346733668E-10,3,2.30651251893416E-05,0.0000138,4.81115577889448E-10,5,0,22128
1.18743420870379E-05,0.0000082,1.06723618090452E-10,2,2.53870045495722E-05,0.00001705,5.61746231155779E-10,7,3.03397429125561E-05,0.00002365,8.98469849246231E-10,7,2.02237484161567E-05,0.0000154,3.63206030150754E-10,5,9.54502251659152E-06,7.188782688564E-06,9.15086937777944E-11,25,1.33041346956501E-05,0.0000117,1.38E-10,4,2.60096136072799E-05,0.00001615,5.41143216080402E-10,2,2.87228132326901E-05,0.0000188,7.45919597989949E-10,3,0,22233
1.83847763108502E-05,0.0000135,1.85165829145729E-10,3,2.518928343562E-05,0.00001965,4.58570351758794E-10,7,2.64669605357321E-05,0.00001875,6.10429648241206E-10,7,2.10356839679626E-05,0.00001625,3.17525125628141E-10,5,6.11531824669477E-06,4.51002084446749E-06,3.7579456047456E-11,23,1.42302494707577E-05,0.00001295,8.30125628140703E-11,0,2.49399278266799E-05,0.0000158,4.75537688442211E-10,3,3.00333148353624E-05,0.0000216,7.80462311557788E-10,3,0,22339
1.88944436276912E-05,0.0000147,2.89557788944723E-10,5,2.60576284415908E-05,0.0000191,5.97346733668342E-10,5,3.01744925392292E-05,0.00002435,8.27213567839196E-10,5,2.27376340018041E-05,0.0000181,3.28201005025126E-10,3,6.67318705315174E-06,4.91502460608567E-06,4.46967043507476E-11,21,1.58587515271537E-05,0.00001495,1.45103015075377E-10,2,1.81107702762748E-05,0.0000137,2.81798994974874E-10,3,1.49833240637717E-05,0.00001055,1.94670854271357E-10,1,0,22443
1.35830777072061E-05,0.00001015,1.83314070351759E-10,4,1.96596032513375E-05,0.00001395,3.8841959798995E-10,5,3.25729949498047E-05,0.0000277,1.02644221105528E-09,6,2.1920310216783E-05,0.00001515,2.98389447236181E-10,0,9.55514333567019E-06,7.50787939027042E-06,9.16986654604424E-11,21,2.0712315177208E-05,0.0000198,3.55085427135678E-10,5,2.58263431402899E-05,0.0000207,5.05688442211055E-10,4,1.43178210632764E-05,0.0000105,1.87447236180904E-10,1,0,22546
1.21860576069539E-05,0.00000885000000000001,1.19394472361809E-10,3,2.25166604983954E-05,0.0000165,4.02924623115578E-10,4,2.64007575648882E-05,0.0000199,6.61869346733668E-10,8,2.16448608219134E-05,0.00001385,4.00781407035176E-10,4,1.01028233824716E-05,7.83819934657708E-06,1.02560526088813E-10,20,1.80416185526687E-05,0.00001475,2.62007537688442E-10,5,2.29891278651453E-05,0.00001565,4.8120351758794E-10,4,1.70733710789639E-05,0.00001375,2.22891959798995E-10,4,0,22650
1.13578166916005E-05,0.00000900000000000001,8.71859296482412E-11,5,2.59036676939772E-05,0.0000205,5.81748743718593E-10,6,2.13307290077016E-05,0.0000137,4.4497487437186E-10,8,2.00374649095139E-05,0.00001385,3.78891959798995E-10,9,8.79958956642162E-06,6.5865109338054E-06,7.7523514568527E-11,25,1.22474487139159E-05,0.0000086,8.9608040201005E-11,2,1.43352711868315E-05,0.00001055,1.86630653266332E-10,1,1.6583123951777E-05,0.000014,1.65577889447236E-10,5,0,22755
1.33041346956501E-05,0.0000108,1.40492462311558E-10,5,2.15058131676066E-05,0.00001665,4.21706030150754E-10,5,2.80802421641979E-05,0.00002145,6.80600502512563E-10,6,2.10237960416286E-05,0.0000141,3.89185929648241E-10,6,1.07821679133147E-05,8.84321849092203E-06,1.16426051984809E-10,24,1.22065556157337E-05,0.00000910000000000001,1.18231155778895E-10,3,1.48492424049175E-05,0.00001275,1.5320351758794E-10,2,1.6015617378047E-05,0.00001255,2.17263819095477E-10,3,0,22858
2.04328167417026E-05,0.00001695,3.11937185929648E-10,4,2.82842712474619E-05,0.0000218,4.41206030150754E-10,6,3.41686991265398E-05,0.00002975,8.27535175879397E-10,5,2.76315037592962E-05,0.00002185,5.11655778894472E-10,4,1.18636533018764E-05,9.011872198005E-06,1.41392084815238E-10,24,2.26715680975093E-05,0.0000125,5.10301507537688E-10,7,2.3259406699226E-05,0.0000196,4.6764824120603E-10,6,1.52807067899361E-05,0.00001205,1.72741206030151E-10,2,0,22960
2.22373559579371E-05,0.00001915,2.8128391959799E-10,3,2.81158318390191E-05,0.00002245,5.48319095477387E-10,7,2.65141471671257E-05,0.0000214,5.54482412060302E-10,7,2.51594912508183E-05,0.0000216,4.36371859296483E-10,5,9.03179978483892E-06,5.97610505254119E-06,8.18807531607892E-11,35,2.38222584991432E-05,0.00001445,5.24560301507538E-10,5,2.5951878544722E-05,0.00002285,5.35756281407035E-10,7,1.3076696830622E-05,0.00000930000000000001,1.18301507537689E-10,2,0,23062
2.08686367547092E-05,0.00001765,2.94168341708543E-10,4,2.30217288664427E-05,0.000019,3.87939698492462E-10,4,2.99833287011299E-05,0.0000216,7.09336683417085E-10,7,2.1342445970413E-05,0.00001685,3.14268844221105E-10,3,9.94746700931719E-06,7.10810622840981E-06,9.9439371692809E-11,37,1.44395290781936E-05,0.00001045,1.14007537688442E-10,2,2.10713075057055E-05,0.0000165,3.70160804020101E-10,7,1.87616630392937E-05,0.000013,2.75939698492462E-10,4,0,23165
2.1988633427296E-05,0.00001935,3.76178391959799E-10,8,2.94703240565828E-05,0.00002355,6.74469849246232E-10,3,3.47778665245584E-05,0.00002775,1.13686180904523E-09,5,1.87082869338697E-05,0.0000151,2.75688442211055E-10,2,1.21384927793913E-05,9.37891662607111E-06,1.47918249666358E-10,25,1.31909059582729E-05,0.0000102,1.24211055276382E-10,5,1.91833260932509E-05,0.0000141,3.65417085427136E-10,8,1.83575597506858E-05,0.0000149,2.29989949748744E-10,7,0,23269
1.6985287751463E-05,0.00001395,1.98288944723618E-10,8,2.4738633753706E-05,0.0000173,5.47497487437186E-10,4,3.58747822293042E-05,0.0000299,1.14387939698492E-09,9,1.77200451466694E-05,0.0000141,2.35969849246231E-10,2,1.04544233347942E-05,8.13367716615341E-06,1.09828358741881E-10,19,1.68819430161341E-05,0.0000148,2.15517587939699E-10,6,0.00002,0.0000146,3.63376884422111E-10,5,1.15758369027902E-05,0.00000970000000000001,7.81407035175879E-11,4,0,23373
1.59843673631458E-05,0.00001185,1.44922110552764E-10,3,2.63628526529281E-05,0.0000175,5.701608040201E-10,8,4.03360880601974E-05,0.0000336,1.33784924623116E-09,12,2.39374184071716E-05,0.0000157,4.16321608040201E-10,7,1.41059477549118E-05,9.71377016506318E-06,1.99870090609207E-10,30,1.92483765549202E-05,0.00001565,2.45163316582914E-10,4,1.97989898732233E-05,0.0000154,3.26391959798995E-10,6,1.49164338901763E-05,0.00001255,1.83092964824121E-10,3,0,23475
2.14709105535839E-05,0.0000163,3.56693467336683E-10,3,4.0969500851243E-05,0.00002825,1.50512311557789E-09,8,6.13921819126833E-05,0.0000451,3.62838190954774E-09,11,8.43208159353312E-05,0.0000488,6.25322613065326E-09,12,6.65486691017157E-05,3.99659141257189E-05,4.44809101452441E-09,33,7.42529460694995E-05,0.00004305,4.22781658291457E-09,7,4.18748134324202E-05,0.00002445,1.54661055276382E-09,8,2.50499500997507E-05,0.00002075,4.7736432160804E-10,3,0,23578
3.08220700148449E-05,0.0000228,9.09658291457286E-10,9,9.00805195366901E-05,0.00006075,8.03477135678392E-09,10,0.00015684705926475,0.0001208,2.44272964824121E-08,14,0.000217683256131472,0.0001525,4.57658291457286E-08,16,0.000209865594179032,0.000143600969747929,4.42597043924181E-08,31,0.000156043263231708,0.00012385,2.44233140703518E-08,16,7.05549431294505E-05,0.0000486,4.99272361809045E-09,12,3.21403173599764E-05,0.0000252,1.02443216080402E-09,7,0,23681
4.2573465914816E-05,0.00003035,1.74984673366834E-09,10,0.000121809277150798,0.00010165,1.38602788944724E-08,12,0.000221118746378501,0.00020425,4.77595954773869E-08,15,0.000312207463075437,0.00023615,9.43873140703518E-08,18,0.000276598141852129,0.000217664247508257,7.68454556870695E-08,33,0.000230469086864161,0.0002031,5.32182512562814E-08,15,0.000126601737744788,0.0000998,1.60908140703518E-08,12,5.50862959364668E-05,0.00004655,3.04158542713568E-09,10,0,23788
5.65420197729087E-05,0.0000402,3.19360804020101E-09,9,0.000190148626079706,0.00014575,3.62838969849246E-08,13,0.000260838072374414,0.00023585,6.82019472361809E-08,13,0.000387311889825242,0.00031915,1.49578469849246E-07,15,0.000389056042360034,0.00027255986970977,1.5207659683306E-07,29,0.00023922478968535,0.00020985,5.44481783919598E-08,11,0.000143989582956546,0.0001244,2.0414824120603E-08,10,6.6321188167885E-05,0.00005955,4.40329396984925E-09,10,0,23893
6.50192279252838E-05,0.00004735,4.15708291457286E-09,14,0.000200049993751562,0.0001511,3.84313165829146E-08,15,0.000298340409599504,0.0002558,8.40248743718593E-08,14,0.000439151454511994,0.0003595,1.93051969849246E-07,14,0.000417458502517939,0.00029799605464085,1.75137997986572E-07,27,0.000237059064370043,0.0002116,5.42687336683417E-08,12,0.000122698818250218,0.0001082,1.47000100502513E-08,14,6.51881891142866E-05,0.00005155,4.2574648241206E-09,11,0,23996
7.38071812224258E-05,0.00005605,5.34540452261306E-09,14,0.000166586313963663,0.0001379,2.78751658291457E-08,11,0.000284110013903065,0.00024605,7.75481180904523E-08,13,0.000529826386658875,0.000416,2.48506120603015E-07,14,0.000333374991471672,0.000256089506562828,1.11572334519127E-07,30,0.000220522107735256,0.0001944,4.28845829145729E-08,11,0.000131988635874457,0.0001081,1.63467336683417E-08,12,8.98582216605693E-05,0.00006995,7.91668090452261E-09,9,0,24099
8.30963296421689E-05,0.0000707,6.92593969849246E-09,11,0.000186217614634062,0.0001559,3.47751859296482E-08,9,0.000303546536794607,0.00026505,9.07667713567839E-08,11,0.000549921358014035,0.00044015,3.03782349246231E-07,12,0.000262056622249885,0.000185213654816371,6.88678183213317E-08,40,0.000178665889301791,0.00016125,3.04048015075377E-08,12,0.000126583964229281,0.00010125,1.56544497487437E-08,13,8.90701970358212E-05,0.00007135,7.97028894472362E-09,12,0,24204
7.62594256469323E-05,0.00006465,5.57933417085427E-09,9,0.000169079862786791,0.0001423,2.77153366834171E-08,6,0.000274631571382461,0.00022125,5.88557562814071E-08,10,0.000374354110435561,0.0002737,1.12782502512563E-07,8,0.000181921445520496,0.00013463285973125,3.32607565686838E-08,31,0.000168484420644759,0.0001461,2.68566432160804E-08,12,0.000111521298414249,0.0000993000000000001,1.20771356783919E-08,11,7.36410211770587E-05,0.0000626,5.15292462311558E-09,11,0,24308
6.75573830162182E-05,0.0000588,4.14792964824121E-09,10,0.000159289045448832,0.0001396,2.48106130653266E-08,8,0.000194321897891102,0.0001693,3.68629045226131E-08,14,0.000243201562494981,0.0002054,5.3235216080402E-08,6,0.000204366207402708,0.000168362213938688,4.18772172924996E-08,19,0.000159817082941718,0.00013355,2.55800979899498E-08,14,9.43742549639466E-05,0.00007845,8.93310301507537E-09,10,6.77015509423529E-05,0.00005665,4.5931432160804E-09,9,5,24414
5.61827375623509E-05,0.00004835,3.07286180904523E-09,8,0.000149614504644436,0.00012855,2.24882386934673E-08,12,0.000232163735324878,0.000206,5.35725025125628E-08,15,0.000257271257625099,0.00021865,6.55646005025125E-08,9,0.000183769069635046,0.00014376482829285,3.39064617473994E-08,23,0.000200742372208759,0.00017315,3.13435150753769E-08,12,7.51498502992521E-05,0.00005825,4.94592713567839E-09,10,4.53706953881027E-05,0.00003685,1.97133417085427E-09,11,5,24518
4.96840014491587E-05,0.00004005,2.47668090452261E-09,8,0.000172995664685564,0.00014025,2.97576658291457E-08,13,0.000375474366635061,0.0003192,1.41176120603015E-07,16,0.000425805119743763,0.0003526,1.81217527638191E-07,14,0.00015743665357152,0.000114247071637794,2.47819100030365E-08,34,0.000222601662168098,0.00018335,4.78856055276382E-08,11,8.43504593941254E-05,0.0000691,6.76466331658292E-09,13,4.04042077016739E-05,0.00003475,1.51798743718593E-09,10,5,24622
4.89131884055824E-05,0.00004195,2.37575628140704E-09,8,0.000167435062038989,0.00013235,2.81634145728643E-08,14,0.000366625149164648,0.0002954,1.34637748743719E-07,13,0.000437589419433331,0.00037135,1.92267615577889E-07,12,0.000231160542000987,0.000180510264876223,5.37012859137487E-08,35,0.000206366179399629,0.0001679,4.12249648241206E-08,7,7.78909494100566E-05,0.0000627,6.09578894472362E-09,12,4.29476425429848E-05,0.00003475,1.7440175879397E-09,9,5,24725
6.95125887879311E-05,0.0000559,4.25792964824121E-09,8,0.000127139686958872,0.00010255,1.58003994974874E-08,12,0.000234591133677298,0.00018,5.52834070351759E-08,8,0.000268322567071799,0.0002392,6.86435778894472E-08,12,0.000230327064339178,0.000190677100456365,5.33125537009259E-08,20,0.000212477057585048,0.00018415,4.26400778894472E-08,8,0.00012401612798342,0.000094,1.51095879396985E-08,10,9.18776360166063E-05,0.00006735,7.7966608040201E-09,12,5,24830
7.91201617794099E-05,0.0000643,5.76900502512563E-09,13,0.00012610907976827,0.00010265,1.57706507537688E-08,15,0.000229277124894744,0.0001893,5.16289849246231E-08,13,0.000234136712200372,0.0001933,5.15969849246231E-08,14,0.000159812699980652,0.000125417896099158,2.56676269739263E-08,23,0.000192323945467017,0.00015845,3.3366932160804E-08,14,0.000135475089961218,0.00010815,1.78251030150754E-08,9,9.63872398193869E-05,0.0000752500000000001,8.96476130653266E-09,14,5,24934
7.42630459919333E-05,0.000059,5.50531658291457E-09,14,9.96920257593354E-05,0.00008355,9.98632914572864E-09,17,0.000225326429874527,0.0001935,5.09266331658292E-08,21,0.00030337023585052,0.00023525,9.23862286432161E-08,15,0.000199049422902332,0.000136375638019061,3.97537509407152E-08,36,0.000245663387585533,0.00019085,6.00820879396985E-08,15,0.00012504199294637,0.00009765,1.55891231155779E-08,6,7.68049477572897E-05,0.0000639,5.79340703517588E-09,15,5,25039
8.73613186713662E-05,0.0000739,7.57964824120602E-09,12,0.000155870138256178,0.00013285,2.41322386934673E-08,12,0.000245715282390005,0.0002135,5.94270452261307E-08,16,0.000353588037127955,0.00031025,1.24212942211055E-07,16,0.000213108254827369,0.000155152439886144,4.55997144607025E-08,41,0.000269779539624487,0.0002201,7.08791457286432E-08,12,0.000153832701334924,0.00012355,2.37758165829146E-08,8,9.74858964158406E-05,0.00008155,9.50681155778894E-09,14,5,25143
6.83081254317523E-05,0.0000545,4.57004020100502E-09,13,0.000142751532391075,0.0001128,1.95938793969849E-08,12,0.000193163143482394,0.0001593,3.34214170854271E-08,11,0.000335399016098736,0.00030785,1.06357565326633E-07,11,0.00015506421142692,0.000114753748627597,2.41581312784161E-08,29,0.000202361063448481,0.0001643,3.97045226130654E-08,9,0.000143289915904784,0.0001179,1.95736180904523E-08,9,8.72696969170857E-05,0.0000707,7.47915577889448E-09,12,5,25245
4.9598387070549E-05,0.0000383,2.4031256281407E-09,12,0.000143324805947889,0.0001069,2.0507648241206E-08,14,0.000259487957331357,0.000204,6.53082914572864E-08,12,0.00033485444599109,0.00030665,1.10740801507538E-07,10,0.000223025715139208,0.000149733083991035,4.98285287815754E-08,27,0.000180677890180287,0.00015105,2.82767613065327E-08,12,0.000106214405802603,0.0000904500000000001,9.49284170854271E-09,8,5.84508340402427E-05,0.00005145,2.61446984924623E-09,11,5,25349
6.70335736776729E-05,0.00005185,4.41254020100503E-09,9,0.000188568290017171,0.0001638,3.56401608040201E-08,11,0.000286957313898775,0.00024605,8.24626909547739E-08,10,0.000282797630824588,0.00025535,6.63942688442211E-08,12,0.00024225995398811,0.000173123880568082,5.89805839456277E-08,33,0.000205198684206308,0.00016965,4.1910027638191E-08,14,8.48380810721224E-05,0.00007595,7.21376633165829E-09,10,5.11908194894358E-05,0.00004805,2.57014824120603E-09,10,5,25452
5.49181208709839E-05,0.0000401,2.93659296482412E-09,8,0.000132376357405694,0.0000953499999999999,1.70156557788945E-08,7,0.000150937072980762,0.0001129,2.21029045226131E-08,11,0.000199619638312467,0.0001698,3.78937788944724E-08,10,0.000172353039835216,0.000122508702282314,2.97400204236509E-08,36,0.000181058001756343,0.0001344,3.29447638190955E-08,9,7.659308062743E-05,0.00006975,5.69758542713568E-09,10,5.03090449124211E-05,0.0000471,2.49860301507538E-09,10,5,25556
4.86364061172287E-05,0.00004005,2.23625879396985E-09,7,9.55039266208463E-05,0.0000733,8.94070351758794E-09,8,0.000160045306085496,0.00011345,2.57344698492462E-08,11,0.000308889948039751,0.0002264,9.57173467336683E-08,10,0.000196342914751632,0.00014332047995692,3.86599425054745E-08,33,0.000242605647090087,0.00018295,5.9047675879397E-08,8,8.95377015563835E-05,0.0000797,7.60131658291457E-09,9,4.50777106783386E-05,0.0000409,1.70194974874372E-09,7,5,25658
4.60760241340331E-05,0.000038,2.04104522613065E-09,12,0.000131848397790796,0.0001137,1.74482010050251E-08,10,0.000175245542026038,0.0001373,3.04870753768844E-08,10,0.000310481078328455,0.00023005,9.5302891959799E-08,10,0.000195190207019789,0.000152696445916071,3.82814349077355E-08,26,0.000251450790414347,0.00021015,6.35443190954774E-08,11,8.09567785920364E-05,0.0000703000000000001,6.57085427135679E-09,12,4.50832563153994E-05,0.00003615,1.80281155778895E-09,10,5,25761
3.21091887160046E-05,0.0000275,1.02010050251256E-09,15,0.000126212123031031,0.00010135,1.58997964824121E-08,9,0.000124400562699692,0.0000987500000000001,1.55451030150754E-08,10,0.000185433276409602,0.00016225,3.06512336683417E-08,10,0.000171888167152256,0.000131913202122293,2.96515220894309E-08,26,0.000141859085010443,0.0001282,1.92530552763819E-08,11,5.44747647998594E-05,0.00004885,2.8596959798995E-09,8,4.46933999601731E-05,0.00003565,1.95615829145729E-09,12,5,25863
3.54118624192515E-05,0.0000284,1.25451256281407E-09,10,9.91640055665361E-05,0.00007845,9.81284170854272E-09,9,0.000121595641369253,0.00010645,1.47370829145729E-08,9,0.000209792754879667,0.0001915,3.91105929648241E-08,12,0.000182748341945992,0.000138464661861803,3.35166681449467E-08,22,0.000119092401100994,0.0000981999999999999,1.3521608040201E-08,9,6.43583716388164E-05,0.0000557,3.58873366834171E-09,5,4.19404339510215E-05,0.0000382,1.50081407035176E-09,7,5,25968
4.35947244514746E-05,0.00003565,1.87446984924623E-09,8,9.62081077664455E-05,0.0000861,9.16257286432161E-09,11,0.000122922739962954,0.0001034,1.51199899497487E-08,7,0.000198534631739654,0.0001617,3.7694783919598E-08,9,0.000131903306582611,9.3649125116457E-05,1.74698858615851E-08,30,0.000134755333846197,0.0001033,1.82103618090452E-08,7,8.35134719671024E-05,0.00006835,6.92355527638191E-09,7,4.26438741204408E-05,0.00003675,1.82653015075377E-09,7,5,26074
6.80698170997983E-05,0.00005685,3.63726381909548E-09,12,0.000112358800278394,0.00009615,0.0000000112405,14,0.000168212663019168,0.00011865,2.77131432160804E-08,8,0.000236011652254714,0.00019115,5.56466708542713E-08,9,0.000102482003358098,7.29625778523109E-05,1.05356617215495E-08,29,0.000141894326877434,0.0001157,1.42608944723618E-08,7,8.4332674569232E-05,0.0000657,5.85965829145729E-09,9,5.73105574916176E-05,0.00004395,2.16299246231156E-09,9,5,26177
6.40351465993481E-05,0.00005135,3.27296231155779E-09,11,0.000129821030653743,0.00011085,1.47416457286432E-08,12,0.000194597019504411,0.000154,3.75449648241206E-08,10,0.000266275233546043,0.00022655,6.8190891959799E-08,11,0.000112538473620093,7.26721775570127E-05,1.26659663034619E-08,30,0.000166616325730704,0.0001467,2.11591859296482E-08,5,7.01320183653657E-05,0.00005445,3.68731407035176E-09,9,5.55652769272321E-05,0.00004365,1.54681155778895E-09,5,5,26281
0.000038,0.0000328,1.38034170854271E-09,8,0.000109423489251623,0.00009215,1.10332638190955E-08,12,0.000198246059229433,0.00016645,3.76363793969849E-08,12,0.000215869173343486,0.00017755,4.06325603015075E-08,10,0.000104370937714361,6.39891545447413E-05,1.09476079796098E-08,42,0.000177963479399567,0.0001587,3.02461407035176E-08,4,8.72353139502576E-05,0.0000689,5.88380904522613E-09,8,4.49332838773219E-05,0.0000397,1.45506532663317E-09,6,0,26385
6.25419858974753E-05,0.00005055,3.84884170854271E-09,11,7.87114985246755E-05,0.00006145,6.00797738693467E-09,13,0.000197977271422757,0.0001725,3.83947236180904E-08,15,0.000130543096332207,0.00010465,1.34302286432161E-08,9,9.53908276904155E-05,6.57799285467109E-05,9.12466983159878E-09,39,0.000163168624434969,0.0001374,2.36954371859296E-08,7,9.45621488757526E-05,0.0000809,7.83194974874373E-09,6,6.72532527094415E-05,0.0000585,4.3784824120603E-09,10,0,26489
6.90615667357757E-05,0.00005655,4.74902261306533E-09,12,0.000107449988366682,0.00008505,1.12114949748744E-08,13,0.000195221668879251,0.00017895,3.69603994974874E-08,15,9.00277734924062E-05,0.0000766,8.06612060301507E-09,8,7.05626861468131E-05,5.37397368619832E-05,5.00254601897944E-09,30,0.000155095132096401,0.00012925,1.71596959798995E-08,8,9.77726955749917E-05,0.00008845,8.85575628140703E-09,5,0.000067,0.0000588,4.40493467336683E-09,7,0,26592
5.03388517946129E-05,0.0000407,2.50556783919598E-09,10,9.89570613953345E-05,0.00007245,9.42550502512563E-09,11,0.000158071186495199,0.00013145,2.49756557788945E-08,10,8.57525509824635E-05,0.00007355,7.35949497487438E-09,6,8.58725982497167E-05,6.41990864022287E-05,7.41043019816824E-09,22,0.000152859412533216,0.0001179,2.34313165829146E-08,6,9.65479155652777E-05,0.00008535,9.29993718592965E-09,7,4.67814065628643E-05,0.00004095,2.19189698492462E-09,8,0,26697
3.75366487582469E-05,0.0000316,1.39481407035176E-09,11,7.0668238976219E-05,0.000054,4.91453266331658E-09,13,8.95041898460625E-05,0.000076,6.49900502512563E-09,11,6.52648450545928E-05,0.00005505,3.18311306532663E-09,12,7.55110419323192E-05,4.84027382040151E-05,5.72913360698549E-09,40,0.000138829031545999,0.00009925,1.91210427135678E-08,9,6.04731345309634E-05,0.0000458,3.60446231155779E-09,9,3.48640215695206E-05,0.00002655,1.22160552763819E-09,7,0,26799
2.60576284415908E-05,0.0000201,6.70793969849246E-10,9,5.77667724561447E-05,0.0000466,3.10918592964824E-09,12,7.26257530081444E-05,0.00005295,5.04852010050251E-09,13,5.14538628287517E-05,0.00003865,2.12683165829146E-09,11,2.91930557839034E-05,2.04914178954655E-05,8.56403783688852E-10,42,6.55553201502365E-05,0.00004425,4.19637939698493E-09,10,4.33474336033865E-05,0.0000356,1.69426130653266E-09,11,4.73180726572839E-05,0.0000331,2.00566834170854E-09,7,0,26904
2.18059624873565E-05,0.00001505,4.77866834170854E-10,7,3.34140688932072E-05,0.00002315,1.1013040201005E-09,5,3.90640499692492E-05,0.0000263,1.51990954773869E-09,9,2.96563652526738E-05,0.00001845,8.63113065326632E-10,4,2.07030607477024E-05,1.46265801454853E-05,4.30760978745208E-10,27,1.98746069143518E-05,0.0000153,3.67678391959799E-10,5,5.95986577030054E-05,0.0000524,3.5071256281407E-09,11,6.28052545572423E-05,0.00004325,3.95235929648241E-09,9,0,27008
1.76918060129541E-05,0.0000138,2.92371859296482E-10,6,2.28144690930997E-05,0.00001745,5.22007537688442E-10,7,2.34520787991172E-05,0.0000207,5.26623115577889E-10,10,1.91702895126808E-05,0.00001575,3.39494974874372E-10,5,1.36822475256687E-05,1.00898836042117E-05,1.88131471646253E-10,26,1.85472369909914E-05,0.0000138,3.21597989949749E-10,6,6.22936593884161E-05,0.00005205,3.45042964824121E-09,16,7.42596795037522E-05,0.00005485,5.30540452261306E-09,12,0,27113
1.32287565553229E-05,0.00000980000000000001,1.40894472361809E-10,3,1.87082869338697E-05,0.0000148,3.34030150753769E-10,8,2.37065391822594E-05,0.0000207,4.62301507537688E-10,9,2.00249843945008E-05,0.0000177,3.758391959799E-10,9,1.43528184955044E-05,1.12321691406895E-05,2.06988825938633E-10,26,1.69558249578132E-05,0.00001295,2.20540201005025E-10,5,4.74288941469227E-05,0.00003575,2.23812814070352E-09,17,6.51076032426321E-05,0.000051,4.1107135678392E-09,15,0,27218
1.67928556237467E-05,0.0000118,2.26884422110553E-10,3,2.42590189414164E-05,0.00001965,4.0693216080402E-10,7,2.22822799551572E-05,0.00001875,3.48178391959799E-10,7,1.7058722109232E-05,0.0000151,2.05537688442211E-10,11,1.14426191778028E-05,8.55536352280097E-06,1.3158809318638E-10,26,1.31909059582729E-05,0.00001,1.15286432160804E-10,1,2.5298221281347E-05,0.0000188,4.49035175879397E-10,8,2.96310647800581E-05,0.0000227,8.67125628140705E-10,13,0,27325
1.84526420872459E-05,0.00001425,2.21706030150754E-10,5,3.22955105239103E-05,0.0000287,7.87728643216081E-10,7,2.06760731281353E-05,0.00001645,3.47334170854272E-10,9,1.80554700852678E-05,0.0000141,2.03809045226131E-10,8,6.30041078193952E-06,4.7519622010372E-06,3.98790000636614E-11,24,1.26095202129185E-05,0.0000091,7.8391959798995E-11,1,2.37065391822594E-05,0.0000199,4.49758793969849E-10,7,1.82756668824971E-05,0.0000129,2.1627135678392E-10,7,0,27431
1.32098448136229E-05,0.00001055,1.55474874371859E-10,4,2.90516780926679E-05,0.0000244,7.17628140703518E-10,6,3.15990506186499E-05,0.00002515,9.94168341708543E-10,11,1.73637553541853E-05,0.00001325,2.54469849246231E-10,6,6.92603632484271E-06,5.57876797739522E-06,4.82062856651854E-11,26,1.25698050899765E-05,0.00000850000000000001,1.16331658291457E-10,3,2.19317121994613E-05,0.0000178,3.88854271356783E-10,6,1.51327459504215E-05,0.0000105,1.21447236180904E-10,1,0,27535
1.33229125944742E-05,0.00001045,1.65726130653266E-10,5,2.03592730715023E-05,0.00001595,3.68037688442211E-10,8,3.79209704517171E-05,0.0000322,1.41699497487437E-09,11,1.6431676725155E-05,0.0000133,2.19256281407035E-10,4,8.57050266863696E-06,6.99191187822378E-06,7.37962185655369E-11,21,1.36930639376291E-05,0.00001055,1.13243718592965E-10,2,1.45086181285469E-05,0.00001345,1.36359296482412E-10,2,1.22270192606375E-05,0.00000995000000000001,5.85904522613066E-11,2,0,27641
1.50166574176812E-05,0.00001215,1.73806532663317E-10,6,2.31732604525129E-05,0.0000183,4.20291457286432E-10,11,3.53411940941446E-05,0.0000297,1.17021105527638E-09,13,1.77904468746572E-05,0.00001475,2.48017587939698E-10,6,7.21591871277346E-06,5.4363393158635E-06,5.22900099794802E-11,30,1.57321327225523E-05,0.00001305,9.2962311557789E-11,1,1.74928556845359E-05,0.0000153,1.67597989949749E-10,2,1.29034879005639E-05,0.00000995,7.56758793969849E-11,2,0,27746
1.88679622641132E-05,0.0000146,2.72723618090452E-10,5,2.59229627936314E-05,0.0000215,6.37979899497487E-10,12,3.80328805114732E-05,0.00003215,1.43386683417085E-09,16,1.90525588832577E-05,0.0000167,3.27427135678392E-10,9,1.02287891304524E-05,7.39902162356799E-06,1.04986592936165E-10,33,1.36198384718762E-05,0.00001175,1.27615577889447E-10,5,1.6140012391569E-05,0.00001295,1.43494974874372E-10,0,1.18743420870379E-05,0.0000087,8.05628140703518E-11,2,0,27850
1.77341478509682E-05,0.00001215,2.44319095477387E-10,3,2.35902522241709E-05,0.00001705,5.37565326633166E-10,9,3.55527776692624E-05,0.0000301,1.26247236180905E-09,17,1.95703857907809E-05,0.0000171,3.5227135678392E-10,13,1.18546651957009E-05,9.17105373924952E-06,1.41059379222286E-10,26,1.35092560861063E-05,0.00001145,1.19896984924623E-10,3,1.62480768092719E-05,0.0000136,2.2286432160804E-10,3,1.46287388383278E-05,0.000011,1.12552763819095E-10,2,0,27956
1.48828760661372E-05,0.00001105,1.42108040201005E-10,2,1.71464281994822E-05,0.0000104,2.37427135678392E-10,4,2.8853076092507E-05,0.00002465,8.36680904522613E-10,12,1.84661853126194E-05,0.0000157,3.37396984924623E-10,10,9.36871956468412E-06,7.07597469918876E-06,8.76783578368745E-11,30,1.25099960031968E-05,0.00000905000000000001,8.20879396984924E-11,0,1.5556349186104E-05,0.0000125,1.86683417085427E-10,3,0.000015,0.0000122,8.14070351758795E-11,1,0,28062
1.72916164657906E-05,0.0000139,1.85437185929648E-10,3,1.9313207915828E-05,0.0000137,2.41959798994975E-10,1,2.86966897045635E-05,0.00002345,6.76821608040201E-10,8,2.07484939212464E-05,0.00001815,3.76881909547739E-10,5,9.3689799740078E-06,6.83672415655178E-06,8.7588025465582E-11,28,0.00001,0.00000690000000000001,5.80402010050251E-11,1,1.18532695911297E-05,0.00000905000000000001,6.42587939698493E-11,3,9.5655632348545E-06,0.00000665,5.01482412060301E-11,1,0,28166
1.65680415257809E-05,0.00001385,1.803391959799E-10,7,2.76224546338663E-05,0.0000225,4.55517587939699E-10,4,3.28557453118933E-05,0.00002515,7.96178391959799E-10,6,2.28363744933385E-05,0.00001815,3.36861809045226E-10,6,9.12211425682339E-06,6.62209326418262E-06,8.36028114704957E-11,22,9.59166304662544E-06,0.00000830000000000001,2.32261306532663E-11,0,1.0770329614269E-05,0.0000081,5.69949748743719E-11,4,7.3824115301167E-06,0.00000425,3.66206030150754E-11,0,0,28271
1.61864140562386E-05,0.0000128,2.2713567839196E-10,9,2.78926513619627E-05,0.0000232,7.46924623115578E-10,8,3.65513337649941E-05,0.0000294,1.29893467336683E-09,9,2.00624026477389E-05,0.00001445,3.31052763819096E-10,8,8.29614126049117E-06,6.38965687543807E-06,6.91522766667183E-11,28,9.40744386111339E-06,0.00000825000000000001,2.05402010050251E-11,0,1.1247221879202E-05,0.00000815,7.13542713567839E-11,2,9.82344135219425E-06,0.00000745000000000001,8.28517587939699E-11,6,0,28374
1.6140012391569E-05,0.00001145,2.04520100502512E-10,3,3.11207326391909E-05,0.00002295,9.06610552763819E-10,5,3.28937684067971E-05,0.000029,1.08418090452261E-09,10,2.12249852767911E-05,0.00001645,3.57223618090452E-10,8,8.40833136447247E-06,6.68432566813218E-06,7.08808907342733E-11,24,1.13137084989848E-05,0.0000077,7.21105527638191E-11,1,1.07238052947636E-05,0.000008,7.93969849246231E-11,3,1.29807549857472E-05,0.00001115,1.27535175879397E-10,7,0,28476
1.48492424049175E-05,0.00001145,9.21381909547739E-11,2,2.7009257672139E-05,0.00001695,6.1485175879397E-10,4,2.74772633280682E-05,0.000023,5.94130653266332E-10,4,2.05182845286832E-05,0.0000153,3.24613065326633E-10,7,8.1935257168551E-06,6.27620967339033E-06,6.70489558284844E-11,20,1.44395290781937E-05,0.00001025,1.10047738693467E-10,3,1.05118980208143E-05,0.00000895000000000001,5.9675879396985E-11,5,1.26491106406735E-05,0.0000108,6.42814070351758E-11,1,0,28580
1.91963538204525E-05,0.00001515,1.7477135678392E-10,5,1.9811612756159E-05,0.00001575,3.22711055276382E-10,8,2.6542418879974E-05,0.00002125,4.32761306532663E-10,3,1.54272486205415E-05,0.000012,1.88532663316583E-10,8,7.4793818743046E-06,5.13287538883683E-06,5.62063067271656E-11,25,1.27082650271388E-05,0.00000945000000000001,8.18065326633165E-11,3,1.02469507659596E-05,0.00000890000000000001,8.33266331658292E-11,6,1.14455231422596E-05,0.0000101,9.66733668341709E-11,4,0,28684
2.03838171106395E-05,0.00001555,2.7406783919598E-10,6,2.92403830344269E-05,0.0000201,5.9878391959799E-10,7,2.21810730128188E-05,0.0000162,3.56894472361809E-10,3,2.24499443206437E-05,0.0000191,4.1772864321608E-10,9,8.25343062171517E-06,5.40675042373669E-06,6.79811989332486E-11,24,1.26491106406735E-05,0.00000920000000000001,1.11557788944724E-10,3,1.40890028036054E-05,0.00001085,1.49545226130653E-10,3,1.27082650271388E-05,0.00001065,1.31354271356784E-10,5,0,28793
1.54757875405422E-05,0.00001035,1.89324120603015E-10,5,2.71845544381364E-05,0.000018,4.69095477386935E-10,6,1.81521348606713E-05,0.00001205,2.54208542713568E-10,5,2.31624696438009E-05,0.00001965,4.4944472361809E-10,6,7.85828549557049E-06,5.29201425568261E-06,6.20596547219765E-11,21,1.6062378404209E-05,0.0000123,1.84964824120603E-10,3,1.54919333848297E-05,0.0000126,1.30402010050251E-10,1,1.52970585407784E-05,0.0000117,1.67597989949749E-10,2,0,28896
2.8853076092507E-05,0.00001865,8.13042713567839E-10,7,1.57797338380595E-05,0.0000119,1.74180904522613E-10,7,2.1540659228538E-05,0.0000153,3.98753768844221E-10,6,1.65378354085412E-05,0.00001375,2.38087939698493E-10,7,1.41622625105223E-05,9.06287055593746E-06,2.00510449261788E-10,24,4.93811705005055E-05,0.00002935,2.41517336683417E-09,6,0.000131952643020138,0.00006685,1.71859070351759E-08,7,4.9829710013204E-05,0.0000381,2.47327638190955E-09,5,0,29002
0.000308243410310748,0.0001688,8.80409949748744E-08,10,0.000250960156200143,0.0001287,5.99630552763819E-08,8,5.20864665724217E-05,0.0000404,2.42930653266332E-09,6,4.04722126896961E-05,0.0000277,1.5201608040201E-09,9,3.18377319954871E-05,2.23477629176674E-05,1.01852929046755E-09,24,6.08522801544856E-05,0.0000451,3.6328040201005E-09,10,0.000190281370606794,0.0001381,3.63308944723618E-08,9,0.000384683636251921,0.00028445,1.43594369346734E-07,9,0,29107
0.000448200290048991,0.00032635,2.01200439698492E-07,12,0.000391292090387731,0.00029305,1.53816962311558E-07,10,7.94480962641648E-05,0.0000708,6.17905527638191E-09,9,7.23602100605022E-05,0.0000592,5.12237185929648E-09,10,7.27001422189195E-05,5.17064040668056E-05,5.29772168923173E-09,26,0.000101535708004623,0.00006925,1.02177864321608E-08,12,0.00023164628207679,0.0001702,4.85150150753769E-08,9,0.000459137234386409,0.0004129,2.00573869346734E-07,14,0,29209
0.0004254438858416,0.00033285,1.81535756281407E-07,14,0.000400595806268613,0.0003047,1.61069185929648E-07,13,9.47655000514428E-05,0.00008525,8.84918341708543E-09,10,0.000141790338175773,0.00011365,1.9913364321608E-08,13,0.000115690130041363,8.13681099233808E-05,1.34059543469332E-08,25,0.000171448242918964,0.00011955,2.9035675879397E-08,12,0.000307997564925439,0.00022435,9.31893844221106E-08,12,0.000316262549158132,0.0002764,9.77545226130654E-08,14,0,29315
0.000413001815976637,0.00031805,1.67669525125628E-07,16,0.000333555092900708,0.0002587,1.11470391959799E-07,16,9.02884267223657E-05,0.000081,8.15050251256281E-09,10,0.000163532871313385,0.0001375,2.66390351758794E-08,11,0.000131564629740492,9.16767207951702E-05,1.73862016995856E-08,32,0.000159762323468332,0.0001103,2.50685326633166E-08,10,0.000286190495998732,0.000221,7.63577889447236E-08,9,0.000303193007834943,0.0002762,8.99253768844221E-08,12,0,29419
0.000418723058834834,0.0003316,1.7562632160804E-07,15,0.000254407153987462,0.0002044,6.35038793969849E-08,12,7.09224929059886E-05,0.0000584,4.8801608040201E-09,8,0.000136565002837477,0.000115,1.86037788944724E-08,7,0.000177021858157501,0.000124520432576756,3.14828812371329E-08,34,0.000160651797375566,0.00012,2.57582311557789E-08,8,0.000315456019121525,0.00025345,9.95714547738694E-08,10,0.000362109789980884,0.00031555,1.31560781407035E-07,9,0,29523
0.0003093323455444,0.00024785,8.45422085427136E-08,11,0.000178469885414879,0.00013105,3.12652638190955E-08,11,7.01854685814663E-05,0.000052,4.95074371859296E-09,9,0.000114363455701548,0.0000965,1.31350653266332E-08,8,0.000162215628080611,0.00011380824846732,2.64383829641393E-08,28,0.000162583824533685,0.00011745,2.6422811557789E-08,8,0.000323307902779997,0.0002443,9.88442613065327E-08,13,0.000392588843448206,0.0003241,1.50253266331658E-07,8,0,29627
0.000298726463508006,0.00021835,8.31163592964824E-08,11,0.000184506097460219,0.00015035,3.20915552763819E-08,12,6.58445138185407E-05,0.00005065,4.33555527638191E-09,11,0.000109418919753395,0.00009275,1.18842989949749E-08,12,0.000163052890403777,0.000120219863749546,2.66782020819909E-08,28,0.000126757642767606,0.00009555,1.61300879396985E-08,11,0.000180251213588148,0.00012215,3.10896457286432E-08,12,0.000386757676071206,0.00034615,1.32675374371859E-07,11,0,29733
0.000304793372631362,0.0002315,9.32211055276382E-08,9,0.000187444658499516,0.00016035,3.48234145728643E-08,9,6.96778300465794E-05,0.0000564,4.66222110552764E-09,10,0.000119113391354625,0.0001018,1.40706633165829E-08,12,0.000167076479626935,0.000120433414059607,2.80224117663695E-08,32,0.000144187378088375,0.0001201,2.08841809045226E-08,13,0.000142051047162631,0.00009995,1.97130025125628E-08,6,0.000295167748915765,0.0002572,8.57035175879397E-08,10,0,29839
0.000208066095267826,0.00017075,3.99450226130653E-08,9,0.000174925698512254,0.0001456,2.92861909547739E-08,11,8.87299273075325E-05,0.0000706,7.31421105527638E-09,11,0.00011438531374263,0.0000975000000000001,1.25513969849246E-08,11,0.000139240032964895,0.000105497637003976,1.94729331246554E-08,31,0.0001269094165143,0.00011,1.59608040201005E-08,13,0.000129836435564136,0.00008125,1.69406407035176E-08,8,0.000254646814234932,0.0001987,6.5170040201005E-08,10,6,29944
0.000241739529245839,0.0002039,5.80934271356784E-08,12,0.000226823720099993,0.0002012,5.16510050251256E-08,16,9.08322629906357E-05,0.00006765,7.51802763819096E-09,12,0.000101813555089683,0.0000844,1.00778291457286E-08,14,0.00017590983134529,0.000130459702190914,3.10982279432737E-08,28,0.000196729509733543,0.00014485,3.54868718592965E-08,14,0.000171137371722251,0.0001025,2.4411567839196E-08,13,0.000335670225072168,0.00025965,1.00891233668342E-07,13,6,30057
0.000287489130229301,0.0002378,7.91142814070352E-08,10,0.000251018923589438,0.00021695,6.05728417085427E-08,15,7.28457273970135E-05,0.00005265,4.97225879396985E-09,10,8.45281018360167E-05,0.0000726,6.49101507537688E-09,16,0.000152928581802709,0.000109285857059156,2.34784508305874E-08,30,0.00023692509364776,0.00017415,5.60697462311558E-08,13,0.000191912740588008,0.00012775,3.61963793969849E-08,12,0.000314888869285658,0.000253,9.96133768844221E-08,13,6,30162
0.000357735936131667,0.0002778,1.27105085427136E-07,10,0.000304866364166334,0.00023425,9.31319371859296E-08,12,5.99541491474944E-05,0.0000476500000000001,3.59175628140704E-09,8,6.81725751310598E-05,0.0000618500000000001,4.37869095477387E-09,12,0.000112572696609439,9.36253653588295E-05,1.27240385129809E-08,22,0.000168909739210029,0.00011825,2.84669120603015E-08,10,0.000166721324370939,0.0001259,2.79253869346734E-08,10,0.000235293433822536,0.0002011,5.55128743718593E-08,6,6,30268
0.000304339448642466,0.00021955,9.05904296482412E-08,11,0.000262004770948928,0.00018945,6.29472336683417E-08,11,6.75795827154918E-05,0.0000579,4.17169849246231E-09,9,6.84653196881457E-05,0.00005975,4.69692211055276E-09,10,8.90381940868027E-05,6.96655854966241E-05,7.95267441377308E-09,34,8.10647889036911E-05,0.0000603500000000001,6.02803768844221E-09,10,0.000158812782860826,0.00010875,2.45854246231156E-08,9,0.000166874204117952,0.0001335,2.14417185929648E-08,7,6,30372
0.000140561374495272,0.00011235,1.96829924623116E-08,13,0.000106836323411095,0.0000909,1.09534773869347E-08,11,6.19838688692469E-05,0.0000531,3.60722613065326E-09,11,6.85601925318183E-05,0.0000562500000000001,4.69316331658291E-09,9,6.35925744186698E-05,4.53153224735727E-05,4.06101064784571E-09,38,7.30171212798752E-05,0.00005615,5.3409824120603E-09,10,9.34665715643834E-05,0.0000499,8.5537688442211E-09,9,0.000140659162517058,0.0000962,1.82521708542714E-08,11,6,30475
0.000140827909165762,0.00011855,1.92130025125628E-08,12,7.53624574970854E-05,0.00006475,5.70713316582914E-09,12,4.69201449273124E-05,0.00004055,2.21199748743719E-09,11,5.7706152185014E-05,0.0000483,3.33511557788945E-09,8,6.59636631516183E-05,4.91888432578545E-05,4.37170374335197E-09,23,8.20182906430023E-05,0.0000646,6.74045226130653E-09,11,0.000140611165986205,0.00009925,1.95506306532663E-08,12,0.000243349542839102,0.0001721,5.92843819095478E-08,11,6,30578
0.000183902147893928,0.0001467,3.27517487437186E-08,9,7.91170019654435E-05,0.00006855,6.27193718592965E-09,9,6.39491985876289E-05,0.00005175,4.10697236180905E-09,12,9.09340420304739E-05,0.0000747,8.30653266331658E-09,11,0.000151078204725815,0.000110174179825403,2.29391351522862E-08,18,0.000115859829103965,0.00009815,1.31814045226131E-08,11,0.00022967803551929,0.0001798,5.20450150753769E-08,12,0.000264079533474293,0.000217,6.81954170854272E-08,8,6,30683
0.000228015350360453,0.0001735,5.16925025125628E-08,7,0.000125936491931449,0.0001076,1.460808040201E-08,7,7.13617544627373E-05,0.00005645,5.0083391959799E-09,9,9.33220231242337E-05,0.0000785,8.40131658291458E-09,13,0.000150211409999324,0.000104579963666267,2.2669741423859E-08,41,0.000119703801109238,0.0000978,1.34226733668342E-08,10,0.000210335446370791,0.0001585,4.37522010050251E-08,11,0.000204495721226631,0.00017985,4.02599974874372E-08,9,6,30788
0.000190743282974788,0.0001395,3.64011658291457E-08,9,0.000132278116103912,0.00011105,1.63507512562814E-08,12,6.07659444096774E-05,0.00004685,3.50120351758794E-09,9,5.87026404857567E-05,0.0000485,3.30628140703518E-09,11,8.40769838038552E-05,5.31106742433176E-05,7.10342510523217E-09,45,7.24879300297643E-05,0.00004615,5.06813819095477E-09,8,0.000126083305794225,0.0001074,1.59767236180904E-08,13,0.000176534699138725,0.00015055,2.93264296482412E-08,12,6,30892
0.000228636173865817,0.00016955,4.70113341708543E-08,13,0.00017046700560519,0.0001217,2.45987035175879E-08,12,5.75325994545701E-05,0.0000459,3.30805025125628E-09,11,5.37633704300614E-05,0.00004065,2.87939447236181E-09,8,7.49729517050116E-05,4.7425844441676E-05,5.64358910953705E-09,29,5.15848815061157E-05,0.0000325,2.67292462311558E-09,5,0.000121780540317409,0.00009925,1.48245201005025E-08,8,0.000198109818030304,0.00016055,3.87362788944724E-08,10,6,30996
0.00029728605752709,0.0002392,0.000000061162,9,0.000221157183921301,0.00017375,3.46959773869347E-08,7,7.93441869326292E-05,0.00006945,4.91758542713568E-09,9,8.28854631404084E-05,0.0000662,5.65925628140704E-09,8,4.05342908720527E-05,3.0250435300694E-05,1.65087648798351E-09,31,5.17058990831801E-05,0.00004215,2.3448216080402E-09,5,0.000163888681732449,0.00012605,2.51231934673367E-08,7,0.000216777535736524,0.00015765,4.29758768844221E-08,9,6,31098
0.000259973075528986,0.0001963,6.76071959798995E-08,9,0.000185667713940793,0.00014605,3.40835954773869E-08,7,8.49264387573151E-05,0.00007315,4.49444974874372E-09,10,8.98721313867653E-05,0.0000781,4.46322613065327E-09,10,5.5277260737047E-05,3.89239326394439E-05,3.06871134104365E-09,29,7.67626211121012E-05,0.00006825,5.40194723618091E-09,10,0.000153900942167357,0.00011985,2.38043994974874E-08,12,0.000197493037851971,0.00014265,3.23838969849246E-08,6,6,31201
0.000179125654220717,0.0001295,3.03889447236181E-08,8,0.000118995798245148,0.0000924,1.30349246231156E-08,8,5.96322060635023E-05,0.0000466,3.47336683417085E-09,13,5.46991773247094E-05,0.0000425,2.19642211055276E-09,12,5.29392174334941E-05,3.62321783243803E-05,2.81659678892427E-09,21,7.11125867902441E-05,0.0000604000000000001,4.64759798994975E-09,12,0.000103196414666402,0.00009275,9.72781658291457E-09,13,0.000221134574411149,0.00019565,4.91031130653266E-08,7,6,31305
0.000151795915623577,0.0001276,2.26713567839196E-08,6,0.000159132020662091,0.0001133,2.51389346733668E-08,8,5.07887782881219E-05,0.00004245,2.58248994974874E-09,11,4.14125584816973E-05,0.0000338,1.53772864321608E-09,13,4.42371763891604E-05,3.13232920831612E-05,1.96441309949662E-09,24,7.54088854180991E-05,0.00005855,5.49044974874372E-09,7,8.9291656945092E-05,0.0000822,8.01049246231156E-09,10,0.000239357473248696,0.0002243,5.42106432160804E-08,10,6,31410
0.000162509999692327,0.00014175,2.64505502512563E-08,10,0.000172968205170777,0.0001338,2.98984924623115E-08,11,5.05024751868659E-05,0.00004415,2.4075351758794E-09,8,4.89540600971973E-05,0.00003775,2.32068090452261E-09,9,5.74171424757773E-05,4.21717145581742E-05,3.3130884905887E-09,31,0.000129821030653743,0.00010165,1.62666105527638E-08,10,6.97961316979673E-05,0.00005945,4.56854020100502E-09,8,0.000171327172392473,0.0001405,2.94979296482412E-08,10,6,31517
0.00017721314849638,0.00014995,3.15557763819096E-08,8,0.000128341341741467,0.00010555,1.65265703517588E-08,11,4.74815753740333E-05,0.00004215,2.25766582914573E-09,7,4.35373402954292E-05,0.00003215,1.88512311557789E-09,3,5.59879534178658E-05,4.27841879478962E-05,3.14731695095702E-09,23,0.000121422814989606,0.0000930500000000001,1.46542085427136E-08,9,6.21288982680363E-05,0.0000515,3.32908542713568E-09,7,0.000151165472248129,0.0001047,1.43293567839196E-08,8,6,31624
0.000188374626741501,0.000157,3.5611216080402E-08,7,0.000124799839743487,0.0001014,1.56448140703518E-08,10,4.55905692002195E-05,0.00003935,1.99535427135679E-09,7,4.76602559791699E-05,0.00004305,2.08452010050251E-09,5,5.32953957858759E-05,4.20845307587403E-05,2.85006848322177E-09,19,7.16833313957994E-05,0.00006555,5.08912311557789E-09,6,5.29716905525961E-05,0.0000436,2.67777889447236E-09,9,0.000198597583066864,0.0001538,3.8195567839196E-08,5,6,31728
0.000153562690781322,0.00012985,2.25955552763819E-08,11,0.000139086304142428,0.0001165,1.89905125628141E-08,11,4.95630911061851E-05,0.00004245,2.46540452261307E-09,10,4.77126817523392E-05,0.00004485,1.76319346733668E-09,10,5.00520053522831E-05,3.90200365215445E-05,2.5026689282018E-09,24,5.69209978830308E-05,0.0000503,2.58729648241206E-09,12,4.78278161742725E-05,0.00004065,2.28703266331658E-09,9,0.00018771920519755,0.00014835,3.29080376884422E-08,4,6,31834
0.000111220501707194,0.0000878,1.24039296482412E-08,11,0.00012388099127792,0.00009845,1.51348718592965E-08,10,5.72931060425249E-05,0.00004325,3.18713316582914E-09,8,3.89935892166905E-05,0.00003195,1.30948492462312E-09,10,3.74065529992968E-05,2.77840967160028E-05,1.39827345893728E-09,22,4.60434577328854E-05,0.0000375,1.89230150753769E-09,14,5.40370243444252E-05,0.0000462,2.72915577889447E-09,9,0.000131449610117337,0.0000911,1.68060703517588E-08,4,6,31939
0.000163641376185853,0.00012075,2.68874346733668E-08,10,9.25661925326952E-05,0.0000696500000000001,8.60914321608041E-09,11,6.93145006474114E-05,0.00005025,4.33999748743718E-09,8,3.78351688247852E-05,0.00002875,1.36693216080402E-09,9,4.42826135447774E-05,3.07725747180682E-05,1.97080375791545E-09,22,5.90296535649668E-05,0.00004445,3.50200753768844E-09,11,4.68508271004899E-05,0.0000383,1.80803015075377E-09,11,0.000077,0.0000592,5.85829145728643E-09,7,0,32044
0.000160215479901288,0.0001153,2.57110653266332E-08,9,7.60920495189872E-05,0.0000539,5.70617085427135E-09,12,7.09612570350892E-05,0.00005465,4.84214824120603E-09,11,4.70372193055669E-05,0.00003345,2.21806783919598E-09,7,6.34260197735925E-05,4.86337751295464E-05,4.03947626189685E-09,22,5.43092993878581E-05,0.00004165,2.88912311557789E-09,10,6.89963767164624E-05,0.00005535,4.78060050251256E-09,11,0.000106371988794043,0.0000812,1.12610552763819E-08,12,0,32149
0.00015680720646705,0.00010665,2.19577663316583E-08,8,8.57029754442633E-05,0.0000622,6.72325628140704E-09,9,5.95063021872473E-05,0.0000479,3.01317587939698E-09,10,5.88260146533827E-05,0.00004455,3.41436934673367E-09,8,6.03563024910502E-05,4.49150618860659E-05,3.66005135695614E-09,27,7.42765104188397E-05,0.0000563,5.45591959798995E-09,10,7.39628285018901E-05,0.0000634500000000001,5.39032914572864E-09,10,0.000135613421164721,0.0001021,1.71809045226131E-08,10,0,32255
0.000155502411556863,0.000102,2.16986834170854E-08,8,8.35703296631047E-05,0.0000613000000000001,6.33446231155779E-09,8,4.93963561409139E-05,0.0000425,2.37619095477387E-09,8,5.00949099210688E-05,0.00003995,2.25344472361809E-09,6,5.3738647433568E-05,4.04506439984253E-05,2.90233139798363E-09,27,7.90569415042095E-05,0.000062,6.09277386934673E-09,6,6.26418390534633E-05,0.0000533,3.52955778894472E-09,7,0.000177262517188491,0.0001411,2.91864924623116E-08,9,0,32359
4.53706953881027E-05,0.00003285,2.01155527638191E-09,6,3.88458491991101E-05,0.0000297,1.48159798994975E-09,6,3.83731677086998E-05,0.00003155,1.4195351758794E-09,8,2.61820549231721E-05,0.00001915,5.07133165829146E-10,2,4.28566170782771E-05,3.00542020454078E-05,1.84566677950609E-09,24,4.80780615249825E-05,0.00003745,1.9697864321608E-09,6,6.04483250388297E-05,0.0000485,3.4401608040201E-09,7,0.000144583885685785,0.00010335,2.07879170854271E-08,9,0,32465
2.81158318390191E-05,0.00002375,3.70047738693467E-10,4,3.10241841149771E-05,0.00002125,8.3093216080402E-10,8,3.63593179253957E-05,0.0000293,1.07774874371859E-09,9,2.01990098767242E-05,0.0000131,3.59386934673367E-10,3,1.64155807743043E-05,1.1956040887466E-05,2.70460128206665E-10,25,2.88704000665041E-05,0.00001905,6.86871859296482E-10,8,3.41833292702744E-05,0.00002325,1.10761557788945E-09,6,2.85306852353742E-05,0.0000236,7.45477386934674E-10,8,0,32570
2.04205778566621E-05,0.0000172,3.64060301507538E-10,6,3.31737848307967E-05,0.00002385,1.07044974874372E-09,10,0.00004,0.0000326,1.56426130653266E-09,10,2.49399278266799E-05,0.0000189,6E-10,8,1.09844209405748E-05,8.22083551815783E-06,1.21217384891186E-10,30,1.18743420870379E-05,0.00000930000000000001,1.30763819095477E-10,6,1.19582607431014E-05,0.0000104,4.71959798994975E-11,2,1.57955689989313E-05,0.00001295,1.2355527638191E-10,6,0,32677
1.70146995271736E-05,0.00001445,2.78288944723618E-10,7,0.0000286792607994,0.00002085,7.66268844221106E-10,6,4.79165942028438E-05,0.0000352,2.1428743718593E-09,9,5.15945733580577E-05,0.0000336,2.30873366834171E-09,9,1.25056941145325E-05,8.59754882423404E-06,1.56744174607828E-10,40,1.36747943311773E-05,0.00001,1.17025125628141E-10,3,1.37113092008021E-05,0.0000114,6.95376884422111E-11,1,1.6109003693587E-05,0.00001335,1.1728391959799E-10,4,0,32783
1.32853302555864E-05,0.00001115,1.60077889447236E-10,5,1.80138835346518E-05,0.00001235,3.11997487437186E-10,6,4.6776062254106E-05,0.000035,2.15521608040201E-09,8,4.90917508345343E-05,0.0000283,2.2868743718593E-09,8,1.13854791552813E-05,7.79805157169116E-06,1.30109263537367E-10,43,1.50332963783729E-05,0.0000104,1.4572864321608E-10,1,1.46287388383278E-05,0.0000111,1.02150753768844E-10,1,1.40178457688762E-05,0.00001105,1.01947236180905E-10,2,0,32888
2.15870331449229E-05,0.000016,3.33105527638191E-10,3,2.1342445970413E-05,0.00001535,4.13344221105528E-10,8,2.98831055949679E-05,0.0000256,8.76221105527639E-10,11,1.90918830920368E-05,0.00001555,3.38630653266332E-10,6,6.95812696303106E-06,5.11307200407018E-06,4.86535478041503E-11,44,1.27279220613579E-05,0.00001,8.84824120603015E-11,3,1.29807549857472E-05,0.00000985000000000001,8.70326633165829E-11,1,9.89949493661167E-06,0.00000730000000000001,6.10954773869347E-11,0,0,32995
2.53377189186399E-05,0.0000196,3.30361809045226E-10,5,3.61178626167164E-05,0.00002615,9.61484924623116E-10,10,3.06431068920891E-05,0.0000268,5.61557788944724E-10,12,2.54361946839538E-05,0.0000214,4.21095477386935E-10,8,1.06828336205099E-05,7.59873510767356E-06,1.14385793275066E-10,38,1.4543039572249E-05,0.00001165,8.08015075376884E-11,2,1.03198837202751E-05,0.00000805000000000001,5.42085427135678E-11,1,1.36747943311773E-05,0.0000105,7.71356783919598E-11,0,0,33099
2.01990098767242E-05,0.0000143,3.11547738693467E-10,8,4.5912961132996E-05,0.00003,1.85156783919598E-09,9,4.00312378024962E-05,0.00003465,1.52456030150754E-09,10,2.49399278266799E-05,0.0000209,5.60804020100503E-10,11,1.08940766174523E-05,7.64806089920018E-06,1.19276979767635E-10,30,1.47648230602334E-05,0.0000113,1.64060301507538E-10,3,8.5146931829632E-06,0.00000575,4.62085427135678E-11,2,1.67182534973005E-05,0.00001255,1.62590452261307E-10,2,0,33205
1.47817454990945E-05,0.00001015,1.92942211055277E-10,3,4.02802681222457E-05,0.00002695,1.59386683417085E-09,7,3.48855270850248E-05,0.0000274,1.21732663316583E-09,6,1.50166574176812E-05,0.00001185,2.1728391959799E-10,7,7.01242935749933E-06,4.70923104714731E-06,4.87297440310527E-11,40,1.26293309403151E-05,0.00000965,1.29344221105528E-10,3,1.4142135623731E-05,0.0000099,1.7486432160804E-10,4,1.6062378404209E-05,0.0000113,1.70492462311558E-10,3,0,33308
1.3490737563232E-05,0.0000109,1.29356783919598E-10,4,2.67301328092473E-05,0.00002175,7.1155527638191E-10,9,2.73861278752583E-05,0.0000212,7.53276381909548E-10,7,1.78465682975747E-05,0.00001245,2.88017587939699E-10,6,7.49257417485652E-06,5.22687495522643E-06,5.6413705452034E-11,37,1.56684396159924E-05,0.00001285,8.84396984924623E-11,2,1.52807067899361E-05,0.00001245,1.66268844221106E-10,2,1.33603892158874E-05,0.00000925000000000001,9.70829145728643E-11,1,0,33415
2.16217483104397E-05,0.00001745,2.39173366834171E-10,8,2.98998327754521E-05,0.0000242,7.28643216080401E-10,10,4.07124059716446E-05,0.00003295,1.39055025125628E-09,10,2.3473389188611E-05,0.000019,4.06623115577889E-10,10,8.98249826520923E-06,6.80860451993619E-06,8.101734270021E-11,28,1.80554700852678E-05,0.0000161,1.41748743718593E-10,4,1.33790881602597E-05,0.000011,1.08984924623116E-10,5,1.4422205101856E-05,0.0000106,1.20241206030151E-10,2,0,33518
2.43310501211929E-05,0.0000201,4.66643216080402E-10,8,3.62353418639869E-05,0.0000267,1.1309648241206E-09,10,4.58802789878178E-05,0.0000364,1.93241206030151E-09,11,2.62011450131478E-05,0.00002225,5.44017587939699E-10,12,1.02715751811082E-05,8.08660027182519E-06,1.06025673132543E-10,27,1.75499287747842E-05,0.000015,2.02924623115578E-10,5,1.35830777072061E-05,0.00000935000000000001,1.43615577889447E-10,9,1.56843871413581E-05,0.0000127,1.44713567839196E-10,3,0,33621
2.01866292381864E-05,0.00001705,3.37786432160804E-10,6,3.89358446678636E-05,0.0000279,1.29141708542713E-09,8,3.68374809127877E-05,0.0000271,1.29120603015075E-09,8,2.61629509039023E-05,0.00002315,4.60298994974875E-10,6,8.56726462408654E-06,6.25992496298745E-06,7.3576977352341E-11,26,1.3856406460551E-05,0.0000103,1.3337688442211E-10,4,1.10227038425243E-05,0.00000735000000000001,7.21582914572864E-11,4,1.20208152801713E-05,0.00000925000000000001,8.32939698492463E-11,1,0,33724
1.66433169770932E-05,0.0000142,1.9878391959799E-10,6,3.63318042491699E-05,0.0000292,8.26844221105528E-10,9,4.79165942028438E-05,0.0000359,1.46813065326633E-09,8,2.86966897045635E-05,0.00002185,4.3163567839196E-10,4,6.42275035366423E-06,4.59780095227753E-06,4.14568096528195E-11,27,1.24096736459909E-05,0.0000092,9.51859296482412E-11,4,9.66953980290686E-06,0.00000745,5.47110552763819E-11,1,1.2747548783982E-05,0.00001025,1.02952261306533E-10,3,0,33828
1.97863589374094E-05,0.00001615,3.42087939698492E-10,8,3.40514316879628E-05,0.00002725,8.59293969849246E-10,9,5.37354631505117E-05,0.00004385,1.92681155778895E-09,12,2.89223097279591E-05,0.00002205,6.56178391959799E-10,8,8.58351057971596E-06,6.32134383711911E-06,7.40307380949664E-11,22,1.41774468787578E-05,0.0000125,1.01507537688442E-10,5,1.14891252930761E-05,0.0000088,8.48140703517587E-11,2,1.23490890352285E-05,0.00001015,1.2763567839196E-10,4,0,33931
1.94935886896179E-05,0.0000134,2.98683417085427E-10,6,2.93853705098302E-05,0.00002105,8.52942211055276E-10,9,3.52774715647253E-05,0.00002555,1.08992713567839E-09,8,2.08446635856758E-05,0.00001795,3.74751256281407E-10,7,8.88867765944023E-06,6.81124336750038E-06,7.93493921764099E-11,25,1.22882057274445E-05,0.0000115,8.74371859296482E-11,3,1.09544511501033E-05,0.00000830000000000001,6.8502512562814E-11,2,1.18532695911297E-05,0.00000955000000000001,9.67613065326633E-11,2,0,34035
2.14592637338749E-05,0.00001525,3.82309045226131E-10,6,3.80591644679701E-05,0.00002765,1.40998743718593E-09,11,6.16684684421463E-05,0.000037,3.53506532663316E-09,7,2.6580067720004E-05,0.00002075,5.80580402010051E-10,7,8.93898773963024E-06,6.852480404734E-06,8.02738209945479E-11,27,1.36930639376292E-05,0.00001165,9.86909547738693E-11,1,1.37477270848675E-05,0.0000105,8.7427135678392E-11,1,1.53460092532228E-05,0.00001255,9.0751256281407E-11,2,0,34140
2.21923410211722E-05,0.00001875,4.43595477386935E-10,7,4.14125584816973E-05,0.0000314,1.33357788944724E-09,7,6.25419858974753E-05,0.00004125,3.42912311557789E-09,9,2.74499544626216E-05,0.00002285,6.30087939698492E-10,10,9.73697736956227E-06,7.56157770648481E-06,9.52751787189756E-11,24,1.56204993518133E-05,0.0000134,6.74472361809045E-11,2,1.68374582404827E-05,0.00001505,1.13766331658291E-10,1,1.76493625947228E-05,0.00001435,1.49685929648241E-10,3,0,34242
2.26936114358204E-05,0.0000176,3.95979899497488E-10,6,2.96732202499156E-05,0.00002315,7.16379396984925E-10,7,3.83536178215302E-05,0.0000308,1.30854271356784E-09,10,2.34840371316348E-05,0.00002035,4.46610552763819E-10,9,7.97905776375694E-06,6.05456947412691E-06,6.3761572595909E-11,20,1.32476412994918E-05,0.00000985,8.08417085427137E-11,2,1.59530561335438E-05,0.00001325,1.37464824120603E-10,3,2.12720473861827E-05,0.00001505,3.23012562814071E-10,3,0,34347
2.46170672501823E-05,0.0000188,4.61899497487437E-10,8,3.59722114972099E-05,0.0000254,1.15818090452261E-09,7,5.43737068811756E-05,0.00004795,2.92419849246231E-09,13,3.15673882353292E-05,0.00002595,8.5798743718593E-10,7,1.07742371599321E-05,7.65552234754829E-06,1.16612406647919E-10,25,1.39283882771841E-05,0.0000093,1.09909547738693E-10,1,1.4456832294801E-05,0.0000106,1.23125628140703E-10,3,1.85607111932706E-05,0.00001085,2.71032663316583E-10,1,0,34451
1.81245689603919E-05,0.00001395,2.75856783919598E-10,6,3.45976877840124E-05,0.0000233,1.14342713567839E-09,6,5.02792203599061E-05,0.0000431,2.53844221105528E-09,11,2.75680975041804E-05,0.0000193,7.05768844221107E-10,6,1.46980151228249E-05,1.17434483632853E-05,2.17108508493228E-10,26,1.52479506819769E-05,0.00001255,8.03793969849247E-11,3,1.35830777072061E-05,0.00001045,1.06711055276382E-10,5,1.16619037896906E-05,0.0000078,1.06281407035176E-10,2,0,34555
1.58429795177549E-05,0.0000124,1.87939698492462E-10,5,2.41246761636296E-05,0.0000193,5.51115577889447E-10,9,3.27490457876256E-05,0.00002515,1.06220854271357E-09,8,1.38202749610852E-05,0.00000870000000000001,1.72502512562814E-10,3,1.13470694295871E-05,8.30321655541155E-06,1.29217478597174E-10,30,1.6140012391569E-05,0.00001395,6.90226130653266E-11,2,1.09772492000501E-05,0.00000745,8.67110552763819E-11,8,1.41244468918255E-05,0.00001095,1.25304020100503E-10,2,0,34661
1.83711730708738E-05,0.00001445,2.87816582914573E-10,7,2.37592087410334E-05,0.00001855,4.86831658291457E-10,7,2.40831891575846E-05,0.0000167,5.01507537688442E-10,6,1.39821314541096E-05,0.00001035,1.79173366834171E-10,4,6.53800951144035E-06,5.00483803156393E-06,4.2709711842994E-11,29,1.52315462117278E-05,0.0000127,1.75115577889447E-10,4,1.24096736459909E-05,0.0000084,9.82412060301508E-11,4,1.35830777072061E-05,0.00001055,7.35653266331659E-11,0,0,34765
1.97863589374094E-05,0.00001665,3.26711055276382E-10,8,2.18974884404582E-05,0.00001725,3.59193467336683E-10,6,4.13823633931171E-05,0.00003105,1.02329396984925E-09,4,1.83847763108502E-05,0.0000144,2.50894472361809E-10,7,9.02190944665634E-06,7.21778473714398E-06,8.15942666809516E-11,21,1.6109003693587E-05,0.00001215,2.12258793969849E-10,6,1.29421791055448E-05,0.00001005,1.07977386934673E-10,1,1.01734949746879E-05,0.00000805000000000001,4.20879396984924E-11,1,0,34868
2.15986110664552E-05,0.00001825,3.32439698492462E-10,6,2.99081928574764E-05,0.00002315,4.98992462311558E-10,5,4.86209831245729E-05,0.0000403,2.09893467336684E-09,6,1.64468842033985E-05,0.00001175,1.59997487437186E-10,4,1.01095071384694E-05,8.45317672224163E-06,1.02698260621738E-10,23,2.35372045918796E-05,0.0000176,5.00251256281407E-10,3,1.11130553854464E-05,0.00000865000000000001,8.35954773869347E-11,1,1.09316055545377E-05,0.00000925000000000001,3.95954773869347E-11,3,0,34971
2.35053185470863E-05,0.00001875,4.3477135678392E-10,2,3.39558536926993E-05,0.000027,7.60793969849247E-10,5,4.05647630339436E-05,0.00003395,1.65243969849246E-09,11,1.8411952639522E-05,0.000014,2.44180904522613E-10,4,1.06248807209604E-05,8.66556942394749E-06,1.13269228277311E-10,24,2.36114379062352E-05,0.00001785,4.98369346733669E-10,1,1.44395290781937E-05,0.00001155,9.55552763819096E-11,1,1.37113092008021E-05,0.0000116,1.02020100502513E-10,4,1,35077
1.97989898732233E-05,0.0000153,3.40412060301508E-10,3,2.45254969368615E-05,0.00001905,5.63997487437186E-10,8,4.10913616226087E-05,0.00003415,1.69607788944724E-09,9,2.03592730715023E-05,0.00001765,3.37866834170854E-10,7,1.01022747506593E-05,7.6491885540278E-06,1.02516148399828E-10,30,2.48696602308918E-05,0.00001775,3.15575376884422E-10,2,1.58745078663875E-05,0.000014,1.33859296482412E-10,6,1.28452325786651E-05,0.0000103,1.01507537688442E-10,4,1,35180
1.3490737563232E-05,0.0000098,1.37798994974874E-10,3,2.29128784747792E-05,0.0000193,5.13125628140704E-10,11,4.27726548158984E-05,0.00003455,1.80311306532663E-09,10,1.7464249196573E-05,0.0000149,2.87949748743719E-10,6,9.30455415846044E-06,7.10791647309988E-06,8.69422817460871E-11,31,2.18517733834122E-05,0.00001325,3.52701005025126E-10,3,1.40356688476182E-05,0.0000119,1.50140703517588E-10,7,1.16404467268228E-05,0.00000845,6.6108040201005E-11,2,1,35283
1.60779351908135E-05,0.00001115,2.34168341708543E-10,3,2.98496231131986E-05,0.0000239,7.78251256281407E-10,7,4.30697109347161E-05,0.0000353,1.7427135678392E-09,11,2.25499445675594E-05,0.00001675,4.74268844221105E-10,6,1.02993545683939E-05,8.45884478775958E-06,1.0625561250964E-10,24,1.21037184369102E-05,0.00000875,1.04118090452261E-10,1,1.3076696830622E-05,0.000011,1.36874371859297E-10,3,1.59059737205869E-05,0.0000132,2.31115577889447E-10,2,1,35389
1.93261480900877E-05,0.00001465,2.8371608040201E-10,4,3.28252951243397E-05,0.00002525,7.40801507537689E-10,5,4.01434926233381E-05,0.00002985,1.55446984924623E-09,9,2.2494443758404E-05,0.0000142,4.17839195979899E-10,3,8.49555421732572E-06,6.48601425248594E-06,7.216482933858E-11,25,2.04572725454788E-05,0.00001455,2.59776381909548E-10,3,1.37113092008021E-05,0.0000105,1.30894472361809E-10,2,1.65227116418583E-05,0.0000152,2.30592964824121E-10,5,1,35494
1.6867127793433E-05,0.00001225,2.01786432160804E-10,2,3.47203110585144E-05,0.00002825,9.1939447236181E-10,8,3.52845575287547E-05,0.000023,1.11834170854271E-09,4,1.95192212959431E-05,0.0000139,1.88733668341708E-10,0,5.28346776127823E-06,4.04035592832731E-06,2.80536101544838E-11,26,2.19544984001002E-05,0.0000162,3.27386934673367E-10,5,1.54919333848297E-05,0.0000108,1.36643216080402E-10,1,1.18532695911297E-05,0.00000995000000000001,8.39170854271357E-11,3,1,35598
1.42302494707577E-05,0.00001085,1.845E-10,4,3.29545141065682E-05,0.0000273,1.07372864321608E-09,11,4.85283422342037E-05,0.0000373,2.22689447236181E-09,7,2.53179778023443E-05,0.0000225,5.33417085427136E-10,5,5.79563311113886E-06,4.13162356470986E-06,3.36347578905581E-11,36,1.53297097167559E-05,0.0000123,1.61849246231156E-10,4,1.73205080756888E-05,0.0000137,1.75437185929648E-10,5,1.36930639376292E-05,0.00001145,1.45324120603015E-10,2,1,35700
1.56843871413581E-05,0.0000122,1.71165829145729E-10,3,3.10080634674273E-05,0.00002705,9.43655778894473E-10,12,5.98999165274878E-05,0.0000521,3.59870351758794E-09,11,2.91547594742265E-05,0.0000253,8.40512562814071E-10,11,9.14037299375913E-06,6.83159958760413E-06,8.39436279449719E-11,31,1.6583123951777E-05,0.0000134,1.34060301507538E-10,2,1.54919333848297E-05,0.0000129,2.06221105527638E-10,9,1.86547581061776E-05,0.0000143,2.21417085427136E-10,2,1,35803
1.54434452114805E-05,0.00001125,1.125E-10,0,3.55879192985485E-05,0.00002825,1.11203768844221E-09,7,6.11146463623901E-05,0.0000536,3.44245226130653E-09,9,2.45153013442625E-05,0.0000173,5.61557788944724E-10,8,9.21153992599921E-06,7.1897715165154E-06,8.52770216668864E-11,20,1.6867127793433E-05,0.00001435,1.39997487437186E-10,2,1.2369316876853E-05,0.0000105,1.42150753768844E-10,6,1.86681547025945E-05,0.00001255,2.13846733668342E-10,1,1,35906
1.62788205960997E-05,0.000012,1.21608040201005E-10,0,4.10913616226087E-05,0.00003345,1.45083165829146E-09,7,5.45206382941359E-05,0.00004985,2.98743467336683E-09,10,1.57321327225523E-05,0.00001045,1.95917085427136E-10,6,6.27034164923525E-06,4.39807812936736E-06,3.9513408595514E-11,33,1.47648230602334E-05,0.0000131,1.14532663316583E-10,2,1.59530561335438E-05,0.00001305,1.60238693467337E-10,3,1.66883192682786E-05,0.00001315,1.29082914572864E-10,5,1,36013
1.36198384718762E-05,0.00000975000000000001,9.28417085427137E-11,2,3.33016516106934E-05,0.0000254,1.0992864321608E-09,9,5.40277706369604E-05,0.0000496,2.41121608040201E-09,12,1.99374020373769E-05,0.00001675,3.65103015075377E-10,10,6.33318033800937E-06,4.53243951072292E-06,4.03039012243911E-11,34,1.38021737418423E-05,0.00001085,1.05464824120603E-10,3,1.78605710994917E-05,0.0000142,1.89989949748744E-10,4,1.27279220613579E-05,0.00000940000000000001,1.14964824120603E-10,6,1,36115
1.16189500386223E-05,0.0000092,1.08502512562814E-10,5,2.38117617995813E-05,0.0000184,5.6019095477387E-10,5,4.76864760702654E-05,0.000038,2.14784924623116E-09,10,2.52388589282479E-05,0.0000217,5.47577889447236E-10,8,6.61722679044174E-06,5.0339213830885E-06,4.39841852761439E-11,23,0.000012,0.0000087,1.09738693467337E-10,3,1.4949916387726E-05,0.00001215,1.61103015075377E-10,6,1.72191753577226E-05,0.00001245,1.92399497487437E-10,2,1,36219
1.6015617378047E-05,0.00001215,2.27937185929648E-10,5,2.19544984001002E-05,0.0000165,4.43256281407035E-10,4,4.02305853797829E-05,0.00002645,1.43384673366834E-09,8,1.92873015219859E-05,0.0000145,2.47798994974875E-10,5,6.38323528420329E-06,4.86453184784741E-06,4.08928846985177E-11,26,1.06301458127347E-05,0.00000840000000000001,7.11055276381909E-11,1,1.16619037896906E-05,0.00001,7.55376884422111E-11,5,1.74212513901843E-05,0.00001365,1.17766331658291E-10,0,1,36325
2.55147016443461E-05,0.0000196,5.41346733668342E-10,5,3.03067649213835E-05,0.00002325,8.5798743718593E-10,6,4.1545156155682E-05,0.0000294,1.55689447236181E-09,8,1.54272486205415E-05,0.0000118,1.87095477386935E-10,5,5.97273694765598E-06,4.46056172425825E-06,3.58478956873781E-11,33,9.92471662063961E-06,0.00000775,3.86306532663317E-11,0,1.46287388383278E-05,0.0000102,1.50753768844221E-10,3,8.86002257333468E-06,0.00000755000000000001,6.15854271356784E-11,3,1,36429
2.68607520371266E-05,0.00002205,5.9336432160804E-10,8,3.86134691526156E-05,0.0000327,1.31803015075377E-09,7,3.98371685740842E-05,0.0000307,1.42772864321608E-09,7,2.36959912221456E-05,0.00001735,4.54570351758794E-10,6,8.01894577320639E-06,5.76625877450191E-06,6.4597868088766E-11,30,1.16404467268228E-05,0.00000975000000000001,1.08479899497487E-10,6,1.93907194296653E-05,0.0000145,2.23356783919598E-10,1,1.22270192606375E-05,0.00000995,1.07133165829146E-10,3,1,36532
2.05791156272567E-05,0.00001615,2.86871859296482E-10,4,3.81968585095686E-05,0.0000323,1.23106532663317E-09,5,4.35889894354067E-05,0.0000363,1.75995979899497E-09,5,2.80713376952364E-05,0.0000212,5.83557788944724E-10,6,1.43416996135108E-05,1.10826185035086E-05,2.06630533750366E-10,22,2.48394846967484E-05,0.0000192,5.02874371859297E-10,9,1.76776695296637E-05,0.00001265,1.53243718592965E-10,0,1.36381816969859E-05,0.000011,6.53266331658291E-11,0,1,36640
1.75641680702503E-05,0.00001415,1.93907035175879E-10,4,3.70472671056854E-05,0.00003295,1.37867085427136E-09,9,3.88587184554509E-05,0.0000341,1.49723618090452E-09,9,2.29128784747792E-05,0.0000166,4.55025125628141E-10,7,1.6182855458631E-05,1.30672300726618E-05,2.62678705155427E-10,16,2.7258026340878E-05,0.0000224,5.20603015075377E-10,6,1.44395290781937E-05,0.00000985,1.14007537688442E-10,0,1.57955689989313E-05,0.00001375,1.59092964824121E-10,0,0,36744
1.46799182559032E-05,0.00001245,1.87816582914573E-10,6,4.24499705535823E-05,0.0000321,1.65652261306533E-09,14,4.04042077016738E-05,0.00003305,1.63135427135678E-09,10,1.69558249578132E-05,0.00001315,2.5798743718593E-10,8,1.26990250451499E-05,9.77719904977292E-06,1.61085513601806E-10,22,1.74355957741627E-05,0.0000144,2.12904522613065E-10,4,1.14673449411797E-05,0.00000755,7.63793969849246E-11,0,1.91963538204525E-05,0.00001555,2.52037688442211E-10,1,0,36847
1.48323969741913E-05,0.0000107,1.89587939698493E-10,3,3.86264158316559E-05,0.0000277,1.49586934673367E-09,11,3.76430604494374E-05,0.0000308,1.42154773869347E-09,9,1.54596248337403E-05,0.000013,2.35336683417086E-10,8,1.03313017910083E-05,8.15584053271931E-06,1.07105969703868E-10,26,2.28363744933385E-05,0.00001405,4.36258793969849E-10,3,1.113552872566E-05,0.000008,6.03015075376885E-11,0,1.83439363278441E-05,0.00001205,2.40680904522613E-10,2,0,36953
1.59059737205869E-05,0.0000124,1.99236180904523E-10,5,2.16217483104397E-05,0.00001815,3.83856783919598E-10,8,3.48353268967007E-05,0.00003055,1.21495226130653E-09,8,1.97737199332852E-05,0.0000162,3.70763819095477E-10,8,9.18818770508608E-06,7.12723766907753E-06,8.38938098776338E-11,28,2.40624188310319E-05,0.000014,4.73206030150754E-10,2,1.33603892158874E-05,0.00001055,7.17361809045226E-11,1,1.75783958312469E-05,0.0000132,2.56994974874372E-10,7,0,37057
2.0481699148264E-05,0.00001465,3.94952261306533E-10,8,3.73430046996757E-05,0.00002855,1.27656030150754E-09,9,3.73162163140906E-05,0.00003325,1.22037939698492E-09,7,2.60192236625154E-05,0.0000214,5.98994974874372E-10,11,9.57175677938342E-06,6.66938607599185E-06,9.19558417214911E-11,32,1.50332963783729E-05,0.0000104,1.94482412060302E-10,2,1.53297097167559E-05,0.0000115,1.07849246231156E-10,1,1.74212513901843E-05,0.00001315,2.41505025125628E-10,7,0,37163
2.04205778566621E-05,0.0000128,3.71246231155779E-10,4,3.77557942573057E-05,0.00002865,1.32912311557789E-09,8,3.28176781628439E-05,0.0000292,9.79889447236181E-10,5,2.17140507506085E-05,0.00001575,4.11937185929649E-10,7,8.34935903163419E-06,5.61519479391852E-06,7.00383023353261E-11,33,1.22678441463853E-05,0.00000975,1.2355527638191E-10,1,1.4560219778561E-05,0.0000111,9.14572864321609E-11,2,1.47309198626562E-05,0.0000107,1.23527638190955E-10,1,0,37271
1.45086181285469E-05,0.00001045,1.14047738693467E-10,2,2.26605383872493E-05,0.00001675,4.18570351758794E-10,5,3.73296129098602E-05,0.00003045,1.26642964824121E-09,7,1.71464281994823E-05,0.000012,1.57899497487437E-10,1,5.39845782946744E-06,4.15925835621658E-06,2.91733295947985E-11,32,1.20830459735946E-05,0.0000086,7.24020100502512E-11,0,9.48683298050514E-06,0.0000065,4.92864321608041E-11,2,1.47986485869487E-05,0.000013,5.54371859296483E-11,2,0,37379
1.39642400437689E-05,0.0000095,1.23366834170854E-10,3,1.97737199332852E-05,0.0000147,3.27025125628141E-10,6,3.53765459026175E-05,0.00002605,1.13284170854271E-09,10,1.78605710994918E-05,0.0000146,1.50753768844221E-10,7,7.83889613440972E-06,5.64032010252329E-06,6.13571791645423E-11,29,1.51657508881031E-05,0.0000105,1.36592964824121E-10,3,1.27082650271388E-05,0.00000775,1.05022613065327E-10,1,1.45773797371132E-05,0.00001225,1.01706030150754E-10,2,0,37483
1.50996688705415E-05,0.0000113,1.79899497487437E-10,5,2.21246468898376E-05,0.00001825,4.39133165829146E-10,9,4.05709255502016E-05,0.0000296,1.63737688442211E-09,11,0.000123949586526136,0.00005225,1.4322891959799E-08,10,3.99146876290537E-05,1.48860117858861E-05,1.57571295131786E-09,43,3.93890847824623E-05,0.00002495,1.2134648241206E-09,6,2.2248595461287E-05,0.0000175,2.68331658291457E-10,4,1.98997487421324E-05,0.0000143,2.80763819095477E-10,1,0,37592
4.02926792358116E-05,0.00002945,1.44713316582915E-09,7,4.28777331490367E-05,0.00003625,1.52391708542714E-09,10,9.03465549979633E-05,0.00006765,7.86878140703517E-09,12,0.000211050941717871,0.00013525,3.99187914572864E-08,7,0.000123648797406734,7.83925583779674E-05,1.53302573304377E-08,35,7.81664889834512E-05,0.000046,6.02129648241206E-09,7,9.94535067255047E-05,0.0000619,9.70235175879397E-09,6,6.55362495112438E-05,0.0000423,4.11677386934673E-09,6,0,37698
0.000157683226755416,0.0001184,2.48138291457286E-08,10,8.63220713375207E-05,0.00007665,7.22027889447236E-09,10,0.000143227092409223,0.0001143,1.91962211055276E-08,10,0.000298211334459306,0.0002475,8.84843819095478E-08,9,0.000205517187953048,0.000157677666084738,4.24255635341136E-08,16,0.000225623580327944,0.0001648,4.85784020100503E-08,10,0.00027714617081966,0.0002165,7.31434673366834E-08,8,0.000153429136737453,0.00011765,2.29503492462312E-08,10,0,37801
0.000203903163290813,0.00016815,4.1482891959799E-08,15,0.000105503554442493,0.0000946,1.03358693467337E-08,11,0.000174778431163574,0.00014035,2.70768819095477E-08,9,0.000263788741230554,0.00022065,6.99032135678392E-08,11,0.000187342194028735,0.000135471390291906,3.52121637374073E-08,20,0.000269434593176155,0.0002335,6.6782351758794E-08,12,0.000405954430940223,0.0003529,1.60063959798995E-07,11,0.000172859769755718,0.00014735,2.88993944723618E-08,13,0,37905
0.000234183688586545,0.0001887,5.5043256281407E-08,16,0.000145917785070909,0.0001135,2.10246331658291E-08,12,0.000244618069651447,0.0002054,5.915408040201E-08,9,0.000289538425774542,0.00022095,8.35292236180905E-08,12,0.000113312822872945,8.4464737226489E-05,1.28883219156764E-08,22,0.000312641967752252,0.0002034,9.66601407035176E-08,11,0.000444926398407647,0.00036005,1.98452238693467E-07,13,0.000166185137722962,0.00012935,2.73799773869347E-08,10,0,38008
0.000263678781853982,0.00022525,6.8247675879397E-08,14,0.000175224142172247,0.00013655,3.07521984924623E-08,8,0.0003186008474565,0.00026485,1.01922992462312E-07,9,0.00040326852096339,0.00032775,1.63319997487437E-07,11,0.000178720665340014,0.000126727668506315,3.20801538744355E-08,20,0.000417594899394138,0.00028165,1.75108520100503E-07,12,0.000406551349770235,0.0003377,1.61629909547739E-07,12,0.000286631296267522,0.00021135,7.51803391959799E-08,7,0,38111
0.000311340649450084,0.000262,8.63185829145729E-08,11,0.000170888852766937,0.0001369,2.70726030150754E-08,8,0.000259102296400476,0.0001843,6.64293065326633E-08,10,0.000347970544730441,0.00025865,1.20790449748744E-07,10,0.000172385022648018,0.000121167434718436,2.98642469582985E-08,21,0.000372233125876782,0.00029795,1.38929947236181E-07,8,0.000311806831227284,0.00026465,9.68639170854271E-08,7,0.000329255979444565,0.00026415,1.03368640703518E-07,11,0,38215
0.000313151720416797,0.0002603,9.81093366834171E-08,9,0.00013945787894558,0.00011165,1.86386909547739E-08,12,0.00023754999473795,0.0001844,5.61053668341708E-08,10,0.000247740791958046,0.00019625,6.16674346733669E-08,12,0.000107973072299245,8.39728853891168E-05,1.17112321827039E-08,22,0.000233800128314764,0.00020655,5.13611834170854E-08,6,0.000301399236893526,0.00024215,8.55158567839196E-08,8,0.000243533365270552,0.00019395,5.87110326633166E-08,7,0,38318
0.00025332094267944,0.00020005,6.23068115577889E-08,11,0.000114725759966975,0.0000921,1.26871959798995E-08,14,0.000243370088548285,0.0001946,5.94220703517588E-08,13,0.000202414179345223,0.00018235,4.04635954773869E-08,13,0.000109807455787566,8.71412478024719E-05,1.21175152747315E-08,29,0.000194815297140651,0.0001472,3.73557788944724E-08,13,0.000330727984906025,0.0002807,1.06834924623116E-07,15,0.000174928556845359,0.0001367,2.81396984924623E-08,6,0,38421
0.000202470985575712,0.00015635,4.09728618090452E-08,13,0.00011202678251204,0.0000929,1.23226130653266E-08,14,0.000188935174067721,0.00016405,3.4634148241206E-08,16,0.000133165310798271,0.0001183,1.78188542713568E-08,14,7.45931652640957E-05,5.53096594279806E-05,5.58387325381374E-09,41,0.000222061928299292,0.00016455,3.91542085427136E-08,12,0.000300626013511805,0.0002569,8.76218592964824E-08,11,0.000188986772023864,0.0001356,3.4534432160804E-08,12,2,38525
0.000180954414148978,0.00015515,2.97965603015076E-08,8,8.56708818677618E-05,0.00007485,6.6080175879397E-09,12,0.000217932328946396,0.00020165,4.74093442211055E-08,14,9.78468190591805E-05,0.0000789,9.29648241206031E-09,10,4.94712191761089E-05,3.62434874768943E-05,2.45743595492703E-09,36,0.000199679743589579,0.0001569,3.8196743718593E-08,13,0.000283175740486363,0.00024865,7.97665100502513E-08,7,0.000174937131564457,0.0001295,2.86761306532663E-08,10,2,38627
0.000215281211442151,0.0001824,4.2539135678392E-08,8,7.83645327938603E-05,0.0000659,4.49885427135679E-09,9,0.000209120778498933,0.00018725,3.73816859296482E-08,16,0.000111164292828228,0.00009235,1.17480175879397E-08,12,0.000103301480113094,6.92888185648087E-05,1.07247161187737E-08,26,0.000315131718492442,0.0002114,9.03117185929648E-08,16,0.000281702857635488,0.00024085,7.41246005025126E-08,9,0.000148042223706617,0.00012445,2.13074748743719E-08,9,2,38731
0.000196508269546093,0.00015885,3.86410025125628E-08,12,7.09542105868285E-05,0.00005635,5.05471105527638E-09,11,0.00019797348307286,0.00016245,3.90702286432161E-08,17,0.000116769002736171,0.0001035,1.36165929648241E-08,11,0.000113173588959522,8.1114769692986E-05,1.28697224100841E-08,30,0.00034882373772437,0.0002635,1.22022422110553E-07,16,0.000263178646550209,0.0002084,6.81901909547738E-08,10,0.000125686116973992,0.0001049,1.46097989949749E-08,14,2,38833
0.000230950211084554,0.000186,5.27373266331659E-08,15,7.47362027400376E-05,0.00005455,5.3481783919598E-09,14,0.000171757095923283,0.00013205,2.73283391959799E-08,15,0.000117386115022178,0.00010285,1.2777364321608E-08,9,7.22482313279933E-05,5.22398303435697E-05,5.24026334527292E-09,32,0.000186727073559246,0.0001392,3.14241206030151E-08,13,0.000211086475170722,0.00016475,4.45744497487437E-08,11,0.000179888854574151,0.0001301,3.21165728643216E-08,15,2,38939
0.000229326186904156,0.00018185,5.24784698492463E-08,17,7.17600167224061E-05,0.00005355,5.15173618090452E-09,12,0.000169553826261751,0.00013625,2.81951532663317E-08,15,0.000125644339307428,0.00011065,1.55872135678392E-08,13,8.93307609100613E-05,5.91286073611419E-05,8.01986652665946E-09,27,0.000121288911282112,0.0000901,1.34533065326633E-08,12,0.000195234474414741,0.00015455,3.8285364321608E-08,11,0.000199005025062183,0.000146,3.8556743718593E-08,13,2,39042
0.000162740591125877,0.00013235,2.14436557788945E-08,14,6.95521387162178E-05,0.00005385,4.32783668341709E-09,12,0.0001795842420704,0.00013885,2.66456658291457E-08,14,0.000123448369774574,0.00010575,1.48707512562814E-08,12,9.66125464725459E-05,6.37137250823464E-05,9.37200930830398E-09,39,0.000179093550972669,0.00015395,2.86836155778895E-08,13,0.000250935250612583,0.00021605,6.12632939698492E-08,11,0.000124084648526721,0.0000922999999999999,1.51665829145729E-08,9,2,39145
0.000141587428820499,0.0001154,2.01472462311558E-08,8,7.229799443968E-05,0.0000554,3.66925628140704E-09,11,0.000149771492614583,0.00010815,2.03664296482412E-08,11,0.000159287475967196,0.00013015,1.89790929648241E-08,10,8.61547625276267E-05,5.94348656234951E-05,7.45248759585236E-09,48,0.00021484645680113,0.0001954,4.31026733668342E-08,11,0.00024644674881199,0.0002132,6.08470251256281E-08,9,0.000101933802048192,0.0000816500000000001,9.15103266331658E-09,8,2,39249
0.000165381377428053,0.0001288,2.73461206030151E-08,7,6.09097693313643E-05,0.0000454,3.59803015075377E-09,6,0.000119088202606304,0.0000944,1.28248341708543E-08,7,0.000143118831744813,0.000113,2.04212663316583E-08,11,8.66035253697917E-05,6.22978760291906E-05,7.53377985309956E-09,30,0.000189860475086312,0.000151,3.5916824120603E-08,12,0.000195813686957781,0.0001618,3.85240603015076E-08,10,0.000112438872281787,0.00007925,1.19152738693467E-08,10,2,39352
0.000198315405352181,0.0001696,3.92661206030151E-08,10,7.47428926386984E-05,0.00006065,5.57899246231156E-09,8,0.000111344061359374,0.00009415,1.14530427135678E-08,7,9.03825204339866E-05,0.0000774,8.18969849246231E-09,16,7.85683416819125E-05,6.20768120475382E-05,6.16281947879026E-09,19,0.000135830777072061,0.0000921,1.84381507537688E-08,9,0.000162651467869183,0.00012815,2.5395675879397E-08,14,0.000111494394477929,0.0000834,1.2318351758794E-08,10,2,39455
0.000161644672043343,0.0001349,2.57913969849246E-08,11,8.23103881657717E-05,0.000071,6.75979899497487E-09,11,9.07496556467296E-05,0.00007125,8.20168592964825E-09,9,9.15559937961464E-05,0.00007615,7.45567587939698E-09,15,0.000103604976985566,7.74906708618742E-05,1.07879305251312E-08,26,0.000140153487291612,0.0001039,1.92552763819095E-08,8,0.000141615677098265,0.0001139,1.30980502512563E-08,12,0.000122460197615388,0.00009785,1.44661281407035E-08,10,2,39559
0.000141474379305937,0.0001136,1.99185929648241E-08,11,7.01961537407855E-05,0.00005775,4.8507512562814E-09,7,9.58749185136551E-05,0.0000728,9.19572864321608E-09,9,0.000100037492971386,0.00007455,1.00547110552764E-08,9,0.000155491998457324,0.000116546864986069,2.42842050195902E-08,22,0.000156516772264189,0.00012085,2.44136457286432E-08,12,0.000166482731837269,0.00014025,2.73715552763819E-08,11,0.00015364895053335,0.0001308,2.34327537688442E-08,9,2,39663
0.000205076814876768,0.00016095,4.21601783919598E-08,11,8.34985029805924E-05,0.0000674,7.00533668341709E-09,11,0.000155066114931664,0.00012505,2.41436557788945E-08,8,0.000106181448473827,0.0000823500000000001,1.07546708542714E-08,7,0.000161739699149652,0.000124006495962821,2.6284998046893E-08,23,0.000163766602211806,0.00013425,2.39636155778895E-08,13,0.000200103723103794,0.00017425,3.31765603015075E-08,15,0.000137007299075633,0.0001216,1.84552361809045E-08,9,2,39767
0.000198874332179897,0.0001548,3.97461206030151E-08,9,9.09257939200973E-05,0.00007605,8.30793718592965E-09,14,0.00014847558721891,0.0001212,2.21036783919598E-08,11,0.000132317799256185,0.0001038,1.67739095477387E-08,8,0.000120658155230847,8.31901408269674E-05,1.46222980768634E-08,35,0.000156012819986051,0.0001411,2.38441809045226E-08,12,0.000189749835309546,0.0001663,3.51308944723618E-08,12,0.000101749692874229,0.0000882,9.70456281407035E-09,10,2,39870
0.000120702112657567,0.0001034,1.34804020100502E-08,7,9.47100839404126E-05,0.0000768,8.65607035175879E-09,13,0.000135631854665488,0.0001075,1.74399095477387E-08,13,0.000176667767292169,0.00014405,3.1286027638191E-08,14,0.000123332772667157,7.7184421714537E-05,1.52178001320022E-08,32,0.000179387847971929,0.0001472,3.22992462311558E-08,11,0.000184711937892492,0.00016405,3.4270932160804E-08,12,0.000107042047812997,0.0000877000000000001,1.14969949748744E-08,14,2,39974
0.000124849909891838,0.00010225,1.56359773869347E-08,7,8.53053339481184E-05,0.0000658,7.31235175879397E-09,10,0.000169242429668213,0.0001426,2.87861206030151E-08,13,0.0001768940360781,0.00015225,3.09863291457287E-08,16,0.000140281141811971,0.000101646747485107,1.97776427618633E-08,19,0.000189698444906647,0.00015335,2.94167814070352E-08,10,0.00017374694241914,0.0001462,2.65877286432161E-08,10,0.000132700791256119,0.00010565,1.76979874371859E-08,13,2,40084
0.000189463716843094,0.00014355,3.56273140703518E-08,9,8.41130192063036E-05,0.0000641,7.10476381909548E-09,10,0.000169462385206865,0.00013285,2.84737462311558E-08,12,0.00017909075911392,0.00015195,3.20189723618091E-08,13,0.000115647859920051,9.12659924873188E-05,1.3372875894058E-08,16,0.000171187032219149,0.0001462,2.81279497487437E-08,9,0.000151105923113556,0.0001108,2.21710150753769E-08,7,0.000140742672988685,0.00011365,1.98843994974874E-08,9,2,40190
0.000281135198792325,0.0002076,7.83463216080402E-08,7,0.000151388572884482,0.00012025,2.30334648241206E-08,8,0.000216808671413299,0.0001482,4.70279798994975E-08,10,0.000209253434858308,0.0001701,4.39808944723618E-08,11,8.19171555941521E-05,6.55682572843367E-05,6.73759535659103E-09,20,0.000205703670361032,0.0001549,4.03441608040201E-08,8,0.000163955786723129,0.00012695,2.66963592964824E-08,9,0.000134095115496427,0.00011295,1.8065324120603E-08,9,0,40294
0.000257255709363271,0.00018815,6.58414849246231E-08,10,0.000140778194334208,0.00010995,1.83220879396985E-08,8,0.000217381001929791,0.00015355,4.41979271356784E-08,11,0.000183418919416728,0.00013715,0.0000000320005,10,8.11133430713632E-05,6.25579695631978E-05,6.60895727157438E-09,25,0.000177831380807775,0.0001118,3.1556783919598E-08,11,0.000170220445305492,0.0001371,2.90118994974875E-08,11,0.000121045446010992,0.0000986,1.4435175879397E-08,9,0,40397
0.000163569557069768,0.0001294,2.64588040201005E-08,11,9.50946896519464E-05,0.0000758,9.08357788944723E-09,10,0.00015355617864482,0.00011555,2.36480376884422E-08,11,0.000128378347083922,0.0000953,1.57982311557789E-08,10,6.57281414648332E-05,4.25045222969043E-05,4.3337080152246E-09,37,0.00010118053172424,0.00007715,1.02888216080402E-08,12,0.000167101765400609,0.0001219,2.8062824120603E-08,13,7.90822356790702E-05,0.0000604,6.17036180904522E-09,10,0,40500
0.000170002941151028,0.0001198,2.85553668341709E-08,11,8.66429454716309E-05,0.0000605,6.79019095477387E-09,9,0.000136948895577876,0.0001185,1.67594371859296E-08,10,0.000109448618081728,0.0000823,1.16085527638191E-08,12,5.51265770507073E-05,3.37020629590394E-05,3.05402998465298E-09,39,0.000129394744870107,0.0001104,1.41095477386935E-08,13,0.000150402792527267,0.000114,2.25700100502512E-08,12,6.68580586017871E-05,0.0000515,4.04501507537688E-09,10,0,40602
0.00014609757013722,0.00010495,2.11797964824121E-08,12,5.04281667324919E-05,0.0000408,2.55561809045226E-09,12,0.000126301227230776,0.0001074,1.57518693467337E-08,8,0.000103906207706758,0.00007695,1.08358567839196E-08,11,6.07187680890343E-05,3.80100900348832E-05,3.69942714348169E-09,37,0.000117679649897508,0.00009625,1.21913542713568E-08,12,0.000109462322284885,0.0000848,1.14824522613065E-08,9,5.95692873887207E-05,0.00004575,3.54269095477387E-09,11,0,40706
0.000110274657106699,0.00008405,1.06256055276382E-08,11,8.49176071259665E-05,0.0000672,6.96357788944724E-09,14,0.000140532914294125,0.00010475,1.9618067839196E-08,10,0.000117720006795786,0.0000936,1.35609949748744E-08,7,9.7890565363798E-05,6.44694910377548E-05,9.62542045375875E-09,30,0.000228348417993206,0.0001586,5.20610552763819E-08,11,0.000154757875405422,0.0001121,2.37660703517588E-08,9,6.14084684713762E-05,0.0000501,3.63291457286432E-09,11,0,40809
0.000110826440888445,0.00007895,1.1387716080402E-08,8,7.9573865056311E-05,0.0000567000000000001,6.05953768844221E-09,10,0.00015864740779477,0.0001156,2.524191959799E-08,11,0.000159029871407858,0.00011215,2.49065301507538E-08,9,0.000117975407495122,9.20676640058456E-05,1.39864761051172E-08,18,0.00023225740031267,0.00016375,5.41069120603015E-08,12,0.000155359261069304,0.00011455,2.3833364321608E-08,12,7.42529460694995E-05,0.00005975,4.90043969849246E-09,6,0,40916
9.66902270139025E-05,0.0000652,8.60240201005025E-09,5,3.46193587462275E-05,0.00002745,1.17356532663317E-09,7,0.000116687617166519,0.0000727000000000001,1.34930251256281E-08,9,0.000137680790235966,0.0000792,1.88221005025126E-08,14,8.44304390311698E-05,0.0000601209047710999,7.15709452129321E-09,38,8.01716907642591E-05,0.0000613500000000001,6.45163567839196E-09,12,6.41521628629932E-05,0.00004725,0.0000000041205,14,9.73473163471906E-05,0.00006615,9.06600753768844E-09,5,0,41020
6.14166101311364E-05,0.0000442,2.64277386934673E-09,7,2.44948974278318E-05,0.0000197,4.83608040201005E-10,2,4.10060971076253E-05,0.00002965,1.5488216080402E-09,5,0.000111552678139075,0.0000762,1.24666432160804E-08,9,9.74277728199771E-05,6.23999162926049E-05,9.52438537763168E-09,46,9.87952428004506E-05,0.00007415,9.80399748743719E-09,8,5.16333225737023E-05,0.000039,2.46222110552764E-09,8,0.000156832713424209,0.00010345,2.33921381909548E-08,8,0,41127
5.1966335256587E-05,0.00003725,2.60220854271357E-09,15,2.37802439011882E-05,0.00002005,3.72761306532663E-10,8,4.36405774480586E-05,0.00003685,1.78460050251256E-09,5,0.000144634020894117,0.0001193,2.04009949748744E-08,6,0.000161486448521927,0.000117821320774925,2.62084216447873E-08,30,0.000118859160353757,0.0000936499999999999,1.38451633165829E-08,5,5.42217668469038E-05,0.0000452,2.95034170854271E-09,9,0.000153792067415716,0.0001088,2.37696381909548E-08,13,0,41230
2.85482048472404E-05,0.0000215,8.15467336683416E-10,13,2.17485631709315E-05,0.0000183,3.25788944723618E-10,8,3.51567916624939E-05,0.0000287,8.36170854271357E-10,3,0.000102635276586562,0.0000782,9.53840201005026E-09,9,0.000137921044934112,8.55162265025155E-05,1.9116558660452E-08,31,8.19390017024859E-05,0.0000594,4.81084422110553E-09,6,7.61905505952018E-05,0.0000656,5.65370854271357E-09,11,0.000114175303809537,0.0000807,1.29798994974874E-08,13,0,41341
1.77763888346312E-05,0.0000143,2.02522613065327E-10,3,2.11541958013062E-05,0.00001795,3.01384422110553E-10,6,2.25055548698538E-05,0.00001785,3.6552512562814E-10,6,2.76043474836845E-05,0.0000192,6.44221105527638E-10,7,2.64722630133153E-05,1.48685304639622E-05,7.03473679446118E-10,39,2.73130005674953E-05,0.0000197,6.99085427135678E-10,8,6.19758017293847E-05,0.0000448,3.25210050251256E-09,7,8.70574522944474E-05,0.0000491,7.04779899497488E-09,7,0,41446
1.9131126469709E-05,0.000016,2.13306532663317E-10,6,2.259424705539E-05,0.00001945,4.54248743718593E-10,11,2.86269104165993E-05,0.00002315,7.86831658291458E-10,11,1.45086181285469E-05,0.00001115,2.11494974874372E-10,8,1.06691392001848E-05,6.78312088785941E-06,1.14012156510303E-10,35,1.14673449411797E-05,0.00000915000000000001,1.32158291457286E-10,7,1.46628782986152E-05,0.0000125,2.04462311557789E-10,6,2.51396101799531E-05,0.0000188,4.43778894472362E-10,6,0,41550
2.29128784747792E-05,0.0000197,2.95437185929648E-10,11,2.88010416478293E-05,0.00002455,5.2058040201005E-10,9,3.06512642479882E-05,0.00002485,7.62409547738693E-10,7,2.60480325552622E-05,0.00002255,4.91896984924623E-10,10,9.2106968945139E-06,6.22070392651914E-06,8.5256088757196E-11,30,1.36565002837477E-05,0.00000995,1.40278894472362E-10,2,1.18110118110177E-05,0.00000885000000000001,1.03414572864322E-10,3,1.40534693225552E-05,0.00001225,1.08741206030151E-10,3,0,41653
1.95064092031312E-05,0.00001575,2.72660804020101E-10,7,2.69629375254255E-05,0.0000219,5.07527638190954E-10,10,2.73130005674953E-05,0.0000229,5.44231155778895E-10,9,2.50199920063936E-05,0.0000213,3.4548743718593E-10,8,9.07917841152218E-06,6.48608279936185E-06,8.28384178232393E-11,33,1.68819430161341E-05,0.0000128,1.67025125628141E-10,2,1.18953772533703E-05,0.00000845000000000001,7.70829145728643E-11,1,1.40356688476182E-05,0.000011,7.63819095477387E-11,0,0,41756
1.57797338380595E-05,0.0000127,2.27095477386935E-10,3,0.000019,0.000016,3.37688442211056E-10,9,2.39895810717903E-05,0.00001925,5.42811557788945E-10,10,1.46628782986152E-05,0.0000114,1.90954773869347E-10,5,8.09055591109727E-06,6.04972461378673E-06,6.57811807785651E-11,28,1.45258390463339E-05,0.0000116,1.54010050251256E-10,3,1.28646803302686E-05,0.00000995000000000001,7.46708542713568E-11,1,1.3729530217746E-05,0.00001065,9.19371859296483E-11,1,0,41868
2.06760731281353E-05,0.00001735,3.81103015075377E-10,4,2.65329983228432E-05,0.0000226,6.20613065326633E-10,4,2.65518360947035E-05,0.0000218,6.37628140703518E-10,5,2.13658606192215E-05,0.00001435,3.07977386934674E-10,1,5.86746753911524E-06,4.42781263023778E-06,3.45544299756891E-11,25,1.4422205101856E-05,0.0000107,1.3643216080402E-10,2,1.15325625946708E-05,0.0000086,5.93366834170854E-11,0,9.64365076099296E-06,0.0000075,7.31155778894472E-11,2,0,41988
1.85876302954411E-05,0.00001575,3.17384422110553E-10,6,2.55636460623284E-05,0.00001985,5.72640703517588E-10,7,2.80446073247603E-05,0.00002395,6.60982412060302E-10,6,2.3259406699226E-05,0.0000169,3.2948743718593E-10,2,5.92626726554408E-06,4.53560368866598E-06,3.52912633576739E-11,32,1.59373774505092E-05,0.000012,1.2694472361809E-10,4,1.1916375287813E-05,0.00000900000000000001,9.48643216080402E-11,2,1.1247221879202E-05,0.00000935,1.22912060301508E-10,4,0,42092
1.48323969741913E-05,0.0000121,1.58381909547739E-10,4,2.10475651798492E-05,0.0000166,3.8408040201005E-10,8,3.07001628660175E-05,0.00002315,7.13505025125629E-10,7,1.77763888346312E-05,0.0000125,2.5486432160804E-10,4,9.44699668516592E-06,7.68800217423195E-06,8.96563906186813E-11,26,1.22474487139159E-05,0.00000940000000000001,9.11658291457286E-11,4,1.12249721603218E-05,0.0000082,9.94572864321609E-11,4,1.31529464379659E-05,0.0000122,1.23206030150754E-10,3,0,42195
1.74068951855292E-05,0.0000142,2.09959798994975E-10,3,2.75136329843952E-05,0.0000214,7.2340703517588E-10,4,2.61916017074176E-05,0.0000165,6.73366834170855E-10,5,1.28452325786651E-05,0.00000860000000000001,1.5678391959799E-10,5,9.48446108543168E-06,7.53735045390732E-06,9.03722663488242E-11,21,1.24298028946561E-05,0.00000995000000000001,8.35150753768844E-11,3,9.59166304662544E-06,0.00000680000000000001,5.86532663316583E-11,3,1.23490890352285E-05,0.00001085,3.49522613065327E-11,0,0,42297
1.93649167310371E-05,0.0000161,2.78381909547739E-10,7,3.23728281124773E-05,0.0000234,9.8894472361809E-10,6,2.259424705539E-05,0.00001615,5.11736180904523E-10,7,1.96596032513375E-05,0.00001235,3.35615577889447E-10,7,9.28117782294034E-06,6.39598659993642E-06,8.64636010468555E-11,25,1.32853302555864E-05,0.00001135,9.32437185929648E-11,3,1.24899959967968E-05,0.0000102,9.08442211055277E-11,2,1.18321595661992E-05,0.0000093,7.95577889447236E-11,3,0,42400
1.68374582404827E-05,0.00001285,1.77263819095477E-10,5,3.01662062579967E-05,0.0000226,8.79587939698493E-10,8,2.33023603954621E-05,0.0000178,4.78150753768844E-10,10,2.3632604596193E-05,0.00001795,3.79494974874372E-10,7,1.01495097800907E-05,7.32711610860559E-06,1.03207137659493E-10,22,1.38202749610852E-05,0.0000109,1.19346733668342E-10,2,1.38021737418423E-05,0.00001155,1.10952261306533E-10,2,1.07470926301023E-05,0.00000845000000000001,6.75351758793969E-11,3,0,42504
1.52479506819769E-05,0.00001215,1.06469849246231E-10,4,2.48294180358703E-05,0.00002115,5.62309045226131E-10,9,2.20340645365307E-05,0.00001505,4.00077889447236E-10,9,1.75356779167502E-05,0.00001355,2.30329145728643E-10,6,9.97593404605753E-06,7.87887413903408E-06,9.9714856594478E-11,21,1.27867118525444E-05,0.00000915000000000001,9.08517587939699E-11,1,1.51986841535707E-05,0.0000118,1.08331658291457E-10,2,9.32737905308882E-06,0.00000800000000000001,2.4713567839196E-11,2,0,42608
1.88414436814168E-05,0.0000173,1.86934673366834E-10,9,2.53673017879316E-05,0.00002115,3.87836683417085E-10,10,3.16859590355097E-05,0.000025,5.27025125628141E-10,7,2.0161845153656E-05,0.00001505,2.39997487437186E-10,5,8.91981803619131E-06,6.59514851547545E-06,7.97454901266519E-11,27,1.29614813968157E-05,0.0000102,6.42814070351759E-11,0,1.68077363139716E-05,0.00001375,9.93944723618089E-11,2,1.65529453572469E-05,0.0000125,1.25788944723618E-10,3,0,42712
1.74785582929485E-05,0.00001505,1.72962311557789E-10,5,3.50356960827097E-05,0.00002595,6.76278894472362E-10,7,2.68607520371266E-05,0.00001895,4.36379396984925E-10,5,2.30759615184287E-05,0.00001965,2.14952261306532E-10,6,6.98343058046576E-06,5.16457031032827E-06,4.89588965092411E-11,31,0.000013,0.0000116,1.0227135678392E-10,4,1.42828568570857E-05,0.0000117,6.97889447236181E-11,1,1.76776695296637E-05,0.00001455,1.15675879396985E-10,2,0,42815
1.59373774505092E-05,0.0000122,2.31145728643216E-10,3,3.20936130717624E-05,0.0000235,8.7051256281407E-10,8,0.000012,0.0000062,1.43507537688442E-10,4,1.90918830920368E-05,0.00001475,3.24520100502512E-10,7,6.1480676581529E-06,4.48687197449901E-06,3.79871321572997E-11,33,1.05356537528527E-05,0.0000087,8.33266331658291E-11,4,1.39283882771841E-05,0.000012,1.15366834170854E-10,6,1.46969384566991E-05,0.0000126,1.51145728643216E-10,3,0,42918
1.79443584449264E-05,0.0000132,3.04160804020101E-10,5,2.49599679486974E-05,0.0000217,5.23608040201005E-10,12,2.56222559506379E-05,0.00001695,5.43655778894472E-10,4,1.99749843554382E-05,0.0000141,3.47447236180905E-10,6,5.38998486440361E-06,4.03179343948884E-06,2.91558657122003E-11,30,1.47309198626562E-05,0.0000114,1.03025125628141E-10,3,1.40356688476182E-05,0.0000129,1.41457286432161E-10,7,1.49666295470958E-05,0.000011,1.90140703517588E-10,3,0,43020
1.80416185526687E-05,0.00001405,1.86007537688442E-10,3,3.81313519298752E-05,0.0000326,1.1535175879397E-09,14,4.3629118716747E-05,0.00003625,1.35567587939698E-09,9,2.79195272166274E-05,0.00002285,5.6771608040201E-10,11,9.85823874904539E-06,7.31193459316799E-06,9.75464019841213E-11,26,1.45086181285469E-05,0.00001115,1.08017587939698E-10,3,1.24298028946561E-05,0.00001125,8.35150753768844E-11,4,1.29421791055448E-05,0.00000875000000000001,1.16962311557789E-10,3,0,43124
0.000016,0.0000135,9.51859296482413E-11,5,3.47706773014274E-05,0.0000273,1.06792964824121E-09,11,4.02740611312045E-05,0.0000317,1.20778894472362E-09,9,2.56904651573303E-05,0.0000211,5.37246231155779E-10,10,1.02770600323975E-05,7.68412319038411E-06,1.06028874850183E-10,24,1.16619037896906E-05,0.00000890000000000001,7.23618090452262E-11,1,1.27671453348037E-05,0.0000116,4.2211055276382E-11,4,1.21860576069539E-05,0.00000855,1.16017587939699E-10,3,0,43227
1.73060682998768E-05,0.00001355,1.50188442211055E-10,7,2.01494416796099E-05,0.0000126,3.03477386934673E-10,5,2.8644371174805E-05,0.00002175,4.97183417085427E-10,5,1.91702895126808E-05,0.00001615,1.79334170854271E-10,8,7.65833104869196E-06,5.33800497951204E-06,5.86230242473556E-11,35,1.33790881602597E-05,0.0000113,9.48341708542713E-11,2,1.32853302555864E-05,0.00001205,3.38668341708543E-11,2,1.61245154965971E-05,0.0000126,1.50502512562814E-10,1,0,43329
0.000019,0.0000138,2.00713567839196E-10,3,2.63533679062089E-05,0.00001725,4.19374371859296E-10,1,3.41027858099599E-05,0.0000293,1.02890452261307E-09,6,2.05060966544099E-05,0.00001655,1.88881909547739E-10,6,9.45629452295243E-06,6.39041130812662E-06,8.98200567103448E-11,31,1.21449578014911E-05,0.00000995000000000001,7.64798994974874E-11,1,1.14673449411797E-05,0.00000955000000000001,9.03492462311558E-11,3,1.64924225024706E-05,0.000013,1.31045226130653E-10,1,0,43431
2.12249852767911E-05,0.00001645,3.01947236180905E-10,4,3.29924233726472E-05,0.00002585,7.73746231155779E-10,4,3.32791225845875E-05,0.00003145,1.09738442211055E-09,7,6.91303117308175E-05,0.000049,4.721608040201E-09,5,7.73604489897619E-05,3.87095491806022E-05,6.01179449998098E-09,26,4.72493386197098E-05,0.00003065,2.20932412060302E-09,4,2.55342906696074E-05,0.0000188,5.82663316582915E-10,6,4.3318587234581E-05,0.00002175,1.65219849246231E-09,5,0,43533
8.57088093488645E-05,0.0000543,0.000000006578,9,4.2807709586008E-05,0.00003215,1.74419849246231E-09,6,3.943982758583E-05,0.00003505,1.56301256281407E-09,7,8.99916662808285E-05,0.00007325,8.01647989949748E-09,9,0.000116617830841697,8.62448415280522E-05,1.36638437748389E-08,27,0.000111182282761239,0.00008275,1.11889422110553E-08,11,9.07276143189051E-05,0.00005875,7.90043969849246E-09,3,0.000188186078124818,0.0001324,3.50649145728643E-08,10,0,43635
0.000225309786738171,0.00017825,5.05353743718593E-08,11,0.000345129685770436,0.00023135,1.19340640703518E-07,6,9.50526170076343E-05,0.0000663,9.00433165829145E-09,8,9.41833318586681E-05,0.00007465,8.86512311557789E-09,9,0.000129889608253286,9.50913558308348E-05,1.69423490586557E-08,19,0.00013955464879394,0.00011285,1.92708316582915E-08,14,0.000150804509216402,0.0001214,2.26391055276382E-08,8,0.000365961746634809,0.0003325,1.3204808040201E-07,12,0,43738
0.000303557243366058,0.0002721,8.90520100502513E-08,9,0.000497431402305886,0.0004408,2.48676542713568E-07,9,0.000114997826066409,0.0000868499999999999,1.32174849246231E-08,10,9.92093745570448E-05,0.00007385,9.73113316582915E-09,8,0.00012038446437363,8.62919244533378E-05,1.45638669202428E-08,20,0.00014388884598884,0.0001098,2.04640703517588E-08,11,0.000209859476793401,0.000171,4.36930251256282E-08,12,0.000379504940679301,0.0003555,1.44004180904523E-07,8,0,43840
0.000316897459756307,0.0002767,9.78773768844222E-08,6,0.000462729402566986,0.00039965,2.1484490201005E-07,10,8.70890349010712E-05,0.00006545,7.40691206030152E-09,8,9.72445371216296E-05,0.00006385,8.88837939698492E-09,10,0.00015549808026336,0.000116435999765217,2.42705473925655E-08,17,0.00014641038214553,0.0001017,2.13145628140704E-08,10,0.000190912283523088,0.00014805,3.66235954773869E-08,10,0.000325526496617403,0.00028635,1.04855575376884E-07,11,0,43942
0.000352330810460851,0.0002938,1.20971899497487E-07,7,0.000438329784523023,0.0003745,1.8736959798995E-07,9,8.04052237109008E-05,0.0000687,6.46818090452261E-09,7,0.000113989034560347,0.00009205,1.30522587939699E-08,13,0.000214254376453909,0.000158600721017494,4.61332290467693E-08,18,0.000199826174461706,0.00016045,3.91808417085427E-08,9,0.000112529996001066,0.0000943,1.24789045226131E-08,11,0.000305774426661224,0.0002593,8.93206030150754E-08,13,0,44045
0.000281179657870195,0.0002085,7.82069447236181E-08,6,0.000348676067432223,0.0002788,1.15689286432161E-07,8,8.50411665018772E-05,0.0000771,7.10878391959799E-09,11,0.000127192767089957,0.0001102,1.62424020100502E-08,12,0.000187526519329319,0.000134389653678947,3.5265751990983E-08,23,0.000226630756959421,0.00018405,5.15056055276382E-08,8,0.000114124931544339,0.00009285,1.23160175879397E-08,10,0.000194577747956954,0.00016015,3.77011834170854E-08,11,0,44148
0.000174951421829032,0.0001418,3.07449145728643E-08,8,0.000237626808251931,0.00018885,5.53407010050251E-08,10,7.2728948844322E-05,0.00006025,5.29706281407035E-09,11,9.57131129992124E-05,0.0000665,9.20702512562814E-09,9,0.000135360516458867,0.000107508875464844,1.84141849173423E-08,22,0.000166293415383773,0.00012265,2.75525603015076E-08,9,9.63716763369819E-05,0.0000760500000000001,9.20470100502512E-09,7,0.000215711613039261,0.00017855,4.39155150753769E-08,11,0,44251
0.000226793959355182,0.00018885,5.03950728643216E-08,12,0.000278281332467703,0.00021725,7.75510326633166E-08,12,6.0700082372267E-05,0.00005125,3.7025904522613E-09,8,8.00031249389672E-05,0.00005565,5.13376633165829E-09,10,0.000147351526321174,0.000116736064376439,2.18119316681885E-08,27,9.72111104761179E-05,0.000085,6.75895477386935E-09,11,7.31471120414197E-05,0.00005195,4.81999748743719E-09,7,0.000240655355228177,0.0002008,5.7307527638191E-08,6,0,44353
0.00022155811878602,0.0001887,4.92984924623115E-08,12,0.000302341694114457,0.00024195,8.98301482412061E-08,14,7.12214855222776E-05,0.00006115,5.09243969849246E-09,9,9.1825922265992E-05,0.0000732,8.47428140703518E-09,10,0.000132296439932542,0.000100445031820122,1.75802549071331E-08,38,9.7355020414974E-05,0.0000775,9.22134673366834E-09,9,0.000137691684571001,0.0000919000000000001,1.74462311557789E-08,10,0.000208112950101621,0.0001582,3.47612462311558E-08,6,3,44457
0.000194928191906661,0.0001633,3.81010150753769E-08,11,0.00032315244080774,0.00026575,1.03324057788945E-07,13,0.000109004587059444,0.0000912,1.19343819095477E-08,10,9.44219254198939E-05,0.00008235,7.6323391959799E-09,9,0.000141701615502484,0.000113843965789488,2.01752641207471E-08,30,0.00010082658379614,0.0000789,9.33652261306533E-09,5,0.000131818056426273,0.0000907,0.000000015682,10,0.000168712773671705,0.0001224,2.68510150753769E-08,9,3,44559
0.000158020568281474,0.00012815,2.50802989949749E-08,10,0.000253312060510352,0.0002066,6.21156180904522E-08,12,0.000113564959384486,0.0000934999999999999,1.21397386934673E-08,7,8.99777750336159E-05,0.0000794000000000001,7.45728643216081E-09,9,0.000150085186738475,0.000123310824373692,2.26308941792146E-08,19,0.000124464854477077,0.00008365,1.53681180904523E-08,7,7.40810367098085E-05,0.000062,5.19355778894473E-09,10,0.000144799861878387,0.0001188,2.10546331658291E-08,8,3,44662
0.000219762371665397,0.00016745,4.36065301507538E-08,7,0.000228741120046222,0.00018155,5.07228115577889E-08,13,0.000106964947529553,0.0000893500000000001,1.01563793969849E-08,11,7.08978137885789E-05,0.00006445,4.42110301507538E-09,11,0.000115044758233551,8.86680799215123E-05,1.32787691301031E-08,20,0.000128321860959074,0.00008435,1.62071331658291E-08,12,6.47417948469147E-05,0.00005405,3.50411809045226E-09,12,0.000172326724567027,0.00013535,0.0000000291845,11,3,44764
0.000235221172516421,0.0001936,5.07804120603015E-08,7,0.000270928957477786,0.00021985,6.78973844221106E-08,9,0.000115507575509141,0.0001015,1.2948783919598E-08,14,7.06045324324154E-05,0.0000609,4.40184924623116E-09,11,7.75834263066946E-05,5.3589415743594E-05,6.04768519934767E-09,33,8.81476034841561E-05,0.0000617,7.80325628140703E-09,10,5.02344503304256E-05,0.00004135,2.52351507537688E-09,11,0.000152766161174522,0.00011765,2.31694246231156E-08,10,3,44870
0.000202361063448481,0.0001718,3.77398090452261E-08,11,0.000251810444580839,0.00022105,6.09728417085428E-08,10,9.26687649642532E-05,0.0000819500000000001,8.63008793969849E-09,11,6.02162768692984E-05,0.0000502000000000001,3.60305527638191E-09,10,6.29094925954871E-05,4.16797691636978E-05,3.97559468659687E-09,33,7.2728948844322E-05,0.00005735,5.31551507537689E-09,7,5.44609952167604E-05,0.0000424,2.9786432160804E-09,5,0.000134378197636373,0.00011875,1.7882851758794E-08,5,3,44972
0.000175826619145111,0.0001343,2.94542613065327E-08,9,0.000189934199132226,0.0001553,3.60116984924623E-08,10,6.5310795432302E-05,0.00005945,4.28663065326633E-09,8,5.20576603392815E-05,0.0000452,2.65438190954774E-09,12,6.54930125795953E-05,4.60027586848173E-05,4.30629510586752E-09,21,7.85525301947684E-05,0.00006995,5.34751507537688E-09,9,7.32188500319419E-05,0.0000586,5.12418090452261E-09,6,0.000123731564283331,0.00010515,1.28284396984925E-08,10,3,45077
0.000167207954356245,0.00012455,2.47471733668342E-08,6,0.000203029554498846,0.0001695,4.13065326633166E-08,10,7.16519364706914E-05,0.0000626,4.01161809045226E-09,7,5.37819672380994E-05,0.00004265,2.34013819095477E-09,11,8.0070155280134E-05,5.08811591154267E-05,6.44241864988973E-09,25,8.15751187556598E-05,0.00006265,5.97414824120603E-09,11,6.55209890035247E-05,0.0000503000000000001,3.9363216080402E-09,13,0.00012249081598226,0.0001002,1.34953869346734E-08,14,3,45179
0.000230098891783511,0.00018745,5.26729422110553E-08,11,0.000307815691607819,0.00026835,8.80420075376884E-08,12,8.60145336556562E-05,0.00007525,5.43203768844221E-09,14,4.88927397473286E-05,0.00003905,1.88691206030151E-09,11,8.31453307078237E-05,5.38450053419759E-05,6.94595030940319E-09,24,8.21157719320716E-05,0.0000655,6.47609045226131E-09,12,6.10491605183888E-05,0.0000448,3.13752763819096E-09,12,0.000187155015962704,0.0001403,3.44094371859296E-08,12,3,45281
0.00020712677277455,0.00017605,3.8449324120603E-08,13,0.000380041445108293,0.00028845,1.17479494974874E-07,12,7.74241564371224E-05,0.00006215,4.92683165829146E-09,13,4.11400048614484E-05,0.00003515,1.65384673366834E-09,10,7.50298189732687E-05,5.40929295843389E-05,5.65297886933644E-09,21,8.02651854791354E-05,0.00007285,6.446108040201E-09,8,9.03908181177712E-05,0.00007835,8.19816834170854E-09,8,0.000205504257863432,0.0001596,3.92699095477387E-08,11,3,45384
0.000231120098650031,0.00017765,5.36550728643216E-08,12,0.000327249904507244,0.00023455,1.02134570351759E-07,12,6.05640157189069E-05,0.0000484,3.65712562814071E-09,9,5.24356748788456E-05,0.00004425,2.42490201005025E-09,9,7.35511800268549E-05,5.15077438505644E-05,5.42038059050734E-09,27,7.25327512231544E-05,0.0000632,5.1928743718593E-09,6,8.94259470176302E-05,0.0000767,7.94456281407035E-09,10,0.000251823350783838,0.0001915,6.30542713567839E-08,15,3,45488
0.000215291662634669,0.00014625,4.57527010050251E-08,13,0.000218152469617009,0.00017855,4.47283391959799E-08,10,6.72160695072242E-05,0.0000566,4.48860301507537E-09,13,7.15925973826904E-05,0.00005765,5.13786683417085E-09,7,0.000139679149676705,8.23088609320988E-05,1.95463944628144E-08,25,8.17832501188355E-05,0.00006795,5.9867311557789E-09,8,7.60164455890961E-05,0.00006215,5.65917336683417E-09,9,0.000248781028215578,0.0001912,6.15647839195979E-08,15,3,45590
0.000203080033484338,0.00013405,4.14346105527638E-08,10,0.000241132743525221,0.0001992,4.99675979899498E-08,11,7.70194780558788E-05,0.0000677,0.000000005762,15,8.00062497558784E-05,0.0000656000000000001,5.49824120603015E-09,9,0.000148503703232685,9.81086682468614E-05,2.21641688863132E-08,22,8.88791314088971E-05,0.00007535,7.91149497487437E-09,9,8.32946576918352E-05,0.0000679,6.84453266331658E-09,6,0.000137479089319067,0.00012005,1.52619070351759E-08,13,3,45693
0.000209221174836583,0.00014475,4.38707512562814E-08,7,0.000211162259885615,0.00017185,4.47945502512563E-08,8,8.22070556582584E-05,0.0000743,6.40191959798995E-09,11,6.43389462145596E-05,0.00005475,3.41947487437186E-09,9,7.11125365635454E-05,5.06712088494427E-05,5.04827683263886E-09,28,9.427884174087E-05,0.00007885,8.91048994974875E-09,8,8.12065268312837E-05,0.00006375,6.42068090452262E-09,9,0.000134781304341515,0.000123,1.82553165829146E-08,12,3,45795
0.000215237078590098,0.0001706,4.62377788944724E-08,6,0.000293460389149882,0.0002307,8.02952663316583E-08,7,9.43000530222545E-05,0.00008535,8.882891959799E-09,11,5.89448895155467E-05,0.00005275,3.45987688442211E-09,6,5.60075493617406E-05,3.90611111701872E-05,3.15216405067663E-09,24,0.000108284347899408,0.00008895,1.12504497487437E-08,8,9.22279784013507E-05,0.0000776,8.54387939698493E-09,9,0.000155346387148205,0.00013245,2.40496859296482E-08,8,3,45898
0.000264759324670539,0.00022505,6.94366206030151E-08,10,0.000348835204645403,0.0003026,1.22297396984925E-07,12,8.86312585942454E-05,0.00007725,7.87929396984925E-09,14,5.85491246732178E-05,0.0000519,3.42302512562814E-09,10,9.11131868544478E-05,6.93853355017511E-05,8.34144176254476E-09,30,0.000125283678106927,0.0001058,1.49120703517588E-08,8,0.000111353042167693,0.0000882500000000001,1.18659070351759E-08,4,0.000146355731011806,0.0001111,2.14914572864322E-08,7,3,46000
0.000203916649639013,0.0001677,4.07873768844221E-08,12,0.000251237935033705,0.00020245,5.81185301507538E-08,11,5.59553393341511E-05,0.0000452,2.14949748743718E-09,10,5.41894823743501E-05,0.00004715,2.14918341708543E-09,13,0.000110544029867991,8.39118846755083E-05,1.22812535939036E-08,39,0.000129688087348068,0.0001119,1.48683417085427E-08,11,0.000107305638248882,0.00008125,1.06947713567839E-08,6,0.000139010790948041,0.0001092,1.67967738693467E-08,9,3,46102
0.000177742791696316,0.00013735,3.16595954773869E-08,12,0.000182766244148092,0.00013805,3.35671331658292E-08,10,5.03636773875776E-05,0.00004045,2.41048994974874E-09,8,5.71751694356912E-05,0.0000525,3.0084824120603E-09,12,9.03878800606302E-05,6.25680410641054E-05,8.20153021871282E-09,31,0.000108037030688556,0.0000933,1.11850351758794E-08,12,0.000103227903204512,0.0000848,1.02578492462312E-08,11,0.000176198751414418,0.0001506,3.11867236180905E-08,12,3,46204
0.000168715737262414,0.0001296,2.68854673366834E-08,10,0.000152932991862449,0.00011925,2.15558768844221E-08,11,7.29760234597638E-05,0.00006285,4.8089824120603E-09,6,5.3856290254714E-05,0.00004575,2.64968592964824E-09,7,7.398565433277E-05,5.47757214535807E-05,5.5012638590926E-09,18,8.55540764662912E-05,0.00006905,7.07766582914572E-09,8,9.73216317166949E-05,0.00007905,8.86813819095478E-09,7,0.000224715375530915,0.0001944,3.99221708542713E-08,8,0,46308
0.00013699087560856,0.00012035,1.85921381909548E-08,5,0.000113604577372569,0.0000940999999999999,1.29513969849246E-08,11,0.00011502608399837,0.000086,1.32968442211055E-08,5,5.82108237357968E-05,0.00004795,3.19567587939699E-09,9,8.02348043858015E-05,5.89270064378086E-05,6.46357852566423E-09,21,9.15942137910469E-05,0.00007235,8.42821859296482E-09,6,9.94107640047092E-05,0.00007955,9.86864070351759E-09,6,0.00020853416986192,0.00017395,3.84877361809045E-08,2,0,46413
0.000174474926565395,0.00013765,2.85275150753769E-08,7,0.000129844137333959,0.00011295,1.6926067839196E-08,11,0.000102671807230612,0.0000657500000000001,1.00651231155779E-08,6,4.94014169837263E-05,0.00004145,2.44932412060301E-09,12,8.29471243630067E-05,6.27867859148754E-05,6.91463326734213E-09,25,0.000113688170009021,0.0000933,1.25382512562814E-08,7,9.88761852014933E-05,0.00008305,9.79004773869348E-09,9,0.000209161420916956,0.00015865,4.05230125628141E-08,4,0,46516
0.000176888382885932,0.00014445,3.03422889447236E-08,10,0.000203043098873121,0.00017615,3.76262286432161E-08,12,5.99624882739201E-05,0.00004255,3.39193718592964E-09,9,6.61513416341649E-05,0.0000535,4.3856783919598E-09,13,9.2622874367863E-05,7.29902641032971E-05,8.62145412556036E-09,27,0.000112354350160552,0.00009015,1.26869120603015E-08,8,6.82165669027693E-05,0.0000558500000000001,4.52606783919597E-09,7,0.0001981489338856,0.0001393,3.43653869346734E-08,8,0,46618
0.000217020736336416,0.0001858,4.71725728643216E-08,7,0.000219861319926903,0.0001643,4.82304623115578E-08,9,6.47417948469148E-05,0.00004295,3.92039949748744E-09,9,6.78085540326587E-05,0.0000577000000000001,4.53604020100503E-09,12,9.91568380070232E-05,7.82721611896087E-05,9.88111602466932E-09,41,0.000111908444721567,0.00009025,1.24808417085427E-08,8,8.26165842915331E-05,0.00006455,6.62606783919598E-09,5,0.000126520749286431,0.00009895,1.44597361809045E-08,7,0,46722
0.000195803472900763,0.0001509,3.54470753768844E-08,6,0.000175361056109958,0.00011355,2.99984899497487E-08,7,5.15945733580577E-05,0.000035,2.67456281407035E-09,3,5.51225906502951E-05,0.00004415,2.82003768844221E-09,8,0.000109467581281711,8.68195498406269E-05,1.20389611405769E-08,33,0.000114184061935105,0.0000979,1.21376884422111E-08,10,9.04322951162913E-05,0.000075,7.92521608040201E-09,8,0.000126204199613167,0.00009935,1.48078366834171E-08,6,0,46826
8.68187767709267E-05,0.00007275,7.22204773869347E-09,10,0.000165264938810384,0.00012525,2.74490226130653E-08,13,4.66529741817175E-05,0.00003225,2.1456256281407E-09,6,4.96185449202211E-05,0.0000329,2.23602010050251E-09,5,8.48246483666129E-05,6.00876337465454E-05,7.23084042880572E-09,16,7.89430174239622E-05,0.0000659000000000001,4.97523618090452E-09,8,5.92283715798434E-05,0.0000436,3.13953768844221E-09,8,0.000121319825255397,0.00009645,1.47366809045226E-08,8,0,46929
6.20201580133427E-05,0.00004725,3.84409798994975E-09,9,0.00013826423977298,0.0001003,1.88029748743719E-08,13,5.43000920809532E-05,0.00004225,2.73869095477387E-09,10,3.33766385365573E-05,0.000021,9.82020100502513E-10,4,2.71475034432586E-05,2.16751003771597E-05,7.38579642142802E-10,15,3.50570962859162E-05,0.0000262,1.07814070351759E-09,4,3.99311908162028E-05,0.00002215,1.14009798994975E-09,3,0.0000812680749126002,0.00006075,6.49175628140704E-09,9,0,47033
2.8644371174805E-05,0.00002215,8.19535175879397E-10,10,5.82923665671587E-05,0.0000483,3.36995979899498E-09,12,6.49037749287359E-05,0.00005405,4.21635929648241E-09,12,4.71752053519643E-05,0.00003505,2.23557537688442E-09,8,1.89958929519593E-05,1.50500234670892E-05,3.62630331030034E-10,17,0.000015,0.0000128,2.0486432160804E-10,7,1.07470926301023E-05,0.00000645,9.70628140703518E-11,3,2.81336097932704E-05,0.00002225,6.89886934673367E-10,8,0,47139
1.98368344248774E-05,0.00001625,3.85505025125628E-10,11,4.31103235895997E-05,0.00003155,1.86763567839196E-09,10,5.28772162656091E-05,0.0000411,2.80679396984925E-09,12,4.16112965431264E-05,0.00003165,1.73977638190955E-09,8,1.45203618448254E-05,1.00084366649219E-05,2.11859699230342E-10,21,1.48828760661372E-05,0.00001265,1.65324120603015E-10,5,1.30192165662915E-05,0.00000935000000000001,1.23193467336683E-10,6,1.90787840283389E-05,0.0000143,3.47246231155779E-10,5,0,47243
1.50499169432924E-05,0.00001305,1.76258793969849E-10,7,3.3166247903554E-05,0.000022,1.0311959798995E-09,5,2.72855272992845E-05,0.00002225,6.23293969849246E-10,9,2.24610774452162E-05,0.00001715,4.62590452261306E-10,7,5.23392875343734E-06,3.60373219277215E-06,2.73856843538769E-11,23,1.49331845230681E-05,0.0000128,9.35075376884422E-11,1,1.56204993518133E-05,0.0000128,1.05286432160804E-10,4,1.58113883008419E-05,0.0000124,1.46693467336683E-10,2,0,47348
1.46799182559032E-05,0.00001215,1.48178391959799E-10,4,2.97825452236709E-05,0.0000195,7.98834170854272E-10,7,3.07489837230436E-05,0.00002415,7.25625628140704E-10,12,1.82071414560331E-05,0.00001415,2.7587688442211E-10,7,7.6527845410628E-06,4.41810267082363E-06,5.86287655611614E-11,22,1.33977610069743E-05,0.00001185,9.06507537688442E-11,2,1.47309198626562E-05,0.0000126,7.81507537688443E-11,2,1.41950695665784E-05,0.00001105,1.12761306532663E-10,1,0,47453
1.56843871413581E-05,0.0000117,2.17929648241206E-10,2,3.08139578762612E-05,0.00002055,8.87515075376885E-10,8,3.06431068920891E-05,0.0000236,8.41195979899498E-10,11,1.83030052177231E-05,0.0000122,2.21618090452261E-10,5,1.0840915652859E-05,7.97264590800765E-06,1.18066269197978E-10,19,1.39642400437689E-05,0.0000104,1.07175879396985E-10,1,1.32476412994918E-05,0.00000965,9.76658291457287E-11,2,1.29034879005639E-05,0.00001115,8.13442211055276E-11,2,0,47555
1.68819430161341E-05,0.0000136,2.37185929648241E-10,3,3.12169825575759E-05,0.00002205,9.04198492462311E-10,7,2.5298221281347E-05,0.0000207,6.42964824120603E-10,8,1.6015617378047E-05,0.00001215,1.94268844221105E-10,9,1.03889044186515E-05,8.58407818593007E-06,1.07891109807462E-10,22,1.25499003980111E-05,0.00000865000000000001,8.30929648241206E-11,0,1.37840487520902E-05,0.0000088,1.34422110552764E-10,2,1.24096736459909E-05,0.0000102,8.38592964824121E-11,3,0,47658
1.43003496460751E-05,0.00001055,1.69947236180905E-10,4,2.39060661757638E-05,0.00001865,5.31253768844221E-10,8,3.49070193514141E-05,0.00003005,1.09742462311558E-09,11,1.59530561335438E-05,0.00001285,1.78831658291457E-10,9,7.42517871709606E-06,5.88386284658091E-06,5.5355438816283E-11,30,1.06301458127347E-05,0.00000790000000000001,5.08442211055276E-11,0,1.45773797371132E-05,0.00001215,1.50047738693467E-10,8,1.05118980208143E-05,0.00000775000000000001,6.25100502512563E-11,4,0,47761
1.50831031289984E-05,0.00001095,2.0198743718593E-10,7,3.76961536499415E-05,0.00003,1.39433165829146E-09,10,4.37435709561988E-05,0.00003705,1.71326381909548E-09,13,1.85472369909914E-05,0.000015,2.69658291457286E-10,7,5.76724568626377E-06,4.17926500864238E-06,3.34282599528684E-11,29,1.09544511501033E-05,0.00000900000000000001,3.91959798994974E-11,0,1.65227116418583E-05,0.0000148,1.3443216080402E-10,8,1.05356537528527E-05,0.0000078,9.21005025125628E-11,5,0,47863
1.64620776331543E-05,0.0000136,2.20261306532663E-10,8,4.62222889956783E-05,0.00003675,2.13595728643216E-09,10,5.00349877585675E-05,0.00003905,2.51366582914573E-09,10,2.35372045918796E-05,0.0000203,5.48904522613065E-10,9,9.88461733283011E-06,7.0377145249369E-06,9.81942748934799E-11,26,1.20623380818148E-05,0.00000965,5.45703517587939E-11,1,1.88414436814168E-05,0.0000157,2.41718592964824E-10,6,1.36014705087354E-05,0.0000103,1.55527638190955E-10,6,0,47967
1.76493625947228E-05,0.00001515,1.88118090452261E-10,5,3.73162163140906E-05,0.00002475,1.3523391959799E-09,5,4.84561657583429E-05,0.0000388,2.19769849246231E-09,7,2.53870045495722E-05,0.00002215,5.97786432160804E-10,9,1.02723983237925E-05,7.68239792588657E-06,1.05996039175298E-10,25,1.24699639133399E-05,0.00000895,7.93341708542714E-11,1,1.75499287747842E-05,0.0000135,2.57447236180904E-10,5,1.28452325786651E-05,0.0000083,1.33175879396985E-10,3,0,48071
1.96214168703486E-05,0.0000168,2.54020100502512E-10,6,3.29013677527242E-05,0.00002275,1.0161783919598E-09,5,3.87556447501522E-05,0.0000314,1.16184924623116E-09,9,2.40520269416114E-05,0.00002065,4.51937185929648E-10,9,9.33493725426176E-06,6.70430769909198E-06,8.75736038538348E-11,33,1.3228756555323E-05,0.0000104,7.13165829145729E-11,1,1.6140012391569E-05,0.00001305,1.25404522613065E-10,1,1.31909059582729E-05,0.0000094,1.1372864321608E-10,5,0,48174
1.88812075884992E-05,0.00001615,2.52701005025126E-10,5,3.81706693679846E-05,0.0000322,1.25009045226131E-09,8,3.58050275799363E-05,0.0000285,9.44472361809045E-10,9,2.64102252924885E-05,0.00002295,5.52640703517588E-10,10,8.1895805315176E-06,5.56705477839465E-06,6.73866037006675E-11,37,1.28257553383807E-05,0.00001015,7.7464824120603E-11,3,1.36565002837477E-05,0.00001115,6.47211055276382E-11,2,1.68374582404827E-05,0.00001465,1.41404522613065E-10,6,0,48277
1.72916164657906E-05,0.0000153,2.09798994974874E-10,4,3.33991017843295E-05,0.00002785,8.81203517587939E-10,7,3.41613817050775E-05,0.0000266,1.00301507537688E-09,7,2.79642629082191E-05,0.000025,6.45989949748744E-10,10,7.51658707654204E-06,4.9780918814105E-06,5.67549055949957E-11,26,1.02225241501304E-05,0.00000725,8.23492462311557E-11,5,1.14017542509914E-05,0.00000960000000000001,9.32562814070352E-11,5,1.48996644257513E-05,0.0000124,1.47045226130653E-10,3,0,48380
1.49331845230681E-05,0.0000118,1.81658291457286E-10,5,2.66926956300783E-05,0.00002145,6.31937185929649E-10,8,2.64575131106459E-05,0.0000186,6.84934673366834E-10,7,2.10713075057055E-05,0.0000161,3.86643216080402E-10,6,8.88251428687578E-06,6.39785845589344E-06,7.92756429795302E-11,22,9.74679434480897E-06,0.00000810000000000001,5.55879396984926E-11,3,1.71901134376711E-05,0.00001255,2.12841708542714E-10,3,1.41421356237309E-05,0.0000115,1.45969849246231E-10,4,0,48485
1.50332963783729E-05,0.0000112,1.0772864321608E-10,3,2.60480325552622E-05,0.00002105,6.03193467336683E-10,11,2.27046250794855E-05,0.00001555,4.04097989949749E-10,9,1.93390796058137E-05,0.0000128,2.23829145728643E-10,5,9.03511339786513E-06,7.15761311754455E-06,8.19609846640581E-11,24,1.12249721603218E-05,0.0000101,3.78291457286432E-11,2,1.73493515728975E-05,0.0000121,2.31597989949749E-10,1,1.35092560861063E-05,0.00001055,1.09947236180905E-10,2,0,48589
1.58429795177549E-05,0.0000134,1.26190954773869E-10,6,0.00003,0.0000247,7.07537688442211E-10,9,3.09030742807249E-05,0.0000236,7.02512562814071E-10,9,2.7009257672139E-05,0.00002165,4.54550251256281E-10,7,9.88387898860941E-06,7.7351875022548E-06,9.7981827687363E-11,24,1.39283882771841E-05,0.0000109,9.04120603015076E-11,2,1.06066017177982E-05,0.00000915000000000001,8.53643216080401E-11,3,8.86002257333468E-06,0.00000645,3.70829145728643E-11,0,0,48692
1.71901134376711E-05,0.00001515,2.33464824120603E-10,10,2.67394839142419E-05,0.000022,4.83326633165829E-10,6,3.55879192985485E-05,0.00003205,1.21404773869347E-09,10,0.000024,0.0000202,4.09045226130653E-10,8,8.75790987749233E-06,6.75750967065792E-06,7.70165179755567E-11,24,1.46287388383278E-05,0.0000114,8.4462311557789E-11,0,1.15974135047432E-05,0.00000955,5.10326633165829E-11,3,1.00249688278817E-05,0.00000725,4.8178391959799E-11,0,0,48794
1.46458185158768E-05,0.00001085,1.84620603015075E-10,7,1.9672315572906E-05,0.000016,3.33909547738694E-10,9,3.88265373166344E-05,0.00003435,1.51396733668342E-09,11,1.92223827867411E-05,0.00001625,3.1406783919598E-10,7,1.13605636228419E-05,8.21282202507931E-06,1.29332985208312E-10,21,1.18110118110177E-05,0.00000925000000000001,5.96959798994975E-11,1,1.43352711868315E-05,0.00001075,9.46708542713568E-11,1,1.19373363863133E-05,0.00001015,7.48115577889447E-11,2,0,48896
1.08627804912002E-05,0.0000067,9.03618090452261E-11,4,2.69814751264641E-05,0.0000231,6.7051256281407E-10,9,3.43656805548792E-05,0.0000284,1.15975879396985E-09,10,2.04572725454788E-05,0.00001805,3.80077889447236E-10,7,1.09904154904982E-05,7.76327592510763E-06,1.21392733738298E-10,20,1.17046999107196E-05,0.0000089,6.3356783919598E-11,1,1.70733710789639E-05,0.00001445,1.2441959798995E-10,2,0.000014,0.0000131,1.44884422110553E-10,5,0,48998
1.56364957711119E-05,0.00001205,1.88439698492462E-10,8,2.91118532560193E-05,0.00002605,6.30128140703518E-10,7,2.48797106092495E-05,0.0000214,5.00502512562814E-10,8,1.74785582929485E-05,0.00001485,2.19173366834171E-10,4,8.26164079452848E-06,6.47004785811482E-06,6.82635489500154E-11,19,1.28257553383807E-05,0.00000945000000000001,9.8570351758794E-11,3,1.62941707368003E-05,0.00001475,9.56758793969848E-11,4,1.24899959967968E-05,0.0000106,1.14321608040201E-10,5,0,49100
1.82482875908947E-05,0.000016,2.34170854271357E-10,6,2.2726636354727E-05,0.00001805,3.5571608040201E-10,8,2.5298221281347E-05,0.0000212,5.28150753768844E-10,7,2.5377155080899E-05,0.0000168,4.15035175879397E-10,2,2.01030702521706E-05,1.15916433221033E-05,4.06050268279832E-10,20,2.12837966537928E-05,0.0000157,2.69386934673367E-10,5,1.60934769394311E-05,0.0000136,1.31969849246231E-10,4,1.41950695665784E-05,0.00000965000000000001,1.45223618090452E-10,3,0,49202
3.13129366237024E-05,0.00002635,7.60801507537689E-10,2,4.31508980207828E-05,0.0000266,1.85973869346734E-09,8,9.99074571791315E-05,0.00006515,1.0029243718593E-08,12,0.000272667379787168,0.00015235,7.44323592964824E-08,8,0.000163349778035185,8.40634503246882E-05,2.64840289673618E-08,23,0.000167321546729643,0.00009535,2.8131635678392E-08,4,7.45788173679363E-05,0.0000475,5.55954773869347E-09,4,4.33358973600409E-05,0.0000312,1.79091457286432E-09,3,0,49304
6.3663176169588E-05,0.0000546,4.03220100502513E-09,7,8.75956619930462E-05,0.00007,7.65652261306533E-09,8,0.000160883498221539,0.00013705,2.55682386934673E-08,13,0.000409445967131195,0.0003336,1.67666371859296E-07,10,0.000358268961046653,0.000247555712547771,1.28973045928571E-07,28,0.000277290461429888,0.0002168,7.72738090452261E-08,8,0.00015,0.0001172,2.24847336683417E-08,5,8.33876489655393E-05,0.00007065,6.92492211055276E-09,5,0,49407
7.60986202240225E-05,0.0000657,5.81277386934674E-09,11,0.000131609270190211,0.0001134,1.69979497487437E-08,11,0.000229456967643173,0.00019415,5.02443190954774E-08,12,0.000451397828971297,0.0003894,1.99472070351759E-07,8,0.00040101265459013,0.000273204107441728,1.61565972605349E-07,28,0.000366385725704482,0.00029115,1.34350932160804E-07,8,0.000194110793105381,0.0001584,3.74037688442211E-08,6,0.000102208121008069,0.00008505,1.02683190954774E-08,10,0,49509
8.41427358718506E-05,0.0000707,6.37747738693467E-09,11,0.0001680907492993,0.00013245,2.68323592964824E-08,12,0.000297723025646321,0.0002347,8.46533065326633E-08,14,0.000510152428201611,0.00046425,2.56546811557789E-07,9,0.000360406037544711,0.000240122718267059,1.30534559842438E-07,28,0.000499310023933027,0.00040625,2.49811535175879E-07,7,0.000264781985792085,0.00021395,6.86677763819096E-08,9,0.000115073889305959,0.0000986999999999999,1.20844120603015E-08,11,0,49612
7.79551152907877E-05,0.0000604000000000001,5.6558391959799E-09,10,0.000145025859763009,0.00010465,1.97211030150754E-08,12,0.000261149382538041,0.0001995,6.39217688442212E-08,14,0.00042149555157795,0.00035805,1.77777324120603E-07,9,0.000336713329882715,0.000249520670577981,1.13930992476582E-07,29,0.000494346538371616,0.00042505,2.45527816582914E-07,12,0.000253611908237764,0.0001987,6.41513467336683E-08,11,0.000102337676346495,0.0000905000000000001,1.00168341708543E-08,8,0,49714
4.92950301754649E-05,0.000035,2.21305527638191E-09,11,7.87337284776988E-05,0.0000616,4.93486432160804E-09,14,0.000222159852358611,0.0001766,3.95125226130653E-08,13,0.000468167704994695,0.0003606,2.19915768844221E-07,12,0.000369039196331474,0.000283435929876258,1.36863590751086E-07,23,0.000465591559201839,0.00041215,2.15761243718593E-07,15,0.000190766873434567,0.0001574,3.53716984924623E-08,13,8.3018070322069E-05,0.0000689,6.66934673366834E-09,11,0,49816
7.1330218000508E-05,0.0000541,5.04433165829146E-09,11,0.000105662197592138,0.00008845,1.10673140703518E-08,13,0.000225510531904831,0.0001755,4.7480391959799E-08,12,0.000591364946543165,0.00052505,3.51298690954774E-07,13,0.000490074913620828,0.000395541604152595,2.40967019593802E-07,19,0.000558461726531013,0.00049745,3.12190831658291E-07,13,0.00022644535764727,0.00018905,5.05156557788945E-08,13,0.00011883181392203,0.0000914,1.37818693467337E-08,11,0,49919
7.57132749258675E-05,0.00006275,5.75621859296482E-09,11,0.000120322483352032,0.00010755,1.45499472361809E-08,12,0.000165665325279613,0.0001381,2.75825527638191E-08,12,0.00043345241953414,0.0003612,1.88216924623116E-07,12,0.000471214348563101,0.000375214962412951,2.2314993735086E-07,20,0.000441611254385574,0.00034605,1.95837123115578E-07,10,0.000192085918276171,0.0001416,3.69376884422111E-08,10,0.000105834776893042,0.0000728,1.12504924623116E-08,8,0,50021
5.45802161959808E-05,0.0000461,2.99275376884422E-09,11,0.000114736654997433,0.0000934500000000001,1.3211635678392E-08,10,0.000121482509029078,0.0001014,1.48313467336683E-08,12,0.000332594347516611,0.0002655,9.82506934673367E-08,14,0.000349408644755485,0.000256195247382483,1.22568647529627E-07,30,0.000232298299606347,0.00017875,4.93861281407035E-08,11,0.000117498936165397,0.0000932,1.33933567839196E-08,12,6.00999168052669E-05,0.0000452,3.59863316582915E-09,12,0,50131
6.2269575235423E-05,0.00005045,3.89354522613065E-09,8,0.000114048235409409,0.0000862000000000001,1.30633165829146E-08,6,0.000128868149672446,0.0000955000000000001,1.66894472361809E-08,11,0.000355229503279218,0.0002725,1.2651432160804E-07,11,0.000338878010671408,0.000256815390806319,1.15195640204352E-07,31,0.000256828736709894,0.0001929,6.61477386934673E-08,11,0.000115284430865577,0.00009025,1.33346105527638E-08,10,0.000067,0.0000517,4.47774874371859E-09,11,4,50236
6.85237185213996E-05,0.00005675,4.42349497487437E-09,10,0.000106761416251378,0.0000847,1.14530150753769E-08,8,0.000158153406539347,0.00012525,2.50923994974874E-08,12,0.000380994750620005,0.0002949,1.33989507537688E-07,9,0.000310275990201827,0.000232217788386669,9.66753563636964E-08,29,0.000322498062009681,0.0002544,9.40508442211055E-08,9,0.000126378400053174,0.00009985,1.32339673366834E-08,10,7.56339870693064E-05,0.00006065,4.49334422110553E-09,8,4,50339
6.2837090957491E-05,0.00004935,3.76425879396985E-09,11,0.000123854753643128,0.0000958,1.54017989949749E-08,13,0.000206838100938874,0.0001501,4.29879396984925E-08,13,0.000403470568939049,0.00033255,1.63597786432161E-07,11,0.000280642098884393,0.000199732336829167,7.90018686833315E-08,28,0.000295132173779817,0.0002284,8.68349246231156E-08,9,0.000115762688289448,0.0000954999999999999,1.29685527638191E-08,12,6.24099351065197E-05,0.0000508000000000001,3.5593567839196E-09,9,4,50441
5.36330122219515E-05,0.00004105,2.83812814070352E-09,9,0.000108475803753648,0.0000801,1.17946130653266E-08,14,0.000196116037080092,0.00013425,3.78066306532664E-08,10,0.000312692340808022,0.00025575,8.60959773869346E-08,12,0.000292121985016377,0.000226818721857739,8.56970993902654E-08,20,0.000230121706929181,0.0001523,4.52970452261307E-08,9,0.000101737407083137,0.00007155,9.68335427135679E-09,8,3.82295697072306E-05,0.00003105,1.4230527638191E-09,10,4,50543
5.20192272145598E-05,0.0000433,2.18330653266332E-09,6,8.22161784565544E-05,0.00006765,6.31364572864322E-09,11,0.000145492267835786,0.0001212,2.09873266331658E-08,7,0.000274734417210513,0.0002271,7.40854271356784E-08,11,0.000211607779060623,0.000156292322895682,4.49830853002513E-08,30,0.000255872038331663,0.00017255,6.55778668341709E-08,7,0.000113373277274673,0.0000818500000000001,1.24024899497487E-08,6,5.26165373243052E-05,0.00004175,2.37838944723618E-09,6,4,50645
7.35730929076656E-05,0.0000612,5.17317587939698E-09,7,9.83361581515162E-05,0.0000814,9.07019095477387E-09,9,0.000150073315416166,0.000127,2.15931256281407E-08,6,0.000252189412941939,0.00021655,6.24177663316583E-08,8,0.000167151920658261,0.000122707593937675,2.80765603032142E-08,30,0.000207600578033877,0.0001718,4.32830552763819E-08,9,0.000104103314068285,0.00008835,1.04252236180905E-08,11,9.68478187673837E-05,0.00007535,8.35525376884422E-09,6,4,50747
7.92432962464334E-05,0.00006745,6.29977638190955E-09,10,0.000116507510487522,0.0000993,1.35335075376884E-08,9,0.000182908447043869,0.00014285,3.36185301507538E-08,7,0.000317391713817485,0.00025695,1.00815153266332E-07,7,0.000309532257374349,0.000205376691814432,9.61518248496028E-08,27,0.000200951486682731,0.00017865,3.69843994974875E-08,10,9.16187753683709E-05,0.0000811,7.65945728643216E-09,12,9.62081077664455E-05,0.0000693,9.29849246231156E-09,8,4,50849
7.32222643736179E-05,0.00006325,5.25203768844221E-09,11,0.000127161314872095,0.0001089,1.59256281407035E-08,11,0.000214040883945101,0.00017645,4.60361180904523E-08,10,0.000332769439702627,0.00027405,1.07296680904523E-07,12,0.000370742309071607,0.000249642646484866,1.38138408336433E-07,28,0.000249313056216477,0.0002091,5.90063417085427E-08,10,0.000113907857498945,0.0001003,1.28375477386935E-08,10,7.53292771769383E-05,0.00006135,5.70027889447236E-09,10,4,50952
6.48074069840786E-05,0.0000495,4.07395979899498E-09,9,0.00010519268035372,0.0000813500000000001,1.10134447236181E-08,11,0.000165399516323356,0.0001276,2.74545829145729E-08,11,0.000217405151732888,0.0001767,4.56268944723618E-08,14,0.000322803294046018,0.000234862720364767,1.04633554445813E-07,20,0.000311846115896928,0.0002496,9.29794572864322E-08,8,0.000146707191371112,0.0001259,1.95229748743719E-08,10,8.85381273802423E-05,0.0000758,7.38307537688442E-09,13,4,51054
4.9376107582514E-05,0.0000396,2.38431155778895E-09,8,7.93882862896032E-05,0.00006515,6.32600753768844E-09,9,0.000103457720833198,0.00008225,1.07565603015075E-08,9,0.000200778484903139,0.0001633,4.05101407035176E-08,9,0.000287448967705362,0.000229652393149353,8.2875207370445E-08,22,0.000384589391429353,0.000317,1.48165829145729E-07,7,0.000153891195329687,0.00012415,2.12435150753769E-08,11,8.10709565750892E-05,0.00006425,6.05286180904523E-09,11,4,51157
4.84561657583429E-05,0.0000389,2.26909547738694E-09,6,7.04592080568608E-05,0.00006245,4.98291206030151E-09,11,0.000113949550240446,0.00010065,1.28939673366834E-08,7,0.000213056330579497,0.0001763,4.56065929648241E-08,6,0.000222279905779618,0.000170835642984263,4.96455830976604E-08,24,0.00035107833883622,0.0002903,1.23760311557789E-07,6,0.000136775363278626,0.00010895,1.79823090452261E-08,8,7.21214253880218E-05,0.00005785,4.86291206030151E-09,7,4,51260
4.92442890089805E-05,0.000036,2.37124623115578E-09,3,6.48112644530254E-05,0.0000505500000000001,4.2177864321608E-09,12,0.000129003875910765,0.0000993,1.67207638190955E-08,9,0.000254037398821512,0.000192,6.46920502512563E-08,6,0.000302211733391122,0.000200929936281613,9.17479653577321E-08,22,0.000316351070805837,0.0002663,1.00538442211055E-07,9,0.000127718440328717,0.0001038,1.6329648241206E-08,7,6.32692658405327E-05,0.0000479,4.0108040201005E-09,4,4,51362
4.15090351610345E-05,0.0000297,1.73021105527638E-09,3,5.52313316877295E-05,0.00003835,2.89728391959799E-09,9,0.000121642920057026,0.000084,1.47562914572864E-08,10,0.000220442736328508,0.0001413,4.88381909547739E-08,10,0.000303832596162529,0.000208373637672828,9.27359055522777E-08,25,0.000285475042692001,0.0002284,8.11564924623115E-08,12,0.000106449518552223,0.00008585,1.13819070351759E-08,9,4.56398948289761E-05,0.0000342,2.09297487437186E-09,5,4,51464
3.97366329726111E-05,0.0000294,1.52734673366834E-09,6,7.38004065029455E-05,0.00005015,4.97183668341708E-09,8,9.48894093142117E-05,0.0000736,9.01426130653267E-09,12,0.000130205606638117,0.00008455,1.52019472361809E-08,10,0.000190961554407535,0.000147039204232629,3.64596553213745E-08,24,0.000192016926337237,0.00016095,3.70557763819095E-08,9,7.18331399842719E-05,0.00006,5.09900502512563E-09,11,3.54894350476307E-05,0.00002905,1.16831909547739E-09,8,4,51567
4.42153819388683E-05,0.0000367,1.8001608040201E-09,7,0.000100737282075704,0.0000838,9.88413065326633E-09,7,0.000125161895159829,0.00009415,1.54416859296482E-08,13,0.000160872620417522,0.0001273,2.53968944723618E-08,8,0.000268353523210763,0.000200756491898448,7.23617505397877E-08,20,0.000193169614587802,0.00016995,3.71959773869347E-08,8,8.16884324736373E-05,0.0000664,6.67035175879397E-09,9,4.08656334834051E-05,0.0000356,1.65225125628141E-09,5,4,51671
3.37638860322683E-05,0.0000277,1.14508542713568E-09,6,8.0049984384758E-05,0.0000688,6.30262311557789E-09,6,0.000131580773671536,0.00010145,1.73983894472362E-08,11,0.000134115621759734,0.0001182,1.76299396984925E-08,8,0.000242675844718097,0.000177191379534269,5.90208549824074E-08,23,0.000154848312874245,0.0001278,2.40434572864321E-08,6,7.31607818438267E-05,0.00005565,5.33360552763819E-09,5,3.75366487582469E-05,0.0000337,1.41591959798995E-09,5,4,51775
3.26190128606002E-05,0.0000269,1.0307135678392E-09,7,6.0720671933041E-05,0.0000549,3.1784824120603E-09,7,0.000104091306073082,0.0000819,9.49116582914573E-09,11,0.000104386301783328,0.00009635,7.39919346733668E-09,7,0.0001108714942368,8.12565385715916E-05,1.23535781188072E-08,25,0.000114984781601741,0.00008895,1.11381281407035E-08,8,5.10343021898017E-05,0.00004015,1.13175628140704E-09,6,3.41394200302231E-05,0.00003045,6.51193467336683E-10,6,4,51877
3.31963853453957E-05,0.0000267,1.10074371859296E-09,7,6.71677005710334E-05,0.0000608500000000001,4.37079145728644E-09,5,0.000128543766865609,0.00010525,1.65733040201005E-08,7,0.000145634817265653,0.00012515,2.12587914572864E-08,7,0.000122922032407421,8.27663576442906E-05,1.51313341907281E-08,29,0.000123965721068366,0.00010115,1.53106507537688E-08,11,5.32447180478965E-05,0.0000444,2.6015175879397E-09,9,3.2241277890307E-05,0.00002775,7.66108040201005E-10,8,0,51980
3.19609136289938E-05,0.00002465,1.00100251256281E-09,9,8.60464990571958E-05,0.0000739,7.31959798994975E-09,9,0.000155972754030952,0.00013845,2.43179874371859E-08,11,0.0001456434001251,0.0001219,1.91827035175879E-08,8,0.00012747420914059,9.18620886834596E-05,1.63303305888114E-08,25,0.000111988838729581,0.00009215,1.20135050251256E-08,8,6.21128006130781E-05,0.0000482,3.72533668341709E-09,9,3.17568890164008E-05,0.00002315,8.77163316582915E-10,10,0,52083
4.0681691213616E-05,0.0000301,1.6429648241206E-09,7,9.19673855233473E-05,0.0000769,8.15653266331658E-09,14,0.000139256956738254,0.00012095,1.71598768844221E-08,18,0.000149768154158352,0.00011585,2.18347713567839E-08,13,9.89105030199717E-05,8.19756760216166E-05,9.7586020405244E-09,24,0.000160785571491972,0.0001278,2.58773467336683E-08,11,7.73821684886124E-05,0.0000623,5.91758793969849E-09,13,3.5404801934201E-05,0.00002675,1.07254020100503E-09,10,0,52185
5.15024271272724E-05,0.00004075,2.65521356783919E-09,5,9.22415307765434E-05,0.00007195,8.30823869346734E-09,13,0.0001435757639715,0.0001181,2.06697386934673E-08,15,0.000169816076977417,0.00013455,2.72305904522613E-08,13,0.000133178983740489,0.000107322593080477,1.77758344223348E-08,33,0.000165544555935857,0.000127,2.74906130653266E-08,10,9.64261375354214E-05,0.0000827,9.17225125628141E-09,14,4.41927595879687E-05,0.0000391,1.94830150753769E-09,11,0,52288
5.44655854645849E-05,0.00004355,2.97929396984925E-09,8,0.000102975725294848,0.0000788,1.03207135678392E-08,12,0.000133159678581769,0.0000975499999999999,1.75775854271357E-08,12,0.000148340823780913,0.0001237,2.17971457286432E-08,14,0.000162978095580475,0.000123208366739449,2.65741862568648E-08,38,0.000176632386611289,0.0001181,2.94627537688442E-08,7,9.60858990695305E-05,0.00007575,8.76783668341708E-09,8,4.50444225182208E-05,0.0000394,2.03387939698492E-09,12,0,52390
4.53817143792519E-05,0.00003395,2.00632914572864E-09,9,9.38029850271301E-05,0.0000742,8.79810050251256E-09,15,8.20304821392633E-05,0.0000628,6.71356783919598E-09,15,0.00017506141779387,0.00012935,2.84993743718593E-08,16,0.000222375415025265,0.000161813867545839,4.96950360784932E-08,47,0.000204668023882579,0.0001628,4.01271457286432E-08,13,8.12403840463596E-05,0.0000663,6.51155778894473E-09,7,3.59930548856304E-05,0.00003045,1.29495226130653E-09,12,0,52492
3.67831483154991E-05,0.0000274,1.24473366834171E-09,9,6.95089922240281E-05,0.00005325,4.85577638190955E-09,16,6.79374712511439E-05,0.00004895,4.48291206030151E-09,14,0.000179858277540957,0.0001272,3.21638592964824E-08,14,0.000210817184375921,0.000153457152432468,4.45712715176392E-08,38,0.000175487891320171,0.0001566,2.82748140703518E-08,14,8.28522781823168E-05,0.00007215,6.15816834170854E-09,10,4.39089968002003E-05,0.0000385,1.81828140703518E-09,11,0,52597
3.20936130717624E-05,0.0000243,9.44472361809046E-10,8,4.68881648180007E-05,0.00003645,2.16642964824121E-09,12,4.95883050728698E-05,0.0000317,2.17056281407035E-09,11,0.000132640491555181,0.00010655,1.44451633165829E-08,12,0.000165689413726241,0.000132562232291561,2.75762974019587E-08,23,0.000196424285667531,0.00015505,2.79998969849246E-08,10,0.000103026695569643,0.00008245,8.92439949748744E-09,12,4.99599839871872E-05,0.0000437,2.11054271356784E-09,13,0,52700
2.66364412037344E-05,0.00001805,4.73163316582915E-10,5,4.63033476111609E-05,0.0000328,1.24421105527638E-09,9,4.58966229694517E-05,0.00003215,1.71708291457287E-09,10,8.89044430835715E-05,0.0000770000000000001,6.84260301507538E-09,10,0.000139712805061241,0.000105414637154276,1.96097668613517E-08,25,0.000154515371403624,0.0000896,2.07980301507538E-08,8,8.54605171994647E-05,0.00005755,6.35243969849246E-09,8,3.86975451417787E-05,0.00003075,1.06811809045226E-09,9,0,52802
2.08806130178211E-05,0.0000127,3.2948743718593E-10,5,3.97617907041421E-05,0.0000273,1.25604020100503E-09,9,3.78549864614954E-05,0.0000272,1.34563819095477E-09,8,5.23879757196248E-05,0.00004375,1.95053015075377E-09,11,5.45605090558124E-05,3.78532107093026E-05,2.98158540828902E-09,23,2.24053565024081E-05,0.0000192,4.40201005025126E-10,5,2.16564078277077E-05,0.0000167,3.21768844221105E-10,4,4.11035278291292E-05,0.00002815,1.55923366834171E-09,7,0,52904
1.70293863659264E-05,0.0000114,2.23879396984925E-10,4,2.51396101799531E-05,0.0000212,5.48251256281407E-10,7,4.86723740945518E-05,0.0000378,2.26149748743719E-09,8,3.17568890164008E-05,0.00002585,8.50188442211056E-10,8,1.82105773267465E-05,1.30029969299394E-05,3.30776068866155E-10,19,1.48492424049175E-05,0.00001245,1.71655778894472E-10,1,1.63859696081739E-05,0.00001215,2.45223618090452E-10,4,4.36463056855904E-05,0.0000304,1.86390954773869E-09,8,0,53007
1.80969610708539E-05,0.00001265,2.10831658291457E-10,2,1.85337529928506E-05,0.00001555,3.03414572864322E-10,8,4.63788745012209E-05,0.0000351,1.92960804020101E-09,8,2.4114311103575E-05,0.00001995,4.36057788944724E-10,5,9.27509739577248E-06,6.94949632269526E-06,8.61856366391737E-11,20,1.22678441463853E-05,0.00000925,6.52638190954774E-11,0,1.4543039572249E-05,0.00001155,1.62610552763819E-10,3,2.26274169979695E-05,0.0000176,4.33165829145729E-10,5,0,53109
1.72191753577226E-05,0.00001155,2.10128140703518E-10,2,2.10119013894507E-05,0.00001785,2.85424623115578E-10,6,2.66364412037344E-05,0.00002265,6.28922110552764E-10,5,2.76315037592962E-05,0.00002355,5.5163567839196E-10,8,5.438729701018E-06,3.91770890469831E-06,2.97284168905239E-11,18,0.000012,0.00000910000000000001,6.86532663316583E-11,0,1.32664991614216E-05,0.0000109,9.18190954773868E-11,3,1.21860576069539E-05,0.00000975000000000001,8.24899497487437E-11,2,0,53212
1.43352711868315E-05,0.00000815,1.60741206030151E-10,1,1.88812075884992E-05,0.00001405,1.59896984924623E-10,0,2.96732202499156E-05,0.00002285,7.95173366834171E-10,5,3.5171010790138E-05,0.0000299,7.16170854271356E-10,10,7.20038102468114E-06,5.17347033996306E-06,5.20997808455154E-11,22,1.1180339887499E-05,0.00000920000000000001,4.77989949748744E-11,0,1.56684396159924E-05,0.00001095,1.6441959798995E-10,5,9.1104335791443E-06,0.0000049,6.02613065326633E-11,1,0,53315
1.54596248337403E-05,0.0000119,1.39698492462312E-10,5,3.01496268633627E-05,0.0000208,7.73628140703517E-10,4,5.48133195491753E-05,0.00004085,2.53977638190955E-09,8,3.2457664734235E-05,0.00002565,6.09223618090452E-10,6,8.26792717335817E-06,6.51831367287193E-06,6.86956269114766E-11,26,1.20208152801713E-05,0.00001085,6.47211055276382E-11,5,1.68967452487158E-05,0.00001275,1.83394472361809E-10,4,1.24298028946561E-05,0.00000635,1.16017587939698E-10,1,0,53418
1.61709616287962E-05,0.00001365,2.07032663316583E-10,8,3.11929479209644E-05,0.000024,9.38E-10,8,5.17058990831801E-05,0.00003765,2.22452010050252E-09,8,2.53574446662119E-05,0.0000198,4.43577889447236E-10,4,7.64492571541118E-06,6.00012396838806E-06,5.8695748081082E-11,25,1.28257553383807E-05,0.00001145,1.11032663316583E-10,6,0.000013,0.0000109,1.13316582914573E-10,3,1.40356688476182E-05,0.00000890000000000001,1.18381909547739E-10,0,0,53523
1.49164338901763E-05,0.00001165,1.93766331658292E-10,8,2.39478600296561E-05,0.00001885,5.69846733668342E-10,7,3.89165774445801E-05,0.00002735,1.2054648241206E-09,8,3.03150127824482E-05,0.0000256,6.36572864321608E-10,7,9.58293338679456E-06,7.36773705426945E-06,9.22303817214777E-11,27,1.26095202129185E-05,0.00000970000000000001,1.28281407035176E-10,3,1.58745078663875E-05,0.0000133,1.92120603015075E-10,7,1.14891252930761E-05,0.00000800000000000001,6.83417085427136E-11,0,0,53625
1.33603892158874E-05,0.00001025,1.10992462311558E-10,7,2.25831795812724E-05,0.0000168,4.90361809045226E-10,9,3.99499687108764E-05,0.0000301,1.38684422110553E-09,8,3.31737848307967E-05,0.00003035,8.84399497487437E-10,8,1.43178208682684E-05,1.11685963031182E-05,2.05891482296011E-10,27,1.39104277432436E-05,0.00000965000000000001,1.35655778894472E-10,4,1.6140012391569E-05,0.00001295,1.7014824120603E-10,6,1.06066017177982E-05,0.00000785,6.31130653266332E-11,3,0,53729
1.2328828005938E-05,0.0000092,6.95376884422111E-11,2,1.88812075884992E-05,0.00001375,3.03997487437186E-10,8,2.85306852353742E-05,0.0000222,7.48854271356784E-10,8,2.43721152139079E-05,0.0000202,4.84060301507537E-10,9,1.35315278106326E-05,9.8883026083532E-06,1.83908559948574E-10,24,1.40712472794703E-05,0.0000112,7.73869346733669E-11,4,1.20623380818148E-05,0.00000875000000000001,7.61582914572865E-11,1,1.46969384566991E-05,0.0000117,9.76783919597991E-11,3,0,53835
1.23085336250912E-05,0.00000905000000000001,1.0371608040201E-10,3,0.000026,0.0000179,4.28502512562814E-10,3,2.77938842193746E-05,0.00002125,7.16017587939699E-10,9,1.1202678251204E-05,0.00000915000000000001,6.41984924623115E-11,7,8.20748342560747E-06,6.08440215036129E-06,6.74593490184068E-11,24,1.25698050899765E-05,0.0000102,5.62713567839196E-11,2,1.33790881602597E-05,0.0000113,5.15678391959799E-11,0,1.3729530217746E-05,0.00000975,9.77864321608041E-11,1,0,53941
2.00873094266007E-05,0.00001455,2.97866834170854E-10,5,3.00749064836451E-05,0.00002115,6.93344221105528E-10,4,2.55147016443462E-05,0.0000198,6.05025125628141E-10,8,1.44741148261301E-05,0.00000945,1.48620603015075E-10,5,6.36071466466766E-06,4.67155278956725E-06,4.06598015657625E-11,30,1.31339255365637E-05,0.00000965,1.4128391959799E-10,1,1.73349358233597E-05,0.00001485,1.36057788944724E-10,2,1.25099960031968E-05,0.00000735,1.12841708542714E-10,3,0,54043
2.31084400165827E-05,0.0000192,3.91959798994975E-10,4,2.75862284482674E-05,0.0000206,7.141608040201E-10,6,2.42590189414164E-05,0.00001785,4.30630653266332E-10,6,1.55080624192708E-05,0.00001065,1.8441959798995E-10,6,5.84202519275673E-06,3.88431146501833E-06,3.42686242657244E-11,29,1.36565002837477E-05,0.00001095,1.40278894472362E-10,2,1.74212513901843E-05,0.00001385,1.63896984924623E-10,2,1.36747943311773E-05,0.00001,9.72361809045227E-11,2,0,54147
1.68374582404827E-05,0.00001475,2.07977386934673E-10,4,2.37697286480094E-05,0.0000185,4.93507537688442E-10,4,2.1988633427296E-05,0.00001615,3.65424623115578E-10,8,1.41244468918255E-05,0.00001095,1.51957286432161E-10,4,5.8020444363347E-06,4.15033370795214E-06,3.38233623223136E-11,25,1.65227116418583E-05,0.0000144,9.12060301507537E-11,2,1.4815532390029E-05,0.00001215,7.70829145728643E-11,2,1.25698050899765E-05,0.00000970000000000001,1.16331658291457E-10,2,0,54249
1.77482393492988E-05,0.0000133,2.53859296482412E-10,3,2.62392835268039E-05,0.00002165,5.77967336683417E-10,9,3.60069437747777E-05,0.00002075,1.2697864321608E-09,9,2.23047080231955E-05,0.00001655,4.23052763819096E-10,7,9.5818324233004E-06,6.95734247081561E-06,9.22161689810847E-11,21,1.62634559672906E-05,0.00001335,1.07535175879397E-10,1,1.27279220613579E-05,0.0000102,7.7748743718593E-11,5,1.43352711868315E-05,0.00001055,1.53706030150754E-10,3,0,54352
1.73493515728975E-05,0.0000126,2.66331658291457E-10,2,2.98244865840135E-05,0.00002405,8.58389447236181E-10,11,4.07553677446297E-05,0.0000244,1.63071356783919E-09,10,2.56124969497314E-05,0.0000201,5.64733668341708E-10,9,1.01203133820368E-05,7.15239532765972E-06,1.02935182904673E-10,28,1.24699639133399E-05,0.00000845,8.95251256281406E-11,1,1.1247221879202E-05,0.00000765,7.99773869346734E-11,3,1.38021737418423E-05,0.00001085,7.74648241206029E-11,3,0,54455
1.31339255365637E-05,0.00001095,9.46507537688442E-11,1,2.79105714739057E-05,0.0000198,6.90291457286433E-10,4,3.3689761055846E-05,0.0000213,1.06978894472362E-09,11,1.92093727122985E-05,0.0000143,3.04914572864322E-10,7,5.64643677254676E-06,3.6853789379741E-06,3.18582569014785E-11,29,1.29614813968157E-05,0.0000078,1.22371859296482E-10,1,1.11130553854464E-05,0.00000855000000000001,9.42688442211056E-11,3,1.27671453348037E-05,0.000011,9.29045226130654E-11,6,0,54558
1.51657508881031E-05,0.0000124,1.44231155778894E-10,1,1.9723082923316E-05,0.0000114,2.69346733668341E-10,1,2.61629509039023E-05,0.00001655,6.10992462311558E-10,6,1.63859696081739E-05,0.00001195,1.70349246231156E-10,5,6.19346180417109E-06,4.37910654392976E-06,3.846330380209E-11,24,1.84526420872459E-05,0.00001425,1.76258793969849E-10,3,0.00001,0.00000880000000000001,9.08442211055277E-11,4,1.55724115023974E-05,0.00001285,1.40178391959799E-10,6,0,54663
1.56044865343272E-05,0.00001125,1.82791457286432E-10,4,1.30958008537088E-05,0.00000765,1.1658040201005E-10,1,1.88015956769632E-05,0.00001455,3.18489949748744E-10,4,1.66433169770932E-05,0.0000131,2.09155778894472E-10,6,6.52964029606448E-06,4.72626373217005E-06,4.27874430422525E-11,41,1.81521348606713E-05,0.00001525,1.18389447236181E-10,3,1.1202678251204E-05,0.00000985000000000001,7.33040201005025E-11,1,1.55724115023974E-05,0.00001245,1.33967336683417E-10,3,0,54768
1.3729530217746E-05,0.00000935000000000001,1.17685929648241E-10,6,1.93649167310371E-05,0.000014,2.29738693467337E-10,5,2.52685575369866E-05,0.00001855,6.38630653266332E-10,4,1.79164728671689E-05,0.000013,3.00412060301508E-10,8,7.61311000520549E-06,5.07536241585482E-06,5.82049514771299E-11,45,1.26885775404495E-05,0.0000101,6.91859296482412E-11,1,1.2328828005938E-05,0.0000112,9.16180904522613E-11,0,1.36014705087354E-05,0.0000113,1.1835175879397E-10,5,0,54870
1.66583312489577E-05,0.00001235,2.28942211055276E-10,5,3.82034029897861E-05,0.00003045,1.38988693467337E-09,8,7.66485485837795E-05,0.0000553,5.8971959798995E-09,8,7.07000707213225E-05,0.00004915,4.658891959799E-09,9,4.57274560014068E-05,2.35250825677043E-05,2.09981439224706E-09,30,3.79539194286967E-05,0.00002395,1.19842964824121E-09,8,2.59615099714943E-05,0.0000202,5.37447236180904E-10,8,1.45945195193264E-05,0.0000119,1.48130653266332E-10,7,0,54973
4.06571027005122E-05,0.000028,1.53747738693467E-09,7,9.65505049184105E-05,0.0000715,9.36352763819096E-09,9,0.000199672231419394,0.0001396,4.00691859296483E-08,12,0.000201157898179515,0.00013645,3.87353542713568E-08,11,0.000165830281280416,0.000101195999151381,2.76236849380535E-08,24,0.000174788443553915,0.0001232,2.73002613065327E-08,12,7.79551152907877E-05,0.000053,5.25061306532664E-09,13,4.13037528561268E-05,0.0000278,1.52039195979899E-09,7,0,55079
6.1367743970265E-05,0.0000437,3.76272361809045E-09,12,0.00016566834338521,0.0001079,2.71150150753769E-08,12,0.000335816169950168,0.00023275,1.1329993718593E-07,10,0.000242071270496934,0.00018035,5.1894067839196E-08,14,0.000245021283691095,0.00018646580120596,6.02371897463928E-08,23,0.000229728100153203,0.0001936,5.27796884422111E-08,11,9.78723658649366E-05,0.0000774,9.54752763819096E-09,10,5.70350769263968E-05,0.0000477,3.2307135678392E-09,11,0,55181
7.97621464104371E-05,0.0000654,6.22149748743719E-09,12,0.000231713184778079,0.0001694,5.33021507537689E-08,11,0.000433668075836809,0.000331,1.84379487437186E-07,9,0.000362582404426911,0.0002406,1.30590140703518E-07,14,0.000278176958639012,0.000224658121543905,7.77179218729681E-08,25,0.000276975630696998,0.00022405,7.6298932160804E-08,11,0.000113916636186292,0.0000956,1.2947648241206E-08,10,6.47958331993655E-05,0.00005835,4.20311306532663E-09,12,0,55284
7.14282857137143E-05,0.0000616000000000001,3.93140703517588E-09,7,0.000234264807429541,0.0001774,4.87557386934673E-08,9,0.000465209630166874,0.0003633,2.0348983919598E-07,9,0.00043909793896123,0.000305,1.92086432160804E-07,9,0.000254240871439862,0.000200687208014842,6.48600164627022E-08,26,0.000265005660316907,0.0002103,6.15487035175879E-08,8,0.000112343224094736,0.0000873000000000001,1.02417185929648E-08,12,6.17130456224614E-05,0.0000546500000000001,2.74968592964824E-09,10,0,55388
4.81300322044355E-05,0.00003735,2.31997738693467E-09,9,0.000166991017722511,0.0001126,2.79335075376884E-08,10,0.000357357663972665,0.00023715,1.2778409798995E-07,10,0.00037117044602177,0.00029675,1.34883796482412E-07,8,0.000170744882198374,0.000126400094211041,2.92977157171425E-08,24,0.000215178995257437,0.0001698,4.58604924623116E-08,8,0.00010239873046088,0.00007345,1.04386909547739E-08,15,5.17976833458795E-05,0.0000453,2.6649648241206E-09,11,0,55490
4.88978527135906E-05,0.0000353,2.06644221105528E-09,13,0.000150279739153354,0.000114,2.24138291457286E-08,8,0.000229450430376585,0.00017965,4.58121582914573E-08,8,0.00033142570811571,0.0002868,1.08466894472362E-07,9,0.000205501077273024,0.000134928437002098,4.23816551371519E-08,36,0.000208832468739897,0.0001688,4.38278894472362E-08,9,0.000105510662968252,0.0000774500000000001,1.11711331658292E-08,9,5.46991773247094E-05,0.0000473,2.91051256281407E-09,7,0,55592
7.36070648783118E-05,0.0000593,5.16828140703517E-09,11,0.000190728865146312,0.00015565,3.64705502512563E-08,7,0.000290383367292274,0.00025295,8.28049221105528E-08,8,0.000358559618473693,0.0002977,1.11726020100503E-07,9,0.000265760583394843,0.00019055338536217,7.09820942808891E-08,40,0.000195826453779871,0.0001695,3.10208542713568E-08,9,0.000105707142615814,0.0000816,9.38910552763819E-09,8,7.71913207556394E-05,0.00006355,5.42630904522613E-09,10,0,55695
6.98856208386246E-05,0.0000563,4.14849246231156E-09,9,0.000149023488081577,0.0001076,2.20359396984925E-08,8,0.00025062222567043,0.00019825,5.83768216080402E-08,8,0.000306747453127161,0.0002385,8.31675879396985E-08,11,0.000214415142771775,0.000148302423122932,4.60953059013983E-08,39,0.000204611827615121,0.0001668,4.20763417085427E-08,11,0.00010373041983912,0.000084,1.05998391959799E-08,14,7.25499827705011E-05,0.0000571500000000001,4.59213819095477E-09,14,0,55798
4.35545634807651E-05,0.0000386,1.84694472361809E-09,12,0.000106625512894429,0.0000824,9.96722613065327E-09,10,0.000297941269380393,0.0002125,8.34253165829146E-08,6,0.000331040027791202,0.00025995,1.09734168341708E-07,10,0.000212974863014116,0.000151381554578056,4.55853971118489E-08,38,0.000231602029352076,0.00019215,4.2088540201005E-08,12,8.2701269639589E-05,0.00007015,5.29384673366834E-09,13,3.80854302850841E-05,0.00003285,1.45688190954774E-09,11,5,55904
5.02991053598372E-05,0.000045,2.33431155778894E-09,13,0.000130814754519511,0.00011795,1.62849020100502E-08,13,0.000325619409740881,0.0002619,1.05336673366834E-07,8,0.000351686650301088,0.00029175,1.23659173366834E-07,9,0.000247714317608786,0.000181720706970028,6.16706872311294E-08,28,0.000231349303003056,0.00020525,5.34190326633166E-08,10,8.81476034841561E-05,0.0000741,7.57684422110552E-09,8,4.65564173879391E-05,0.00003365,1.90972613065327E-09,8,5,56008
4.23202079389976E-05,0.000036,1.71307537688442E-09,12,0.000101921538449927,0.000089,9.87091457286432E-09,12,0.000182223763543617,0.00015235,3.20878768844221E-08,10,0.000293446758373644,0.000241,8.60572864321608E-08,6,0.000188236220911407,0.000131316736915192,3.56101995487923E-08,24,0.000156217796681428,0.0001238,2.00150753768844E-08,10,9.49183859955488E-05,0.00007215,8.47828894472362E-09,6,4.69946805500367E-05,0.00003045,2.0323391959799E-09,5,5,56113
3.55316760088797E-05,0.00003045,1.26864070351759E-09,11,0.000103055810122477,0.00008255,1.06195753768844E-08,9,0.000125512947539288,0.00009785,1.57855050251256E-08,9,0.000266411336095145,0.0002056,7.13302110552764E-08,5,0.000112813903242012,7.97969374651619E-05,1.27868791253276E-08,28,0.000103339247142603,0.0000729000000000001,1.06683417085427E-08,11,7.03562363973515E-05,0.0000466,4.89704522613065E-09,7,3.55246393366632E-05,0.0000273,1.25458291457286E-09,6,5,56218
3.20936130717624E-05,0.0000271,1.03347738693467E-09,7,0.000137874943336344,0.00011065,1.75959170854271E-08,7,0.000137778808239874,0.0001057,1.75575778894472E-08,7,0.0002217678966848,0.000189,4.87170251256281E-08,10,0.000128818693996072,8.71308640759815E-05,1.66678540293713E-08,30,0.000117234807118023,0.0000957,1.36405929648241E-08,10,5.72669188973879E-05,0.00004875,3.23716331658291E-09,7,3.68442668538811E-05,0.00003125,1.28912311557789E-09,6,5,56322
4.25440947723653E-05,0.0000323,1.77792964824121E-09,9,0.000144772234907112,0.00012,2.05734572864322E-08,7,0.000165139335108266,0.0001427,2.61627738693467E-08,9,0.000240682363292369,0.0002126,5.51456381909548E-08,11,0.000231082215575842,0.000147650084618971,5.36642634429727E-08,23,0.000135001851839151,0.00011375,1.76914547738694E-08,12,6.8264192663504E-05,0.0000627,4.33196984924623E-09,10,4.22078191808106E-05,0.00003345,1.73615829145729E-09,7,5,56428
4.28777331490367E-05,0.00003195,1.79491206030151E-09,10,0.000114967386679875,0.00009255,1.31521582914573E-08,7,0.00020334822349851,0.00018255,4.14795753768844E-08,12,0.000220709084543432,0.00018485,4.82857060301507E-08,7,0.000205466089629605,0.000109692897844896,4.2427231558163E-08,22,0.00011634001891009,0.0000943,1.34922110552764E-08,10,5.54887375960203E-05,0.0000461,2.95453266331658E-09,8,3.65239647354993E-05,0.0000259,1.32124623115578E-09,8,5,56533
2.87141080307225E-05,0.00002405,6.70349246231156E-10,6,7.79102047231298E-05,0.000062,5.46732663316583E-09,9,0.000188658421492389,0.000158,3.41948140703518E-08,10,0.000216928559668846,0.0001775,4.70713467336684E-08,6,0.000100448864426801,7.16321593679416E-05,1.01392414899502E-08,29,0.000134610549363711,0.0001095,1.77804120603015E-08,10,5.07099595740324E-05,0.00004075,2.57103266331658E-09,7,2.59615099714943E-05,0.0000209,6.63628140703518E-10,8,5,56640
3.05859444843543E-05,0.00002185,8.32540201005025E-10,4,5.16430053347014E-05,0.0000456,2.56317587939699E-09,10,0.000132772361581769,0.00010215,1.7698067839196E-08,7,0.000186989304506969,0.0001453,3.38954371859296E-08,7,0.000137028933439185,0.000104303088751409,1.88686231526325E-08,32,0.00016286343972789,0.00014545,2.66543492462312E-08,9,6.08810315287118E-05,0.0000536500000000001,3.71637939698492E-09,9,3.80854302850841E-05,0.00003085,1.37179648241206E-09,6,5,56744
5.31507290636732E-05,0.000037,2.56557788944724E-09,3,9.13947482079796E-05,0.0000606,8.11131658291458E-09,8,0.000147754864556129,0.00010615,2.13979271356784E-08,7,0.000209259408390638,0.00016585,3.98348718592965E-08,9,0.000129021738299672,9.7222021822461E-05,1.67145434558856E-08,28,0.000184912141299591,0.00016835,2.95863291457286E-08,6,7.3976347571369E-05,0.00006505,4.59848994974874E-09,8,5.29386437302657E-05,0.00004135,2.12405778894472E-09,5,5,56850
5.39397812379695E-05,0.00004085,2.31838944723618E-09,5,9.44113340653546E-05,0.0000666500000000001,8.06279145728644E-09,8,0.000163664290546228,0.0001364,2.28935778894472E-08,7,0.000218489130164409,0.00017905,4.33096256281407E-08,10,0.000127635302007689,9.45245373178384E-05,1.63467072088206E-08,21,0.000148092876263512,0.00010975,1.89068115577889E-08,7,6.09220813826974E-05,0.00004425,3.01099246231155E-09,10,4.42492937796752E-05,0.0000316,1.3985527638191E-09,8,5,56955
4.64596599212693E-05,0.00003805,1.66731407035176E-09,10,9.43557099491069E-05,0.0000841,8.77262311557789E-09,11,0.000144171772549275,0.00013555,2.08799773869347E-08,9,0.000165570226792138,0.00014005,2.73979673366834E-08,9,0.000167140751046185,0.000120785231147709,2.80707710771257E-08,22,0.00011395393806271,0.0000854500000000001,1.25926407035176E-08,10,5.64756584733635E-05,0.00004085,2.90299246231156E-09,12,3.97743636027027E-05,0.0000318,1.27863316582915E-09,11,5,57059
4.75026315060545E-05,0.00004125,1.60661055276382E-09,9,9.50789145920377E-05,0.0000823,8.55838190954773E-09,9,0.000119532422379871,0.0000987999999999999,1.39969849246231E-08,8,0.000159688759779767,0.00013585,2.46659271356784E-08,10,0.000163256415273207,0.00012103694514507,2.67455634938408E-08,25,0.00011901890606118,0.00009545,1.25759572864322E-08,12,5.80646191755358E-05,0.00004425,3.00823869346734E-09,10,3.93636888515291E-05,0.00003095,1.14516331658292E-09,9,5,57163
4.50111097397076E-05,0.0000386,2.03609045226131E-09,8,0.000119590969558742,0.0000925,1.41934070351759E-08,6,0.000146984693080606,0.00009115,2.15990728643216E-08,4,0.000152451631673787,0.00013755,2.3331635678392E-08,9,9.98936912534015E-05,6.88240657346075E-05,1.00285026685713E-08,31,8.34715520402011E-05,0.00007285,6.99647989949749E-09,10,3.88007731881724E-05,0.00002985,1.51276130653266E-09,9,4.13642357598929E-05,0.0000315,1.69447236180905E-09,8,5,57266
4.97342940032328E-05,0.00004225,2.42080150753769E-09,8,0.000144201248260894,0.0001219,1.91675879396985E-08,11,0.000207393346084198,0.0001447,4.09414170854271E-08,11,0.000163786446325696,0.0001449,2.67638190954774E-08,11,5.80145299460377E-05,4.20135736143433E-05,3.37906559532242E-09,33,9.1523221097162E-05,0.00008415,7.82269095477387E-09,11,5.89067059000926E-05,0.0000391,3.37451256281407E-09,11,4.98397431775084E-05,0.0000407,2.48272361809045E-09,9,5,57370
4.24617474911243E-05,0.0000351,1.04091457286432E-09,12,0.000123211200789539,0.0000999,1.19459698492462E-08,11,0.000217755596942995,0.00015685,4.08567211055276E-08,16,0.000151774503787692,0.00012805,2.0490851758794E-08,9,8.47490140467586E-05,5.99806478359839E-05,7.21837753452789E-09,36,0.000100401693212814,0.00009095,9.62462060301507E-09,9,7.87654746700609E-05,0.0000549,5.43026130653266E-09,11,4.82648940742648E-05,0.00003745,1.94120351758794E-09,10,5,57472
4.54587725307228E-05,0.00003655,1.79826884422111E-09,14,0.00010733126291999,0.0000918,1.12770954773869E-08,12,0.000174937131564457,0.0001214,3.06047336683417E-08,12,0.000155613302773253,0.00011705,2.41387914572864E-08,8,0.000114002265576996,8.2896790975662E-05,1.30544163372395E-08,29,0.000129668808894044,0.0001009,1.6403175879397E-08,7,7.1386273190299E-05,0.000052,4.678391959799E-09,8,4.72122865364515E-05,0.0000373,1.86194974874372E-09,9,5,57576
4.02305853797829E-05,0.00002985,1.59678140703518E-09,11,8.34955088612555E-05,0.00007005,6.93645979899498E-09,15,0.00013733535597216,0.0000955,1.82231155778894E-08,14,0.000139962494976333,0.00009905,1.95321582914573E-08,13,0.000119147728756737,9.18865992271163E-05,1.42553937767313E-08,19,0.000130437724604502,0.0000966,1.59445125628141E-08,8,4.13158565202272E-05,0.0000266,1.6248743718593E-09,6,3.19921865460928E-05,0.00002575,8.65263819095478E-10,8,5,57680
4.04598566482878E-05,0.0000279,1.61591959798995E-09,10,8.21675118279725E-05,0.00006205,6.64902261306533E-09,15,0.000156459259872978,0.00011715,2.34577261306533E-08,16,0.000101887192521926,0.0000839,1.01790854271357E-08,13,0.000105075772388357,8.28440243938697E-05,1.10534017021516E-08,26,9.48656945370664E-05,0.00007525,8.94118341708543E-09,14,3.91535439009038E-05,0.0000305,1.48860301507538E-09,10,2.37065391822594E-05,0.0000197,5.45366834170854E-10,8,0,57785
5.01896403653184E-05,0.0000405,2.26463316582915E-09,7,9.41196047590511E-05,0.00007505,7.63999748743719E-09,12,0.000163402876351673,0.00013455,2.47859070351759E-08,12,0.000145962323905863,0.0001226,2.1121608040201E-08,11,9.46383028893336E-05,7.26663062880929E-05,8.99441420796398E-09,31,8.49058301885095E-05,0.0000724,7.01302512562814E-09,13,6.71453646948172E-05,0.00005785,4.53059045226131E-09,11,4.2154477816716E-05,0.0000333,1.73526633165829E-09,10,0,57891
3.90384425918863E-05,0.0000321,1.46074371859296E-09,6,8.10216020577229E-05,0.00006275,5.95672110552764E-09,8,0.000118549567692168,0.0000824,1.35505427135678E-08,9,0.000142909061993983,0.0001179,2.0043608040201E-08,9,8.17311283960781E-05,5.7387375583657E-05,6.66152984307517E-09,31,0.000101540632261179,0.00008505,1.03356557788945E-08,8,6.71490878567982E-05,0.0000564,4.53101507537689E-09,9,4.27200187265876E-05,0.000035,1.78769849246231E-09,11,0,57994
2.48092724601106E-05,0.00001945,6.02912060301507E-10,4,5.27304466129389E-05,0.00003975,2.79290201005025E-09,6,8.14647162887099E-05,0.00006505,6.5558567839196E-09,10,0.000131909059582729,0.0001072,1.74395879396985E-08,8,0.000126299802146893,8.6105015624198E-05,1.60257745221011E-08,29,0.000105576986128607,0.00008855,1.11807814070352E-08,12,4.6103145228932E-05,0.00003865,1.93495226130653E-09,9,2.80356915377524E-05,0.0000234,6.70542713567839E-10,6,0,58097
3.55246393366632E-05,0.0000266,1.24975879396985E-09,6,7.23774826862609E-05,0.00005385,5.25420854271357E-09,11,0.00014619507515645,0.0001195,2.1206783919598E-08,14,0.000169437304038987,0.0001485,2.86477487437186E-08,12,0.000159285501562979,0.000121922149998326,2.54538353303574E-08,23,0.00010266206699653,0.00008845,1.04560577889447E-08,15,4.80312398340913E-05,0.0000387,2.31859296482412E-09,9,3.50927342907332E-05,0.00002625,1.22355527638191E-09,7,0,58200
3.65855162598534E-05,0.00002815,1.32874120603015E-09,6,7.87496031736034E-05,0.00006165,6.06928391959799E-09,13,0.000147348226999852,0.00011745,2.16278165829146E-08,16,0.000167603699243185,0.0001446,2.80030050251257E-08,14,0.000146361407021544,0.000116723957322532,2.14781873963279E-08,18,9.55955019862336E-05,0.00007905,9.03605778894473E-09,12,5.53579262617378E-05,0.00004645,2.94349497487437E-09,13,3.65513337649941E-05,0.0000262,1.33828140703518E-09,8,0,58305
3.26343377441614E-05,0.000025,8.70542713567839E-10,7,6.89274981411628E-05,0.0000536,4.55769849246232E-09,10,0.000108148046676766,0.0000798,1.16171959798995E-08,12,0.000143907956694548,0.00011405,1.99595753768844E-08,13,0.000115402451547612,9.22421418917586E-05,1.33796849235579E-08,23,9.0592494170323E-05,0.000076,7.82998994974874E-09,12,5.06803709536542E-05,0.00004075,2.51300251256281E-09,13,3.08706980808663E-05,0.0000242,8.86874371859296E-10,6,0,58409
3.73898381916798E-05,0.0000278,1.13140703517588E-09,10,7.22737850122712E-05,0.00005585,5.0369824120603E-09,8,0.000128452325786651,0.0000965,1.61687537688442E-08,7,0.000141638624675616,0.00011625,2.01547110552764E-08,10,8.94334771582007E-05,6.95933061254045E-05,8.01906406300393E-09,22,0.000102941731090943,0.0000754,1.05922010050251E-08,11,4.02740611312045E-05,0.0000314,1.38556783919598E-09,9,3.34290293008936E-05,0.00002815,8.73806532663316E-10,6,0,58514
3.60693775937429E-05,0.0000258,1.25829145728643E-09,9,6.31862326776965E-05,0.00004735,3.86419849246231E-09,7,0.000105959898074696,0.0000775500000000001,1.12203994974874E-08,8,0.000112953530267982,0.00007855,1.27712336683417E-08,8,6.37355521489322E-05,3.72298642460427E-05,4.08198971122279E-09,19,8.25227241431111E-05,0.0000416,6.83634170854272E-09,6,5.33713406239716E-05,0.00003605,2.74667085427136E-09,9,5.19615242270663E-05,0.0000358,2.64095477386935E-09,7,0,58617
3.31285375469549E-05,0.00002345,1.07738442211055E-09,7,4.33935479074943E-05,0.00003,1.89076381909548E-09,6,2.98914703552702E-05,0.00002545,8.36057788944724E-10,10,2.31624696438009E-05,0.00001595,5.22711055276382E-10,4,8.89859103734533E-06,6.31511783654205E-06,7.94492373531648E-11,23,1.65227116418583E-05,0.0000087,2.33206030150754E-10,3,4.83270110807611E-05,0.00002905,2.32821859296482E-09,7,5.36889187821845E-05,0.00003825,2.88570603015075E-09,9,0,58723
2.36008474424119E-05,0.0000169,4.92221105527639E-10,4,1.85607111932706E-05,0.00001555,3.0441959798995E-10,7,2.20113607030551E-05,0.00001805,4.8536432160804E-10,10,0.000019,0.0000144,3.2164824120603E-10,2,7.55754026849048E-06,5.55449431473646E-06,5.74028786428592E-11,33,1.4543039572249E-05,0.00000935,1.33846733668342E-10,1,2.04328167417026E-05,0.00001425,3.92942211055277E-10,6,2.97825452236709E-05,0.0000218,8.18844221105528E-10,9,0,58826
1.9723082923316E-05,0.0000165,2.26291457286432E-10,6,2.31516738055805E-05,0.0000186,4.36170854271357E-10,9,2.77218325512582E-05,0.00001935,7.08841708542713E-10,8,2.0772578077841E-05,0.00001565,4.16359296482412E-10,3,9.42702854210786E-06,6.46754880625286E-06,8.91716400521505E-11,36,1.32476412994918E-05,0.00000955000000000001,1.11253768844221E-10,1,1.24699639133399E-05,0.00000985000000000001,1.53545226130653E-10,6,1.40534693225552E-05,0.00001155,1.19776381909548E-10,5,0,58930
1.86010752377383E-05,0.0000136,1.9070351758794E-10,4,2.66552058705237E-05,0.00001965,5.09987437185929E-10,7,3.02158898594763E-05,0.0000227,7.17778894472362E-10,8,2.20794021658196E-05,0.00001675,4.38570351758794E-10,5,7.95718157411002E-06,4.91668271598457E-06,6.36249637235244E-11,26,8.77496438739212E-06,0.0000059,5.7929648241206E-11,1,1.18321595661992E-05,0.0000091,9.95376884422111E-11,2,1.49666295470958E-05,0.0000134,1.05718592964824E-10,3,0,59033
1.48660687473185E-05,0.0000109,1.85929648241206E-10,3,2.29019649811976E-05,0.00001825,3.88379396984924E-10,9,2.32486558751253E-05,0.00001725,4.53464824120603E-10,7,2.05548047910945E-05,0.00001785,3.36761306532663E-10,8,5.7827924369755E-06,4.24956765670913E-06,3.36087064893946E-11,21,1.59843673631458E-05,0.00001085,1.38469849246231E-10,0,1.37840487520902E-05,0.0000108,1.11346733668342E-10,3,1.77200451466694E-05,0.0000153,1.73256281407035E-10,3,0,59139
1.67928556237467E-05,0.0000136,2.4478391959799E-10,5,3.27490457876256E-05,0.00002625,7.46811557788945E-10,10,2.65518360947035E-05,0.000019,6.73557788944724E-10,5,2.36643191323985E-05,0.0000199,4.15668341708543E-10,6,6.47920743246928E-06,4.97688938870041E-06,4.21853422215885E-11,20,1.76351920885484E-05,0.0000149,9.24221105527637E-11,2,1.31529464379659E-05,0.0000112,1.04633165829146E-10,4,1.91963538204525E-05,0.00001495,2.82489949748744E-10,2,0,59243
1.52643375224737E-05,0.0000111,1.64934673366834E-10,4,3.33766385365573E-05,0.0000267,8.01165829145729E-10,6,3.84642691338338E-05,0.00003165,1.47565577889447E-09,5,2.35902522241709E-05,0.00001845,3.55213567839196E-10,7,5.50613656161173E-06,3.78778103595877E-06,3.04554162272901E-11,22,1.67182534973005E-05,0.00001285,1.53706030150754E-10,5,1.39642400437689E-05,0.0000108,1.16371859296482E-10,4,1.42653426176871E-05,0.00000805,1.80881909547739E-10,1,0,59347
1.37840487520902E-05,0.000011,1.25015075376885E-10,7,3.00499584026334E-05,0.0000235,8.53979899497488E-10,7,4.40170421541475E-05,0.00003395,1.93457035175879E-09,8,1.63859696081739E-05,0.00001315,1.92902010050251E-10,7,6.87297236219409E-06,4.84668997585753E-06,4.74689727594961E-11,28,1.86279360101972E-05,0.0000139,2.40040201005025E-10,7,1.54272486205415E-05,0.0000113,1.55969849246231E-10,3,1.21243556529821E-05,0.0000079,8.65929648241206E-11,2,0,59449
1.57638827704344E-05,0.00001325,1.87816582914573E-10,8,4.31972221329104E-05,0.0000353,1.70290452261307E-09,10,4.70637865030004E-05,0.0000322,1.96884422110553E-09,9,2.08686367547092E-05,0.00001515,3.03615577889447E-10,5,8.77963852723275E-06,6.13316902264311E-06,7.73787217515144E-11,24,1.59843673631458E-05,0.00001345,1.25022613065327E-10,4,1.32664991614216E-05,0.00000950000000000001,1.41899497487437E-10,3,1.21860576069539E-05,0.00001025,6.32537688442211E-11,4,0,59554
1.44048602908879E-05,0.00001165,1.71756281407035E-10,7,3.77027850430177E-05,0.00003085,1.3209824120603E-09,8,5.02643014474488E-05,0.00003525,2.50118341708543E-09,5,2.05548047910945E-05,0.00001455,3.21082914572864E-10,3,1.01398453929787E-05,7.75981506939528E-06,1.0332292293495E-10,17,1.16619037896906E-05,0.00000920000000000001,5.34572864321608E-11,2,1.21037184369102E-05,0.00000785,1.07977386934673E-10,2,1.43527000944073E-05,0.0000114,1.36120603015075E-10,4,0,59656
1.3490737563232E-05,0.0000111,1.2486432160804E-10,6,2.3032585612562E-05,0.00002005,5.28520100502513E-10,5,3.9255572852781E-05,0.000028,1.51011055276382E-09,9,1.82482875908947E-05,0.0000149,2.98492462311558E-10,5,9.90926855382266E-06,8.14802646682399E-06,9.85396438734349E-11,19,1.27867118525444E-05,0.00000975,7.26608040201005E-11,3,1.42653426176871E-05,0.00000915,1.22208542713568E-10,1,1.51657508881031E-05,0.0000104,1.6521608040201E-10,2,0,59759
1.33416640641263E-05,0.0000113,9.38291457286432E-11,3,2.6429150572805E-05,0.00002175,6.14148241206031E-10,7,2.87836759292485E-05,0.00002365,7.9085175879397E-10,10,1.85472369909914E-05,0.0000147,2.74814070351759E-10,4,7.14922753968586E-06,5.14914307048032E-06,5.13118829525129E-11,20,1.38924439894498E-05,0.000011,7.45628140703518E-11,1,1.71464281994822E-05,0.0000126,1.38442211055276E-10,1,1.53460092532228E-05,0.00001165,1.04922110552764E-10,0,0,59862
1.34536240470737E-05,0.0000114,1.22321608040201E-10,3,2.83019433961698E-05,0.0000204,7.10462311557789E-10,7,3.44891287219611E-05,0.00002995,9.88520100502513E-10,6,2.13541565040626E-05,0.000016,3.83959798994975E-10,3,6.65903566846459E-06,4.5625966448765E-06,4.43949706889598E-11,30,2.0712315177208E-05,0.0000148,4.08954773869347E-10,2,1.51492574075431E-05,0.00001165,1.14510050251256E-10,3,1.46116391962025E-05,0.00001245,6.128391959799E-11,2,0,59966
1.77482393492989E-05,0.0000126,2.07879396984925E-10,2,3.33691474269272E-05,0.00002415,1.06480150753769E-09,7,3.15753068076939E-05,0.000027,1.00079396984925E-09,8,2.24053565024081E-05,0.0000167,4.68341708542714E-10,8,9.88339916791814E-06,6.80835843036923E-06,9.81449971735472E-11,34,2.81513765205185E-05,0.00002095,7.26409547738694E-10,4,1.48660687473185E-05,0.0000116,1.47778894472362E-10,4,1.17473401244707E-05,0.0000078,9.08442211055277E-11,4,0,60075
1.82071414560331E-05,0.00001245,1.84801507537688E-10,4,3.89615194775563E-05,0.0000316,1.45805025125628E-09,10,4.86877808079194E-05,0.00003925,2.38198743718593E-09,9,2.2781571499789E-05,0.0000179,4.90090452261306E-10,10,1.0327579479268E-05,7.6884750421678E-06,1.06915304870601E-10,24,2.46475150877325E-05,0.00001655,5.16962311557789E-10,5,1.47986485869487E-05,0.0000119,1.4748743718593E-10,2,1.41244468918255E-05,0.00001095,1.86369346733668E-10,5,0,60181
1.67630546142402E-05,0.0000137,2.02804020100503E-10,9,3.55387112878337E-05,0.0000271,1.19673366834171E-09,9,5.06705042406329E-05,0.00004195,2.4118567839196E-09,10,2.60096136072799E-05,0.00002085,5.48138190954774E-10,8,9.41580980503513E-06,7.58581280963545E-06,8.89873028784633E-11,23,1.72481883106603E-05,0.00001245,2.37062814070351E-10,4,1.14891252930761E-05,0.00001,8.05628140703518E-11,2,1.3490737563232E-05,0.0000119,1.60713567839196E-10,6,0,60285
1.68522995463527E-05,0.0000134,2.38954773869347E-10,5,2.90602821734408E-05,0.00002225,8.13163316582915E-10,4,3.80591644679701E-05,0.00003175,1.3374648241206E-09,8,2.16679486800205E-05,0.00001645,3.78268844221106E-10,5,8.75966577849025E-06,6.87889350444426E-06,7.71065791363637E-11,27,1.5556349186104E-05,0.0000135,7.07437185929648E-11,3,1.18953772533703E-05,0.00000935,8.02788944723618E-11,1,1.18321595661992E-05,0.00001,1.00814070351759E-10,6,0,60390
1.91180542943052E-05,0.00001545,2.90389447236181E-10,2,4.41418169086865E-05,0.00003425,1.82653015075377E-09,9,4.66368952654441E-05,0.0000393,2.12320603015075E-09,13,2.41246761636296E-05,0.0000192,5.18984924623116E-10,7,8.11027399181839E-06,5.91888562444538E-06,6.59863437080201E-11,34,1.78885438199983E-05,0.0000146,2.40201005025126E-10,5,1.51492574075431E-05,0.00001175,1.79273869346734E-10,4,1.38744369255116E-05,0.00001245,1.36178391959799E-10,5,0,60493
1.99874960913067E-05,0.00001575,3.29746231155779E-10,4,4.0348482003664E-05,0.0000266,1.46633165829146E-09,12,4.07798970082074E-05,0.0000309,1.5290351758794E-09,11,2.35053185470863E-05,0.00001705,4.3477135678392E-10,6,1.27634775858134E-05,8.64363043290606E-06,1.6363045374988E-10,41,1.90262975904404E-05,0.0000156,3.43467336683417E-10,6,3.6884956283016E-05,0.00002425,1.00261055276382E-09,8,5.45756355895193E-05,0.00002675,2.41215829145729E-09,5,0,60600
0.000388076667683075,0.00021525,1.50983997487437E-07,9,0.000197782709052131,0.0001105,3.81252663316583E-08,10,3.30151480384384E-05,0.0000245,9.92954773869347E-10,7,4.8150804770014E-05,0.00003635,2.30349497487437E-09,8,5.50425981845413E-05,3.41093328871333E-05,3.04177167908754E-09,36,7.84697393904173E-05,0.00005605,5.94854020100502E-09,7,0.000194176466133257,0.00012595,3.74272336683417E-08,10,0.000349517524596407,0.00020475,1.22775957286432E-07,11,0,60706
0.00044876385772475,0.0003414,2.01176874371859E-07,10,0.000279034048101661,0.0002211,7.76231155778894E-08,13,5.57584074378026E-05,0.0000433,3.12380904522613E-09,15,7.63642586554731E-05,0.00006355,5.74681155778894E-09,12,0.000103459515343068,6.85645241901652E-05,1.07572732341487E-08,32,0.000109781601372908,0.0000874,1.20120603015075E-08,11,0.000231573962266918,0.00019135,5.37274346733668E-08,15,0.000437100102951258,0.00034175,1.91449685929648E-07,13,0,60812
0.00033716390672787,0.00030025,1.09919173366834E-07,6,0.000253012845523701,0.00020515,5.96006809045226E-08,10,5.85960749538738E-05,0.00004195,3.39497236180904E-09,12,7.08237248385031E-05,0.0000518,4.69350753768844E-09,10,9.99418622130057E-05,6.2727509287138E-05,1.00324420961031E-08,26,0.000103341666330672,0.00007745,1.03451030150754E-08,7,0.000197781445034664,0.00015915,3.85176658291457E-08,12,0.000378522786632456,0.00030575,1.43927736180905E-07,10,0,60916
0.00031655331304537,0.0002886,1.0006624120603E-07,10,0.000274071158643152,0.0002101,7.47866834170854E-08,9,6.31228960045402E-05,0.00004395,3.86100251256281E-09,10,7.49966665925893E-05,0.00005575,5.43410804020101E-09,8,8.26841463078384E-05,5.84742785820468E-05,6.86473826275129E-09,18,0.000144924118075633,0.0001139,2.08077487437186E-08,3,0.000210613389887728,0.0001598,4.37239798994975E-08,12,0.000294887266595219,0.00020735,8.44918969849246E-08,10,0,61021
0.000268241495671345,0.00020405,7.17811030150754E-08,13,0.000277702178601465,0.00021845,7.74342688442211E-08,8,9.83590361888525E-05,0.00008365,9.28200753768844E-09,13,9.81223725762887E-05,0.0000778,9.45325628140704E-09,9,8.70987748846798E-05,6.63260328688057E-05,7.62266957017552E-09,26,0.000172442744121056,0.00014315,2.88855251256281E-08,9,0.000188778971286529,0.00014195,3.51808819095477E-08,13,0.000306293976434405,0.0002203,8.48895577889447E-08,9,0,61127
0.000414618499346086,0.00028245,1.71681203517588E-07,12,0.000326024538953742,0.000266,1.06335266331658E-07,7,0.000101602165331257,0.0000928000000000001,9.96883417085427E-09,14,8.75899537618328E-05,0.0000705,7.38492462311558E-09,15,7.82397334737472E-05,6.05018551839035E-05,6.14315692234925E-09,37,0.000127600940435406,0.0000953,1.62805929648241E-08,11,0.000155278781551119,0.00011715,2.35610829145729E-08,9,0.000377044427090496,0.00029835,1.1239625879397E-07,12,0,61231
0.000450586284744665,0.0003517,2.04044221105528E-07,14,0.000335881675594249,0.00029005,1.1237666080402E-07,11,0.000100670253799223,0.00008985,9.98134422110553E-09,13,9.42098720941707E-05,0.00008095,8.55919346733668E-09,13,0.000113274282169706,8.15402968981997E-05,1.28849980229829E-08,31,0.000223468118531481,0.0001424,4.81537688442211E-08,9,0.000231231485745346,0.0001959,5.19890552763819E-08,13,0.000335255872431789,0.00025715,1.06440399497487E-07,14,0,61340
0.000377419527846666,0.00028975,1.3304058040201E-07,9,0.000266744259544606,0.00021525,6.63505301507538E-08,8,0.000106423681575108,0.0000878,1.01517587939698E-08,10,0.0000978391537166998,0.00007975,9.40490201005026E-09,9,0.00011056148251676,7.50078152617419E-05,1.22836157774364E-08,28,0.000275233537200683,0.00021865,7.24858668341709E-08,8,0.000256778114332199,0.0002316,6.47140804020101E-08,13,0.000287684723264896,0.00021805,7.81049221105528E-08,10,0,61445
0.00035126983929737,0.00025105,1.19260238693467E-07,8,0.000239956246011643,0.000169,5.13068944723618E-08,7,8.1317279836453E-05,0.00006095,5.92657035175879E-09,8,7.1239034243875E-05,0.0000554,5.01909547738694E-09,9,7.22168444382551E-05,5.1411760062617E-05,5.1809717458834E-09,28,0.000206832057476591,0.00016855,4.23688417085427E-08,9,0.000237983192683853,0.0002102,5.6857879396985E-08,10,0.000281484457830268,0.00021885,7.91562185929648E-08,12,0,61549
0.000311711404988653,0.0002614,9.76490050251256E-08,13,0.000234775424608284,0.00020005,5.53086206030151E-08,9,9.04101764183657E-05,0.0000707,7.79682412060301E-09,9,7.23291089396241E-05,0.00006165,5.16027889447236E-09,11,6.72769973469456E-05,5.24631867201142E-05,4.54879708596474E-09,25,0.000186927793546064,0.0001411,3.46701407035176E-08,8,0.000197740992209506,0.00016005,3.80135050251257E-08,13,0.000525782274330354,0.0004298,2.76562452261307E-07,15,0,61655
0.000311981569968484,0.00027835,8.89506507537689E-08,11,0.000214553023749375,0.0001873,4.61983819095477E-08,6,0.000101054440773278,0.0000812000000000001,1.01546130653266E-08,8,9.66850557221746E-05,0.0000759,9.23793969849246E-09,11,9.11165342040814E-05,6.18389087593382E-05,8.33937235799883E-09,26,0.000327730071857924,0.0002486,1.07564572864322E-07,5,0.000201623411339061,0.0001554,4.08518492462311E-08,12,0.000576351021513799,0.000496149999999999,3.30005103015075E-07,14,0,61759
0.0003298901332262,0.00025615,1.08514510050251E-07,9,0.000282259632253711,0.00021895,7.67422085427135E-08,8,8.33816526581238E-05,0.00006565,6.86248994974874E-09,8,0.000103365855097319,0.00008145,9.91324371859297E-09,8,0.000127528737715115,8.68751267217509E-05,1.63273421846179E-08,31,0.000335867533411611,0.0002647,1.12689236180905E-07,7,0.000246850156977872,0.0002122,6.12234773869347E-08,8,0.000378189767180446,0.00029375,1.43005404522613E-07,13,0,61862
0.000381245983585401,0.00026335,1.45714168341709E-07,8,0.000372484227854013,0.00032055,1.39438630653266E-07,10,0.000102168977679137,0.00008025,1.04086407035176E-08,9,9.60989073819261E-05,0.0000792,8.91476381909548E-09,8,0.000135386096600412,9.72183735550528E-05,1.84103304770655E-08,32,0.000247852778882949,0.0001918,5.60259698492462E-08,9,0.000261893107965826,0.0002062,6.59693567839196E-08,8,0.000254242994003768,0.00018095,6.37853643216081E-08,12,0,61966
0.00035752692206322,0.00027465,1.25196781407035E-07,9,0.000303709565209922,0.00026265,9.2469283919598E-08,11,8.92440474205423E-05,0.00006255,7.97243969849246E-09,9,7.79775608749081E-05,0.00005945,5.97465075376885E-09,11,0.000138519330810049,9.30498651884315E-05,1.9275231381404E-08,39,0.000236605156325892,0.000187,5.28940603015076E-08,14,0.000225003333308642,0.00015935,5.0009243718593E-08,12,0.000246302659344149,0.0001923,5.46656884422111E-08,12,6,62071
0.00029480332426891,0.0002561,8.37996381909548E-08,11,0.000233494111274781,0.00019505,4.67519572864322E-08,9,4.53321078265725E-05,0.0000362,1.31079396984925E-09,8,6.2269575235423E-05,0.00004805,2.34868090452261E-09,10,0.000115960519618852,7.00867762260673E-05,1.35124926440707E-08,46,0.000206361333587472,0.0001734,3.83678793969849E-08,14,0.000135574702655031,0.00011735,1.45281180904523E-08,11,0.000303620651471536,0.00025375,9.26381281407035E-08,13,6,62174
0.000298006711333822,0.000234,8.79226532663317E-08,8,0.000275279857599498,0.0002009,7.45517587939699E-08,8,6.43389462145596E-05,0.00005345,3.79557537688442E-09,9,7.4172097179465E-05,0.00005825,4.49032914572864E-09,6,8.63622812856061E-05,6.48312346023208E-05,7.49588796718446E-09,35,0.000243923143633399,0.00020295,4.9917364321608E-08,13,0.000259074313663088,0.00017315,6.54261281407035E-08,11,0.000368682790485263,0.0003064,1.36559386934673E-07,11,6,62279
0.000237438413067473,0.0001702,5.60220703517589E-08,6,0.00022486996242273,0.00015985,5.02099271356784E-08,9,7.81664889834512E-05,0.000058,6.08860301507537E-09,8,8.57612966319889E-05,0.000066,6.80823115577889E-09,4,0.000105887458544186,8.52696614914663E-05,1.12494928656803E-08,29,0.000258669673522042,0.0002215,6.48821608040201E-08,10,0.00025280723882041,0.00015735,5.90298467336683E-08,11,0.000334606485292799,0.00028025,1.04925826633166E-07,8,6,62383
0.000118671816367662,0.0000874,1.40365427135678E-08,5,0.000142861821351962,0.00012605,2.05107311557789E-08,9,0.000105702412460643,0.0000799,1.12059899497487E-08,6,8.67496397687045E-05,0.00007115,7.49656030150753E-09,7,0.000109458990525635,8.56407959674269E-05,1.20305250200729E-08,27,0.000280924367045652,0.00023985,7.19078165829146E-08,7,0.000194222810194889,0.00015715,3.79050025125628E-08,9,0.000293131369866823,0.0002609,7.73636582914573E-08,7,6,62488
0.000269755444801398,0.0001829,6.70972361809045E-08,7,0.000174908547532703,0.0001425,2.96916984924623E-08,10,0.000104864197894229,0.00008185,1.05936457286432E-08,8,9.0980767198348E-05,0.00007445,7.92309296482412E-09,12,0.00011450802432259,8.83047778222321E-05,1.31760430724199E-08,29,0.000313990445714515,0.0002603,9.90347638190955E-08,9,0.000201950488981829,0.0001729,3.97927135678392E-08,12,0.000322405024774739,0.0002762,9.70859396984924E-08,9,6,62591
0.000312235488053488,0.0002486,8.09174974874371E-08,15,0.000146408674606391,0.00010525,1.81213844221105E-08,13,0.000125751739550592,0.00009285,1.58922386934673E-08,10,8.52701589068532E-05,0.0000686,7.03391959798996E-09,12,0.000111242719262633,8.41975339987518E-05,1.23813966222819E-08,31,0.000286193116618831,0.00024895,6.74694447236181E-08,11,0.000138596536753268,0.0001224,1.92294572864321E-08,15,0.000272690300524239,0.0002306,7.46593366834171E-08,12,6,62694
0.000235590746847154,0.0001695,5.32693467336683E-08,18,0.000103963936054769,0.0000799500000000001,1.05353743718593E-08,16,0.00011817783210061,0.0000772,1.37947236180905E-08,9,6.32811188270245E-05,0.00005595,4.02279145728643E-09,12,0.000119880101904095,9.10528681140677E-05,1.44274289525872E-08,27,0.00024353028559093,0.0002238,5.8833879396985E-08,15,0.000157946193369768,0.0001364,2.50717185929648E-08,17,0.000199914981929819,0.0001738,3.92743316582915E-08,12,6,62796
0.000250193924786354,0.0001696,6.06056180904523E-08,15,0.000132223295980701,0.0001014,1.6843608040201E-08,13,6.3545259461269E-05,0.0000453,3.32019095477387E-09,8,6.50461374717977E-05,0.0000509,3.77900502512563E-09,10,0.000111177206341327,8.33698857963975E-05,1.23957612105673E-08,25,0.000194433793359076,0.00015715,3.70255251256282E-08,13,0.00015501451544936,0.00012915,2.40319371859297E-08,15,0.000237806644146037,0.0001607,5.49344221105528E-08,13,6,62900
0.000213425631075558,0.00015125,3.41326407035176E-08,13,0.000149974997916319,0.00011645,1.80195954773869E-08,10,0.000120935933452386,0.00008545,1.23978668341709E-08,9,7.45989276062331E-05,0.000052,4.91356783919598E-09,6,6.37845256195316E-05,4.4797254927173E-05,4.06708963443274E-09,43,0.000130518197964882,0.0000955,1.71189045226131E-08,11,0.000109318342468224,0.00008535,1.04464296482412E-08,12,0.000216662179440714,0.00012785,4.01290829145729E-08,13,6,63003
0.000248700623240072,0.0002054,5.96602914572864E-08,17,0.000186421565276124,0.0001442,3.44716683417085E-08,11,0.000124871934396805,0.0000827999999999999,1.54854673366834E-08,13,7.71459655458404E-05,0.00006075,5.72572613065326E-09,10,9.40340110531549E-05,6.61581243074269E-05,8.88378567168805E-09,41,0.00017170905625505,0.0001127,2.93101407035176E-08,13,0.000102325461152149,0.0000756500000000001,8.82128391959799E-09,14,0.000145287645723922,0.00012085,2.0258067839196E-08,12,6,63106
0.000309436584779499,0.0002556,9.61995075376885E-08,16,0.000203193257762161,0.00015975,4.12642989949749E-08,10,9.73704267218749E-05,0.0000716,9.34818090452262E-09,14,7.32563990378997E-05,0.00006015,5.34630904522613E-09,13,0.0000994582737522003,7.65361244906519E-05,9.93545601476859E-09,25,0.000186789989025108,0.00013795,3.49100477386935E-08,9,0.000117530847014731,0.00008555,1.3854148241206E-08,13,0.000229347988872804,0.00019615,5.28013040201005E-08,14,6,63208
0.000326026839385962,0.00024295,9.04255653266332E-08,12,0.000206406153009061,0.00015255,4.13625100502512E-08,13,8.51263766408509E-05,0.00006135,7.2680175879397E-09,10,6.14654374425172E-05,0.0000425,3.75452261306533E-09,10,6.70980567015387E-05,5.00234150217165E-05,4.51069894701389E-09,36,0.000126435754436789,0.0001013,1.58579296482412E-08,9,9.9151399384981E-05,0.0000747,9.48639195979899E-09,9,0.00025286063355137,0.00020695,6.26477361809045E-08,10,6,63312
0.000281298773548695,0.0002214,7.41855175879397E-08,11,0.000176655031063369,0.0001259,2.95909547738694E-08,9,8.89578551899718E-05,0.00006665,0.0000000079245,7,6.36906586557244E-05,0.00004795,3.90043969849246E-09,9,8.9190344257142E-05,6.43626173664644E-05,7.98605185313019E-09,29,9.80688533633386E-05,0.00007925,9.6240175879397E-09,13,7.79743547584717E-05,0.0000657,6.10427135678392E-09,8,0.000207676431017099,0.00017415,4.05071130653266E-08,6,6,63414
0.000162616112362828,0.0001323,2.59686834170854E-08,9,0.000101921538449927,0.0000831,8.97362814070352E-09,8,0.000104115320678563,0.0000912,9.61357788944723E-09,9,6.58141322209752E-05,0.00005615,3.45776633165829E-09,12,8.61532174032164E-05,6.26589641939994E-05,7.44883149787252E-09,30,0.00011551839680328,0.00008965,1.31558768844221E-08,15,0.000102693719379522,0.0000867,1.05394070351759E-08,11,0.000145244621242922,0.0001223,2.07878492462312E-08,11,6,63517
0.000163967984679937,0.00012205,2.70163793969849E-08,10,0.000140349563590344,0.0000957,1.96709145728643E-08,14,8.21249048705689E-05,0.0000755500000000001,5.96492211055276E-09,16,5.20960651105244E-05,0.000047,2.4233567839196E-09,15,4.6695545268107E-05,3.48209900297814E-05,2.17539165665013E-09,46,0.000110421918114114,0.0000788,1.20033768844221E-08,14,8.97524372928112E-05,0.00006955,8.07034924623116E-09,9,9.4984209213953E-05,0.0000703000000000001,8.94792964824121E-09,15,6,63624
0.00021606249096037,0.0001708,4.45729748743719E-08,14,0.000187195085405574,0.0001446,3.40562814070352E-08,13,8.64551907059374E-05,0.00007435,7.49125376884422E-09,16,4.61356694976891E-05,0.00004105,2.10240954773869E-09,16,5.12482087716639E-05,3.50131414745816E-05,2.63586556969661E-09,36,8.92160299497798E-05,0.00007425,7.97179648241206E-09,12,6.24419730629967E-05,0.0000523,3.52458291457287E-09,9,9.7619157955803E-05,0.00007385,9.28522361809045E-09,14,6,63728
0.000201498138949222,0.00016365,3.87111331658291E-08,15,0.000151013244452266,0.0001102,2.22138190954774E-08,12,8.37018518313663E-05,0.0000699,6.11240201005025E-09,13,3.9446165846632E-05,0.0000332,1.41667336683417E-09,12,5.42811245112668E-05,3.8455533777462E-05,2.96027703732819E-09,24,9.76396435880426E-05,0.00008485,8.89414824120603E-09,11,6.08152941290264E-05,0.0000511500000000001,3.36751507537689E-09,11,0.000135909896622726,0.00010875,1.67361582914573E-08,14,6,63832
0.00015560526983364,0.0001295,2.4148783919598E-08,16,0.000151148933175196,0.0001111,2.22389547738694E-08,12,7.54784737524547E-05,0.0000631,4.7347135678392E-09,14,6.0778285596091E-05,0.000046,3.13366834170854E-09,10,7.73348208888485E-05,5.05590780625953E-05,6.00969527242526E-09,21,0.000131734581640509,0.0001107,1.74302613065327E-08,8,3.91152144312159E-05,0.0000339,1.52079396984925E-09,9,0.000148086123590295,0.00010895,2.19761783919598E-08,12,0,63940
0.000158907205626428,0.00013215,2.5168540201005E-08,16,0.000167326029057048,0.0001434,2.73731055276382E-08,13,9.13947482079796E-05,0.0000729000000000001,7.26708542713568E-09,15,6.39335592627221E-05,0.00005165,3.54590703517588E-09,10,9.09319362865478E-05,6.6305930696225E-05,8.31014268567672E-09,19,0.000129695797927304,0.0001097,1.68294572864322E-08,7,4.84148737476408E-05,0.0000412,2.20619095477387E-09,9,0.000121492798140466,0.00008555,1.45947713567839E-08,12,0,64045
0.000158380870056961,0.00013555,2.51049623115578E-08,13,0.000145953759800836,0.00012965,2.12636155778895E-08,13,9.45409963983879E-05,0.0000695,8.89221105527638E-09,11,4.83476990145343E-05,0.00004095,2.1185703517588E-09,10,7.88298940371478E-05,5.93808236072497E-05,6.24537670840998E-09,23,0.000116389432510001,0.00008795,1.20583693467337E-08,12,9.34665715643834E-05,0.0000706,8.7123216080402E-09,8,0.000127506862560413,0.0001027,1.59132060301508E-08,12,0,64150
0.000156171380220577,0.00012105,2.42627512562814E-08,11,0.000121926207191071,0.0000961,1.48146331658291E-08,9,8.28522781823168E-05,0.00006435,6.65284170854271E-09,6,5.13078941294612E-05,0.00004155,2.62841959798995E-09,10,5.83734965524387E-05,3.76020085704787E-05,3.42416445652472E-09,25,0.000117866449848971,0.00007745,1.335658040201E-08,10,9.37629990987916E-05,0.0000718500000000001,8.64289195979899E-09,8,0.000123304501134387,0.0001024,1.52774974874372E-08,10,0,64254
0.00017720750548439,0.00013635,3.07807814070352E-08,14,0.000120629598357949,0.00008475,1.44637964824121E-08,10,6.08522801544856E-05,0.0000517,3.65403015075377E-09,9,5.32400225394393E-05,0.00004615,2.72823869346734E-09,10,3.56759651843678E-05,2.43475590356553E-05,1.27914288224292E-09,38,9.50920606570286E-05,0.00007035,9.02441959798995E-09,10,6.76313536756437E-05,0.000058,3.1072864321608E-09,13,0.000144371049729508,0.0000932,1.81776381909548E-08,15,0,64359
0.000165313338844753,0.00012285,2.6874811557789E-08,12,0.000128366662338786,0.0000949,1.54927035175879E-08,11,4.27726548158984E-05,0.00003435,1.68291206030151E-09,12,4.78643917750973E-05,0.0000419,2.16493467336683E-09,9,4.41350592731991E-05,3.18653892475253E-05,1.95428381999941E-09,40,8.22526595314705E-05,0.00006765,6.67455025125628E-09,13,5.64136508302733E-05,0.00003955,3.04019849246231E-09,11,0.000146802588533036,0.0000901,2.16331557788945E-08,15,0,64462
0.000115280093684903,0.00007755,1.32959170854271E-08,5,7.89461842016446E-05,0.00006135,6.13662060301508E-09,4,5.34509120595711E-05,0.0000395,2.38492462311558E-09,10,4.40511066830335E-05,0.00003435,1.26823869346734E-09,7,5.60402876232617E-05,4.47779486885294E-05,3.15361583592841E-09,23,6.80257304260674E-05,0.00005065,4.34472110552764E-09,11,2.72855272992845E-05,0.00002195,6.78168341708543E-10,5,7.67463354173996E-05,0.0000571,5.84176884422111E-09,8,0,64566
8.62960022249003E-05,0.0000579000000000001,7.30395979899497E-09,5,4.43057558337514E-05,0.0000335,1.96055276381909E-09,5,4.94924236626173E-05,0.00003415,2.29065075376884E-09,10,3.55808937493144E-05,0.0000245,1.14174874371859E-09,8,4.65961127938162E-05,3.27071712397264E-05,2.17964131295462E-09,20,5.60267793113258E-05,0.0000433,2.62311557788945E-09,13,2.66082693913001E-05,0.0000213,4.85427135678392E-10,4,4.42662399577827E-05,0.00002775,1.61223869346734E-09,7,0,64674
3.48066085679142E-05,0.00002795,1.08582663316583E-09,6,2.26825924444275E-05,0.00001685,5.10027638190955E-10,8,2.53377189186399E-05,0.0000205,4.9808040201005E-10,12,2.62392835268038E-05,0.00001995,6.62108040201005E-10,11,1.23072184676405E-05,9.88817222374185E-06,1.52189789659978E-10,22,3.88973006775534E-05,0.0000336,1.00727638190955E-09,8,1.85202591774521E-05,0.0000141,1.72251256281407E-10,4,1.39463256809813E-05,0.00001055,1.86731155778894E-10,7,0,64782
1.83983694929741E-05,0.00001685,2.97082914572864E-10,8,2.42280828791714E-05,0.0000176,5.71366834170855E-10,9,2.73769976440076E-05,0.00002175,7.17685929648241E-10,10,3.05286750449475E-05,0.0000235,9.05165829145728E-10,13,1.05065650961962E-05,8.14487968351204E-06,1.10848439886643E-10,25,2.71753564834024E-05,0.00002265,2.40178391959799E-10,1,1.74212513901843E-05,0.00001405,1.54208542713568E-10,6,1.50831031289984E-05,0.00001205,1.08138190954774E-10,7,0,64893
2.00249843945008E-05,0.000018,3.30402010050251E-10,9,2.56124969497314E-05,0.000021,6.4321608040201E-10,8,3.1851216617266E-05,0.00002425,9.07736180904522E-10,8,2.87228132326901E-05,0.0000233,6.20743718592965E-10,6,7.87009234543604E-06,5.27795528195173E-06,6.20084774305829E-11,24,1.69263108798108E-05,0.00001365,1.16781407035176E-10,2,1.31719398723195E-05,0.00001155,7.48718592964824E-11,3,1.32664991614216E-05,0.0000108,8.42613065326633E-11,7,0,65003
1.61245154965971E-05,0.0000118,1.86974874371859E-10,6,2.74226184016042E-05,0.0000231,7.55527638190955E-10,10,4.63842645732365E-05,0.00003275,2.08884170854271E-09,11,2.77668867538296E-05,0.0000233,5.6356783919598E-10,7,7.62598153038237E-06,5.18037210761251E-06,5.84017488329031E-11,23,1.51327459504216E-05,0.0000125,9.02110552763819E-11,4,1.20830459735946E-05,0.00001,4.62311557788945E-11,0,1.14017542509914E-05,0.00000990000000000001,3.99497487437186E-11,5,0,65114
1.113552872566E-05,0.0000069,9.08140703517588E-11,2,3.70337683742824E-05,0.00002825,1.28285175879397E-09,11,6.33758629132575E-05,0.00004925,3.88090201005025E-09,14,2.68979553126255E-05,0.00001955,6.60379396984925E-10,10,8.24714863984348E-06,5.92242291032443E-06,6.83332779687124E-11,21,1.45773797371133E-05,0.00001105,1.05907035175879E-10,2,1.07470926301023E-05,0.00000725,7.02889447236181E-11,1,1.25299640861417E-05,0.0000101,6.70854271356784E-11,3,0,65223
1.57797338380595E-05,0.0000121,1.07929648241206E-10,2,3.75832409459323E-05,0.00002855,7.42811557788945E-10,5,5.32306302799431E-05,0.00004025,2.27125376884422E-09,11,3.24499614791759E-05,0.0000244,8.38150753768845E-10,8,1.04291402032254E-05,6.81940188273134E-06,1.09304052939719E-10,18,1.3838352503098E-05,0.00001015,1.13746231155779E-10,2,1.24498995979887E-05,0.0000085,1.09306532663317E-10,6,1.22678441463853E-05,0.00000995000000000001,1.29525125628141E-10,4,0,65334
2.17715410570772E-05,0.000019,2.87748743718593E-10,5,2.88270706107991E-05,0.000025,5.34381909547739E-10,5,3.97932155021431E-05,0.00003325,9.90650753768843E-10,8,3.49785648647854E-05,0.00002925,1.13605778894472E-09,9,1.48798497471449E-05,1.00070423361353E-05,2.22522539551064E-10,26,1.34536240470737E-05,0.0000113,1.15969849246231E-10,4,1.21655250605964E-05,0.00000950000000000001,1.08854271356784E-10,9,1.17046999107196E-05,0.00000920000000000001,1.18231155778894E-10,3,0,65447
