0.0169519218400348,0.000522700000401533,0.000751810961594134,0.000524291733244288,0.000823902329758864,0.00107368512224892,0.000414252892123705,0.0118656803736622,0.000414252892123705,0.00472449397488328,0.000288599385102625,2.74582883892094e-07,5.68054940364468e-07,2.76226868344603e-07,6.82223720011027e-07,1.15851626287448e-06,1.72462943761156e-07,0.000141369749963883,1.72462943761156e-07,2.2432057421899e-05,0.0134756919983637,0.000344197152226624,0.000482837193450507,0.000350617250475694,0.000567018886836071,0.000557538537529844,0.000293836460463587,0.00929549252804634,0.000293836460463587,0.0025363516533679,0.000574428811410922,5.46373998973542e-07,1.13035590008628e-06,5.49666188999011e-07,1.35752556015953e-06,2.30012173961611e-06,3.43145944578918e-07,0.000281430168854788,3.43145944578918e-07,4.46261978495724e-05,0.00913317765068633,0.000265899927619168,0.000298590208402772,0.000231816879684419,0.000254081160209617,0.000329433554604986,0.000258831107183349,0.0102587690704285,0.000258831107183349,0.00173931939607664,0
0.0138299654634925,0.000240860682859082,0.00071937681648645,0.000231381052737577,0.000753666136481732,0.000330371014911641,0.00584241716488783,0.00758446350632379,0.000228075992447243,0.00132520889285045,0.000192055200195937,5.82808179426333e-08,5.20078077087675e-07,5.37099594115644e-08,5.70866160438829e-07,1.09591583938543e-07,3.39084393425067e-05,5.74550972432483e-05,5.22754416464304e-08,1.76495916347073e-06,0.011385303337052,9.03608355913104e-05,0.000382146409719256,6.59676600776175e-05,0.000443922854767249,0.000127604714515823,0.00189668042122348,0.00617657261709017,5.79697935567202e-05,0.000847086293347576,0.000382306721012937,1.15755544579587e-07,1.03238845335478e-06,1.06699397973561e-07,1.13583875549069e-06,2.18188425939153e-07,6.78723209530759e-05,0.000114681852920106,1.03742927035604e-07,3.51230324555016e-06,0.0078850383648854,6.05479124996718e-05,0.000226403211120747,4.14372875129062e-05,0.000202285797010282,6.84595073149317e-05,0.00189649993105263,0.00361564001210804,3.66976455271899e-05,0.000606891698406667,0
0.0160301859765238,0.0312085547368755,0.0272233408025441,0.00852203834908253,0.00289574418576711,0.0010045000122115,0.072517903197004,0.0169879262884673,0.0423636005788661,0.00604472799034865,0.000258151987826437,0.000978795964495889,0.000743624711398734,7.29208683143499e-05,8.42642036269537e-06,1.01400861624371e-06,0.00528521836394113,0.000290015544054946,0.00180369151009201,3.66915504105322e-05,0.013028885832242,0.019892967403491,0.0174154775342833,0.00499747926467323,0.00173904269626173,0.000538598729022008,0.0505116357606647,0.0140172788282448,0.0288050927449984,0.00459791330227313,0.000513827378259208,0.00194787358860557,0.00148098403030943,0.000145176663425634,1.67515197869058e-05,2.0177812613397e-06,0.0105172122205438,0.000577145168127013,0.00358933812953398,7.30414333536001e-05,0.0117513149076977,0.0220073011791244,0.0165382150083955,0.0057606034535027,0.00140147604160256,0.000421375885090321,0.0355247489823951,0.0106846206477743,0.0363950204556966,0.00430043649606385,1
0.0168744020947573,0.0067206852231908,0.00701850516035153,0.00146327016576393,0.000716547313316273,0.000439804566486403,0.0322038520395205,0.00852525162532212,0.0293742515525171,0.0191213989830845,0.000285891283971709,4.53182549262909e-05,4.841113835907e-05,2.08516659505944e-06,5.1527578179737e-07,1.9426767045344e-07,0.00104229738981488,7.30418088876276e-05,0.000866964319718408,0.000365774855288573,0.0137538506002749,0.00467737491772945,0.00492178022102156,0.00104986961423595,0.000464488619483333,0.000271077893410025,0.0239925708807379,0.00691802875207083,0.0214894041865664,0.0129952228942176,0.000569205618304667,9.02592019778224e-05,9.74173743522175e-05,4.21549718247837e-06,1.02613610207161e-06,3.86504459235854e-07,0.00207407364737789,0.000145342538699641,0.00172542727690219,0.000729572795265566,0.00922417803370117,0.00354350391233596,0.00571028934420975,0.00151693233822441,0.000277791520541494,0.00019003219109653,0.0192201168698345,0.00485298070605387,0.014526897708724,0.0096105004987488,1
0.0138912063231691,0.00123929526869857,0.00069501736280523,0.000405049842508388,0.000769841988610055,2.70337938837111e-05,0.00930085185962832,0.0090271542152924,0.00251056727605679,0.0115788438580778,0.000193121751059409,1.54336030091656e-06,4.84121728095609e-07,1.6480625260331e-07,5.95534345022896e-07,7.22435253738678e-10,8.63713186008846e-05,8.13816910084463e-05,6.16936536975545e-06,0.000133645116785574,0.0113434317841157,0.000916741168645282,0.000423370045054684,0.000167124732155619,0.000410145871846155,2.00759311021505e-05,0.00666195434357217,0.00700397179732942,0.00171793305987186,0.00859453583185876,0.000385110533373622,3.07084070707215e-06,9.63490164267269e-07,3.2560158056784e-07,1.18081090426783e-06,1.44964896703194e-09,0.000172445005408137,0.000162435697426327,1.24413943471282e-05,0.000267044937784354,0.0084014007917405,0.00138034312770244,0.000277514554094404,0.000100258796835152,0.000267802250185471,3.19051560055897e-05,0.00508696304921165,0.00535072950556597,0.00271061061835851,0.0137193972861387,0
0.0168245657657812,0.000211112447366069,0.000718314210438513,4.46036674501389e-06,0.000895281024768229,1.78448580768614e-06,0.00079206775847119,0.00721277896901592,0.000147438670169872,0.00110216292497408,0.000283737276708284,4.47057723562703e-08,5.18509203218468e-07,1.96602753832184e-11,8.05000529924013e-07,3.10699722707336e-12,6.26443600934476e-07,5.21592301463761e-05,2.14630046865672e-08,1.21111015245524e-06,0.0136871054254081,5.83413284268069e-05,0.000401711922276213,3.36289031810098e-06,0.000552834898728819,1.26523480066267e-06,0.000441805193611397,0.00568977159197955,9.90446116231845e-05,0.000810591884743613,0.000565380556625807,8.86854998469419e-08,1.03085093423895e-06,3.94567806166344e-11,1.60160119173508e-06,6.27584569440637e-12,1.25028115688114e-06,0.000103911981478302,4.30938445784239e-08,2.41821874895786e-06,0.010647766788778,4.87055083487988e-05,0.000251804229125664,5.23585996886627e-06,0.000244121184322461,1.97992889923325e-06,0.000265444722212315,0.00393026514491149,0.000157980297556478,0.00102321313254109,0
0.0153759822548387,0.0800713792473435,0.0192270013225411,0.00621484859878585,0.00230125139098095,0.000320017203868643,0.0418249605403658,0.0115489244999341,0.0611563188171688,0.0227918374829445,0.000237574601294603,0.00644208515516947,0.000370474622135196,3.86600757114822e-05,5.3173117767087e-06,1.02902818676451e-07,0.00175563416548631,0.000133862081700871,0.00375057821980384,0.000520831710893281,0.0122449187572206,0.0490337200608902,0.0114485129378437,0.00385154469658788,0.0013266694086428,9.90393689528581e-05,0.0241359048255455,0.00883652675245035,0.0370757758471119,0.014029260123119,0.000472796449342038,0.0128210353655314,0.000738293658796706,7.70788232191372e-05,1.05838924153015e-05,2.04799296205706e-07,0.00349606402853361,0.000266567040952422,0.00747192050580745,0.00103769167362239,0.00956959216447674,0.0556656525822518,0.00989249010949219,0.00285899293854987,0.0011407442538312,7.25804135021103e-05,0.0253248373237482,0.00902414687571591,0.0399973926476621,0.0163970126665864,1
0.021360278551905,0.0655610496381562,0.0130277933288256,0.00462813302167059,0.0017360236077902,0.000533612715380773,0.0404926766768096,0.0145726746172197,0.0615607728448844,0.0165560032950015,0.000458343759538628,0.00431587289937901,0.000168779270347289,2.13538467883917e-05,3.02086966999807e-06,2.86171921829015e-07,0.00164764742787817,0.000213429989002154,0.00377966548383114,0.00027239482803788,0.0167270779260434,0.0475217146174382,0.0100030561678571,0.00337128357176812,0.00107230904481908,0.00023190522390268,0.0337701775542234,0.0113835987469528,0.0497422669925775,0.012997299429054,0.000912308875694259,0.00859244325721396,0.000337643762854576,4.26657182712819e-05,6.01850787555571e-06,5.6837494920094e-07,0.00327893483311877,0.000424722879019411,0.0075504927984514,0.000545134070037095,0.016828738564809,0.0493853599235229,0.0108713688756835,0.00329368029368585,0.000729779925186362,0.000190519106635628,0.0378243989099696,0.0090527488112995,0.0507377979476445,0.0124082689427298,1
0.0173407057983699,0.0060535461666427,0.00249253327164719,0.000408061649118458,0.000742635561492418,0.00236024587046132,0.0216556028531622,0.0121090023084991,0.0170129203209656,0.0338710101694582,0.000301134746762996,3.63885102978662e-05,6.16717963963949e-06,1.67134350559106e-07,5.54265704095922e-07,5.59791729529765e-06,0.000470657685617431,0.000147302242102949,0.000285597172546368,0.0011510700637341,0.0142952332555269,0.00463623397057389,0.00191150832564088,0.000284033405528999,0.000425989351996354,0.00121888434359497,0.0168646037786945,0.00988451828744578,0.0126407261657459,0.0267597788508467,0.000600326790503551,7.28519872675432e-05,1.23344331701882e-05,3.32460426700569e-07,1.10267179205056e-06,1.11400227325982e-05,0.000937245094766069,0.000293193117935829,0.000573605438883181,0.00229255834515104,0.00940448803300533,0.00729434845731005,0.00282829818768691,0.000386248522157842,0.000210013285557465,0.00130531962510778,0.0155102032715753,0.0122755229607212,0.0198141558733644,0.0276628119564126,0
0.0158555405655465,0.00042291397646803,0.000639732974684274,0.000234505709290111,0.000712554490393987,0.000855702539371325,0.00741061264886693,0.00732362149968651,0.00210373106380282,0.00586516013135312,0.000252567549991705,1.74435960286638e-07,4.10304852447857e-07,5.52652648454484e-08,5.10068184594086e-07,7.35339507295844e-07,5.49916635991375e-05,5.38994796661876e-05,4.40710203001497e-06,3.4089961602789e-05,0.0119896686256304,0.00030002362525089,0.000372446597036467,8.62892866332881e-05,0.000397664115233547,0.000609832331370368,0.00571748266098522,0.00595222673665038,0.00124826631976488,0.00436205497296867,0.000502699645144551,3.5241979269074e-07,8.17217083803393e-07,1.09710418239255e-07,1.0152515263644e-06,1.46336053608624e-06,0.000109632286801581,0.000107258232258646,8.80948149102919e-06,6.83196063594435e-05,0.0116083569800067,0.000469061145317502,0.000183548264907187,5.69336613978767e-05,0.000248782577372819,0.000893855677103726,0.00443899103844892,0.00491213982059618,0.00149078185036939,0.0066542588553627,0
0.0029881539431426,0.0398900374265469,0.00626136215590677,0.00306806927394712,0.00140163280538776,0.000350488440312557,0.012226121049993,0.00617458495287921,0.0338080773612837,0.0137500620776844,8.96249516593277e-06,0.00159815625440955,3.93948372439038e-05,9.4157930928466e-06,1.96667331311836e-06,1.23449205801434e-07,0.000149851371415543,3.83170752674375e-05,0.00114863219206038,0.000189914480527113,0.00227015521802508,0.016384857725693,0.00196425766248881,0.00126001982062577,0.000628010456908924,0.000112870608763764,0.00813567559509367,0.00490808048714287,0.0133938906244874,0.00527702664540334,1.78385091581658e-05,0.003181043185932,7.83672992383449e-05,1.87799107495138e-05,3.91747768623582e-06,2.45193740996154e-07,0.000298577791800769,7.62273484163032e-05,0.00228570533641,0.000377993899591307,0.00195581340760663,0.0186406541230527,0.00223270047135744,0.00128022589239941,0.000407737799434474,8.39052326285815e-05,0.00751940996025582,0.00441156816769467,0.0165217732234538,0.00667345445329068,1
0.0122138592258802,0.0740580333155988,0.0467108192873535,0.012488794022679,0.00615124390053714,0.00193153962294003,0.0716780531473529,0.0141485325192124,0.0820194441489841,0.0311420183899868,0.00014966059458436,0.00550689012231837,0.00219270497473838,0.000156661245423463,3.80173546804157e-05,3.74959150676871e-06,0.00515509698899582,0.000201132272936147,0.00676089436920221,0.000974416110323368,0.00979226038035455,0.0601747593327936,0.0379795259229504,0.00878620128840007,0.0036582970383874,0.00135463588457151,0.055950859528364,0.0112843484465578,0.0652570183760098,0.0211212342894536,0.000298080825141436,0.0109633582098676,0.00436352737105689,0.000311749133600653,7.56557772965246e-05,7.45878584865473e-06,0.0102670144710499,0.000400305615958736,0.0134541128450485,0.00193936664074224,0.00749617881689975,0.0480329545544251,0.0242970530743036,0.00747811997076119,0.00324045796672845,0.00101974928937389,0.0387242960563234,0.00992729498426747,0.040545645817309,0.0173121133694413,1
0.00547134251846661,0.0469469601051351,0.0132868545072205,0.0010944310770307,0.000757861465426205,0.000154792586833378,0.0426821272097996,0.00990167551675696,0.0382017512458138,0.047249880917407,2.99866544962431e-05,0.00221419213006362,0.000177307384779308,1.19621249703578e-06,5.77238088435865e-07,2.40438805333372e-08,0.00182645547226445,9.85314663394599e-05,0.00146664295544092,0.00224371621094437,0.00430804696906925,0.0369392996281962,0.00904760714776847,0.000838965307444839,0.000441461856223395,0.000104678203155841,0.034829173913835,0.00788088784754782,0.0283984033270603,0.0333660011550534,5.97721575603586e-05,0.00440710915608616,0.00035296025984085,2.38796805762875e-06,1.14565963000957e-06,4.78831299586312e-08,0.00363892806310409,0.000196081655707844,0.00291867277649214,0.00446494280052076,0.00349367254049573,0.0314821915496071,0.00984832890089489,0.00121137637034441,0.000240620266735733,0.000142691583711547,0.0282282638338601,0.00843601909974568,0.0215256717809259,0.0362426936529594,1
0.00205549703467926,0.00648091954949991,0.00140185846407845,0.000342376846913981,0.000786161329989149,5.63354767924684e-06,0.0117980742831607,0.0058002940604655,0.00497887353074221,0.00754450235173251,4.23834702076908e-06,4.21323901604874e-05,1.97480717837144e-06,1.17761969218812e-07,6.21083201607184e-07,3.14464846496033e-11,0.000139818339432342,3.3797287908509e-05,2.48625152654489e-05,5.67656431740682e-05,0.00147021076804708,0.00456431268585651,0.000985238296852058,0.00016739578133664,0.000461515847393789,4.09083914288044e-06,0.00967769155421353,0.00473739387457588,0.00352512966105775,0.00560406026841924,8.44200265367712e-06,8.3921718735552e-05,3.92969389958811e-06,2.33266609755452e-07,1.23504071529368e-06,6.30249940863714e-11,0.000278313734803392,6.72620100011004e-05,4.95180152972196e-05,0.000113391510057644,0.000880216173964324,0.00726996812470325,0.00130798176345639,0.000105699514766672,0.00022757777355079,6.23811253324264e-06,0.00733310365415116,0.00350138440471696,0.00481831120724813,0.00569485104917405,0
0.00227495074064337,0.000369251196517168,0.00101559296424933,0.000326224021608497,0.000556974407889059,0.000318565341147671,0.0117685595410116,0.0072884447020016,0.0112968943551511,0.00536707005551391,5.20095702081888e-06,1.36278203391451e-07,1.03643836333848e-06,1.06955616042299e-07,3.11528072318492e-07,1.01967776837597e-07,0.000139074020464011,5.33857738240311e-05,0.000128241356254403,2.89135165076715e-05,0.00157610538939785,0.00025385217406608,0.000541717954960771,0.000119773103512776,0.00026611595365016,8.94217085612847e-05,0.00940133884850898,0.00546339843671672,0.00691736335403855,0.00435660838889971,1.03495597123041e-05,2.71935868110687e-07,2.06240147077335e-06,2.11729428832985e-07,6.20190873595376e-07,2.01820714191978e-07,0.000276875993310163,0.000106239822278281,0.000255219673244741,5.75481619015621e-05,0.0010613584393261,0.000408454098946638,0.00027957474993796,6.65282652013572e-05,0.000177954063259939,6.72081244269392e-05,0.00537325252874911,0.00531413227632943,0.00448662115723699,0.00258778187071544,1
0.0289280255557029,0.209905060242601,0.109714868574967,0.0391745550594829,0.0180594498336795,0.00793897288635864,0.112937804302579,0.0275258146083622,0.183208668239596,0.0769790521545739,0.000839104390772739,0.0442643604281849,0.0120876017724226,0.00154191976861257,0.000327512759459759,6.33362136102487e-05,0.0128042280738876,0.000760437437810112,0.0336906644783845,0.00594870321532515,0.0219362615140059,0.156900827042348,0.0810866257685089,0.0292720971816317,0.0116713583146913,0.00524635215512298,0.0835231258784837,0.0204977083210803,0.141567997581981,0.0590872258172389,0.00167172770157373,0.088100884750742,0.0240645086055081,0.00306885579023605,0.0006520172171657,0.000126032843327558,0.0254951135397165,0.00151426201644384,0.0670874906734835,0.0118447333575941,0.0210654834638212,0.149753154801196,0.0858907618172247,0.0313450004746773,0.0117159277223327,0.00523018496647623,0.0839877228350858,0.0151906933057355,0.111773934928785,0.0545414578438523,1
0.0136157516091202,0.0765639386241828,0.0566857210540162,0.00802488103820625,0.00412215210258699,0.00290912131818645,0.0754081889849943,0.0149176598155978,0.120393535088795,0.0352279185357304,0.000184526007633289,0.00586961943581436,0.00320488086106008,6.4249886256379e-05,1.6817213919146e-05,8.50099421908257e-06,0.00569409908909955,0.000222241773171132,0.014488906928576,0.00124178671869942,0.00967821572701005,0.058354024070036,0.0413981211179208,0.00443968838515171,0.00224962073639517,0.00212900635397458,0.0618143462198221,0.0116205640669833,0.0882968638195722,0.0244896366253065,0.00036899199314783,0.0117022347672209,0.00640208302771305,0.000128326007696529,3.37249365977121e-05,1.69199277081057e-05,0.0113518660009764,0.000443620619261959,0.0289110651898514,0.00247657472834446,0.0115746201598005,0.043134849052829,0.0262192741551642,0.00544868266501526,0.00264445533994222,0.00262828536207122,0.0670977650540258,0.0112203029686366,0.066222967241355,0.0280467796420086,1
0.00319207120427683,0.00776245827931762,0.0212022485274455,0.000276985383494903,0.000782368657812032,0.000379870361342109,0.0188199088698994,0.00927052990579247,0.0253963046918301,0.00776348161491695,1.02322091794255e-05,6.02910136146385e-05,0.000448377572075299,7.65599872032977e-08,6.14321050031695e-07,1.44414651851768e-07,0.00035415501810163,8.637047477199e-05,0.000644162366574967,6.05654643015916e-05,0.00239274061253116,0.00519717749130784,0.0157660108898432,0.000157104596630705,0.000458247259658987,0.000203756632035912,0.0140055574757056,0.00766196886304595,0.0208313858539693,0.00638574793816927,2.03668208426054e-05,0.00012023601635146,0.000895663461594995,1.52646317068115e-07,1.22335000229137e-06,2.86957719604326e-07,0.000706567256277704,0.000171880831721634,0.0012858807332237,0.000120529629506902,0.00171169825614789,0.00669526362379057,0.0169345067545606,0.000177902930549411,0.000213557127617355,0.000216544857866889,0.012428605344335,0.00833252885695595,0.0251182074696894,0.0064736707147258,0
0.00416404466317983,0.00479303465809352,0.00352900513186117,0.00039626153192752,0.000680582563914993,0.000327405533876703,0.0143693467170498,0.00699596484710223,0.0128556562229916,0.00529703716721736,1.74132304017134e-05,2.30521095448952e-05,1.24672373967476e-05,1.57808887387966e-07,4.6545511014663e-07,1.07730455564053e-07,0.000206788326226911,4.91878685265239e-05,0.000165708477445091,2.79581094797054e-05,0.00287516989354926,0.00126917684720925,0.00197460194502209,0.000174485951721312,0.000390407490307138,0.000115884615342503,0.0111764589631653,0.00555558701849427,0.00676472117947995,0.00396044901605176,3.46644367971549e-05,4.5909991938342e-05,2.48586904701681e-05,3.13761919477564e-07,9.23888364383263e-07,2.14386176623004e-07,0.000412203517048734,9.78753385378096e-05,0.000330147381116401,5.58571253316789e-05,0.00176637248138091,0.00163708192066248,0.00124605423026037,0.000102811719086975,0.000212169235074744,6.67902306601669e-05,0.00805132319213303,0.0041612534187508,0.00544877871442132,0.00343230748680168,1
0.00954643557350078,0.091994734820112,0.00789366974478779,0.00584890691469105,0.00295687570284429,0.000881517247415141,0.0346640198562747,0.0159657722175609,0.0489659555221579,0.011748313271742,9.15636015098543e-05,0.00850327797202347,6.26037077778655e-05,3.43787178709796e-05,8.7808539918372e-06,7.80884964269689e-07,0.00120494299924269,0.000256146770800701,0.00240957698444356,0.000138716237415035,0.00743333946702234,0.0662089963691156,0.00574450851977085,0.00400054566888396,0.0018725825390701,0.000458512350143594,0.0271030888378091,0.0125268079410773,0.036718474547437,0.00874506911310848,0.000182228157264669,0.0169237048136408,0.000124600226674131,6.84142442682139e-05,1.74695766188763e-05,1.55381688308332e-06,0.00240034166121109,0.000509674371680083,0.00479513736022315,0.000276044488946164,0.00638625945941273,0.0559163479554018,0.00557004490855105,0.00279512172826374,0.00143737482029066,0.000348602914619181,0.0156177251391535,0.0127636199745962,0.030938854075392,0.00575108163103052,1
0.00633685779714864,0.0503819556214452,0.0154641262143108,0.00208057779087795,0.000915275365203182,0.000124585917634722,0.0363851627829226,0.0110266398297908,0.0570518903247765,0.0298135140079048,4.03502592355491e-05,0.00255051726465192,0.000240238367006923,4.34817787605822e-06,8.36025685195826e-07,1.5461154180349e-08,0.00133020078655108,0.000122159509038807,0.00326631424714573,0.000891714000731762,0.00484587956113618,0.0358435858575328,0.0113530131566092,0.00153215258997034,0.000663869869484993,8.839940097185e-05,0.0303928000682625,0.00896536987139022,0.0448399185257079,0.0208882046934003,8.03042711711061e-05,0.00507608597243604,0.000478175851965107,8.65523729117651e-06,1.66868431479971e-06,3.09049912258269e-08,0.0026474297179414,0.000243121383191435,0.00650465758633375,0.00177605433248734,0.00420715113857409,0.0342887976084712,0.0108757917294389,0.00226838152332745,0.00082107182041232,0.000141951238120496,0.0253500912650194,0.00553618942406519,0.0376568307907511,0.0199532622602567,1
0.00232274185161069,0.00584963832456192,0.00356421977208423,0.000264825418201047,0.00055965632598092,7.42422713759963e-06,0.0198964121114898,0.00770827824955207,0.0144079553850231,0.0109775214322784,5.4217930902411e-06,3.36354182156583e-05,1.26585961250539e-05,7.04693347302826e-08,3.14783651935534e-07,5.47271370852768e-11,0.000396577390348632,5.96561851231911e-05,0.000205528983782593,0.000119501412878224,0.00148687653541085,0.00429906709841427,0.00211747178427509,0.000139901097852948,0.000274710883696464,5.09451026698589e-06,0.0158898560418289,0.00620932973907287,0.00954147097408131,0.00804410629661132,1.07868985197174e-05,6.76853848961316e-05,2.52929270361507e-05,1.39942967279724e-07,6.25326262376547e-07,1.095704649026e-10,0.000790461619661612,0.000118760146054813,0.000412081521839761,0.000239403974135686,0.00135429337038977,0.00669891454033652,0.00253712919471379,0.000144303203422732,0.000154247024041755,8.22010006991582e-06,0.0115932127041851,0.00496154368032154,0.00822417440130902,0.00905192166807268,0
0.00212383846994266,0.000335690541935186,0.000811054345887754,0.000315723037274835,0.000678089688812644,0.000399913875528569,0.0115293533875413,0.00847435995057617,0.00345687774834347,0.00810454612799073,4.53289770168133e-06,1.10551796417372e-07,6.61106414221742e-07,1.00180673958467e-07,4.62112215243147e-07,1.60734516458354e-07,0.000132991577986005,7.21688949326387e-05,1.20090835041943e-05,6.59942448268472e-05,0.00145168876424831,0.000241887293619037,0.000475163125494655,8.92870308580517e-05,0.000381493875074831,0.00015428207719487,0.0093287747730333,0.00646103167272079,0.00228385336636335,0.00670152353854004,9.02054310497782e-06,2.22685633065728e-07,1.31304314495098e-06,1.98294156399723e-07,9.13090730779682e-07,3.17371298946131e-07,0.000265249591434833,0.000143620595015549,2.38984791708769e-05,0.000131342556994556,0.00112941814057947,0.00037217286145524,0.00024186527099699,7.22399453492708e-05,0.000248259127867611,9.56468640879433e-05,0.00475377045066376,0.00592437402917017,0.00148357393991362,0.00432650146144266,0
0.0102263765581534,0.0812730266687889,0.0384271168840346,0.020762992056967,0.00704418256893452,0.00158073858714512,0.0355070568481905,0.0122543783379025,0.0629821724372205,0.0553314875606263,0.000104972122930113,0.00663580595289523,0.00148136065953176,0.000433230282354423,4.98695956592865e-05,2.51126650226298e-06,0.00126690853391959,0.000150907020245969,0.0039866097723901,0.00307191457209439,0.00793472868656058,0.0601925734380382,0.0295814014479894,0.0158157280853758,0.0040372966685593,0.000837891171185888,0.0247214312538651,0.0102589657832835,0.0496492919528088,0.0426872850321914,0.000209022825533419,0.0132078942957021,0.00295058377514903,0.000862158589768987,9.92405553126371e-05,4.9970609000012e-06,0.00252120576627035,0.000300314486783191,0.00793339037480133,0.0061180246205116,0.00531371959554189,0.0438108597503555,0.0170508953692103,0.0124663207046852,0.00338495982452458,0.000591976468048483,0.0179030428818216,0.0072285863745634,0.0314822500710479,0.0471188169654841,1
0.0113079297254525,0.069657441437918,0.0767532083793205,0.0080550318689066,0.00330360153871861,0.000430839046448883,0.0387858956389205,0.0176193687768334,0.120307061933335,0.0389305086702791,0.000128328181718436,0.0048519882577375,0.00591568387519736,6.51711768017516e-05,1.09681613464955e-05,1.86527162383768e-07,0.00151172354024611,0.000311999418339281,0.0145462673043924,0.00151589265965199,0.0087252449160363,0.0533376487723377,0.060945102488681,0.00544583651762301,0.0023612195427605,0.00029712113991319,0.0322587483883146,0.0133970622383229,0.0890890938766309,0.0297597192644236,0.000255529336097874,0.00967958778552131,0.0117771088113169,0.000129728841524898,2.18248688594415e-05,3.70838927817503e-07,0.0030082922148907,0.000620816883989804,0.0289473117832169,0.00302387873885912,0.00697900436590781,0.0358114345422608,0.047873252768952,0.00660222852164041,0.0034914907997619,0.000396009873235025,0.01949953856526,0.0127449830365641,0.0631131280642544,0.026294529686813,1
0.00500480823278239,0.0425253406881897,0.0407629685347489,0.000805869491849867,0.000688009342571828,0.000233029671126367,0.0231893135281309,0.00998904856333628,0.0831084871710485,0.0177562964634234,2.51735918215235e-05,0.00181075082932141,0.00166982005227521,6.52664530105463e-07,4.74432103321505e-07,5.45748930470102e-08,0.000540275685264351,0.000100281367340544,0.00694014779667805,0.000316646001512116,0.00362211523613673,0.0340011460176857,0.0332702436688943,0.00054560574292897,0.000398032920067258,8.05638032918186e-05,0.0189230460637488,0.00800993025136188,0.0657996890501568,0.0137256225101151,5.00876976614664e-05,0.00361009772576396,0.00332242026567237,1.29807676093862e-06,9.40768903445447e-07,1.08333396015831e-07,0.00107531573144029,0.000199557310905063,0.0138124655926143,0.000630333921462831,0.00235866290126777,0.0383813379931766,0.026664857161444,0.000818335655044958,0.000269516922381984,4.66085640096156e-05,0.0155995069237247,0.00682523544155432,0.0671760331474877,0.0130701625737852,0
0.00424272140613124,0.00921088834925415,0.0529524372393212,0.00033013481813578,0.000512760559183216,9.98519018654069e-06,0.0234156736106377,0.00781617618672624,0.0585646139414341,0.00712148572046985,1.80680421986618e-05,8.48604145197911e-05,0.00281686788665059,1.09530701049579e-07,2.64153637105904e-07,9.97974295133009e-11,0.000551047851181266,6.13600133188517e-05,0.00344541431376317,5.09652950710299e-05,0.00333638008680486,0.00677590121191246,0.0423936560549127,0.000116703345652731,0.000223883597090014,7.30277782706354e-06,0.0173098973016121,0.00617495146518392,0.0453024754869906,0.0057215143838131,3.59752695949575e-05,0.000169245189202754,0.00560655393169357,2.17971895088434e-07,5.25491766384081e-07,1.98997282382948e-10,0.00109658222393213,0.000122142503507006,0.00685798530316123,0.000101420316021078,0.00219253097059206,0.0103838302494231,0.0250042225370179,7.23732308318105e-05,0.000159399524934473,1.11626258338582e-05,0.0143224551032348,0.00443956637056603,0.0304591966269697,0.00442788942678872,0
0.0150435795097697,0.127593522015704,0.0699063187100216,0.0236465701429871,0.00751775008150784,0.00258510336528466,0.0608029832962187,0.0155676317092249,0.090307154635945,0.0410991509386618,0.000226051493133684,0.0163557618935312,0.00490180937339313,0.000560157317443697,5.67823983445813e-05,6.69130943291114e-06,0.00368465447468617,0.000243267951099891,0.00816488708912778,0.00169720951549595,0.0108535940913618,0.0944205394536989,0.0548322584029318,0.0163442460450434,0.00429744584294618,0.00108342893444299,0.0385562541916182,0.0117154309949778,0.0739045878188497,0.0291479774155149,0.000451219544235948,0.0325540838406922,0.00976415476227876,0.00111649253050935,0.000112998068132862,1.33284082457252e-05,0.00736293611516703,0.000484396919770136,0.0162792974937457,0.00337785282216354,0.00966962117252523,0.0760587897979002,0.0388321550767839,0.0146092228874199,0.00448056069584168,0.00127075081645004,0.0299589569295106,0.00831908573962891,0.0408903463326698,0.0247750978896509,1
0.0159311021319793,0.07269336565532,0.0805962853462984,0.0235284160167695,0.011184281506267,0.00234701468772183,0.0580241121875015,0.0154060088203208,0.142205354309572,0.0446018143559681,0.000253853872377011,0.00529835758089811,0.00651200401186713,0.000554043454996435,0.000125668316017889,5.50646682786087e-06,0.00333831189484645,0.000238479609188071,0.0202926901467937,0.00199653025856926,0.0111616051061866,0.0542874057671528,0.062993347510514,0.015572379410401,0.00771119868394746,0.00156526485591078,0.0448782123111852,0.012197165340469,0.115543009202642,0.0318671320115542,0.000506383564406327,0.010556189195967,0.012975044548674,0.00110484321072858,0.000250100295265239,1.09871789113956e-05,0.00668835793410136,0.000474553421472603,0.0404134941646649,0.00397582957084957,0.011784463474896,0.0378810061307475,0.0456675151808983,0.0152237097839498,0.00763819377846518,0.00165069953470051,0.0510012903894846,0.010463920568627,0.0824881628727812,0.0268652044157908,1
0.00359924800511369,0.0106132090779635,0.039101553852844,0.00114735574470212,0.000970461943393542,0.000332558141092288,0.0405041748942407,0.00868801458045023,0.0602433584985116,0.0253263808805817,1.30196364411151e-05,0.000112200276921885,0.00153473284453245,1.29369010709895e-06,9.40029376706647e-07,1.1093035812332e-07,0.00164451356728035,7.58548205069602e-05,0.00364505889958865,0.000643530068035426,0.0023527487988673,0.0074700469206535,0.030436870107283,0.000813102580038868,0.000683267850955947,0.000150906390277832,0.0328084440892923,0.00702924950435771,0.047897296750869,0.0173998994966089,2.59026976698452e-05,0.000224278551854539,0.00305598224972079,2.6036327302265e-06,1.87465218848321e-06,2.20970547578395e-07,0.00327687912101835,0.000150957056678243,0.00725608912871316,0.00128166032563953,0.00160002097267559,0.0083685590353018,0.0189387721774723,0.00122865027167307,0.000627771583758758,9.2850636574921e-05,0.0348376525271313,0.00570498461012109,0.0319625685081503,0.019352876402917,0
0.00184548589891485,0.000524065054051353,0.0114725471941078,5.41653473036804e-05,0.000721706986198859,1.46484669137131e-05,0.0186988619975775,0.00681817446458313,0.0146768476338194,0.00637966755522071,3.42120353155748e-06,2.75692875378389e-07,0.000130817485593506,2.89030025685843e-09,5.2339853645864e-07,2.15164415247865e-10,0.000350944514891477,4.67209493789386e-05,0.0002155083636698,4.08985516592838e-05,0.00123160361356989,0.00036621681414562,0.0083897559180343,3.91573447733556e-05,0.000434837629563921,1.02636981871169e-05,0.0148153317698969,0.00576780504832568,0.0113114046735406,0.00405993377982211,6.8029932225509e-06,5.48950033252913e-07,0.000261773726494239,5.8096635835338e-09,1.03685079588742e-06,4.28654199187457e-10,0.000698828245830419,9.2963152997702e-05,0.000429839464453105,8.13912811335553e-05,0.000701704266349008,0.000471777779460509,0.0134045093670528,5.98668377617459e-05,0.000237378579494272,1.63910062536408e-05,0.0132051864923258,0.00352440514283747,0.0174390247626386,0.00362574464779195,0
0.00311699149686666,0.0296532558349423,0.00140547225372426,0.000462704996267212,0.000775453763710317,0.000319879989672127,0.0283572437512023,0.00727057180631748,0.0224098852152977,0.0115155118571737,9.76365423040186e-06,0.000881783743196706,1.9697742267918e-06,2.1517157371569e-07,6.04224243384733e-07,1.02819756028352e-07,0.000807101843190315,5.29473165915326e-05,0.000501912527025916,0.000132219499512415,0.00220115581718045,0.0129920942162416,0.0009786114968878,0.000216427947908149,0.000459012733546922,9.77284065257065e-05,0.020695975743402,0.00564643057296765,0.0114449633996598,0.00663253218947071,1.94301564754988e-05,0.00175664021395582,3.93434284256417e-06,4.27112895567634e-07,1.20140636342686e-06,2.04628821622768e-07,0.00160714610550653,0.000105543149071885,0.00100156044971711,0.000264164623580786,0.00142138057982443,0.0165688884046172,0.000842031049582454,0.000124953157712093,0.000263407256841613,7.32780859718916e-05,0.0140292715455965,0.00358727899542191,0.011964609997714,0.00549177132639875,1
0.0116245218206248,0.0655205557863089,0.0346188197970602,0.0106127757987161,0.00423208216696515,0.000456414328727875,0.0407745306893532,0.0137611088087857,0.0714308460214907,0.018397985933954,0.000135808545042375,0.00431436717935815,0.00120254060028894,0.000113059076477423,1.79943660263298e-05,2.09356056465944e-07,0.00167021916946424,0.000190298318082706,0.00512348841846734,0.00033999234444309,0.00921297828812804,0.0540019847028376,0.0245123848706867,0.00852293580491736,0.00305393185433827,0.000191037417290002,0.0332930655334097,0.0115143608740909,0.058226618843593,0.0145747026767321,0.000270256437597865,0.00858535656846844,0.00239494436416535,0.000225122557238532,3.57897836797652e-05,4.15510050168536e-07,0.00332438145314418,0.000378714753949773,0.0101999167156184,0.000676770361645712,0.010851012976749,0.0299681441528379,0.0173217029174496,0.00640842766690373,0.00210881318679953,0.000125413765654364,0.0203967768955082,0.00731576152775774,0.0374776299783857,0.013066497836219,1
0.00560452898061323,0.017457721254486,0.0279887074810866,0.00279616354651011,0.00118713459617556,1.24044956386695e-05,0.0316146827612903,0.0117148830922221,0.0556554348154371,0.0383933928369197,3.15685832405243e-05,0.000305192607264387,0.000784206446703796,7.73950935517972e-06,1.41150051822236e-06,1.50602727600592e-10,0.00100398512037749,0.000137446546769345,0.00311308533943175,0.00147920158686907,0.00401142169630724,0.0133490101173848,0.0203926908808472,0.0019826127793846,0.00089842770839098,8.53811036168407e-06,0.0254366751163167,0.0090093534251484,0.0437637896684665,0.0287576232029097,6.28195241380331e-05,0.000608437417385812,0.00156363951919137,1.55192073258611e-05,2.80811262246404e-06,3.03717296128913e-10,0.00199843676442224,0.000273928272688521,0.00619459088611214,0.00294585220070799,0.00309598751906725,0.0127057958418337,0.0204900046590086,0.00315797627640019,0.000894779809486952,1.30680107468934e-05,0.0149782291323348,0.00686950675551969,0.0489018880286683,0.0280438327521486,1
0.0028687098987684,0.000969726416515695,0.00775699116934501,0.000285546419561017,0.000519954461827412,0.000229631502638426,0.0226049667657742,0.0092984999166087,0.0137737075653365,0.00936869450077423,8.26679999821059e-06,9.42921975472677e-07,6.03595593116951e-05,8.11690480916834e-08,2.71708002196141e-07,5.29911275217701e-08,0.000513424099741195,8.65398169893996e-05,0.000190276266402539,8.76267625787291e-05,0.00218081793564597,0.000685655521036804,0.00559085236474097,0.000159955308226535,0.000266194517438769,4.93204495158318e-05,0.0177859331371595,0.00779409433932139,0.0103893043662323,0.00742712950009426,1.64521412772434e-05,1.87694376486748e-06,0.000120228647753748,1.62030105026916e-07,5.38551186602468e-07,1.0517313495763e-07,0.00102180644049553,0.000172554716574396,0.000379028885881187,0.000174960166772615,0.00147743863426632,0.00100457251450695,0.00865958822317107,0.000199083108464797,0.000148897178301336,3.74217644875636e-05,0.0185426305039066,0.00596727995491926,0.0153814563487783,0.00748011915302904,0
0.00585845816193636,0.0393977594769798,0.0201575818810598,0.00586239753089667,0.000721508572510817,0.0002333939363095,0.0190488735834695,0.00831285902124134,0.0401035455157345,0.0247212185359242,3.4460230158212e-05,0.00155932724226772,0.000408143064223083,3.4470418194638e-05,5.23190533842002e-07,5.47366251252684e-08,0.000362720812091946,6.94040357500502e-05,0.00161586747415691,0.000611506627084972,0.00385042629134552,0.0180814317219403,0.00938236395672418,0.00309021112973297,0.000425631999977556,8.02366336321559e-05,0.0158400151729327,0.00639438792334235,0.0234603279735908,0.0139830785976031,6.86092057305237e-05,0.00310371281537804,0.000812398647058548,6.86656131657307e-05,1.04003167238792e-06,1.08651375299952e-07,0.000723761462271598,0.000138159488035777,0.00321607721314023,0.00121957489881704,0.00360344702206746,0.0199510799574372,0.0113310249944711,0.00282613023441076,0.000198064121364391,4.39275952182424e-05,0.0134781140130959,0.00408307925132931,0.0189653913550164,0.0113958817779691,1
0.011092495171712,0.0670155540308062,0.050483878750355,0.00880700969742079,0.00295237936394681,0.00032282068719676,0.0408831611494249,0.0185085614370852,0.084291380030345,0.0458197625886267,0.000123489908081312,0.00450539986650022,0.00256061598215009,7.79224981276775e-05,8.7579804163415e-06,1.04730238750387e-07,0.00167980213872778,0.000343838643188839,0.00713356454667995,0.00210826362960399,0.00888473666404688,0.0533936457252063,0.0413212874793873,0.00600584331980197,0.00185536305678116,0.000110402174904316,0.0344407181810157,0.0150447255206416,0.0689872175809541,0.0349016705342282,0.000245901606261572,0.00897371197624173,0.00509642453662527,0.000155096134197969,1.74295869594849e-05,2.0731894064018e-07,0.00334283469893341,0.00068467159529395,0.0142028778137822,0.00419713762680557,0.00880168804759765,0.0371398131359674,0.0282352902991078,0.00529117978754858,0.00121695563932811,6.63561905468529e-05,0.0276799306314094,0.0140804986771004,0.0508273181831413,0.0477231350762219,1
0.00400914437863353,0.0455772004491072,0.0155614378130824,0.000681994625228254,0.000630044893507048,9.0932258891733e-06,0.0220673998922239,0.00832781452144528,0.0451063941343564,0.0306658652026457,1.61125959002968e-05,0.00207250399574332,0.000241682118547635,4.59644172283264e-07,3.97327990246261e-07,8.11184438349161e-11,0.000489167818744761,6.94335845339313e-05,0.00203984528523818,0.000945107804227021,0.00303062754956061,0.0261812373866377,0.00709056611236148,0.000504229137077784,0.000337088871063975,6.58680895810735e-06,0.0181828144805702,0.00662302275703967,0.0334131684369035,0.0217965481012102,3.21052257355312e-05,0.00413935347578513,0.000482603856545047,9.22461363478737e-07,7.91238627119425e-07,1.63398931113707e-10,0.000973682161016638,0.000138438670819507,0.00406417633396749,0.00188077743306795,0.00260341597484569,0.0271237940534571,0.00856901955035588,0.000688905649393623,0.00028174599940224,1.02004929893838e-05,0.0153575218763119,0.00566185252915189,0.0279378133541987,0.0221758534863103,1
0.00147662402344654,0.0016482897426254,0.00458666104435105,0.000330329324556642,0.000634540277911061,0.000231028073104437,0.0125649292753691,0.0085003625717122,0.0152580892006764,0.00852603359968177,2.18977381234103e-06,2.68583186964159e-06,2.11310610604164e-05,1.09662477748625e-07,4.04614491120457e-07,5.36403333202359e-08,0.000158646215749841,7.25113792097221e-05,0.000231932599004214,7.29988650354738e-05,0.000923982769914486,0.00119406818110139,0.00269147990550332,0.000130514198849344,0.000320218061297232,6.11081918496619e-05,0.0101406585450151,0.00652718018879191,0.0109772872981928,0.00695080574097019,4.35476135972922e-06,5.3891970645229e-06,4.20615881317191e-05,2.18231615806588e-07,8.04049182212454e-07,1.06467552605516e-07,0.000315726921332949,0.000144404942262206,0.000463567724917324,0.000145314478707328,0.000678465195534315,0.00180945380346928,0.0019579593672382,6.7137002048008e-05,0.000195736055788187,3.66397767214483e-05,0.00832622199042448,0.00615941628116378,0.00717037623016594,0.00539424841695941,0
0.0026750592500781,0.0393418641575937,0.0144129623954971,0.00403661580726167,0.00126693961071286,0.000231605138822373,0.0172836708625882,0.00930869697099632,0.0485496278733007,0.0195733421483376,7.18520580967701e-06,0.00155457659895153,0.000208160008361986,1.63749989258644e-05,1.61248945720013e-06,5.39035881203017e-08,0.000299922414148349,8.70596852362095e-05,0.00236099437006417,0.000384469838746079,0.00182229030495177,0.0142157378877758,0.00521268540649835,0.0012969398182701,0.000613999882492038,7.03466984335281e-05,0.011982178326411,0.00715296173133278,0.0188991845637468,0.0113753124288837,1.4304974081189e-05,0.00309450537538342,0.000414848696105669,3.25868382147771e-05,3.20582899213357e-06,1.06995658866243e-07,0.000597120745724033,0.000173270147419435,0.0047060954019323,0.000765657757779002,0.00153073712113817,0.0213698760951193,0.00677828942392561,0.00156859984672838,0.000461619795974201,3.80076973842135e-05,0.0100471142831166,0.0045616626302116,0.0233675129419688,0.0100844843799353,1
0.0152745161919776,0.0747140991137374,0.0584830127341962,0.00973373817899416,0.00243373151519405,0.00149305045300782,0.0445922853120736,0.0185225536366252,0.0946069929685233,0.0512061101999478,0.000234338565743477,0.00560715447969981,0.00343412016350283,9.52118590586077e-05,5.95211560466137e-06,2.24037824894155e-06,0.00199807533710564,0.000344805306041013,0.00899546038736525,0.00263348442087282,0.011785405541252,0.0587790683204503,0.0487330476253511,0.00738591459343068,0.00163354471318331,0.000773320073794523,0.0353939023480872,0.0140755391982447,0.0763762519353381,0.0376335650551873,0.000466470784822859,0.0111611509863201,0.00683715344598932,0.000189481039032439,1.18436974888261e-05,4.45837600933275e-06,0.0039765527309559,0.000686159826740273,0.0179005757523298,0.00524234353049987,0.0117012318667425,0.0424717393898669,0.0298069016666917,0.00620361151772739,0.00102707666840097,0.00080385229404204,0.027733295087156,0.0104922568768601,0.0455613146243175,0.0259867030770489,1
0.00464799855710428,0.0524677696495475,0.0497112004495437,0.00213943442905536,0.000689438227869208,3.56288001722455e-05,0.037037491682827,0.0122067962472723,0.0971460777036874,0.0498429647892544,2.16251041925162e-05,0.00276533806824907,0.00247274707198595,4.59431660607517e-06,4.77587558869826e-07,1.24302759416172e-09,0.00137715081105901,0.000149749785417392,0.00947922106951564,0.0024932834441741,0.00304122153720181,0.0391542062702962,0.0394846525386446,0.00162788229552868,0.000408203113485043,2.56881898990799e-05,0.0300225115846478,0.00997253494867694,0.0711048623831369,0.035889696896276,4.31198309932409e-05,0.00550437734090812,0.00493158350756452,9.14670855077659e-06,9.47915233438609e-07,2.50621836749554e-09,0.00274200801560885,0.000297956196316515,0.0188688756997952,0.004965130169797,0.00230435276137442,0.0373720981539563,0.0340747266101052,0.00216835497910621,0.00029345504463967,3.9993029817105e-05,0.0177237614763903,0.0116369732887374,0.0578243135839277,0.0284669585500724,1
0.000990100299620051,0.0118236020409421,0.00596537699840536,0.000133167403983188,0.000536640894348814,0.000230670834975528,0.0161031134182871,0.0102375338514035,0.0130739256856506,0.0121348967722104,9.85147132506731e-07,0.000138308705971222,3.53787228979338e-05,1.76984127126879e-08,2.89177652595859e-07,5.34712880129043e-08,0.000258775681209203,0.000105333646592064,0.000171190267121609,0.000145874628357453,0.000653477999906204,0.00842597663480644,0.00441026577428825,0.000102846209492998,0.000285466707661274,5.8118193903035e-05,0.0129467103140917,0.00858699091809097,0.00936238932166377,0.00935465712371815,1.95365209781286e-06,0.000277412143967518,7.07733040699383e-05,3.53432700340145e-08,5.75428649564917e-07,1.06138749688258e-07,0.000516792008062681,0.000209592612882962,0.000341260770855727,0.000292400640200267,0.000349262584511752,0.0134889211007273,0.00666765200936686,0.000161169287912238,0.00017188011905384,3.60375410163905e-05,0.0117018834932784,0.00857274654803069,0.013886666495576,0.00750395527607398,0
0.00189236581324223,0.000716785827149836,0.00189026352998001,0.000227583511910699,0.000875183109431495,1.85430269849563e-05,0.0134113173175213,0.00889894511311888,0.0105548670558932,0.00950583381832826,3.59805334611692e-06,5.04882753016631e-07,3.59090640167641e-06,5.20496256925408e-08,7.69790807790292e-07,3.39746281238347e-10,0.000180669069259204,7.94586830629933e-05,0.000111844287703385,9.08149106824045e-05,0.00127151278147894,0.000505293290973338,0.00103361797417915,4.70362107000403e-05,0.000520193093616092,1.34185176519676e-05,0.0104933086475747,0.00698732662017267,0.00621815891927413,0.00778708111348668,7.16086911612556e-06,1.01594661588192e-06,7.14580292856167e-06,1.0328877899266e-07,1.53080197757024e-06,6.81889736231473e-10,0.000359629072856723,0.000158241891495132,0.000222658694458577,0.000180670463531904,0.000944230223634747,0.000748214472528611,0.000591481736623155,3.85264539228761e-05,0.000261678607767795,2.13589760922999e-05,0.00845961300599678,0.0060120236556066,0.00500660491482189,0.00604460757358425,0
0.0116530647229907,0.109137394083569,0.049708063645424,0.0047414269641048,0.000641626064071334,0.000553718895912157,0.0139486882374757,0.0107892312930145,0.107168664018105,0.072335545599821,0.000136416544630376,0.0119701808886982,0.00248314394231495,2.25936621935862e-05,4.13642577942481e-07,3.07894938079442e-07,0.000195265627500968,0.000116763228436239,0.0115356581106608,0.00525704666640245,0.00719405922574675,0.0726494800800464,0.0303947681526953,0.00270278615605651,0.000348688930864233,0.000262434396936659,0.0116019539307922,0.00841963627496236,0.0748142047409574,0.0522704153601563,0.000271527285940951,0.0238204501843557,0.0049416196183631,4.49602542145647e-05,8.22129318416835e-07,6.12960017477392e-07,0.000388848611944864,0.000232563311518005,0.0229626736508456,0.010463190395504,0.00693749160032256,0.0869700290987582,0.032198795407991,0.00237700461376475,0.00018672851715319,0.000198969379656729,0.00843896692783493,0.00628715091815613,0.0779603595405702,0.0430603645589008,2
0.00363139093880301,0.0143000489070815,0.0213377285734963,0.00106876388947956,0.000721765727754078,8.81115902589486e-05,0.0315155348902763,0.00898106221780566,0.0262980682442757,0.0277752426941959,1.32089122846556e-05,0.000204193055136806,0.000457571946058926,1.14729403244577e-06,5.23332565223843e-07,7.54640155592039e-09,0.000997773948879468,8.1053886429575e-05,0.000690079829013103,0.000774084016828422,0.00278748400177036,0.0109167384051383,0.0150505172965677,0.000770314610310231,0.000420656394353542,4.87869412557939e-05,0.0233848468911314,0.00684157789397913,0.0166676718662405,0.0157391596819476,2.63290586510219e-05,0.000407653287870603,0.000910581833681656,2.28378686250114e-06,1.03182560378515e-06,1.52722556226189e-08,0.00198601365614524,0.000161305829804465,0.00137818958127427,0.00154161178683532,0.00269100189250677,0.0133377576215769,0.011367864946053,0.00109335794847428,0.000220450259475721,7.2402503976227e-05,0.0200518577384054,0.00650680875673747,0.0244249579567089,0.020561320343794,2
0.00179471402572808,0.00230970503619256,0.00263585783925598,0.000237574466901959,0.000561216568721197,0.000229776855913067,0.00272739455322905,0.00669204105492607,0.00182976302617298,0.00114033403080071,3.23622375749914e-06,5.25620659809142e-06,6.92977330674497e-06,5.66505924750697e-08,3.16383550627465e-07,5.30549230531923e-08,7.36363676859609e-06,4.50034642602345e-05,3.35846762634377e-06,1.30674497467743e-06,0.00116264905300896,0.00160407981366179,0.00180591396076225,9.34546983702747e-05,0.000292336945364955,5.10286828176492e-05,0.00202552078573787,0.00529710972766498,0.00127392610520586,0.000817456558379098,6.44080781158432e-06,1.05645448947109e-05,1.38425088475985e-05,1.12540635817272e-07,6.25299589092743e-07,1.05306181407606e-07,1.47640479653839e-05,8.94787491354741e-05,6.68950712351099e-06,2.60013775455712e-06,0.000695233483448211,0.00256492940340161,0.00266977388069371,5.66736567828965e-05,0.000178816292935818,3.64239724776898e-05,0.00288549613578949,0.00365323484181608,0.00203195804599335,0.00094348480554909,0
0.00164815970532239,0.000119908466161958,0.000842163576826033,1.35197370264885e-05,0.000630105223614201,2.73790541579237e-05,0.00191827644903485,0.00728959105271921,0.000343173631245268,0.00119633980846364,2.72475305130222e-06,1.40804029170065e-08,7.12778084947806e-07,1.83100401274568e-10,3.99018212515515e-07,7.46770550542033e-10,3.6965715727562e-06,5.34015146966604e-05,1.18272442841439e-07,1.43841839590868e-06,0.00104245968840662,8.40600938909979e-05,0.000533982126766659,9.61753670393122e-06,0.000319336468770561,1.9946868611533e-05,0.00109258696420915,0.00569392043781429,0.000170284272804411,0.000720721960344233,5.42428386366741e-06,2.83878993274727e-08,1.41415633093973e-06,3.64959634571317e-10,7.92902984335056e-07,1.49261956932653e-09,7.35770024267772e-06,0.000106262778396256,2.34384928101929e-07,2.86222514104231e-06,0.000737942814939626,0.000132971936851773,0.000250272949975386,1.53416818534808e-05,0.00021817593810993,2.83399697455544e-05,0.000790413185438744,0.00414418394081668,0.000137995147368231,0.000454402376676447,0
0.00623151252567414,0.0714093705170034,0.0115653531066079,0.000223059245063088,0.000710012669956224,1.91719793845641e-06,0.0109307497388437,0.00816359426304564,0.0551608012107744,0.0611227301042915,3.90268276878175e-05,0.00510501756560115,0.000134133818890752,4.99701458943223e-08,5.06582182576391e-07,3.64169564225354e-12,0.00012007460997835,6.69791301522369e-05,0.00304151093605958,0.0037475834856492,0.00423868011233484,0.0534592307080659,0.00694277328222223,3.21852915122537e-05,0.000382813692750959,1.31951237031811e-06,0.00800617375838778,0.00665446404005086,0.0412655675527472,0.0494614634131421,7.76597857094548e-05,0.0101785064562839,0.000267219823047671,9.92122023577805e-08,9.97726065647479e-07,7.29900870923408e-12,0.000238950153738765,0.000133284995568209,0.00606891440720568,0.00746474251674522,0.00429424244090355,0.0492041738748785,0.00571735834827924,3.55543301328697e-05,0.000200752135262214,2.12598889911113e-06,0.00725599338840097,0.00572681522311872,0.0379895515308512,0.0315982331337069,2
0.00334062132818008,0.0650259137011867,0.00786284262533025,0.000235022560149985,0.000645546426236905,0.000325783149570004,0.0118159253368268,0.00911270742092245,0.040867351480948,0.0490203235828208,1.11977453522414e-05,0.00423375115840558,6.20152932339658e-05,5.54593659467657e-08,4.18815433322628e-07,1.06667890730941e-07,0.000140311275465905,8.34162795012573e-05,0.00166653121227064,0.00240844929450539,0.00238033237504699,0.0432021898811818,0.00545392944736233,7.56155021623911e-05,0.000342941395646878,0.000109906434657535,0.0074428268855085,0.00728167794034174,0.030619861113743,0.033437083715337,2.23004598127394e-05,0.00844093396711223,0.000123518752887152,1.10146316356428e-07,8.32566416424165e-07,2.1118165743996e-07,0.000279222038413046,0.000166039610073642,0.00332826324336088,0.0047993408557737,0.00217993796276202,0.0370673531589639,0.00436415273216485,5.30930280141858e-05,0.000229386013613391,6.86885050108761e-05,0.00596519554606231,0.00560651743124889,0.0378988162443315,0.0350029628430807,2
0.00210461553262028,0.00282131648998325,0.00147851412678189,4.61447046551206e-05,0.000470795820096777,3.12362775334167e-05,0.00203104948333107,0.0090311660081496,0.00378117304775543,0.00105693936275316,4.44953895727351e-06,7.79328630835684e-06,2.16723645823323e-06,2.13801862564488e-09,2.22679633323168e-07,9.80594845072059e-10,4.09858695368483e-06,8.18565986625384e-05,1.40517931266314e-05,1.11079944762203e-06,0.00131290812674935,0.00195867348342664,0.00106026902920363,3.16413811310884e-05,0.000260300315817814,2.28595718622785e-05,0.00143963599739032,0.00748281108311766,0.00264371807101358,0.00081021488955419,8.85447667357061e-06,1.57140303813987e-05,4.33807520836909e-06,4.2563604246065e-09,4.42167817354173e-07,1.95133966473633e-09,8.2023279354773e-06,0.000163008844689052,2.82785740906926e-05,2.22234707794729e-06,0.00103437910943766,0.00308969039061756,0.00151813219189063,3.42974751690252e-05,0.000121937336062483,3.39300838403412e-05,0.00160672408286201,0.00603219957291075,0.00420521816400081,0.0012431620460062,0
0.00144358442795621,0.000137389280481949,0.000612038981993748,0.000321725285023815,0.000912138598229351,0.000222930372017536,0.0011706038297229,0.00692644567586412,0.000300674312929285,0.000859427918198931,2.09134804097134e-06,1.84120516820208e-08,3.76350814143829e-07,1.04026129287834e-07,8.36139154564737e-07,4.99030649411253e-08,1.37481883752977e-06,4.81658133342533e-05,8.98319769974065e-08,7.42321065928468e-07,0.000757236108810529,9.74618434301663e-05,0.000336929861176337,8.5773072679659e-05,0.000568272329067267,3.23374283004283e-05,0.000757941569300635,0.00568337110436266,0.000168558330669986,0.000503185709236587,4.16206323503025e-06,3.71957796598005e-08,7.48820673252171e-07,2.05891089725382e-07,1.66367295499073e-06,9.9068411136485e-08,2.73798474725057e-06,9.58994911108713e-05,1.79494904795709e-07,1.47694681878229e-06,0.000548396118723866,0.000152425765427621,0.000195215507884106,6.87240262745143e-05,0.000300871169458255,3.48743055654831e-05,0.000433495447251319,0.00451755681936561,0.000208005191154146,0.000321606481236985,0
0.00682734792206899,0.0909252516020653,0.00457980862459214,3.40845171013691e-05,0.000750188256873542,6.19961074822696e-05,0.00461413015023091,0.00844300209054403,0.0604121928116038,0.0673900865568748,4.67000166035663e-05,0.00830825880392136,2.10616153284756e-05,1.16564213950053e-09,5.65526038634946e-07,3.81768934163027e-09,2.13938810795638e-05,7.16169273991017e-05,0.00366796914332295,0.00455741422393949,0.00495794792415014,0.0652886186807388,0.00272077409614605,2.51831290601978e-05,0.000451773695539204,3.79279829992598e-05,0.0030782108296229,0.00654930705482123,0.0412454793424512,0.0515780059241363,9.30766869273639e-05,0.0165339436893563,4.1926471039009e-05,2.3215138677317e-09,1.11174560224843e-06,7.64208708446203e-09,4.25620118421877e-05,0.000142526142017455,0.00729909543412983,0.00907578068161161,0.00589388895822764,0.059836186550116,0.00251771609672577,3.67570934111693e-05,0.000226990781310305,4.80686525126544e-05,0.0023149439986453,0.00551530852236392,0.0306126138943393,0.0494721223060584,2
0.00488730308922915,0.0657650263533434,0.00110924489238484,0.000231093113387595,0.000518426561406983,0.00023130657758334,0.00378592645708368,0.00910833852658055,0.0318336091104231,0.0260161102612887,2.39527007888936e-05,0.00434552641530797,1.21741726885696e-06,5.36709478069405e-08,2.70065282375647e-07,5.37714538125627e-08,1.44051506205194e-05,8.33606878337814e-05,0.00101845068842987,0.000674230242335821,0.00310845526101617,0.0431781664600341,0.000802289946094623,6.34954969602094e-05,0.000249747284999311,6.86833618866737e-05,0.00268106221284595,0.00670893678520638,0.0216175898704823,0.0205845974105887,4.77161428469382e-05,0.00864866558666083,2.43745092369537e-06,1.06532773374944e-07,5.34915870084659e-07,1.06729891988575e-07,2.86458207671156e-05,0.000165903698668918,0.00202663599028073,0.00134766159690777,0.00321085984458067,0.0513075580477434,0.00110989040199448,3.61801621117455e-05,0.000158099816714802,3.38859517842957e-05,0.00194237789779257,0.00500804457234689,0.0225735434754287,0.0311326653611859,2
0.00166249188226943,0.00187482327866486,0.000805111380519682,0.000396171051577623,0.000511421580300753,0.000230241926855032,0.00182660109353144,0.00659048108495841,0.00118725553879496,0.00267499051005118,2.76872836263264e-06,3.45681036089911e-06,6.51213849392298e-07,1.57699668159373e-07,2.62861274708407e-07,5.32764166727843e-08,3.34810936825861e-06,4.36438714000257e-05,1.38108050329328e-06,7.17359110651151e-06,0.00113484793823667,0.00134998134614483,0.000468188628244697,0.000152808392332904,0.00023514393487445,5.56315173343161e-05,0.00113665819831736,0.00532104119067279,0.000857613470142756,0.00195715214996144,5.51250173296677e-06,6.95441963485076e-06,1.29371058359801e-06,3.13594926896997e-07,5.20602368661945e-07,1.0575186194834e-07,6.66690542465865e-06,8.68454714505015e-05,2.78348693413914e-06,1.42795137853632e-05,0.000781437989643119,0.00207486087152276,0.000275613110086789,9.82224779673234e-05,0.000159285470343165,3.81908870544992e-05,0.000737062958075077,0.00396344764809618,0.00130243413688475,0.00290068584866469,0
0.00120905196329552,9.7234719596496e-05,0.000754345030370148,5.67821300912016e-05,0.00074761742469899,0.000327898912736504,0.00123189824836783,0.00621989142493181,7.82045878730402e-05,0.000366630921894803,1.46764682586106e-06,9.34120991077461e-09,5.71692254548032e-07,3.18602288358142e-09,5.61735316225578e-07,1.08047619502407e-07,1.5248907210208e-06,3.88678871982308e-05,5.84649659754497e-09,1.34407971799291e-07,0.00065603961298351,7.05597429836023e-05,0.000454366591257926,3.48859352643324e-05,0.000422006116431626,0.000129498220225111,0.000732034947855066,0.00498236948749305,4.27040877845175e-05,0.000184947735154271,2.91521664320157e-06,1.87488207626477e-08,1.13535088845812e-06,6.39417497827129e-09,1.11761314065e-06,2.13904301242628e-07,3.02835037982631e-06,7.73596380927207e-05,1.19331980857645e-08,2.68150241026512e-07,0.000527214995107166,0.000107716306068443,0.000223171125259916,4.12662431818639e-05,0.000258988795163903,6.86170700259076e-05,0.00047212131546196,0.00484826421766346,4.95736826046055e-05,0.000130014919475485,0
0.00519087475700446,0.0835072925623471,0.00528036132710348,0.000326807166049654,0.000713610013113215,1.75042822169926e-05,0.00613613607355343,0.00668563968657906,0.0328856312276962,0.0484425498233015,2.70756609352574e-05,0.00699745791223221,2.80182548373203e-05,1.07339564940388e-07,5.11790387446749e-07,3.01445585487697e-10,3.78085788132443e-05,4.48737837671827e-05,0.00108646341119841,0.00235846071432972,0.0024355152067158,0.0509146190467436,0.00224813896053107,0.000119801485631523,0.000382428179313035,1.22752556625442e-05,0.00415925513805657,0.00512673181540095,0.0190391471223965,0.0329737848058608,5.38786739243807e-05,0.0139359385166848,5.57600987377285e-05,2.13605786753606e-07,1.01742105258996e-06,6.06335812252938e-10,7.52621490298119e-05,8.93386150471037e-05,0.00216232862960308,0.00469310940597577,0.00219972520605306,0.0581535020093825,0.00218143466752037,6.65156650518721e-05,0.000194805629205481,1.9586002309694e-05,0.00339441801909184,0.00468980065381037,0.0140413586295575,0.0211136302459414,2
0.00729535987716346,0.0739999765536497,0.00322243918749444,0.000228515655411804,0.00068118302819605,1.00945020124796e-06,0.00443205772450603,0.0076173595766975,0.0401939461813884,0.0225591807050746,5.34632498026414e-05,0.0054798122850168,1.04325628248629e-05,5.2470327190136e-08,4.66336675657781e-07,1.00832080786562e-12,1.97318295689379e-05,5.83134267339482e-05,0.00162229202881682,0.000511305837950513,0.00555974132010302,0.0554848581685421,0.00215637507523677,5.21268032029385e-05,0.000387575779839768,6.9484610705836e-07,0.00343705677821173,0.00622280607455484,0.0299738986258985,0.0183232143906966,0.000106414001871298,0.0109282758700648,2.07645142419807e-05,1.0415734502841e-07,9.25599929064666e-07,2.02223622789692e-12,3.92714218932738e-05,0.000116043243342509,0.00322960610660512,0.00101766263463215,0.00643823174524114,0.0684017422178137,0.00213476461521157,3.61703566581775e-05,0.000197507466384251,1.11860187471935e-06,0.00414433407159914,0.00450337161483449,0.0261887796545004,0.0153869355358125,2
0.00119563224901697,0.00886096599503206,0.000837285830073359,0.000235415767992659,0.000736348392210951,5.27330180125473e-08,0.000769668411329408,0.00548690142173409,0.00311964299087301,0.00336132889178008,1.43418870268541e-06,7.67614218104014e-05,7.04569534941904e-07,5.56813559322708e-08,5.44867226833199e-07,2.73526950552859e-15,5.92762497442175e-07,3.01840672832464e-05,9.53543299808288e-06,1.11060497692379e-05,0.000794647844047553,0.006374320841152,0.00052306935202229,8.72605234625196e-05,0.000420505433468376,3.6602785169955e-08,0.000502698581627316,0.00438562521295202,0.00224186678243729,0.00269755125548844,2.85550320815017e-06,0.000154894230829512,1.40209417325694e-06,1.10557284987375e-07,1.08140497460701e-06,5.50231045003356e-15,1.18217798356757e-06,6.01381411602511e-05,1.92198613977468e-05,2.23460044267465e-05,0.000589188331255107,0.0099341852612537,0.000247159902754505,5.36278935103296e-05,0.000227058319876842,5.84470660393372e-08,0.000448507089483397,0.00291193923009392,0.00330524218194803,0.00294179686928994,2
0.00127015484125502,0.000468726114895033,0.000636274459525288,0.000401394644298998,0.000579520407518459,0.000227689941637408,0.000752319539916949,0.00693071940831328,0.000753657372634004,0.00269372050437277,1.62128472113819e-06,2.15219989520968e-07,4.06670026556626e-07,1.61926373298014e-07,3.37524322481537e-07,5.20938755038615e-08,5.68801546895595e-07,4.82056050759995e-05,5.69121061434481e-07,7.29251467748049e-06,0.000768783404852935,0.00033699368251328,0.000315655968205717,0.000172992851434643,0.000330534144055765,4.06817256241565e-05,0.000430506185235206,0.00533584811987841,0.000306760421341699,0.00208631944621985,3.22647158201267e-06,4.33845751580736e-07,8.08111827092607e-07,3.19750217578939e-07,6.70275217178575e-07,1.03412657638789e-07,1.13167145505695e-06,9.59989945129124e-05,1.13425872768234e-06,1.45069981656668e-05,0.000564650775113551,0.000519767080250105,0.000211086115958493,9.96915914032319e-05,0.000166958387081374,3.72756946826272e-05,0.000270772245288251,0.00424363118706743,0.000205273365729622,0.00165793966051677,0
0.0076599052797048,0.0751218262537923,0.00551122290390154,0.000231443928420281,0.000775566432776963,0.000328740464057513,0.00470680781567352,0.00875251549883879,0.0455614459435915,0.0468122479813893,5.86284123123286e-05,0.0056710273958165,3.05223446778967e-05,5.38342293762541e-08,6.04524423250975e-07,1.08610355473139e-07,2.22517250874698e-05,7.64205998633698e-05,0.0020858848213382,0.00219879434762016,0.00380292933262947,0.0424394536933089,0.00317347101985373,7.11918794707785e-05,0.000436389661457274,0.000133075891752052,0.00247968324614238,0.00667654102252505,0.0258398186448684,0.0244161539614004,0.000117009266756984,0.0112854159757923,6.07430562417249e-05,1.06857094066655e-07,1.20188657479176e-06,2.14994600219371e-07,4.42781562592865e-05,0.000152644935875426,0.00415120978967477,0.0043791415616935,0.0041974786422154,0.0444363585565834,0.00261331190608455,3.64556994093021e-05,0.000234678102206866,6.95790138514562e-05,0.00228672266931107,0.00472403664034464,0.0214358602314695,0.0211258617220619,2
0.00913806639348641,0.1286163355093,0.0110505751826706,0.000326726571243722,0.000721900191133997,0.000233231265965951,0.00830271903410834,0.00819008765212864,0.0716155901154878,0.0690253791080786,8.37576878063701e-05,0.016620391178436,0.000122637008717972,1.07277435695422e-07,5.23747269423582e-07,5.46655753924485e-08,6.92378739615432e-05,6.70086008471902e-05,0.005152124748844,0.00477783049127727,0.00708318952674444,0.103810772889754,0.00853924915878213,0.00011958532846632,0.000403532480853524,8.04106623616694e-05,0.00577519369792174,0.00645272041493307,0.0586276622919818,0.0526154536242384,0.000166832531488374,0.0330793543471108,0.000244138260890671,2.12377584838216e-07,1.03787284580232e-06,1.08518609630599e-07,0.000137825792735667,0.000133745390630006,0.0102549247491169,0.00951844283069549,0.00632937027151603,0.107314806220873,0.00660564918561189,6.7407426795726e-05,0.000234608419588111,4.65330196146698e-05,0.00538908428684868,0.00530369039345299,0.0569615607968267,0.0494019199917451,2
0.00227606894042186,0.0166274243505912,0.00497981880991313,0.000328509928434971,0.000561862717368448,0.000322177696819652,0.001725955486937,0.00610057347723506,0.0127404200241947,0.00855093124324656,5.16675629328452e-06,0.000269752531279984,2.47883835494241e-05,1.08454468279954e-07,3.17273894837852e-07,1.04319158328593e-07,2.98787293501878e-06,3.72437297200859e-05,0.000158705485054867,7.18732678040222e-05,0.00163015040175928,0.0117275781099057,0.00270748652157285,0.000125554143373745,0.000270265434003943,0.000121965952756433,0.00118915078225819,0.00493143243173568,0.00901164484105105,0.00617451887285268,1.0320681356567e-05,0.000544874971899808,4.94611859978661e-05,2.15830957271389e-07,6.21414515213199e-07,2.07596027646115e-07,5.94932435443362e-06,7.42730019873176e-05,0.000320230252882348,0.0001446309405283,0.00126557871770495,0.0184891581442472,0.00319929481656938,6.71364800876472e-05,0.000190272001952821,6.88048500733415e-05,0.00107557180070382,0.00276620299882069,0.0139366693164763,0.00955920175566212,2
0.00153026517768316,0.000858585609481241,0.00317480009086622,6.92748532750468e-06,0.00060518103598696,1.06450002800016e-05,0.000450601784665,0.00660426945463432,0.00850057671977045,0.00107013346663116,2.35243935431663e-06,7.18807544411721e-07,1.01022667049219e-05,4.80986773183414e-11,3.68083091395012e-07,1.11090377062892e-10,2.03840312486605e-07,4.38316942390922e-05,7.22172821156254e-05,1.13390724546148e-06,0.000895214715544303,0.000610807548536824,0.000860962980776175,4.92892252674022e-06,0.000316878059908972,7.54695482060504e-06,0.000222913674355358,0.00526211589799057,0.00357872957890418,0.00074107736383256,4.67383734049024e-06,1.45238234546017e-06,2.0130352932901e-05,9.58447708627358e-11,7.32204345096494e-07,2.23850131465835e-10,4.0553210720416e-07,8.72287399780546e-05,0.000144110453217908,2.2734212974403e-06,0.000649212709285599,0.000952771765334972,0.0011789515253947,7.36863469725897e-06,0.000179232878816422,1.19276640559562e-05,0.000237679367376076,0.00468811349397881,0.00299508418979997,0.000668506658092637,0
0.0031882989501401,0.023250216167606,0.00281674724276111,0.000516499606017894,0.000683916375038667,5.62489227953818e-07,0.000907421093560718,0.00724372927268009,0.0221998059048867,0.0102533173681646,1.01899443590505e-05,0.000540699555559763,7.94418289254618e-06,2.68112398451956e-07,4.70071861892341e-07,3.08667658184443e-13,8.27367406600916e-07,5.25766731142754e-05,0.00049494690834229,0.000105343986666719,0.00158173659367171,0.00708896984878439,0.00178358301729843,0.000245141897597725,0.000352480248451365,3.98902996966067e-07,0.000489926421721867,0.00591842640046593,0.0104917516086006,0.00378304818786542,2.03004301667348e-05,0.00107846754532075,1.58345159056748e-05,5.33248195577698e-07,9.33022431149886e-07,6.23517916093196e-13,1.64413051392437e-06,0.000104777836188917,0.000985110876462917,0.000209897975415824,0.00121215152930302,0.0102018066876812,0.0019535908761998,0.000159058007425756,0.000189033974931335,6.24069317381804e-07,0.000310004305388775,0.00331967040562331,0.00830716444002548,0.00356608507959443,2
0.018013544477063,0.138282040399916,0.0179873106667744,0.000880653588862325,0.000554315743216637,0.000722458498929981,0.0101421662549441,0.00864722147495364,0.0694749691986668,0.0882060037250825,0.000326097660580707,0.0192053009130838,0.000325166075464765,7.79447258305273e-07,3.08806238005305e-07,5.24435702349107e-07,0.000103295612014046,7.51341932711423e-05,0.00485016552443489,0.00779771957806203,0.0147147012644173,0.113505648744831,0.0138614690102538,0.000434501053043585,0.000276149160851493,0.000315680529613531,0.00742005120902394,0.00728077282381711,0.0568340537666641,0.0679140822916215,0.000648947299589952,0.0382298301178218,0.000647075692227195,1.55110061635052e-06,6.1342833836046e-07,1.04349707773635e-06,0.000205642493776856,0.000149532935642992,0.0096524152322677,0.0155364352868911,0.0108499077876359,0.0826122238479687,0.0106888911578083,0.000373639540694033,0.000156695061169283,0.000206085383279189,0.00688909837271225,0.00453164368589822,0.035532308281484,0.0691726991771527,2
0.00455434135880108,0.0400275398476001,0.0182317131247589,0.000344077867068006,0.000555572103554677,9.6334512064589e-05,0.00404019729370467,0.0134645708478673,0.0197587162106678,0.05938250973238,2.08459865966775e-05,0.00160725003837772,0.00033405347963067,1.18982353460484e-07,3.10089653305413e-07,9.20855042756786e-09,1.63443322914875e-05,0.000182189777479282,0.000391158646831918,0.00352954590569677,0.00281238184528354,0.0299154311010069,0.011835160264989,0.000162650822023989,0.000266200536107046,6.97382443449001e-05,0.00281296502668593,0.00982864993550985,0.0108307630692262,0.0442927798159163,4.14777524421187e-05,0.00320141429270754,0.000664756322066688,2.35733081097802e-07,6.16094990458136e-07,1.84427143535665e-08,3.25788011480847e-05,0.000362571536959941,0.000779596890314627,0.00703813336240983,0.00286482772970695,0.0381959662098829,0.00799994974590044,0.00016275037661496,0.000161457347572693,0.000110840557086021,0.00446296911751162,0.00635689720055672,0.0113928453298382,0.067244202680352,2
0.000776812893773058,0.00286887716398586,0.00126515018088838,0.000209450110836755,0.000681108396661101,0.000228491479890072,0.000582558738579645,0.00556337735631146,0.00231899491752121,0.00419502367590172,6.06404150374565e-07,8.22168272495848e-06,1.5816316324072e-06,4.40577071352161e-08,4.66166233922474e-07,5.24664877768272e-08,3.38440679334627e-07,3.11026658684683e-05,5.39693934973038e-06,1.75990148070814e-05,0.000461228618209888,0.00210282212191855,0.000939409127944408,5.69091597213449e-05,0.000401486677070193,4.84013375711948e-05,0.000401226183403905,0.00439836734154189,0.0015832560687246,0.00307169379356193,1.20680848136097e-06,1.64108582772695e-05,3.1637940783275e-06,8.72958174334571e-08,9.25273740058368e-07,1.04128019602416e-07,6.74924843198718e-07,6.18972035468448e-05,1.07345625675191e-05,3.51090634860576e-05,0.000342216594685476,0.00316496856415188,0.00110729654177617,4.88970633626835e-05,0.000230125263695291,3.70022116358641e-05,0.000438955324900471,0.00271948115317679,0.000901494986003903,0.00458716096815721,0
0.00138579327585355,0.000379736622945086,0.000604884292229802,0.000255358958222626,0.000683462093949628,3.71069406241996e-05,0.000234386612405182,0.0066913487011402,0.0030070122762307,0.000749271396247908,1.9291786285052e-06,1.44907463811257e-07,3.67634690784292e-07,6.54989562180043e-08,4.69454322814129e-07,1.37433238891363e-09,5.51875468033399e-08,4.49753537328761e-05,9.08654648238383e-06,5.63528763986617e-07,0.000918171159094765,0.000204136353500384,0.000301522118483827,9.67013420120386e-05,0.000369666938953298,2.53245366476901e-05,8.44017407725179e-05,0.00554281157829866,0.00210033609830949,0.000432011945858146,3.83971284790719e-06,2.88380181491475e-07,7.29270410029588e-07,1.30001394440595e-07,9.33946601692049e-07,2.74429916670545e-09,1.0957689234895e-07,8.9510506059911e-05,1.80824863796019e-05,1.12175800478395e-06,0.000535577777630397,0.000205566358959023,0.000196360316318777,7.21420084436031e-05,0.000211228323514649,3.04810374048877e-05,5.40941863655135e-05,0.00363824366931329,0.00212878613870466,0.000268350285198995,0
0.0277529285042884,0.133241287906898,0.061998818002913,0.00166805796785583,0.000893081488509923,0.00238057075506758,0.0118258695093599,0.0241916702623862,0.138633980471582,0.103965153428088,0.00077409494068734,0.0178392337468744,0.00386316912618932,2.79403325247075e-06,8.01595387673026e-07,5.68344818656861e-06,0.000140147889770803,0.000587879868634719,0.0193114672091814,0.0108230512211281,0.0182789117512977,0.0889189388965108,0.0414825426265312,0.000728087264831105,0.000557726456557003,0.000954931518930558,0.00734978897624336,0.0174953933100818,0.0976853284111598,0.0663520698656294,0.00154042138103795,0.0355030223180286,0.00768770427767425,5.56154850037557e-06,1.59078793114384e-06,1.13221480426914e-05,0.000279288354966685,0.00117015938339547,0.0384342811927492,0.0215775675184721,0.0213694667225525,0.099905133360773,0.0500992134496644,0.000600194334371801,0.000308359999449057,0.00122163536946687,0.00829244003429852,0.0157308819583337,0.107935604629111,0.079335497109503,2
0.00997803937768501,0.0637026199796181,0.0306488691486691,0.000561725183074455,0.000717656566818899,0.000818214960469529,0.0154370154820081,0.0197785830525706,0.0786026707095612,0.0741677053470672,0.000100054825052736,0.00407349668927369,0.000944040058981727,3.15067141577234e-07,5.17617956264709e-07,6.62091247471326e-07,0.000239283416856348,0.000392791727558242,0.00620938366717301,0.00550309518025244,0.00717294244826324,0.0382178514597446,0.0230597512569997,0.000340168610884092,0.000395729449369137,0.000610191364567558,0.0112023612339217,0.0160194238480386,0.0619408655516863,0.0516650923262301,0.000199112740995461,0.00811068060826126,0.0018784337003424,6.28804996424679e-07,1.02600866465276e-06,1.32825644187864e-06,0.000476361765871695,0.000782015330286851,0.0123556190965682,0.0109762743425142,0.00632493266060576,0.0302722261955336,0.0168108821204206,0.000402704085226632,0.000235305065238258,0.000944330423645151,0.00971375244402805,0.0139042186629455,0.0427802714728675,0.0708484792470159,2
0.000941214516478347,0.00255841762354935,0.00275502382692861,0.00040154196576441,0.00064363952904891,0.000237688172508528,0.00163391652797438,0.00979682561965723,0.0168371584591262,0.00781635345040519,8.86211798235569e-07,6.42422372558627e-06,7.59959757555561e-06,1.62044429989639e-07,4.16336209705627e-07,5.6769757169688e-08,2.65846973950858e-06,9.64549974204412e-05,0.00027945721550479,5.98935474419331e-05,0.000575086678460536,0.0018776192516686,0.00198942742581762,0.000167675616152962,0.000340586619805442,9.03089145205486e-05,0.00115019193145785,0.00805374376967437,0.0107924312013627,0.0055268848063109,1.76744035670018e-06,1.29373562785156e-05,1.51441149385198e-05,3.1997709541833e-07,8.27269312658465e-07,1.1268909839943e-07,5.31361422755307e-06,0.000191943358090536,0.000561526907607631,0.000120688989061788,0.000454536640810915,0.00291404018827559,0.00279740364241064,0.000100052475454562,0.000182627013536879,5.83100247708607e-05,0.00172924195246817,0.00703372300626713,0.0170391921970206,0.00871203500004749,0
0.00203761288669027,0.000364496739965674,0.000612536172348903,0.000321846547146013,0.000559135035362845,0.00023277389132915,0.000516517632450237,0.00781376230356865,0.00301681306558377,0.000944585886107069,4.16938074958772e-06,1.32829818938927e-07,3.76930172573316e-07,1.04103848143654e-07,3.14197182198394e-07,5.44168407581589e-08,2.68034937606876e-07,6.12450012319587e-05,9.14548651407547e-06,8.9077608852484e-07,0.00126312931513893,0.000204677958438913,0.000358866723959752,9.90977962230644e-05,0.000267731044495655,7.66263647640434e-05,0.000251922510648972,0.00590988791722186,0.00216329987259039,0.000655978237843911,8.29602568056243e-06,2.63910066049833e-07,7.49984604683789e-07,2.06055654635333e-07,6.20826522416348e-07,1.08055255814705e-07,5.33193127693891e-07,0.000121975475191356,1.8194477230018e-05,1.77830534870149e-06,0.000745761613515328,0.000172603719624983,0.000195944378994568,6.67818709997901e-05,0.000164011684798927,4.19717627700122e-05,0.000164079469988572,0.0048985027922522,0.001647202185609,0.000583310584253929,0
0.0107756949558721,0.104192098151521,0.0233582086852673,0.000327802281336787,0.000603787122350955,0.000231696110938511,0.00447775703385755,0.00849034620994658,0.0616667363559433,0.0519609126838145,0.000116254841749892,0.0108535311652444,0.000547366765665187,1.0799313284635e-07,3.66297057341593e-07,5.39453348706092e-08,2.01124680469057e-05,7.23388736265369e-05,0.0038149315769837,0.00271034584327401,0.00598605380297036,0.0683435349293322,0.0164716506753299,0.000126231612953772,0.000297933323025326,7.10904824366521e-05,0.00269260919241658,0.00688794509824391,0.041799279100927,0.0340171709891365,0.000231787567961998,0.0216552202428959,0.00109019335665327,2.1490750114624e-07,7.28745493500258e-07,1.07087149829176e-07,4.00615467549375e-05,0.000144062020673984,0.00759856711269797,0.00539671788383764,0.00513529270652034,0.0514347676012723,0.0136822814471446,6.71952012346408e-05,0.000179622230166049,3.70505420631215e-05,0.00203859104447339,0.00517334785164844,0.0386315302824305,0.0206415428634914,2
0.00738668954246835,0.0996162647695113,0.0147318293057433,0.000329280650649142,0.000606153620481129,1.46231143414338e-05,0.00199621841996741,0.00916538783100477,0.0371596480321699,0.0296896710967036,5.45907105245806e-05,0.00989373026127682,0.000217386352491506,1.08968441740094e-07,3.69161689204187e-07,2.1486721778233e-10,3.95988012655879e-06,8.42483368017064e-05,0.00137974897078602,0.000882213941665176,0.0055744615495012,0.0771315229177281,0.0115567633270492,0.000124857748210035,0.000333958415661872,1.06424575198222e-05,0.00148321571112017,0.00765041555543793,0.0282112819961338,0.02347152237111,0.000108871954142335,0.0197676547538208,0.000433326133120224,2.15727904887438e-07,7.32201282732045e-07,4.27615343426322e-10,7.924910143483e-06,0.000167810233443138,0.00275362694476292,0.00175927552094111,0.00616839308975491,0.0917011943632118,0.0117055967590672,6.84904001912478e-05,0.000187042738179295,1.61936229341433e-05,0.00174439211270033,0.00514373080287528,0.0308450409870607,0.0331778614172878,2
0.00208175868414607,0.00947188361936333,0.0047890438478587,0.000324475096743035,0.000607785276944762,8.34027004973135e-07,0.00102991377073766,0.00696488749921236,0.00403779657809815,0.00319963014183404,4.34518558459946e-06,8.84626599265952e-05,2.30200775976146e-05,1.0578859686863e-07,3.7125116244479e-07,6.96556730572906e-13,1.06256310260418e-06,4.87006235215197e-05,1.63581835045279e-05,1.02148505808223e-05,0.0014905958459875,0.00690533001726368,0.00289877249780976,0.000107736584980118,0.000312763140473051,6.00127688556798e-07,0.000642917412366827,0.00556970409734924,0.00283397584298881,0.00243683921668699,8.65713120838899e-06,0.000177733392731977,4.58396155323505e-05,2.09434101565599e-07,7.38497735037647e-07,1.388634506585e-12,2.11499706103434e-06,9.69656728538181e-05,3.25773354680663e-05,2.04007679654451e-05,0.0011057144628097,0.0105930702962281,0.00216490594182225,6.83314246998829e-05,0.000192327048833747,9.22589571156409e-07,0.000399130398764307,0.00373678163973765,0.00218631375570888,0.00231611513600903,0
0.00127601775392444,0.00049406597612453,0.000770169363961165,0.000400119700144111,0.0005595958123852,0.000231358832564368,0.00301584876049249,0.00714789600531963,0.00195087854321097,0.0029562502935443,1.63631410740767e-06,2.42033940814209e-07,5.94610334550672e-07,1.60863986638666e-07,3.14721075484909e-07,5.37958749795767e-08,9.13969427780495e-06,5.13348785858446e-05,3.82378956314145e-06,8.76952631840272e-06,0.000822996331805233,0.00035906780102212,0.000504453447312266,0.000165246076257487,0.000260268767652384,6.79098323329193e-05,0.00218419055676174,0.00604193626545851,0.00118584606436825,0.00160288826510415,3.25614794863604e-06,4.84915941908609e-07,1.18453744780351e-06,3.19884461160302e-07,6.21906591916409e-07,1.06778962925629e-07,1.81892620492524e-05,0.000102166934796097,7.60791659314791e-06,1.74650223245475e-05,0.000553912683130159,0.00054738467639551,0.000420876207190185,9.83248335366287e-05,0.000161443692210028,3.55151642329032e-05,0.00170442019439517,0.00454851379393025,0.000792662511101326,0.00153630050744083,0
0.00744871506365509,0.0707965405484571,0.0144548065383489,0.000228765158488964,0.000507097060093859,4.29645179011032e-06,0.00792750869546825,0.0084571247760184,0.0602013769492788,0.0468969387018318,5.56928083971474e-05,0.0050336707727504,0.00020951856822219,5.25908725114899e-08,2.58432298992216e-07,1.85416929873205e-11,6.31527280220484e-05,7.18494735650711e-05,0.00364151131014515,0.00220815660792053,0.00412081536700877,0.0428265391014984,0.00650624657557812,5.19421836020372e-05,0.000232710149521881,3.01798109361253e-06,0.00452321980518319,0.00703812947762681,0.0329483344189762,0.0288397331607081,0.000110880866926424,0.0100203805329325,0.000417404864480033,1.04393053205419e-07,5.1401540835886e-07,3.69073372441786e-11,0.000125682225591219,0.000143011332063289,0.00724750017690208,0.00439619493554621,0.00443747905202031,0.0381063056224101,0.00635888451599197,3.68331304861992e-05,0.000150015697663912,4.78028602680629e-06,0.00478355746339311,0.00742753464239478,0.0328283924600422,0.0312715122216478,2
0.00702681804838532,0.0702255942294341,0.0132933817280986,0.00023268559307757,0.00059872944198424,2.38568109828081e-07,0.00429881161782004,0.00918132371659468,0.0265670307389905,0.059050572132462,4.95779271457907e-05,0.00495587301575136,0.000177056095094255,5.43788870496534e-08,3.60277519288855e-07,5.69914734802585e-14,1.85702013313523e-05,8.45323355218725e-05,0.000708254505130633,0.00350292112004257,0.00510550810192033,0.0577864941722262,0.0105138154906708,7.44835200405395e-05,0.00031891913554381,1.64509884735938e-07,0.00303623719082774,0.00728613270409577,0.0188887621607636,0.0379699793264464,9.8705554717044e-05,0.0098626462383362,0.000352880766530024,1.07962469572592e-07,7.14420187237859e-07,1.13617942531213e-13,3.69515004536805e-05,0.000168405277469735,0.00141052033395757,0.00697220305527729,0.00372081918103964,0.0458489777166229,0.011634635274174,4.03925707284925e-05,0.000198711712515905,2.63828085582258e-07,0.00299251735759253,0.00649595760898409,0.014939670133066,0.0370383160937569,2
0.00118157698530216,0.0129983323812129,0.00110846520308722,0.00051126975647372,0.000391776903463172,1.28252361892692e-08,0.000525990975911276,0.00697911199851059,0.00366642227234143,0.00440978730804835,1.4024762933023e-06,0.000168636692891833,1.23054519863365e-06,2.62639829396288e-07,1.54258861048847e-07,1.6390781726897e-16,2.77058599797515e-07,4.8724451494831e-05,1.34965148365706e-05,1.94945431790744e-05,0.000896336542096892,0.00917424728752089,0.000822874542123473,0.000271279549913102,0.000157032051726619,8.79688411158854e-09,0.000332453040510952,0.00567234404836375,0.00267028855874884,0.00327197184612938,2.77226567994589e-06,0.000336743490713545,2.44763890863037e-06,5.22439758158948e-07,3.06682504964069e-07,3.27567134265097e-16,5.52334136932734e-07,9.71804777935388e-05,2.68716524909238e-05,3.88432915552437e-05,0.000972786787366279,0.0147519727339549,0.000968862705534565,0.000144536553050671,9.41662715925072e-05,1.41918937982037e-08,0.000291254392895739,0.00474379239829959,0.00415000691248895,0.00501614754085207,2
0.00175770455290282,0.000754689692397791,0.000770759603719342,0.000325244303818638,0.000609730804601552,6.80443526618763e-10,0.000725880848940827,0.00733638718794537,0.00273338916650789,0.0018508924895576,3.10502291737501e-06,5.64545912164157e-07,5.96990315067096e-07,1.06268033328614e-07,3.73626338000919e-07,4.58705756234621e-19,5.28994067314486e-07,5.40905716434221e-05,7.5061790714306e-06,3.4423714008278e-06,0.00116754810735545,0.000518408612576289,0.000428480226965788,0.000114801317513785,0.000301641972125312,4.67560899704019e-10,0.000358001045239321,0.00583133270267432,0.00159191819239574,0.00116497137790086,6.17876676886872e-06,1.1312592074431e-06,1.18702711863834e-06,2.10402463333326e-07,7.43216044331026e-07,9.19399447393428e-19,1.05296519509626e-06,0.000107598678565273,1.49399941554386e-05,6.84644651082571e-06,0.000940238847220931,0.000835654181533248,0.000249806969184301,6.66653767984934e-05,0.000195417849155189,7.53501396846327e-10,0.000248484443569211,0.004909300352344,0.00124333362216636,0.0008302657629038,0
0.00442662916783923,0.0429948183561265,0.00215901041610978,0.000397881393795906,0.000641476607465994,3.55902549830823e-11,0.00495042727220201,0.00773548656695301,0.040231205522441,0.0452518763361009,1.9389852715643e-05,0.00184738608201058,4.68467620510939e-06,1.59092821135801e-07,4.13559962544622e-07,1.24746697194401e-21,2.46167461613468e-05,6.01016733258855e-05,0.00161692011803692,0.00205255331183177,0.00238032690485176,0.0224464487915336,0.00105957564806943,0.000150455005611332,0.000354832662263271,2.46449233215942e-11,0.00287056399038663,0.0064714539102498,0.0248197241585188,0.0268769095062174,3.88879464098599e-05,0.0036857499961725,9.31311097125874e-06,3.16325468219417e-07,8.21922362196479e-07,2.50786798169091e-21,4.89905484929511e-05,0.000119637974583021,0.00322738446196001,0.004089361359854,0.00245862918985992,0.0195912748653358,0.00112897881236637,9.80755319966783e-05,0.000208534961231779,3.94407999383789e-11,0.00303085230600014,0.00476012040407883,0.0155095014694603,0.0262044778353564,2
0.00787353646481996,0.0958273835688645,0.0170252139752822,0.00179184468592866,0.000647818695311199,0.000215670141063496,0.00636240429061709,0.00730415526220941,0.0480706055482941,0.0864068863866645,6.19062338008232e-05,0.00920851586832237,0.000290922005791946,3.22512604258262e-06,4.21772256448999e-07,4.67472694832609e-08,4.06800462413092e-05,5.35670591913553e-05,0.00231732927438675,0.00749319453898828,0.00575196552517536,0.0737175004043733,0.0105711100776648,0.000798248716732135,0.00037030264900035,2.48594120815551e-05,0.00489051530476253,0.00567625477678754,0.0369575930615389,0.0649949083556961,0.000123582507642773,0.0183451895178562,0.000579324186534304,6.41941777772756e-06,8.39332012769731e-07,9.28159275391031e-08,8.09567463958287e-05,0.000106629626402605,0.00461629851460052,0.0149217757088453,0.00373543918015885,0.0701091802515918,0.00837041965307725,0.000606758913177303,0.000196481962305003,3.84936263234987e-05,0.00324994516096019,0.0050606729629712,0.0286956645446758,0.0711865597932931,2
0.00635534074677439,0.00983705164826014,0.00442792600507211,0.000372508659927753,0.000400628552134005,8.37979298563595e-05,0.00631287912535826,0.00829061045237162,0.00576523545556855,0.00482955771020577,4.0587040620659e-05,9.58060760468242e-05,1.93774938099834e-05,1.37923457767243e-07,1.61309394278545e-07,7.05696482745961e-09,4.00267198791952e-05,6.89695642360161e-05,3.27269863182406e-05,2.27164418613257e-05,0.00389145462857722,0.00689270990569511,0.0032763784407062,0.000233395936201664,0.000161716062852273,4.39856022972125e-05,0.00443780910465419,0.0065832289974978,0.0043148375797965,0.00393755574591093,8.0769032799947e-05,0.000192088603778031,3.88868836815324e-05,2.757057669872e-07,3.18512140354826e-07,1.40395237546521e-08,7.96600787997279e-05,0.000137353840392999,6.5786538082814e-05,4.59270952466527e-05,0.00330483366951603,0.0104333035489818,0.00506757101032474,0.000349840961943402,9.98905353425526e-05,3.85576286865469e-05,0.00310101599276257,0.00536424659861323,0.00594749259563383,0.00539156541446948,2
0.00311350549923752,0.000615735802509469,0.000647409191142924,0.00023270258504652,0.000398856200755646,0.000321310492304722,0.00181926071459241,0.00721307931506913,0.00167342245999154,0.00201596496308125,9.73885758429287e-06,3.72329181689983e-07,4.1973796937914e-07,5.44061210168453e-08,1.5979201021033e-07,1.03754594640966e-07,3.31720378619125e-06,5.22819203930463e-05,2.81440857928038e-06,4.08313129585224e-06,0.00190239408237859,0.000439090062329097,0.000400902571847975,7.55736665757829e-05,0.000175853830360417,0.000111477000910557,0.00135110908216243,0.00585037206424794,0.000899637334553053,0.0012962452407066,1.93840747758553e-05,7.49367511221617e-07,8.32547024827117e-07,1.08011810754067e-07,3.15593416578378e-07,2.06476221223103e-07,6.61026222015211e-06,0.000104039243541596,5.60067922792358e-06,8.12456054389854e-06,0.00152538500519331,0.000643964441125212,0.000358970246665949,3.8509250190523e-05,9.83206150425333e-05,7.38097369291399e-05,0.0016511908554374,0.00476317263063732,0.00086132871815751,0.000983824890015847,0
0.00158194745852523,0.0133781938661725,0.000606850396182274,0.000325511916840529,0.000781742608187328,2.28913617901061e-05,0.000676598592972969,0.00860964346763428,0.00292834673366593,0.00336708100831055,2.51335039729003e-06,0.000179643193116288,3.70067653178863e-07,1.06489564717841e-07,6.14175179569913e-07,5.23887323155774e-10,4.60070036141559e-07,7.43734728562194e-05,8.61820598625056e-06,1.1385434915405e-05,0.00107942346302877,0.00495656992286202,0.000307717711147576,0.000113392630081705,0.000446071644256672,1.6187972476244e-05,0.000409192051902612,0.00705526728495069,0.00206177297342035,0.00173208764796372,4.99888457660753e-06,0.000357720662544264,7.3625019524489e-07,2.11915047588911e-07,1.22222578590967e-06,1.04525935577822e-09,9.14596709728163e-07,0.000148095314092629,1.71469456523292e-05,2.26597496387039e-05,0.000580232817907137,0.00559270213412518,0.000201580386080167,7.01678810756587e-05,0.000205645112634411,2.58874363553135e-05,0.00029093693123337,0.00644464045965756,0.00121514764842215,0.00173687508770037,3
0.0126023595574714,0.0800050815546813,0.026419809406078,0.00209468143933726,0.0039351056239339,0.000230961248232917,0.00742009878723796,0.0173600853474874,0.0646151449652987,0.0414033387168364,0.000159615987152008,0.00642834487525637,0.000700707964039682,4.40955474369265e-06,1.55605053097231e-05,5.36108497844328e-08,5.53127445821204e-05,0.000302824134557488,0.00418154783478973,0.00172170566339474,0.0098446711676018,0.0616835170489677,0.0196762429563967,0.00123372573366175,0.00260209030280239,6.08128987585966e-05,0.00585586139910702,0.0141246464301647,0.0514009328872325,0.0314114209269428,0.00031761722159178,0.0127969604880515,0.00139520565984055,8.77230928948481e-06,3.0965877412791e-05,1.06405847932512e-07,0.000110081655734796,0.000602678931035438,0.0083352275983975,0.00342730721706174,0.0100758076688356,0.0487353795793434,0.0144730583479772,0.000814443242692492,0.00229915890409879,3.74377459904369e-05,0.0060388369635347,0.0106882092387568,0.0306190527258564,0.0282752012706035,3
0.0109636014328686,0.0590309036925527,0.0441171305044503,0.000887619238193811,0.00107261320342639,0.00135076653044173,0.10018673966329,0.0340899142659378,0.0886356856248638,0.0202066087686869,0.00012076448938543,0.00350069566208456,0.00195490674574785,7.91806722999821e-07,1.15435128614604e-06,1.83373578473602e-06,0.0100809363182759,0.00116701518603891,0.00788392382329372,0.000409439758501129,0.00803745060257868,0.0444966733629071,0.0264428951130601,0.000400497270795345,0.000771675595965301,0.000518119694618711,0.0518630935546912,0.0213931607837255,0.0708900364994058,0.0145342256404639,0.000240346691246083,0.00696777010427032,0.00389143438775935,1.57542454276881e-06,2.29896562428825e-06,3.6487248033055e-06,0.0200665602156608,0.00232325008520317,0.0157006447973886,0.000815698349268381,0.00689684052835778,0.0386358951032841,0.0202441641593674,0.000283046016871405,0.0010601698282599,0.000484146428623373,0.0551494535472336,0.0195265895697948,0.0407366296066007,0.00988829744956353,3
0.0045371598755414,0.018560737901467,0.0283468403149286,0.000381367187182345,0.000610900578084992,0.000339596580777172,0.0430497891451409,0.0185204293360531,0.043740717977824,0.0143461741980616,2.06766109460365e-05,0.000343725640463727,0.000807580329201114,1.46139124871908e-07,3.75058832149788e-07,1.15873963778693e-07,0.0018575165356217,0.000344443630837336,0.00192256559624464,0.000206841828425537,0.00319090622479707,0.0121453016555481,0.0184744688975755,0.000215719350108071,0.000328246801817411,0.000253338803197808,0.0246019306310983,0.0135556911107715,0.0287470327855025,0.0112881957175126,4.11579174408614e-05,0.000686507277699281,0.0016070606126985,2.89959133024694e-07,7.4613731813036e-07,2.30610510172512e-07,0.00370066990561551,0.000685682934643485,0.00382620156240781,0.000411619573178258,0.00306591478133004,0.0126030134726023,0.0169149510660899,0.000178491953255487,0.000183205389584773,0.000332293508892415,0.025257583007727,0.0121322519033845,0.023114549662625,0.00961170807683788,0
0.00217381550947017,0.000932314797740364,0.00482867752326653,7.77690231504725e-05,0.000462180599409402,0.000232159101456128,0.00605946164547785,0.00912758021397824,0.00911156185333735,0.00755935470435785,4.74909385288503e-06,8.49746003798366e-07,2.33890143669841e-05,6.05998172481672e-09,2.14658205436741e-07,5.41571158241059e-08,3.68620877132002e-05,8.37298990089909e-05,8.34363202267265e-05,5.74140068529636e-05,0.00151670835372129,0.000665605083831414,0.00306630376698378,5.29928489430798e-05,0.00021883043525006,7.50368236374321e-05,0.00441506940438972,0.00759457482231382,0.00565790934891272,0.00584745767300176,9.45071989042672e-06,1.71470605577485e-06,4.65881939957868e-05,1.20772623362591e-08,4.27195807269404e-07,1.07511911882307e-07,7.33772039662481e-05,0.000166616313757083,0.000166033184537447,0.000114270043965617,0.00100142222194737,0.00104355037432162,0.00351299293055264,6.69874219486311e-05,0.000126628659741943,3.86124357869166e-05,0.00247114192320257,0.00635716867460019,0.00440812711500669,0.00319990794578878,0
0.0102595637614905,0.0703429359654133,0.0344272725732734,0.0207642051981392,0.00370669681848242,1.47557025525632e-05,0.0129156391204766,0.0160273702153077,0.0569642936122759,0.0178132829247021,0.000105125782028552,0.00497133993557025,0.0011908171590963,0.000433234074669681,1.38020578301058e-05,2.17801322093388e-10,0.000167636514243337,0.000258114896544266,0.00325992797914284,0.000318632983990253,0.00678275103881893,0.0443864828179889,0.0260791130933969,0.0151864333374672,0.00216558425504685,1.09463560163826e-05,0.00928787087342177,0.0131211185247465,0.0452444809195193,0.0145128286533904,0.000209854250719144,0.00989440069253024,0.00237003905183303,0.000862195232203943,2.7472027739981e-05,4.34433079788219e-10,0.000333574431981388,0.000513700475992812,0.00648832830804005,0.000634352837171158,0.00639247734587521,0.0448901801991067,0.0159667968614613,0.0120606003534304,0.00190360135412018,1.65999502193309e-05,0.00722137184510606,0.0116310364966797,0.0260330605662595,0.00895498565193734,3
0.0142244842983421,0.0440511139491864,0.0411428245897965,0.0191348719919135,0.0012063770122289,0.000398851163163736,0.016807960383391,0.0140823503585235,0.0567829225344545,0.0161813886324582,0.000202614349653425,0.00194910718752806,0.00169896255014836,0.000367904290885549,1.45543779101119e-06,1.59877753548689e-07,0.000283866549986566,0.000198372743388787,0.00323890562178649,0.000261056213916299,0.0117404098109921,0.0312103733705132,0.0331934500238071,0.015298098729365,0.000820792918073291,0.000160790491971024,0.0129045579382631,0.0111176023925219,0.0449204200025193,0.0106164109460317,0.000403937146610555,0.00387978797619014,0.00338267794771405,0.000732196559161425,2.90346002634182e-06,3.156944144795e-07,0.000564933680264437,0.00039569312798625,0.00644698047886599,0.000521588219543411,0.0102064593055977,0.0292209924133245,0.0236015794541456,0.010544094423107,0.00104326693386712,9.61205264044605e-05,0.0092696434975646,0.00721534120101274,0.0326420833555525,0.0083580914963018,3
0.00952166699511641,0.00297191681844478,0.0230573354544035,0.0145871805508931,0.00040507823523133,0.00203250122834824,0.0718148232963963,0.0227476482355365,0.021496041159365,0.0158175557840622,9.1083915881906e-05,8.8312554763025e-06,0.000533792182222341,0.000213653739250623,1.64907147996643e-07,4.1515678623147e-06,0.00518315209125883,0.000519580635397022,0.000464399947098678,0.000250550656161609,0.00692260619832856,0.00206776832700626,0.0180152334464301,0.00959391183563335,0.000160821961436826,0.00101883116310075,0.0514635669697972,0.0181393497457542,0.0125319935169689,0.0107850954473017,0.00018129050874809,1.76187577892714e-05,0.00106272088059093,0.000425357382402115,3.27825680273259e-07,8.26158018962825e-06,0.0103144965633246,0.00103443107079318,0.000924132028784115,0.000499487884234964,0.00671017000450199,0.0031277573200621,0.0113379320061799,0.00848204945964625,0.0001029745622945,0.000644997926509031,0.0476385345883928,0.0164806659223936,0.00985774788466946,0.0110623636669375,0
0.00334504155202272,0.000135767033817215,0.0165157961367967,0.00135686541987834,0.000719776398748003,0.000252921798887342,0.00909443309689344,0.0115348740873834,0.036239391985271,0.00478182379592994,1.12134815672362e-05,1.83922182129566e-08,0.000274078873270753,1.83675370335266e-06,5.20647483045474e-07,6.40098760172637e-08,8.25466056653657e-05,0.000133549952616616,0.00131985131929053,2.28810394596272e-05,0.00217555690036371,9.83054176903423e-05,0.0125052259087861,0.00103535417659147,0.000405424783627467,0.000111961695699069,0.00699353438141157,0.00972492652372629,0.0280681967701646,0.00395721801333624,2.23455339961866e-05,3.67320158032298e-08,0.000545478903550283,3.66777655776564e-06,1.03612230394731e-06,1.27373015212838e-07,0.00016482066852815,0.000265899860493635,0.0026265449882266,4.56233241582676e-05,0.00149327985278898,0.000150241054026724,0.0109003522609488,0.00152971332880443,0.000239874739101694,0.000104785069493017,0.00652353646269378,0.00644865237055656,0.0246031007988222,0.00273448113199108,0
0.00591620375818445,0.0553494838620882,0.0194380147271607,0.00900072083835107,0.000851226501563059,8.73176875605467e-06,0.00269034695744214,0.0132772225794904,0.0487834115191308,0.00638356091267693,3.51765162286463e-05,0.00307470578504087,0.000379264167833968,8.13900987082527e-05,7.27923843837838e-07,7.53055828518145e-11,7.25272916408312e-06,0.000177109525035283,0.00239022100082427,4.07796416891533e-05,0.00456928493419037,0.029696398375178,0.0125178235634785,0.0056849500244458,0.000393912314662451,6.37734479297131e-06,0.00188269824258603,0.00995117919354035,0.0336109039301263,0.00492709612618363,7.00006537678136e-05,0.00612281749247437,0.00075519143759156,0.00016198939490346,1.44887049998493e-06,1.51170987447129e-10,1.44457333371031e-05,0.000352495503577683,0.00475787037642022,8.12913048271037e-05,0.00416264528942535,0.0281479021691559,0.0101793547291703,0.00443543256725339,0.000287140067428464,9.75740666738964e-06,0.00114567747950189,0.00761739612907734,0.0228205820188375,0.00375905315781893,3
0.0107282772300871,0.0386146471145088,0.0333001874802306,0.0192813752208514,0.000692033903591797,0.000229832727333022,0.00592008474840891,0.0102252446256208,0.0418395582197649,0.00999689977778232,0.000115413006435128,0.00149406393243581,0.00111439808482931,0.00037363947588518,4.80887253257444e-07,5.30767133132606e-08,3.52230902151828e-05,0.000104992771773345,0.00175931882134151,9.95971590765535e-05,0.00886526797181859,0.022093640505164,0.026476411358383,0.0154333699701553,0.000417661830411929,5.08394445664625e-05,0.00479212551598508,0.00813405385266393,0.0335758046963145,0.00822539980186666,0.00022993162270576,0.00297767841319393,0.00221772623122012,0.000743515042405797,9.57070587110499e-07,1.05359948092981e-07,7.00915927937511e-05,0.000209010012021732,0.00350104773609269,0.000198933401244379,0.00773048629042495,0.024241265456611,0.0226042134071444,0.00964809036067417,0.000247204961293992,3.58231666815622e-05,0.00375513403452384,0.00754693842783587,0.022258198273854,0.00665405529282283,3
0.00760087495530437,0.00151182126100859,0.0343565069695456,0.0218866806754142,0.000764624378630024,2.68341308550272e-05,0.031486895463172,0.0142416376561784,0.0402913385127139,0.00852738629431202,5.7847284261147e-05,2.29476606321186e-06,0.00118628723155428,0.000481338202612037,5.87507759422575e-07,7.12125379214327e-10,0.000996384712441174,0.000203842003090599,0.00162783897785005,7.29042824119997e-05,0.00591754496415511,0.000890803172267416,0.0277276134592907,0.0179152091103723,0.000456710970391197,1.93434984989457e-05,0.0196277928164191,0.0110575041398816,0.0332979936343669,0.00696114380369312,0.000115331335426034,4.56837566471193e-06,0.00236071839811715,0.000957957843730426,1.16803001347127e-06,1.42863441408234e-09,0.00198281999170251,0.000405616363960931,0.00324308955701361,0.000145246248830414,0.00398462488801717,0.0010317143136992,0.0253858273226027,0.0120532131522041,0.000216336849527133,2.94086868171871e-05,0.0145952913632813,0.00833093222532605,0.0242932371908819,0.00495000446175725,0
0.00242901531423683,9.21831979487708e-05,0.00381106285202339,0.00420123296486206,0.000600992528686019,1.68889882801113e-06,0.0306231224480989,0.0103867654636985,0.008216139560394,0.00670416291261918,5.91903722675094e-06,8.34365156341188e-09,1.40909446542942e-05,1.74895188548148e-05,3.62728830448083e-07,2.86068342914237e-12,0.000942480567746068,0.00010823987913191,6.6833975459165e-05,4.51535173775403e-05,0.00154839946912979,6.48322890301631e-05,0.00296365411256869,0.0023655882722581,0.000365760138279576,1.17082833041853e-06,0.0230866792675615,0.00842872232151149,0.00455766688333689,0.00524550249496988,1.17891932444028e-05,1.67995691047684e-08,2.85226369269389e-05,3.50486059562482e-05,7.17799914477593e-07,5.69858482442268e-12,0.00187554104234592,0.000215571745367322,0.000133983700630266,8.98726775850918e-05,0.00113143468774443,0.000102869137652481,0.00281532021080296,0.0015752333306342,0.000197651966712816,1.86956205439282e-06,0.0249271056846453,0.00575527183211256,0.00526670409425601,0.00432634547578202,0
0.00253607437801793,4.8195238856012e-06,0.00789667910526297,0.00839503508998343,0.000769850976271244,9.15648838448536e-08,0.00577599493036094,0.0121692342947743,0.0153860879453902,0.00525940528472089,6.44408529000876e-06,2.26829375258366e-11,6.26385038261584e-05,7.06237737878589e-05,5.95206066708444e-07,8.37207820123339e-15,3.35203229658743e-05,0.00014841556491493,0.000237512657751288,2.77845652664545e-05,0.00173847879016356,3.40685052279049e-06,0.00384545423163813,0.00406832581713666,0.000438428273320932,6.28847975786896e-08,0.00467770925695992,0.00973999191088462,0.00884289541429611,0.00417798637893297,1.28432659049837e-05,4.57972448015632e-11,0.000124659929130657,0.000140732313433362,1.18488830100755e-06,1.6713908456497e-14,6.67112830395735e-05,0.000295763682653953,0.000472978032333279,5.53068034556838e-05,0.000964659455043871,5.34644403971818e-06,0.00321384849513108,0.00391515770214181,0.000248913553251835,1.01295086649417e-07,0.0038002380238366,0.00773439843507362,0.00737690962882437,0.00279728204695518,3
0.00701150023078131,0.00483656851360568,0.0276905903868542,0.0184561228393568,0.00107423662500566,0.000231036878814052,0.0133038732711354,0.0176034635062024,0.046978248107174,0.0130460501036589,4.93366033028859e-05,2.34525778967323e-05,0.000770250580936925,0.000342335889984802,1.15939249420257e-06,5.36437913914704e-08,0.000177002576716138,0.000310967224599679,0.00221793123062498,0.000171015858833944,0.00558255573499018,0.0016564628098966,0.0224460397710113,0.0147373104438579,0.000628129147526837,6.09527280966606e-05,0.00921598309213282,0.0146777296914496,0.0379277202276682,0.0108304407940685,9.82478784235445e-05,4.67263675174201e-05,0.00153313416296817,0.000681250176235012,2.3074249351319e-06,1.06479809156319e-07,0.000353109896577837,0.000619294242885194,0.00441379718272771,0.000340357945618763,0.00411908791675571,0.00187575291350909,0.0163041511640369,0.0104392616097164,0.000312024902320624,3.65774426559212e-05,0.00715126547349111,0.0126050877715028,0.0251462585308787,0.00821179680068142,3
0.00975169772058081,0.00203257163200905,0.0496356532880946,0.0172164950635073,0.000663919493995112,0.00223799924781165,0.101523207284799,0.0293517874233171,0.069103928638137,0.013778949152734,9.55734057535327e-05,4.08755958339514e-06,0.00247446200101474,0.000297890292293361,4.42949535511283e-07,5.03340203542734e-06,0.0103545723620458,0.000865742389811594,0.00479674114370761,0.000190800647416754,0.00734523527119982,0.00141212392711708,0.0397114221694428,0.0134672632579678,0.000353194883040113,0.00119537941010404,0.0662554636763343,0.0218248253244972,0.0555464583186358,0.01124140447166,0.000190175984064731,8.19844713755444e-06,0.00492578776350436,0.000592750159184004,8.81033740318754e-07,1.00166675165608e-05,0.0206097012721764,0.00172290749880439,0.00954811008746497,0.0003797055423626,0.00549586914826473,0.0017286711589347,0.0276729999810505,0.0129808702148694,0.000179228486704297,0.000915168405004653,0.0478372487581799,0.0168313657845634,0.0479189336612418,0.00926064299669951,3
0.00277793785544308,0.000108461014844329,0.0157028006822633,0.00272303797593983,0.000581935443062013,0.000224054034795074,0.0220243249655866,0.012980826322626,0.0243369961091657,0.00505195122332544,7.75452932447414e-06,1.16259485294577e-08,0.000244405523215664,7.39103576311985e-06,3.40308537220252e-07,5.01580538993752e-08,0.000480983486282352,0.000168845112497367,0.00058931717839996,2.56475574747985e-05,0.00222088310287965,7.88198092664127e-05,0.0114159722524835,0.00196736040577951,0.000315695908007606,0.000157078069350474,0.016349204031866,0.0100738626825845,0.0182578996208882,0.00403200531622868,1.54301266212853e-05,2.33312715898705e-08,0.000489760770662289,1.47688181075478e-05,6.76309254154166e-07,1.00105210561532e-07,0.000963643178177297,0.000336502461032754,0.00117860289487091,5.10366470415145e-05,0.00144858145799054,0.000120342677174559,0.0181678731882763,0.00315679337510275,0.000171563182453512,0.000252404979157446,0.023184079962962,0.00876569929301077,0.0282390047246344,0.00350566602587364,0
0.00385507612095175,5.77712861314929e-06,0.00870099993849342,0.00193790295852105,0.000607143275968267,1.27638620075032e-05,0.00931478315038205,0.0128542386537613,0.00892420780508615,0.00689526228285256,1.49309164677028e-05,3.32470854745403e-11,7.54701907613909e-05,3.73438429827426e-06,3.70300283479807e-07,1.61878825994496e-10,8.69797882302233e-05,0.000166052611271217,7.92481103673032e-05,4.77753336230122e-05,0.00256498446524408,4.18764829315111e-06,0.00395952119507559,0.000520348384323657,0.000330481902675068,8.75632998621369e-06,0.00750216082576104,0.0105176689178194,0.00491297768417262,0.00552200899977546,2.9696477159653e-05,6.64545002800532e-11,0.000150787888732068,7.46904408982216e-06,7.36874172322913e-07,3.23978872468793e-10,0.00017330502415046,0.000330449925102872,0.0001584845933346,9.50074537091936e-05,0.0019008776884397,6.3929862245329e-06,0.00369859025090548,0.000527823154982003,0.00018505866325831,1.41292850628851e-05,0.00437145256253781,0.0087141093078988,0.00510268333902803,0.00449217405162592,3
0.0114083021807104,0.0557961054447535,0.0348415577581015,0.0192767087344547,0.00250039295344984,0.000173822941538805,0.0227522543351135,0.0197550311864447,0.0564542938703016,0.0119332398995196,0.000130781896702998,0.003125843406342,0.00121994892744631,0.000373455574086018,6.28334486940141e-06,3.02165834938169e-08,0.000520248999700569,0.000391903022204393,0.00320159068372974,0.000143114538222017,0.00861425394957713,0.0404244436465332,0.0268108082798226,0.0156518095094971,0.00149997157759922,1.27542268636976e-05,0.0180817453392495,0.0160398290184243,0.0460761584194861,0.00974763584070584,0.000260275495280222,0.00622338977783335,0.00242775584355243,0.000743172353072521,1.25013073145756e-05,6.01287512610549e-08,0.00103522773168848,0.000780198280164071,0.00637267002515187,0.000284706585155438,0.00628126369514086,0.0338234713478957,0.0182714089653034,0.00884529563178686,0.00103652999004848,2.46709243565354e-05,0.0127108962311918,0.0146765513991613,0.0374948201672312,0.00792550660761425,3
0.00825334967639538,0.0118329421830006,0.0461708281003787,0.0177026611935041,0.000764097361181627,0.000264316673029324,0.03791233383902,0.013831792025769,0.065742253638636,0.0134759686828259,6.84457737071868e-05,0.000138250977294663,0.00213913654513898,0.000314187940946368,5.86748824504142e-07,7.00664294159118e-08,0.00143880562088819,0.000192267190649373,0.00433626458335942,0.000182003362330231,0.00635386199848269,0.00883418589942963,0.0358904129346693,0.0140357483655798,0.000473041118641037,8.1294666786336e-05,0.0310667397500665,0.0111217546296852,0.0500423012691807,0.0106344481254621,0.000136205649831089,0.000277578028644311,0.00426018577821724,0.000625975562886242,1.16735205684057e-06,1.39224483481725e-07,0.00286894162433161,0.000382618221122751,0.00863648757654257,0.000362609135984196,0.00608499177886893,0.0137963907922142,0.0266229333095144,0.007898703462922,0.000249290668153537,6.12887035181103e-05,0.0284268749782592,0.0102015325288233,0.0412761130815145,0.00679662869615952,3
0.00406386862731516,0.000966125637352999,0.0352708563164713,0.0144695696553931,0.000716413770590234,8.3771587851795e-05,0.0197643532659949,0.0128844521064571,0.0369124565072707,0.00885199384906804,1.65966405909774e-05,9.14819444112839e-07,0.00124261492227643,0.000209543891265825,5.15819551473844e-07,7.05289104686295e-09,0.000388547256243746,0.000166775667603447,0.00135274085954476,7.83764585820243e-05,0.00300979346170763,0.000684954961228295,0.0266128083334093,0.0115998160391408,0.000392021719243972,4.47338584844611e-05,0.0149412332499431,0.0105152801605138,0.0298610841817436,0.00700595936309892,3.30286319292926e-05,1.84363964091365e-06,0.00248039562514218,0.00041781659481576,1.02206465158734e-06,1.40309873032005e-08,0.000777232875103583,0.000331944304897681,0.00270850429135883,0.000156319541839446,0.00186340864756557,0.00108564972647206,0.0180018876131544,0.00967049616938761,0.000208427529370443,3.77813679712214e-05,0.0212483110781238,0.00966805818289899,0.0249124905340622,0.00682097407558736,0
0.00380477617368509,5.19449204715686e-05,0.0370046266761239,0.0173099304367413,0.000744874252044532,0.000222212575380593,0.00370470759026517,0.0122761314996114,0.0368340966105589,0.0066223665162436,1.454790512371e-05,2.63416578067471e-09,0.00137503260508416,0.000301067305119354,5.57621978175588e-07,4.96256988560447e-08,1.36357589093711e-05,0.000150726236294026,0.00136331016687817,4.39936595650195e-05,0.00284934269570765,3.6753667923185e-05,0.0300331460985169,0.0144127842678811,0.000437450978941071,6.60692573707061e-05,0.00182905559681967,0.00987465133385025,0.0301762586380965,0.00539902521547027,2.89505463049592e-05,5.31926138396519e-09,0.0027374768266232,0.000599185291484768,1.10280658906637e-06,9.85023891384216e-08,2.72924384017861e-05,0.00030067476787859,0.00271324220220243,8.76294164233825e-05,0.00199423357559348,5.7634016142787e-05,0.0225943447567763,0.00893639293158102,0.000222688342521591,3.44460050757759e-05,0.00158289177340776,0.00589046887950792,0.019444051538557,0.00436527991597909,3
0.00745654890498336,0.0221651379292206,0.0328242908704559,0.0188370101154032,0.000736619114366987,0.000229542144923188,0.0104463728280886,0.0177988600957,0.0452846206963056,0.0107249382725579,5.58290075997334e-05,0.000493657410457757,0.00108243127564803,0.000356584775051054,5.45261139452575e-07,5.29532504853723e-08,0.000109652784725689,0.000318385274677753,0.00205963012040069,0.000115548290518555,0.00568732114431695,0.0143441056791726,0.025823939818911,0.015456095019409,0.000417610574974479,5.05313722707152e-05,0.00792663672139814,0.0141955006030132,0.0357089022934559,0.00838423527937551,0.000111149416443079,0.00098248232950117,0.0021544412518236,0.00070958623207459,1.08264124235905e-06,1.05110547457774e-07,0.000218228639389139,0.000633579262531342,0.00409998557164503,0.000229987621907349,0.00477711069665169,0.0126651211411321,0.0176140729646823,0.00859416428537883,0.000257286272170628,3.78574434179775e-05,0.00585712331068843,0.010051809538744,0.0210746584011431,0.00623593484965379,3
0.00781965020535207,0.00277930820653383,0.0241254738999925,0.0198863995848821,0.000757362333595307,0.000233538063699539,0.0118487781255314,0.017710913443286,0.0358069860122022,0.00817377267112679,6.14239481041881e-05,7.67132467946523e-06,0.000584622507349313,0.000397393604163463,5.76409690432911e-07,5.48084429581888e-08,0.000140763302744533,0.000314799764951904,0.00128650102287602,6.7129466416364e-05,0.00598391494454497,0.0019464935491581,0.0191364247785204,0.0160968167725604,0.000442889739718795,8.17237847741027e-05,0.00974343160242798,0.0147533459237933,0.0272534732584429,0.00635718157287038,0.00012224533247247,1.53575185977872e-05,0.00116341822881428,0.00079078888954258,1.14684023044238e-06,1.088085420401e-07,0.000280451220883385,0.000626900755413111,0.00256219748092501,0.000133601032463228,0.00737883379173765,0.00312497879071036,0.011371795846325,0.0113513082696266,0.000222051485318732,4.00398655820161e-05,0.00889658733530616,0.011775087967411,0.0227177383480139,0.00662852075086606,3
0.0048415570902068,0.000356018040394788,0.0504060118967914,0.00483607285908657,0.000603280710242092,7.99957638747079e-06,0.0181952937592646,0.0139240982896419,0.0225557305546521,0.0065894671725366,2.35476303082643e-05,1.27064974913399e-07,0.00255139457479714,2.32556379883011e-05,3.6574548507266e-07,6.37623064027678e-11,0.00033203435059521,0.000194190044852899,0.000511046835151297,4.3503616574655e-05,0.0034512487773981,0.000165908631486762,0.0322546531998942,0.00229655451560513,0.000319831254760098,5.87984723117737e-06,0.012923331667503,0.0110485130520419,0.0145450432524265,0.00522594494678896,4.68705671405472e-05,2.52040884525253e-07,0.00507935976931212,4.65218328215992e-05,7.2522442826813e-07,1.27434077920817e-10,0.000661415070834318,0.000387067694642803,0.00101724846876741,8.66999848826781e-05,0.00288645299217435,0.000147652159783626,0.0262631343043747,0.00315920518068045,0.000184264411036603,8.96393305683943e-06,0.0100529031219294,0.0104749869943517,0.0116057207334787,0.00418333417333107,0
0.00419940285020361,3.44362651122501e-05,0.0140294746799005,0.00816271282961483,0.000754978040585137,4.47609661618357e-07,0.0183565299195617,0.0120832255123867,0.0290772040388147,0.0279963186684812,1.76818051985319e-05,1.18189475028411e-09,0.00019737521918663,6.64784333396521e-05,5.7279739142023e-07,1.99657621703936e-13,0.000338100190804859,0.000146145707305051,0.000846303516846341,0.000785134585513081,0.0030069081984493,2.28059028621908e-05,0.00911296084414977,0.00287085223637284,0.000470025227004284,3.24409030192792e-07,0.010995699201757,0.00963351077622354,0.0148111717986798,0.0157367998201534,3.52247202309174e-05,2.36174601997431e-09,0.000393213276614112,0.000132775665377667,1.13751350323506e-06,3.99004197403616e-13,0.00067337185371891,0.000291415557788225,0.00168751695710757,0.00156494408491004,0.00206305994666689,2.67013230338314e-05,0.00959525572598498,0.00294228724797455,0.000208172889322805,4.95342732687827e-07,0.0102242942221811,0.0074425158052767,0.0138628321613127,0.0185342897782062,0
0.011009675403264,0.0276696264625111,0.0266211103542359,0.0196709727336011,0.00845496385780826,0.000436471542359969,0.0220992312370445,0.0161662747062914,0.0439750807740142,0.0299455099342146,0.000121519134812655,0.000769256446246107,0.000712150523379736,0.000387364018526149,7.18454649410045e-05,1.91428522893624e-07,0.000490775649359269,0.000262596449043282,0.00194087492827896,0.000898597003964732,0.00742251024912808,0.0172850175715853,0.0213238858960894,0.0158050752565176,0.004374713750315,0.000163432708548668,0.0176242781794865,0.0115314819214476,0.0352413585851818,0.0222558040898783,0.000242120384435673,0.001531016740503,0.00141725251957469,0.000772373270256311,0.000142960237486947,3.80978560572553e-07,0.00097669693069471,0.000522631504852049,0.00386479141276823,0.00179083723627283,0.0066213912843992,0.0158915676868371,0.0122618834042732,0.00984812484737192,0.00486802472702298,0.000110141606248051,0.0191334553088336,0.00927457268967001,0.0250107321051686,0.0247837556103105,3
0.0153883497511775,0.0092501745296245,0.0304414404060482,0.0181317207946594,0.00508753263250069,7.1144428687628e-05,0.018311327164515,0.0224153006463963,0.0584281176229203,0.0116158906514152,0.000237346455278888,8.58845395956705e-05,0.000931233942693019,0.000330149652551051,2.60042516708835e-05,5.06002149992056e-09,0.000334827464178426,0.000504923501602245,0.00343035833325563,0.000135599058258539,0.0120473897239287,0.00702870815308229,0.0242996378474692,0.0142262820473979,0.00403046791769687,5.30440271775788e-05,0.0145942432346148,0.0178301442557917,0.0450675881331596,0.00892044862064136,0.000472956176955332,0.00017102018271473,0.0018531218086787,0.000657258152806891,5.17536464123184e-05,1.00960299841827e-08,0.000668411879996685,0.00100484337299776,0.00682704685699614,0.000269844001437675,0.0159086018268801,0.00996890067689146,0.0156399820086597,0.00859142004923929,0.00490169521556796,7.86723623218919e-05,0.0103019559322914,0.0151655694447822,0.0547851516449017,0.00825701684530567,3
0.00697019051829642,0.000653058043647069,0.0226566767516846,0.0176618601279203,0.000688442231626856,4.59444865867554e-06,0.0317964470638541,0.0169394239783759,0.00751645942306923,0.0162382922964919,4.88067175000667e-05,4.16936186558401e-07,0.000515842796548429,0.000313507438725747,4.69619800594623e-07,2.05930733524437e-11,0.00101471570872658,0.000288276449463155,5.67475011049465e-05,0.000264701646588876,0.00490765337002326,0.000439527135977042,0.0182838664080535,0.0142258042810094,0.000486699384491584,3.27305267042807e-06,0.0251189435773887,0.0130975262519661,0.00535296205248586,0.0128912188971819,9.71362537436584e-05,8.41062119712588e-07,0.00102658839273895,0.000623880425589416,9.41223058746258e-07,4.15990355136418e-11,0.00202065171424305,0.000573666480581513,0.000112941070245158,0.000527000744866277,0.00413927851548144,0.000674723286282419,0.0114572085063417,0.00880517850364708,0.000574427023471722,5.09957681091525e-06,0.0272098667540312,0.012789834098148,0.00680534712281588,0.00868130936756088,0
0.00358584142219378,0.000229384517149849,0.0025392682179931,0.00228155669353053,0.000785848294913213,0.000399737431547413,0.0101956966158924,0.0113264324703577,0.000291367078770821,0.00477531618295078,1.29228693470827e-05,5.28335404066338e-08,6.39634467396936e-06,5.22952869294913e-06,6.20646048511224e-07,1.60581826081342e-07,0.000103946903260186,0.000128931730990873,8.05891158506737e-08,2.26625478091815e-05,0.00249355157446255,6.11349796173318e-05,0.0015159756881529,0.0010633825835115,0.000484952417061986,0.000165661686826754,0.00830397073857908,0.0091246470685674,0.000204337011626026,0.00352793269874509,2.57161322961393e-05,1.04890965420468e-07,1.28052377177367e-05,1.04074672649964e-05,1.23065882328489e-06,3.19301803554697e-07,0.000207355362772091,0.000256568149273795,1.65080345777218e-07,4.53512131389653e-05,0.00160937389241053,3.88088953750109e-05,0.00198429387399748,0.00152029463705933,0.000225541861311113,0.000103492227207471,0.00587215390913915,0.00688031352261996,0.000273216437793688,0.00280751180633108,0
0.00757602400015989,0.0330810617708323,0.0160190654899708,0.0103263208120462,0.00178165692437571,0.000234464948887692,0.0192108419065293,0.015691369846545,0.0253625447420482,0.00911940224239296,5.75532272651508e-05,0.00109474403392303,0.00025788592975415,0.000106973280946312,3.18057361446495e-06,5.52290055009263e-08,0.000370769080679822,0.000247440430624653,0.000645883773726949,8.35553657498448e-05,0.00525911776583859,0.0106211425555099,0.00740358721884138,0.00415332085624035,0.00055563257451453,8.59975276691069e-05,0.00920919385845446,0.0128481826225003,0.0117883889062212,0.00667063735676711,0.000114660290152618,0.00218361783202895,0.000513206306226045,0.000213067657012071,6.33449082316554e-06,1.09658237499263e-07,0.000737948385222306,0.000492417938157048,0.00128579455450427,0.000166298868919498,0.00454386219063875,0.0148894569702163,0.00848997162288958,0.00487789178905846,0.000479028058932114,5.53499940102564e-05,0.0087267042135361,0.0100387213430378,0.00989681366972614,0.00411552796894539,3
0.0145981221804875,0.0449392993684664,0.0291759206384484,0.0216725668882681,0.00615600627911046,0.000590845451741917,0.0282575114755675,0.0263500429603451,0.03471234681077,0.00972123265311526,0.000214119400099229,0.0020251552730605,0.00085548335716894,0.000471271001135274,3.80773787900431e-05,3.50843399693339e-07,0.00080247945496934,0.000697688839191371,0.00120864223293884,9.49762045563695e-05,0.0119234809619496,0.0248644576114336,0.023805307957497,0.0167147020526553,0.00463758613291339,0.000273692039613908,0.0203763180505821,0.020992369763525,0.025954159504882,0.00750446755009518,0.00042614870926375,0.00403455207208847,0.00170242080579073,0.000938614509121857,7.5782766394987e-05,6.97942826206095e-07,0.0015969348834774,0.00138851851144664,0.00240723173929798,0.000189003670354754,0.00932701331280676,0.027209751870091,0.0201889488538384,0.0126919231933872,0.00391331136698919,0.000161575396488697,0.026747499455828,0.0199132137645678,0.0185055937195396,0.00634272816400032,3
0.00580471805651797,0.00149320824814008,0.0134964544361004,0.0110183964953823,0.00112056836366969,2.9667721149422e-05,0.032872490009091,0.0211341773476478,0.0113772439725602,0.0311159405575213,3.38639176733976e-05,2.22404412927142e-06,0.00018303963632669,0.000121668393396803,1.26152259052165e-06,8.63534595690536e-10,0.00108531824319028,0.000448454024007237,0.000129534776610942,0.000973014329309877,0.00452475903071942,0.00108901769495604,0.00842337432405749,0.00730557367066876,0.000817109870527932,1.79057312722171e-05,0.0247722464228935,0.0159994765830312,0.00858063633165851,0.0196756019342048,6.73594655898399e-05,4.44249186805022e-06,0.000364233065251459,0.000242442217800259,2.51077241742781e-06,1.73931740420364e-09,0.00216048058505333,0.000892818959997767,0.000258328773494829,0.0019363478851451,0.00373417817659259,0.00166480624284825,0.00669039851145868,0.00626637630281601,0.000928558739220336,2.30696246887441e-05,0.0199401724264779,0.0136727788326272,0.0129511350159828,0.0156112812556123,0
0.00671430040815428,0.000245347238642732,0.000930783229262473,0.00122093303986819,0.000609276285201628,1.55126410298098e-06,0.00994672354779297,0.0110180939748485,0.00082070575165535,0.00592467542581276,4.52955265176489e-05,6.04825893068262e-08,8.61945987683089e-07,1.48364860652845e-06,3.72972299295458e-07,2.35526656877644e-12,9.89841558954921e-05,0.000121800689142594,6.76885223558619e-07,3.51420847331095e-05,0.00421473776749291,0.000110573473861424,0.000670302625737232,0.000918543694123879,0.000344857855714897,1.09256812322691e-06,0.00756067395977909,0.00841870069875877,0.000576498507072952,0.00489344170203233,9.01508728802567e-05,1.20080273623483e-07,1.72296744571528e-06,2.96640215230125e-06,7.3992011182692e-07,4.74989165261581e-12,0.000197419130514303,0.000242583881313808,1.3470146319207e-06,7.00636952250327e-05,0.0035413529646359,9.76643829001315e-05,0.000879233302353618,0.00133154837949516,0.000205645855513245,1.72340433616978e-06,0.00629682331210465,0.00614915831322187,0.000908578707730867,0.00372244202268435,0
0.00462051154134369,1.4595120884533e-05,0.00258048744085755,0.000240109422873325,0.000519906436437633,0.000396456432528994,0.00287074020017032,0.0149469405897905,0.00700468376401082,0.0042846263321685,2.14513160521239e-05,2.1408525921336e-10,6.6546203982401e-06,5.77692410923407e-08,2.71536113149745e-07,1.57966912482982e-07,8.28117113405559e-06,0.000224193034242178,4.91083176233038e-05,1.84488953587735e-05,0.00350072296500848,1.04512328020616e-05,0.000921137918038757,8.90161170595877e-05,0.000261119281526883,0.000163145445706357,0.00217221096832366,0.0124897832098502,0.00312485840846722,0.00341407058025984,4.26865263393658e-05,4.26019353359684e-10,1.32801362445173e-05,1.14881094680937e-07,5.40227991666637e-07,3.14079935451927e-07,1.64728339239898e-05,0.000446474464828752,9.7926559375286e-05,3.67031923536911e-05,0.00332669191855021,1.62980177715741e-05,0.000852102648487125,7.38452128153246e-05,0.000138840447172028,9.83347197690773e-05,0.00132240816198814,0.00819126397251211,0.00309932930773252,0.00250008754170408,3
0.0101938247158655,0.00264009964251789,0.013704731468774,0.000833886173742681,0.00171020493550048,8.18482412890979e-06,0.00709232162183903,0.0229025152838503,0.0371737542591347,0.0066685405448218,0.00010424736098779,6.99976067304325e-06,0.000188663005779943,6.98842008578103e-07,2.93922450260863e-06,6.67914722428564e-11,5.05472272411874e-05,0.000527045612363621,0.00138858046956707,4.46902348530845e-05,0.00796524400280626,0.00171874032382484,0.0112288813057473,0.00034900227489703,0.00101034823352562,6.06812705349123e-06,0.00574884332363837,0.0188941226511769,0.0289333015030018,0.00527875277717851,0.00020757158064179,1.39346536894333e-05,0.000375530248302034,1.39046019497504e-06,5.84251994664771e-06,1.33447782949448e-10,0.000100587361314354,0.00104893012548192,0.00276352541540878,8.89340298962169e-05,0.00721583921065304,0.00139181190268803,0.0127679997004677,0.000286281715755255,0.000725781862873908,9.70307524700567e-06,0.00502139858931516,0.0213963988434196,0.0233616109885601,0.00408013132204092,3
0.00992912403233526,0.00966340543390457,0.0121134567006336,0.00238794705538649,0.000363886494749486,0.000957770806828361,0.0961999141723696,0.0300919506982858,0.032285371074318,0.0259134253051066,9.90674473154319e-05,9.37784225856996e-05,0.000147447472498879,5.73030485016977e-06,1.32860219953181e-07,9.21866087530333e-07,0.00929198959870955,0.000908576564533507,0.00104747142319262,0.000673292928480055,0.00769539516495758,0.00471023189710125,0.00852930252744656,0.00105144382820275,0.000190790577510478,0.000375857842996797,0.0569672136352152,0.0229172136491524,0.0223132589186039,0.0164109367814611,0.000197152192097367,0.000186684758682929,0.000293430332447703,1.14027341515079e-05,2.64609228740619e-07,1.83427772242981e-06,0.0184987228501529,0.00180945202020565,0.00208455424525838,0.00134135491195146,0.00575123208637424,0.00367998331785363,0.00688382717387933,0.000867457034673311,0.000170614195330781,0.000296665027770707,0.056792780898304,0.0196344603565134,0.0177696758373567,0.015042862015698,3
0.00425319362794452,0.00129218035693392,0.00313847893749261,0.000455523771687572,0.00062548123308986,0.000282410023564895,0.0651366213917367,0.0226970718848859,0.0027575288010286,0.0136998015316824,1.8101603257352e-05,1.64534303232678e-06,9.79917513416364e-06,2.0789864475277e-07,3.93105662159158e-07,8.00772158909873e-08,0.004254412317351,0.000516448806338156,7.48059039751424e-06,0.000187815525696972,0.00319965586653267,0.000953329510912991,0.00201303379272073,0.000336151756594741,0.000317487479299102,0.000135659188172725,0.0432841032701611,0.0159605384494864,0.00186186798395208,0.0105493843997311,3.60999022279861e-05,3.30649629189443e-06,1.95994636392864e-05,4.14001478233854e-07,7.81553739805353e-07,1.59105264503762e-07,0.00847578281274184,0.00102901674111124,1.5047150610755e-05,0.000374560979996471,0.00226142590218771,0.00145823301701868,0.00261288394818358,0.000470575864463386,0.000196447933111249,0.000148109396871706,0.0551262963888825,0.0163194094198401,0.00229353594393336,0.0136442439855091,0
0.00250669803943876,0.000100477055169616,0.0010300900861103,0.000396832598767885,0.000618150170212065,4.02714038908351e-06,0.00786400580876881,0.0123317452748338,0.00769137786623477,0.00557666147610029,6.28720534591399e-06,9.96933280284226e-09,1.06641573354036e-06,1.58263498609715e-07,3.8371566423639e-07,1.58719777208738e-11,6.21158498461177e-05,0.000152192437087391,5.94301901058644e-05,3.12205035274448e-05,0.00180685388690964,7.20452364835099e-05,0.000585679020042585,0.000143484692608984,0.000326636405892961,2.88414568702099e-06,0.00582895971211395,0.0100978645650933,0.00388767669778748,0.00449658021051566,1.25306478181284e-05,2.00149959655448e-08,2.12179974704029e-06,3.12518970210026e-07,7.60938238083766e-07,3.20103389938699e-11,0.00012362633318322,0.000303479319966783,0.000118257384367776,6.21634665112106e-05,0.00121983708034442,0.000112167280779923,0.000333197369752619,9.91778174549891e-05,0.000194238331998556,4.4649344216038e-06,0.00468369635088583,0.00559734748597154,0.00377375300737387,0.00259128392967062,3
0.00952267178303166,0.00424377262974574,0.0146761229644514,0.00576019698780967,0.00445923579590167,0.000231306673273892,0.0186089459580341,0.0208127493794037,0.0293034746219286,0.0101162980729717,9.11154585121641e-05,1.80926397201749e-05,0.000216250606606876,3.33387735262087e-05,1.99771720265398e-05,5.37716335733819e-08,0.000347998103570491,0.000435149054758925,0.000862719738998865,0.000102847720576659,0.00738852838423605,0.00269403731881027,0.0121826475822273,0.00375145504703033,0.00312142768133929,6.63145553872687e-05,0.0140172568523307,0.0171030151301302,0.0239868334713779,0.00792298281719316,0.000181339640079125,3.6010473048909e-05,0.00043053770519894,6.63465229043635e-05,3.97526369420366e-05,1.0673124594993e-07,0.000692548750175738,0.000866118203305255,0.00171708577390722,0.000204575748004013,0.00617592929568769,0.00213070945913199,0.00819456974962863,0.0032227794218147,0.0028817324777416,3.58978521917172e-05,0.013024710395616,0.0115422289207412,0.0173690555210903,0.00536863337105104,3
0.00810531309510589,0.0203684631779821,0.0372878743631729,0.00625890942678873,0.000869395646658457,0.00129520881591234,0.0728451610729334,0.0299867263187149,0.0555817330962545,0.0224453994117285,6.60232284492112e-05,0.000416883464330776,0.00139717481821981,3.93706450333583e-05,7.54053067630566e-07,1.685224475931e-06,0.00531805264404547,0.000903531777245984,0.0031046910576174,0.000505892206384252,0.00659742918857842,0.0118320120535907,0.0266026706581864,0.00363365985235787,0.000644468601731466,0.000563214539954425,0.0531724085036547,0.0228971606955034,0.0398617352225772,0.0157765948012312,0.000131377781544924,0.000829671882230784,0.00278057432658173,7.83452475070044e-05,1.50157592913002e-06,3.35336003338479e-06,0.0105977790695816,0.0017982176662199,0.00617846577404648,0.00100715765547892,0.00600142314739788,0.00896487306452469,0.0269845964931139,0.00293832764560927,0.000679451029286388,0.000475847541384677,0.0542307144701356,0.0188656069743618,0.0378394311243297,0.0110195095646936,3
0.0043634170599664,0.0034829984386885,0.00808367938179352,0.00178670746666387,0.000772675636002988,0.000313719114214523,0.040965912771249,0.0170509607251607,0.00854107873742162,0.0126582659564179,1.91176935297995e-05,1.21644125959411e-05,6.50470096417172e-05,3.2017522836648e-06,5.99974370330287e-07,9.80952654215196e-08,0.00167123049465687,0.000291764528290251,7.22967324807361e-05,0.000160854384683523,0.00343725621306245,0.00259950022716821,0.0060722096306968,0.00137001334750551,0.000451325571409896,0.000193261933252433,0.0327847399786817,0.0133637743434411,0.00574957088279332,0.00984954201873826,3.80602801433377e-05,2.42342822662946e-05,0.000130064466845487,6.37795580198025e-06,1.1939729366766e-06,1.95673042063646e-07,0.00334105058459749,0.000580956672532675,0.000144883955462589,0.00032027952423776,0.00265812352443622,0.00392141950665233,0.00919596871408901,0.00198508833930728,0.000279383937258986,0.000259372329999119,0.0470700199305477,0.0154559017411998,0.00873222172964084,0.0115720079912126,0
0.00366214012625286,0.0339748206494584,0.0300823345268645,0.00645019487390577,0.000843270786424517,0.00128160308127592,0.0541599717111755,0.0175808322647181,0.0494452202636353,0.0135331116149695,1.34222930795644e-05,0.00115374932360515,0.000904683019289987,4.17289003090236e-05,7.14630505208454e-07,1.65063564334668e-06,0.00293308538152525,0.000310234893057449,0.00243819816547783,0.000184052137809446,0.0022587225965556,0.00907000114731842,0.00828451225423109,0.00176934070414853,0.000498339300413596,0.000359123426312747,0.0218251855774829,0.0112015309617198,0.0132897006255253,0.00747543271274433,2.67600316375935e-05,0.00230165596724163,0.00180494811706783,8.31104119129233e-05,1.41834175977749e-06,3.28476112856347e-06,0.00585108249052491,0.00061774207114245,0.00487075898126527,0.000366251079711804,0.00164257116594199,0.0120430798895172,0.0103467557269228,0.00260152852052163,0.000297771854590437,0.000475708552465432,0.0237144082686752,0.00964175634536745,0.0173871178327668,0.00489539051601585,4
0.0231249787727884,0.129616921309473,0.0763409756849277,0.0200726098296488,0.00669454961612623,0.0147989531987079,0.186619342561193,0.0736710587274023,0.107528267195435,0.0472504204255766,0.000534945162990116,0.0168562465241315,0.00584870259237289,0.000404839900391209,4.49378710245782e-05,0.000219822939702715,0.0349986581480719,0.00545431564721985,0.0115637165696211,0.00224379532796492,0.0186776312390194,0.106972380671755,0.0609401898648118,0.0162780545763827,0.00431965357455081,0.0105752663235071,0.142364752526328,0.0578625785816757,0.0845070790722606,0.0362003485719245,0.00106690392595074,0.0335712929654769,0.0116463714834594,0.000805690591420477,8.95140626535574e-05,0.00043771147091864,0.0696442276281664,0.0108533102691448,0.023068192462466,0.00446515745506336,0.010924108519879,0.0769086674140647,0.0565158305789287,0.0113746266530834,0.00300951357481847,0.00776776950738032,0.0863435719585243,0.0522191293098001,0.0699743787546432,0.0291916776225101,4
0.0280151634294007,0.083380299243691,0.0458976360677299,0.011991865188454,0.00572031463368211,0.012040326738925,0.167363965572882,0.0561561528205024,0.0769259397198015,0.0313547575006088,0.000784211101579704,0.00698194558375193,0.00211715672181708,0.000144526869871324,3.27843274105443e-05,0.00014524631700502,0.028123059391995,0.0031690783241867,0.00594137225312348,0.000987970612620344,0.0210343409026501,0.0548118079426207,0.0351868499378589,0.0080997885087549,0.00415254393794414,0.00798092790644215,0.12553288626087,0.041387487835458,0.0565553180817038,0.0245315401785991,0.00156513325551668,0.0138992824157197,0.00421269924351751,0.000287605434209957,6.53417044043044e-05,0.000289484520638588,0.0559916619911606,0.00630664279069845,0.0118286171900418,0.00196614165203128,0.024756975495282,0.0438961036950879,0.0277650841819162,0.00813526381384226,0.00401365486572533,0.00899885860010318,0.087834161002656,0.0330117345495479,0.0350019767537786,0.0151629117711184,4
0.00676553845217345,0.00370473685731091,0.0078739410942421,0.000383213374030916,0.000802405740272837,0.000899219937232966,0.0262414265291598,0.0182692317417854,0.0148280615046336,0.00620793700192486,4.58021903341484e-05,1.35609528912137e-05,6.14699854057536e-05,1.46702896783104e-07,6.4703391743531e-07,7.93736976221212e-07,0.000680434717989733,0.000335335688812409,0.000220353060925889,3.87320220006806e-05,0.00498925159486777,0.00273965151207704,0.00542190768525474,0.000216518340774491,0.000509286277547368,0.000654776121814145,0.0199750195019235,0.0145317817768698,0.00868646588537465,0.00518021143138071,9.13442525745971e-05,2.72181860278847e-05,0.000123157681997107,2.91641336296484e-07,1.28725462332913e-06,1.59836415182343e-06,0.00136563679019467,0.000667420269964714,0.000439122651395325,7.70253365685433e-05,0.00353911761177217,0.00435160143024874,0.00829583205731835,0.000235204366817133,0.000279085491290995,0.0010296544640717,0.0293552652720392,0.0155215585337309,0.00763401793288147,0.00616994604189327,0
0.00438620048112938,0.000235983631475156,0.00277827958518385,0.000316291514677263,0.000777992876257361,5.11873978936117e-05,0.00947468754048707,0.0142378714077125,0.00202446642170765,0.00787676641888999,1.92882761736232e-05,5.44146798559355e-08,7.71184019246537e-06,1.00542962139445e-07,6.08292484847024e-07,2.55414549549259e-09,9.01342566498215e-05,0.00020353924421653,4.11887621472433e-06,6.22550332310828e-05,0.00332647632314858,0.000166488704322562,0.000820538414679175,9.26816752134511e-05,0.000447002128508734,3.63742641414737e-05,0.00618828981533452,0.011312240885755,0.00126408330773348,0.0061427749885519,3.84128882195043e-05,1.09830595900726e-07,1.53892696955973e-05,1.9911054005926e-07,1.20612233705223e-06,5.161524415948e-09,0.000179452561803916,0.000405169363811706,8.19619113094882e-06,0.00012398674123184,0.00230907750361422,0.000261759810764601,0.000671253878437091,7.13007022664689e-05,0.000226866977329039,5.67944861618092e-05,0.00432314145915165,0.00990802126156252,0.00082457534619474,0.00529723829148166,0
0.0334216361029508,0.16424562205761,0.0591066375223122,0.0234022398020517,0.0139222811214335,0.0243658404403214,0.306783301103079,0.081974099739661,0.101544874014582,0.0346680306050813,0.00112221185157315,0.0271059988612328,0.00351096268228055,0.000550300851316875,0.000194725602648347,0.000596176627363699,0.094473387202381,0.00674602244775671,0.0103610378839885,0.00120783610918995,0.0249166348119891,0.126434983077228,0.0460862552415407,0.0180172476929052,0.00915354543277288,0.0169672027828014,0.220667055163701,0.0620125601487953,0.0789940095879849,0.0277857502969583,0.00223357729507903,0.0539465495550348,0.00698693729276976,0.00109521413217697,0.00038757261742688,0.00118688141326435,0.188109008399062,0.0134319214579271,0.0206200735081651,0.00240366904497198,0.0196570595306304,0.104126099267612,0.0292669617940913,0.016595315834156,0.00676511353258044,0.0136668833218547,0.159655460798514,0.045574905083762,0.056632367663945,0.0234599304788814,4
0.0472433486029603,0.185878968184375,0.0425337511647022,0.0160807089548893,0.0172544614836401,0.0313813525433656,0.41600284644618,0.125876644826292,0.107343191033581,0.0488019014838139,0.00224280138095433,0.0347200726889863,0.00181820074735157,0.000259863593357134,0.000299183909055843,0.000989474927458367,0.173905423118373,0.0159216720347849,0.0115775462009144,0.00239342652918032,0.0297432793509313,0.10457569312556,0.0276941409855427,0.0116516531181723,0.0110579901985352,0.02189888540622,0.31280448047924,0.0872281415594972,0.064825635968288,0.0311945425169002,0.00446351827316788,0.0690967137771388,0.00361820227098554,0.000517147977344761,0.000595395969142566,0.00196931651973453,0.346086339734298,0.0316869913742127,0.0230422066388732,0.00476308349169761,0.0291557325180161,0.121762083428809,0.026073924062629,0.0136742947230478,0.0102674540841397,0.0213342167550847,0.271339925066712,0.0862875798928778,0.061257522785993,0.0242426801763193,4
0.00578962954761642,0.00743541233556307,0.00339666582183201,0.00184411388628364,0.00132083425205148,0.00300026598166727,0.0555265164118402,0.0178320072028897,0.00519033475595046,0.00897961430087223,3.3659485047988e-05,5.54285758541567e-05,1.15931963315496e-05,3.38700623703714e-06,1.74176747443658e-06,9.00949608650982e-06,0.00306295017813218,0.000315759504192339,2.70289063589958e-05,8.10386132777773e-05,0.00465128813228134,0.00540227900927479,0.00208832356142048,0.00134494142963938,0.000887926731120322,0.00216998513300239,0.0432959381330071,0.0146706000112535,0.00395529503136024,0.00747220887430891,6.69560539410618e-05,0.000110433855288194,2.30719108546395e-05,6.77068891744182e-06,3.47425614828879e-06,1.79645631762161e-05,0.00613022868206385,0.000632146482499261,5.38323215307989e-05,0.000161262222330626,0.00358975085462193,0.00836455233011955,0.0030382241719288,0.00204019653935595,0.00122787373474376,0.00334399905069478,0.0598928510170316,0.0132152869220166,0.00344409345945209,0.00696665101565315,0
0.00366438861658802,0.000431710126072323,0.000818663244181986,0.000415267053549458,0.000687010196981685,0.000171570312422865,0.0134086098018274,0.0128131055419416,0.00270360164758084,0.0075828944908912,1.34683743802938e-05,1.8726027418923e-07,6.73561889615346e-07,1.73268008825973e-07,4.74339132143611e-07,2.95785213979215e-08,0.000180591179730394,0.000164484642419806,7.34609352694516e-06,5.74212585749245e-05,0.00262623825422983,0.00030205527788076,0.000524897383657444,0.000193612513081316,0.00040363570661725,0.000121456591781318,0.0111382625338451,0.0101715803237429,0.00166853316455103,0.00597174678457648,2.68276414302207e-05,3.72685343347002e-07,1.3378815394685e-06,3.42441770299409e-07,9.41543838269333e-07,5.88650624273352e-08,0.000359476626266051,0.000327825314061026,1.46182819943913e-05,0.000114632187362284,0.0016454858818589,0.000477178551170044,0.000243295340981659,0.000125321348989412,0.000203860151709111,0.000189678852225178,0.00789898189746412,0.00741140074349939,0.000897488236666499,0.00442331312016538,0
0.0221433860547087,0.0819948529061555,0.0803150101979059,0.0146980493412102,0.00586142658865909,0.010875561165909,0.149373311504696,0.0527986269210398,0.10535254118877,0.0312136158231181,0.000488375165616356,0.00674777372459628,0.00647190212481933,0.000217086287525764,3.45053215519993e-05,0.000118477313026483,0.0224184620623064,0.00279366485408632,0.0111371209592123,0.000978811238500505,0.0146184760811864,0.0533864118566636,0.0469842954913088,0.0074416423553421,0.00289335000798368,0.00584255543917394,0.0999909841821276,0.0359924355016368,0.0648701240674861,0.0227139880848623,0.000976173953203239,0.013436218342632,0.0128895387122422,0.00043200612703817,6.86890804727326e-05,0.000236153681206486,0.0446126948558057,0.00556693351493262,0.0221803339487176,0.00194820005649991,0.0090695867809946,0.0411973654501872,0.049652519477924,0.00658622130732039,0.00246699309828877,0.00453153074083126,0.067551949181843,0.0261646532741163,0.0725321972021541,0.0159392104851191,4
0.0278837288596019,0.144030870730068,0.0999010789805224,0.0229222146699268,0.0127383604133905,0.0268185188797591,0.33539783763012,0.076421384168549,0.111265027996961,0.0607983089635946,0.000778935491051383,0.0208473987038476,0.0100303774335834,0.000527934668315987,0.000163040621990717,0.000721908552908239,0.113051157721774,0.00585995458618635,0.0124364666772505,0.00371498864206906,0.0202773776189069,0.110896726609625,0.0768987711447762,0.0173739892937259,0.00853240293199982,0.018469532199605,0.237973576386248,0.0587933441160974,0.0836654370251337,0.0482450815546459,0.00155248423306352,0.0414879506705559,0.0199604205471147,0.00105068176827094,0.000324468574430984,0.00143752728434596,0.224977596102571,0.0116708638982213,0.0247537721376515,0.00739284780477576,0.0171702194740173,0.0887799152495571,0.0852171642012479,0.0135545210593462,0.00796570852038141,0.0150367496364968,0.199158031558911,0.0463145629274872,0.0897896272063012,0.0441969763201685,4
0.00552501819206727,0.0293821284011458,0.026024566097349,0.00368577609410125,0.00143669186327028,0.00193239531810372,0.0341744242601001,0.0124711607822102,0.019462624758964,0.0133008048071638,3.05992481904623e-05,0.00085151823466395,0.000671944380505202,1.33935354742972e-05,2.07087227416296e-06,3.6468744937722e-06,0.00117323092890021,0.000156038375809286,0.000378332760940839,0.00017671468120181,0.00399467224524141,0.0214098928014997,0.0204272600792837,0.00265698734506608,0.00105438135166779,0.00139131467331795,0.0266330607486683,0.00992713648286864,0.01416610992516,0.0103832900727148,6.09694048891733e-05,0.00171056680787216,0.00134585923384518,2.69077596798477e-05,4.11620233270736e-06,7.36278313408522e-06,0.0023351998710965,0.000310781309067742,0.000755234625096646,0.000352712113246602,0.00401222073670298,0.033665291136112,0.0315953585298629,0.00421222344014887,0.00143452256111675,0.00215017616745446,0.0364622110014996,0.00673448999874745,0.02138001091928,0.0136549117589517,0
0.107008493747916,0.00752289468966716,0.0021137852611273,0.000445232117550066,0.000615863947649269,0.000100754287719801,0.0101599906753498,0.0341696156238434,0.00158229370608051,0.00665160638940061,0.0114977273175032,5.68471917711517e-05,4.37288241168764e-06,1.98173480892104e-07,3.80946042952634e-07,9.99328173769295e-09,0.000103260529045571,0.0011731658450115,2.44127148794686e-06,4.44586657226759e-05,0.0647288952281656,0.00460713699421773,0.00157425744293616,0.000234302523685724,0.000328022485639248,7.29078791937535e-05,0.00771391446269061,0.0249428026757241,0.00112584211837639,0.00535626320691468,0.0228910481869748,0.000113156782621801,8.81801167745291e-06,3.95158362277077e-07,7.55467752328544e-07,2.00945271433125e-08,0.000205957758267094,0.0023347689034465,4.93271794474706e-06,8.84802119199226e-05,0.0709600560647236,0.00346459003246497,0.00223352960296373,0.000202929414039966,0.000209410428005847,0.000111650494820546,0.00647296378912238,0.0221318057638778,0.00175729793545421,0.00441525003519426,0
0.045014590099276,0.0907725600649902,0.137417265543205,0.0124381192247129,0.00981173663205707,0.0109685401306322,0.134965848087765,0.1209757350383,0.131054840673503,0.0165284427869717,0.00201790714433484,0.00827922353248497,0.018929639426641,0.00015511846497424,9.67479814200661e-05,0.000120913340806449,0.0183063445220105,0.0146777568561161,0.0172009088974902,0.000273785871698904,0.0359705617256568,0.0512692667418491,0.0771517439768141,0.00592874151382978,0.00451060859182295,0.00466358352221182,0.065027750519642,0.0680024045435725,0.0670498464169012,0.0126942599220684,0.00403408620832421,0.0164771461837914,0.0377184257937075,0.000309047082213898,0.000192529641708075,0.000240617644726097,0.0364302925157807,0.0292389320224146,0.0342876105769549,0.000545586443559025,0.0442026187158464,0.0612849832039968,0.082259339935419,0.00573270405801584,0.0043560576623066,0.00576434599415947,0.0741431415317112,0.0817489824178643,0.076263428379515,0.010100868027373,4
0.0335639213279388,0.149348117278604,0.174182973685889,0.0158214005451174,0.0148019579121735,0.0176233910320746,0.252557585688128,0.174037022040265,0.207534774031041,0.0245606799846697,0.0011315705381777,0.0224150592936034,0.030446321568877,0.000251437626882377,0.000220176661885414,0.0003120477657,0.064105075049424,0.0304257240961442,0.0432166482983089,0.000606258290056269,0.0252272856763132,0.120374860603087,0.134434497443487,0.0123442792102208,0.0116794392502082,0.014367472269445,0.183485574214299,0.136621139478288,0.158100572599964,0.0206666756651694,0.00225238609951448,0.044607822623153,0.0606330604888783,0.000500494539780039,0.000438166717786016,0.000621055593687478,0.127567180835986,0.0605607602806953,0.0860705807319689,0.00120645126521386,0.0299401454484384,0.133092179112532,0.153143134757391,0.0166722870202374,0.0153763293411274,0.0196626926314485,0.239380680966568,0.156902191961053,0.19566417095802,0.0266481257803799,4
0.00620799068148392,0.0286368184570059,0.00296465423279862,0.00134179904362141,0.0015666974160475,0.00167805787250789,0.0260156478193724,0.032410930621357,0.0193522590289817,0.0104951742557447,3.86823310731071e-05,0.000824167817934318,8.78047337064387e-06,1.76108633440707e-06,2.41211830182902e-06,2.74730785274304e-06,0.000677485370372383,0.00105558587131518,0.000376053753001122,0.000110211416867933,0.00455047168701115,0.021617422847604,0.00202104722124648,0.000950415863606669,0.00101735743723696,0.00119637514621027,0.0201071214308133,0.024840639116903,0.0138840512628831,0.00813365310260971,7.70193361319536e-05,0.0016400840474241,1.7515995129007e-05,3.55237283124486e-06,4.85189561097069e-06,5.54944537287498e-06,0.00135087031573841,0.0021006975173864,0.000748666810875227,0.000219790192472514,0.00444506588313222,0.033469597558729,0.00230929601979109,0.00148412413829021,0.00144764428271729,0.00186332518074777,0.0308614395663207,0.0348906050463289,0.0216648120361687,0.00907844670612207,4
0.00253823482418522,0.00195118737252328,0.000610500732623052,7.4708272233735e-05,0.000618911867555973,8.59370745044914e-05,0.00387645687291053,0.0115776670119521,0.00172534072772357,0.00511491018742839,6.46769165752263e-06,3.8260946852214e-06,3.73473992520204e-07,5.44525610126342e-09,3.84894656131538e-07,7.2355492623911e-09,1.51023738644547e-05,0.000134709831607684,2.98954588072047e-06,2.62923893651085e-05,0.00172524423064088,0.00139299802517549,0.000383706686898513,5.32294565166133e-05,0.000346763858233853,6.17976930079976e-05,0.00285984090363247,0.00914406918652104,0.00120088422316424,0.00398503412129382,1.28614288652086e-05,7.61303804062256e-06,7.43445737294718e-07,1.09993480739879e-08,7.65730221275343e-07,1.45844723510231e-08,3.00459739717505e-05,0.000268045354649734,5.94959452045457e-06,5.2323089197783e-05,0.00131175949865196,0.00213473545628596,0.00027330388663236,8.2960051753381e-05,0.000177922714510082,9.52954354771845e-05,0.0024734476709261,0.00625668236109382,0.00138636524422679,0.00300564403483118,0
0.00964606219844426,0.0598818009927514,0.0168378888546754,0.00327586745271255,0.00273573800044195,0.00524696919354933,0.13062665998125,0.0242336774899561,0.0645745314558957,0.00864925303970818,9.34354054191053e-05,0.00360092806685227,0.000280425507503609,1.0653227070662e-05,7.4906316350456e-06,2.76688438202911e-05,0.0171335734974393,0.000590082766050749,0.00417963117554977,7.51518666852157e-05,0.00499966156284989,0.0338197448154158,0.00625205749445696,0.000894159787337818,0.000947846806956704,0.00173568141420025,0.0710055324996818,0.0162390583115699,0.0293723281113829,0.00482613632848071,0.000186011581989956,0.00716872673978476,0.000562462431192173,2.13310572147698e-05,1.4908332025029e-05,5.50590396004638e-05,0.034107953038126,0.00117439738967625,0.0083284240855372,0.000149584769704014,0.00445287581644008,0.0293550260400273,0.00587202157366424,0.001224568621389,0.00103832354389332,0.00219162240583732,0.0694276880218776,0.0118194128716321,0.0289772039873218,0.00435342075855716,4
0.0538505472475438,0.227831393369115,0.0803288166856079,0.0213995970861429,0.0204983456518133,0.0465075894049194,0.402207415601547,0.0761489947524806,0.156242489324746,0.0661361019082864,0.00291424287411777,0.0521679273155621,0.00647069515245155,0.000459793008082514,0.00042222999282281,0.00217367463626765,0.162418775342471,0.00582767669326467,0.0245032813069879,0.00439399445652904,0.0399295288600607,0.164147062129238,0.0637257220702251,0.0158690226035452,0.0145048588226527,0.034173140606804,0.335411228260055,0.0592906063116854,0.119716078799531,0.0500477560840181,0.00579952121126287,0.103814187829931,0.0128910322777979,0.000915436798486594,0.000840264774211816,0.00432575702417199,0.323373215105862,0.0115964960132675,0.0487885334011573,0.0087460074922229,0.0358008756328456,0.18263154265741,0.0609472776427515,0.0167218720992984,0.0145000507214843,0.0274171169381761,0.287448989431287,0.036020622246152,0.11717756284232,0.0409186167955854,4
0.00634840154531804,0.0160398225620286,0.00819524334732694,0.00327227480074832,0.00346724154733572,0.00281356693395872,0.1076459254459,0.0172357724489449,0.0110454172339192,0.0104101324905378,4.00271229414062e-05,0.000255577367783978,6.48216265213964e-05,1.06816890074152e-05,1.20764727597871e-05,7.81952639089167e-06,0.0113858145301771,0.00029841645417124,0.000118053204039469,0.00010694576246689,0.00426604214442908,0.0123585107825162,0.00554135878627425,0.00242491537212286,0.00248526341056704,0.00187947725582361,0.0704336237876343,0.0138385559002412,0.00736864389003301,0.00851255122998738,8.01219339479222e-05,0.000511572844887607,0.000131656279360235,2.13359945680653e-05,2.40346594110738e-05,1.56960543178678e-05,0.022916371154956,0.000593957333817688,0.000239463486026322,0.000214781435105228,0.00635170803560008,0.0193941563305782,0.00853822752790975,0.00370931951378858,0.00386176027855481,0.00281447627390998,0.109051190877646,0.0170644682227213,0.0114660769512687,0.00993657398768183,4
0.000852721338438645,0.00117580163154011,0.000782894682505594,0.000217100321420898,0.000582039979159971,0.000105671104402475,0.00685127050639353,0.00803673114697134,0.000494775944378429,0.00648883845578298,7.30542558158307e-07,1.34868586627787e-06,6.1420641979727e-07,4.67820390631585e-08,3.40351003953998e-07,1.1205334502392e-08,4.70342145013428e-05,6.4734710034416e-05,2.40123647856644e-07,4.2295211206309e-05,0.000491504197043328,0.000837559591726994,0.000515947544962556,0.000148868475549149,0.000320819484798141,7.54895174827308e-05,0.00542134313621629,0.00646633836379695,0.000334556420409623,0.00509214246794019,1.45380838711951e-06,2.72444962079337e-06,1.2227602862065e-06,9.36723779228507e-08,6.77419373284346e-07,2.23149838290053e-08,9.37379620149219e-05,0.000128999875404726,4.83462259609763e-07,8.41875967161819e-05,0.000298918814716729,0.00130438432984772,0.000374111866719943,0.000196440039793961,0.000185397867367061,0.00011675450695606,0.00520619035500174,0.00417320778606781,0.000477677434985955,0.00403029258161518,0
0.0151256590537323,0.0212811199268363,0.0193523322432216,0.000581960369318193,0.000648188085091322,0.000948707313786591,0.112238888608726,0.0203499711280454,0.0310377636792543,0.00746852265767488,0.000229929376679819,0.000455153339404181,0.000374472093852437,3.36556682582644e-07,4.22259085548233e-07,9.04456363651281e-07,0.0126541778867688,0.000416107940911705,0.000967345522337891,5.60017224577539e-05,0.0116982786558266,0.00625300291273005,0.00597669523677447,0.000131306679157306,0.000368814968933246,0.000340869631928455,0.0460229694552416,0.0137488123403133,0.00903355400355991,0.00610386322170611,0.000457557690772937,0.0009057571169125,0.000747074020753338,6.73126117063015e-07,8.39128935619854e-07,1.79617067911854e-06,0.0251880779809009,0.000828106206163597,0.00192560413569947,0.00011149567463433,0.0112198602940404,0.00956525665396745,0.00642212196649094,0.000156163969925375,0.000185191076354133,0.0002848222696934,0.0589704107106192,0.010487503879133,0.011958893956191,0.0047038619859678,4
0.0407554641257421,0.192395804622165,0.0848114478494762,0.0204542495970884,0.0207010059245621,0.0425693923496652,0.491722789682397,0.0822537178776255,0.158597026425074,0.0433961554627288,0.00166817571571956,0.0371087834791392,0.00721687952012984,0.000420294850966176,0.00043042893851001,0.00182065655320146,0.242984572813021,0.0067941897150022,0.0252657827127281,0.00189262302687154,0.0328256138452394,0.144578928720319,0.0694558278536427,0.0157439988595795,0.0157966682477134,0.0339270838803253,0.400460821401169,0.0654670801086569,0.112429744793963,0.0339508557532534,0.00332080312573726,0.0739388873827428,0.0143720879244679,0.000836567867107484,0.000856784048828107,0.00362356343528358,0.483560028483193,0.0135253468246041,0.0502919261130853,0.00376632417649184,0.031506454492565,0.137607175683081,0.0573515921649148,0.0115532266949469,0.0172642855983984,0.0394605943451352,0.405561447854716,0.0574561325144969,0.0976965837521942,0.0251744742909285,4
0.0113573050684667,0.105711211420758,0.0428225567379661,0.00301808741275235,0.00420252510169482,0.0110716482286381,0.146917108655603,0.0312279929521103,0.0602181304824893,0.00970739848325157,0.00012886556184342,0.011155613377072,0.00183888795436113,9.02908205179889e-06,1.75161631861807e-05,0.000122789576560575,0.0216928500201664,0.000976725711936389,0.00363141356527265,9.4657062396945e-05,0.00788550042286954,0.0749837263719061,0.0210424768284469,0.00229447977034199,0.00313265575880949,0.0086324998847437,0.117453512736304,0.0210218066250836,0.0338786304275778,0.00812809755901683,0.000257204752936444,0.0222743352218681,0.00366314311395218,1.80915239845607e-05,3.50778973513722e-05,0.000244756617980957,0.043167915751422,0.00194696709566129,0.00723859699109396,0.000188395948641583,0.0114046480577587,0.107881932417912,0.0237881954534485,0.00339264829367243,0.00488837926900254,0.0133910633640723,0.165751604232873,0.0250490000955749,0.0337331471502999,0.00677777103836598,4
0.00217339264076964,0.00699167514613244,0.000983327848576,0.000371267538974394,0.000719632682671137,0.00121968344665353,0.0150354974102952,0.0117229692731829,0.00586189948880544,0.00649623607603288,4.70912210222795e-06,4.84215207913485e-05,9.65948466487364e-07,1.38394141367946e-07,5.2006008327515e-07,1.46455178112564e-06,0.000225763716144681,0.000137925382305326,3.39345496076874e-05,4.21843568872359e-05,0.00126540213268996,0.00481481474525738,0.000679071824299724,0.000200228430062932,0.00044404232475726,0.000762041594118774,0.0104906748190822,0.00943569845966096,0.00429320085045329,0.00530058193805232,9.40627425266302e-06,9.70612869625642e-05,1.92099484587709e-06,2.7552551403755e-07,1.03504076468408e-06,2.94468923627757e-06,0.000450690943127895,0.00027464445832758,6.81267326763285e-05,8.41739893195083e-05,0.000984781746467502,0.00775696540019681,0.000608141837969631,0.00021727944536603,0.000283984844383806,0.00118114604201845,0.0163506099693726,0.00792591096864582,0.00683034272758769,0.00344744122031533,0
0.0022706220229483,0.000367542555735253,0.000464667566922631,0.000337020889971579,0.000656562764704865,0.00128894243539464,0.0121526454564298,0.0105675930197841,0.000382580695662113,0.00931045372718483,5.17453440862981e-06,1.32988925675495e-07,2.16950591750942e-07,1.14136343263846e-07,4.33169574695464e-07,1.66792757569639e-06,0.000147727781718794,0.000112231685533354,1.4361694017803e-07,8.7119607581545e-05,0.00135014820213736,0.000254721218561343,0.000211691973952309,0.000137725838884824,0.000358297750340459,0.000624169819690048,0.00401792425970889,0.00853935880188574,0.000267051404814831,0.00741238246638677,1.0298831811063e-05,2.67408647759013e-07,4.30692140734544e-07,2.27145507420906e-07,8.60829436018869e-07,3.32074659894269e-06,0.000294261156522397,0.000223293040177784,2.89264811116737e-07,0.000173368076058542,0.000888878163298592,0.000407327903797897,0.000125563261698932,8.53205795017113e-05,0.000210475252122615,0.000586578408270036,0.00413001256389302,0.0061858230996075,0.000424310419794512,0.00560507050772413,0
0.0187182467714634,0.12390690735862,0.0660764228766462,0.00994172942760313,0.00768046234658634,0.0184849300887163,0.281101451674832,0.0472377811943587,0.0803327756962013,0.026547757985449,0.000352121248357667,0.0154269809736257,0.00438738820702959,9.93265563156769e-05,5.92840719535018e-05,0.00034294602066096,0.079252562990583,0.00224197530222988,0.00648243177260824,0.00070749383540308,0.0152855532060356,0.0889284515406035,0.0529372647863568,0.00693232820355996,0.00521227034679119,0.013365089596392,0.218818986638418,0.0369053659985761,0.0596759541691878,0.0207409078421522,0.000700721656051954,0.0307027665889773,0.00873153330579089,0.000197623240893884,0.000117976131974409,0.000682921870961471,0.15787401890121,0.00446187273436011,0.012902739588649,0.00140873952735516,0.0130615386464316,0.0857538383733654,0.03964898345245,0.00491163964172607,0.00356808397346959,0.0100349935259997,0.146242147823238,0.0351727447256234,0.0444523248107284,0.0163245024090805,4
0.0142635957135119,0.091595958087705,0.0275292952116182,0.00327598415373516,0.00341552500936466,0.0128447213076675,0.167616046997335,0.0371327208202973,0.0391301543200227,0.0170265513828838,0.000204424329845713,0.0084270947468426,0.000761123196350432,1.07707578824615e-05,1.17243773108629e-05,0.000165543311055652,0.0280891760991472,0.00138561832583353,0.00153772127764259,0.000291184112727019,0.00766935927838923,0.059508434189989,0.0179267253031474,0.00220882920969244,0.00236937493584995,0.00901468486276476,0.113573954747518,0.0263872691979857,0.0281090938232004,0.0124387755477256,0.000406851975815323,0.0167746057012444,0.00151509279482115,2.14447171945809e-05,2.33289928136762e-05,0.000329702358263681,0.0560432500591224,0.00275752843732634,0.00306115036282886,0.000579628398913057,0.00969902194697001,0.0739329978248646,0.0186175776146128,0.00195052371851568,0.00269102968871782,0.00922597732319452,0.0957408492241331,0.0312149508324558,0.0314506236279861,0.00960011109115876,4
0.000901349172067241,0.00286517263797408,0.0010408479696055,0.000201701933138882,0.000624393960508734,0.000936190369802188,0.016945489046972,0.00991135801744545,0.00435877215197691,0.00772715932700937,8.04536312091078e-07,8.06117614187188e-06,1.08588564248238e-06,4.00926494268682e-08,3.90819941920815e-07,8.56820643672286e-07,0.00028739325371966,9.87245646196298e-05,1.85768575839255e-05,5.96567352233971e-05,0.000661515366536053,0.00205761105096779,0.000791081681995031,0.000146848640033411,0.000362956986648257,0.000671823237812517,0.0133938716306658,0.00757983518102019,0.00311254013348872,0.00595608710191351,1.61180546422754e-06,1.62299401610294e-05,2.16175905208091e-06,8.05750412498663e-08,7.78432181413679e-07,1.72873236668163e-06,0.00057309367108388,0.00019646150079774,3.74824597049903e-05,0.000119067231219032,0.000706420829786585,0.00316370720598008,0.000878685820640376,0.0002252399994477,0.000198309973321873,0.00102446593489361,0.00989107932573757,0.00551695097815863,0.00486123890044339,0.00485422716211843,0
0.000552726914859425,0.000147136527902308,0.000641802857625985,0.000231591392153155,0.00066479779157071,4.96053682411103e-05,0.0157376902358582,0.010426945183438,0.000699440501050253,0.00801904901424873,3.0701620330283e-07,2.13835833460208e-08,4.13855970219444e-07,5.39036899043326e-08,4.44176955739905e-07,2.40143892877556e-09,0.000248732701784979,0.000109225443687127,4.90155357900494e-07,6.46170781559973e-05,0.000324258741480524,0.000106752155943138,0.000336833072197494,7.1693223231833e-05,0.000330071790397953,3.5378090471275e-05,0.0122754496663904,0.00837232101003566,0.000283126863573375,0.00663780916710133,6.09822728253037e-07,4.29252093596889e-08,8.22673825667438e-07,1.06991709861831e-07,8.83641020163485e-07,4.85011850621717e-09,0.000495160349877692,0.000217394519407292,9.76627633585617e-07,0.000128599028210857,0.000205397092662555,0.000163002058090392,0.000183310961559927,3.4510216227813e-05,0.000186256970977495,5.50438422280617e-05,0.00817136237708403,0.00655007953873007,0.000180968077641472,0.00554637776196757,0
0.0395163557643478,0.0960132177719086,0.0726438347551417,0.0119941684118906,0.0103383033342637,0.0162855178034513,0.288446967369275,0.0578688797257369,0.123971390484426,0.0170366373938967,0.001568001978322,0.00924875611685055,0.00530172276920847,0.000144400013557644,0.000106902752976385,0.000264118919787027,0.0831689263913306,0.00335397152046504,0.0154459797427162,0.00029129697980215,0.0250698186233373,0.0639806941036824,0.0457420205502424,0.00720948247443889,0.00575368522702969,0.00965667590355267,0.192429758042491,0.0369687065339808,0.0844212721234049,0.0132399823926388,0.00312170433089499,0.0184207695151372,0.0105523063755003,0.000287512754578168,0.000213238728612958,0.000528011485813578,0.165951986556019,0.0066859051824872,0.0307376520988546,0.000580086998316281,0.0295163983281544,0.0561601180166742,0.0407120371641302,0.00658980509571195,0.00551343116893231,0.00875895682032123,0.171754888909727,0.0421993782823015,0.0847548634510745,0.0107032715235782,4
0.0293404486105092,0.10370512669899,0.078198672590248,0.0104896614156474,0.013273944051522,0.0266456020705446,0.320217930870441,0.0659608857592707,0.157525742128657,0.0184473353918759,0.000863787249537101,0.0107904539249108,0.00614574355853483,0.000110352560375627,0.000176564710105663,0.000711297987232669,0.102688354641686,0.00436210299072947,0.0249388480051666,0.000341897529677583,0.0229060269669032,0.0660038375568437,0.0555055124272003,0.00756277523834761,0.00970373846721033,0.0194040663771081,0.2176914557338,0.0466345225711291,0.127959262344094,0.0144835140610092,0.00172031031719761,0.0214909865753034,0.0122300246612405,0.000219833730980419,0.000351876468611539,0.00141770611979559,0.204711992266292,0.00869113044882306,0.0496285007450583,0.000680479755073714,0.0287610717108109,0.0631262718369434,0.0400371770926735,0.00896752008654386,0.0115948866489703,0.0235534552753245,0.239918524319927,0.0443141015041447,0.112050325450132,0.0116749530984453,4
0.00350298599966385,0.00218914384587515,0.00970100652441373,0.000847647428027591,0.000959534342482897,0.00213838661351888,0.0125161192573983,0.00973620786499175,0.0133815699526355,0.00819940167443576,1.23323966380673e-05,4.74749684540554e-06,9.33167136156152e-05,7.19099592244943e-07,9.25294145156983e-07,4.59330723289434e-06,0.000154548828315841,9.48233681017666e-05,0.000179434959261368,6.73357446888915e-05,0.00227874372981604,0.00162248354514141,0.00721351679629234,0.000625672097815446,0.000664801576463533,0.00151788311612268,0.00931971795623125,0.00799655840435153,0.00977771245485899,0.00605568985567939,2.45410518493934e-05,9.51607732768642e-06,0.000186959599096175,1.43388338249809e-06,1.84080434065177e-06,9.14277354104466e-06,0.000310427424249864,0.00018912999891552,0.000357588641092902,0.000134221045961101,0.00314445411579306,0.00248699330058393,0.0112664819447694,0.000845167934449313,0.000855348137628596,0.00240424229320994,0.012618982200863,0.00501136220736528,0.0143794639499748,0.00509989535521703,0
0.000475792720781,0.00034942892353924,0.00102993214329157,0.000237455231710253,0.000713393557838076,0.000264206864265109,0.00177506338293076,0.00849944956570776,0.00076021946781462,0.00537060757221472,2.27334067113798e-07,1.22612481775277e-07,1.04988269533192e-06,5.66666711448503e-08,5.11432691512591e-07,7.00788749067824e-08,3.12796103038253e-06,7.25642055864297e-05,5.67727607928381e-07,2.89214440284837e-05,0.000242314922144103,0.000161563175521024,0.000752659094077094,9.58557107810913e-05,0.00040361012028227,0.000134122165704747,0.00135337053575741,0.00686732747543316,0.000555198635824988,0.00431700455173219,4.52573588567257e-07,2.44098693525478e-07,2.09591020408854e-06,1.12501799852421e-07,1.01349605496551e-06,1.39287341331864e-07,6.26229705235397e-06,0.000144429941304261,1.14245202666134e-06,5.76191185408049e-05,0.000235618055761301,0.00011546083888841,0.000801528376674762,7.08839218196831e-05,0.000238777730319036,0.000151693938803236,0.00119277477498072,0.00480909448172992,0.000811715854004984,0.0042973481262073,0
0.00887553826474508,0.0632761316814967,0.0503242503832451,0.00211304716384022,0.00211832753692336,0.00494714208089368,0.136513994008529,0.0229615696533504,0.0466443212258211,0.0108996914703269,7.89501986012319e-05,0.00402397566514531,0.00254524962378297,4.47225034720801e-06,4.50971811327382e-06,2.45783790102838e-05,0.0186809578565311,0.000529016239529526,0.00218662569912191,0.000119143895830821,0.00488242493226288,0.0374978765283861,0.0239059848409646,0.000757877049608986,0.000914216527758181,0.00228185660357464,0.0834161827698463,0.0167825838496031,0.0310937015921469,0.0083263681448876,0.000157329654346418,0.00800772427491164,0.00506476449637344,8.91457736321467e-06,8.97214604765843e-06,4.892541266092e-05,0.0372236214375069,0.00105358499370412,0.00435129770750093,0.000237345442288849,0.00357202086492511,0.032449606781846,0.025366667112627,0.000906841964434304,0.000985505626061623,0.0020363905812842,0.0921190467565827,0.0143985596732641,0.0237253172536105,0.00683004259645984,4
0.0399189481670705,0.145755733923155,0.0710008865719696,0.0144199869956577,0.0152576082546681,0.0334194799364191,0.315094292424754,0.0848949287589866,0.101304273769264,0.0227073727758432,0.00160152123774173,0.0213482608404192,0.00506635328327013,0.000208836595669901,0.00023389175479119,0.00112235320482802,0.0997379239216874,0.00724311207416453,0.0103111525297435,0.000518195575659341,0.0310046825148802,0.117667648727855,0.0527203333737142,0.0104078514131272,0.010878637430312,0.0243842615366558,0.25221305082641,0.0648630997204859,0.0790978218981666,0.017081873442818,0.00318702940023871,0.0424861538446028,0.0100821048832912,0.000415726580037411,0.00046551471710919,0.00223353545332674,0.198517138629508,0.0144137322822266,0.0205216676819778,0.00103118060056583,0.0267762961615054,0.0979280953020866,0.0486480614431864,0.00853319208170685,0.0104780267189527,0.0190984075347348,0.146327581533857,0.0494195638134486,0.0545117545965807,0.0157633712495559,4
0.00511700326740674,0.0284173618814159,0.0180633948266053,0.00154486419633777,0.0019264757359978,0.00362138334879539,0.0699594800052483,0.0147088611863605,0.0396957112713018,0.00733372842725013,2.60293884593855e-05,0.000808469765335637,0.000327865321710447,2.33902820067666e-06,3.6683308672993e-06,1.31482118290156e-05,0.00491889789187666,0.000216798274235015,0.00158015561379897,5.38531875137616e-05,0.00386540769610166,0.0224680260967189,0.011184142929857,0.0011014316381581,0.001393084798264,0.00281022639588466,0.0559820128886976,0.0118967246997097,0.0251817365872062,0.00575854467714338,5.20801887131211e-05,0.00161197287301735,0.000652511677164347,4.71392166306859e-06,7.35882657766269e-06,2.61965868512895e-05,0.00978863193610327,0.000432041859697642,0.00314796124579315,0.000107355597106716,0.00558713166059506,0.0345584124633633,0.0137165968648089,0.00173676651819428,0.00207756712837339,0.00428457119151598,0.077410423837485,0.0130216856878202,0.0246321993326216,0.00453562071876591,4
0.000782847751421287,0.00245735391167987,0.00127852532332109,0.000410674663381627,0.000576875287961351,0.000338868749590815,0.0164291651111299,0.00992510195742474,0.00344914093974375,0.00844594077817942,6.15154183741831e-07,6.05171418294554e-06,1.64274752278472e-06,1.69325532897848e-07,3.33724034688597e-07,1.14384150096526e-07,0.000270946046365476,9.89445398710343e-05,1.19254598007507e-05,7.1680851551029e-05,0.000497765168803707,0.00169861387949966,0.000920650028373447,0.000197104266248097,0.000323120139493488,0.000215583927900138,0.0134161661931737,0.00766618816222557,0.00259690308802816,0.00669488602772183,1.22440957598562e-06,1.20596824649691e-05,3.26744686624936e-06,3.34652669829387e-07,6.64839418484031e-07,2.28411776277737e-07,0.00053950856585375,0.000196955594621377,2.37596805274289e-05,0.000142655693099374,0.000418282768860289,0.00271873842608247,0.00100930192228936,9.92288059962702e-05,0.000205098818905425,0.000264498187020108,0.00778580177536009,0.0057018795682515,0.00176749140568434,0.00616719228402812,0
0.00780541027646799,0.0627670180557607,0.054770269015928,0.00156528760484486,0.000555152230627801,0.0026638852323731,0.0935727078511371,0.0167139204156783,0.0378176307107401,0.00875635126255806,6.11293736369614e-05,0.00394571093114278,0.00300549539629868,2.45735470630517e-06,3.09735885602888e-07,7.05016360132489e-06,0.00879496446464272,0.000280263969972014,0.00143731405484634,7.69350510063598e-05,0.00402163526089092,0.03061439298463,0.0255240411612991,0.000452313033567744,0.000262668979355859,0.0010234286363428,0.0532093452124208,0.0119995584989627,0.0183851455319542,0.0069032478427195,0.000121747311496978,0.00786558431205347,0.00599014608666674,4.8948082978603e-06,6.11489980428759e-07,1.41103346013873e-05,0.0175064813632447,0.000558207093474384,0.00286029976091242,0.000153224057568156,0.00502084238233928,0.0302047482344056,0.0264439334517682,0.000572144558177429,0.000155295599187428,0.000979765726518247,0.0551131052338932,0.00906356594836821,0.0182201537693391,0.00648445543817129,4
0.0241398667246039,0.181663414825304,0.100192134524628,0.0168253001239299,0.0097011533059508,0.0217834633530343,0.351713978684015,0.0732756225451365,0.156042241629199,0.0212022708436626,0.00058461673083372,0.0330796772551249,0.010088235071838,0.000284416310737686,9.45647263173547e-05,0.000475976515737729,0.124303810684587,0.00539616792716304,0.0244521300914403,0.000451785816489999,0.0175599373862712,0.136229821111049,0.079520146683658,0.0116070007563212,0.00604499416677351,0.0152839151711567,0.271630714608516,0.0481480910562601,0.121843561384851,0.0160473553219701,0.00116439863184172,0.0659156457982164,0.0200759922540816,0.000566081991451224,0.000188204243377733,0.000948115767200404,0.247379781481183,0.0107384835551039,0.0486783439453242,0.000899056025882725,0.0140826278783003,0.105684193942609,0.074313289660261,0.012469149653295,0.00424062054906155,0.0100086040223009,0.196533511950215,0.0445750853823776,0.0863708482831226,0.0112489615533998,4
0.00502879353524593,0.0565592847292791,0.0515234687970379,0.00189722826601353,0.00154148142143321,0.00535819084860221,0.108686606063396,0.012351035524176,0.115586692525486,0.0129430808525162,2.49501409225635e-05,0.00317929986491038,0.00266645741406945,3.56148487183119e-06,2.37460919575566e-06,2.84792035420646e-05,0.0118716418376322,0.000153273465343844,0.0134206310250146,0.000168114726819951,0.00339032509304963,0.0348434207052632,0.0426779080199463,0.00133862874543275,0.00120389583431986,0.00399608320861838,0.0812732828552271,0.0095350845940982,0.0874156565576321,0.0101396210041038,5.01074585275819e-05,0.00636215538161533,0.0053077582304033,7.14305459706634e-06,4.72889785606509e-06,5.70470106223572e-05,0.0236246201912715,0.000305029959541751,0.0267134285479129,0.000334795690626436,0.00314459618682415,0.0361052360961024,0.0338660740082841,0.00204066573481268,0.00175725093566046,0.00634665827935483,0.10645798104237,0.00814252648379358,0.0794216535395903,0.0095471238394304,4
0.00164020485207304,0.00349576789467512,0.0110217626489765,0.000114020075906363,0.000658487470536335,0.00035944706855011,0.0164251388674557,0.0113306316134146,0.0279281051704878,0.00639985047331592,2.70268453665644e-06,1.21957109105348e-05,0.000120951086174463,1.3064585205251e-08,4.35353497262358e-07,1.26200872789374e-07,0.000269336389758069,0.000128952149226182,0.000782606525685261,4.11425610178657e-05,0.00108504388505972,0.00257463655462092,0.00654193173949026,8.0040578156117e-05,0.000380545508051987,0.000254046895062628,0.0132089539499007,0.00889134263299845,0.0194439910047753,0.00530058350310519,5.37432022780803e-06,2.43546046145049e-05,0.000241814872210238,2.59989860570339e-08,8.66782266817489e-07,2.54771527141347e-07,0.000537774606305811,0.000256672586272812,0.00155860598189438,8.18908873660727e-05,0.000623359335677814,0.00392957402004568,0.00851971139621044,0.000126157142550136,0.000234888537110205,0.000398871653139714,0.00727207397198797,0.00787675000980144,0.016636058799135,0.00326281409080459,0
0.00638126959906621,0.00700634597933644,0.0304659196717414,0.00773145510303455,0.000640663870506174,0.0023418835487933,0.0909428834396685,0.0199722810805885,0.0690589190370881,0.0102058651116627,4.05293225086387e-05,4.8706596132749e-05,0.000922810608953766,5.9232902164314e-05,4.12470577525865e-07,5.50926749770015e-06,0.00818673513869096,0.000394301341572402,0.00467043829131453,0.000104509469675335,0.00362802136684003,0.00265348381983823,0.0138549214500078,0.00282760222435129,0.000336848698828996,0.000949023509487918,0.0497410654218916,0.0136100987971781,0.0373408007045961,0.00804349645514865,8.10452324996231e-05,9.75501259421531e-05,0.00184636542671385,0.000118701169430031,8.20858338121743e-07,1.09656792742275e-05,0.0164164055309466,0.000791221291367919,0.00941619970457343,0.000208141189800358,0.00359314943677144,0.00291754668539116,0.0154509631032614,0.0032899629712548,0.000182024579683753,0.000738603762230928,0.0473478531184651,0.0107807150921878,0.0287432661102554,0.00732624655744842,5
0.0211086207655602,0.0237858687778212,0.0773103679883677,0.035887669718952,0.00250170142476688,0.0089241550065305,0.22613170637689,0.0611788077549968,0.167385547848709,0.0220128015686589,0.000447668772914968,0.000568101752399105,0.00599168428289085,0.00129385386477511,6.28970096255323e-06,8.00099058358959e-05,0.0512240676090776,0.00375154602778288,0.0279547188766615,0.000486996566878297,0.0172340200988497,0.0191145657998002,0.0605188707414091,0.0293558138411082,0.00173966883065585,0.00732964147411912,0.181271570067991,0.0493222208432079,0.129319883011584,0.0169829767881389,0.000890999735663436,0.00113091846022269,0.0119379812088496,0.0025753062095045,1.25167454580064e-05,0.000159250036960755,0.102103308097334,0.00747546232453673,0.0558328019693579,0.000969055287918209,0.0128513541116175,0.0158769413017287,0.0484894426850668,0.0255782365889774,0.00114135467987339,0.00544311371933179,0.145573944692112,0.0436038111918447,0.122293172665333,0.0124762965671005,5
0.0301221151397654,0.0982697533438409,0.113665786834757,0.0369459589667013,0.00348802311950251,0.00949826457306125,0.14659531267998,0.0762211099210791,0.145220608763522,0.0365692355372399,0.000911586990202068,0.00970254868308824,0.0129828721346044,0.0013718044601746,1.22242694548355e-05,9.06391802676178e-05,0.0215975230411316,0.00583002856462541,0.0211927570142871,0.00134401838027965,0.0240827659642231,0.068082755600067,0.0842691620198574,0.0296779374141908,0.00246622184873611,0.00576058589724881,0.107908628666094,0.0598729929846146,0.11676681958171,0.0278302973658488,0.00181436460271192,0.0193104168926046,0.0258373988312817,0.00272986814811554,2.43293105208857e-05,0.000180390204403697,0.0429797052911764,0.0116105059982448,0.0421756854908103,0.0026745376916058,0.0215601952379164,0.0647243050024311,0.067114232015394,0.0208300332200986,0.00199813768895454,0.00642001708548307,0.102984461921589,0.0592793255970742,0.0740378462694737,0.0290680774312771,5
0.00960297881064924,0.0140344879239705,0.0245034543678796,0.00458336540620301,0.00066291996609201,0.000457518826901028,0.0335835973471757,0.0200699344757826,0.0486655612190522,0.0160478921555092,9.22214084059768e-05,0.000195738040914922,0.000600141710976595,2.09299754810977e-05,4.39172802718034e-07,2.07717082042542e-07,0.00112022105349322,0.000404003601008872,0.00234334411217514,0.000258823928694285,0.00803505064844345,0.0100284274700885,0.0199267564208148,0.00328926559469583,0.000425213665250909,0.000297929470390035,0.0245253741700062,0.0152778307963719,0.0393124047332496,0.0117250080350492,0.000183962980826887,0.000391721340949363,0.00119755121252903,4.18314599946213e-05,8.76119370304837e-07,4.16001956016322e-07,0.00224246999103224,0.000804782093092217,0.00469996364233069,0.000515064148950347,0.00806988552197433,0.0161070538316136,0.0306930816584486,0.00494845188185699,0.000293690971137192,0.000364454785288373,0.0152125582269259,0.0151921474489234,0.0511697263976063,0.00870759810028638,0
0.00573143766031608,0.000866038446136423,0.00232349467925754,0.000751463553227915,0.000714034885186581,0.000852826179403474,0.0588786715829375,0.0225693627566549,0.0356581193744665,0.0167064328278772,3.29066211170805e-05,7.40278393624243e-07,5.36247419066599e-06,5.61812656237998e-07,5.12365546950859e-07,7.26967803151634e-07,0.00347316653616559,0.000506822481388715,0.00127786840062034,0.000278536870091341,0.00434134531217061,0.000611637721091626,0.00176793862362981,0.000253108337255178,0.000391205864789461,0.000294331571522808,0.0405088031043159,0.0175797780915457,0.0233020190842224,0.0137774345159252,6.55804219852254e-05,1.48617901616718e-06,1.07304425289636e-05,1.123695517838e-06,1.01852960368223e-06,1.45064059863685e-06,0.00692218943026733,0.00101365544240578,0.00254274320750862,0.000556247740401418,0.00350541464441495,0.0009346630369328,0.00205821362181039,0.000161728225692312,0.000180126564269636,0.000293006034095434,0.0282308230356579,0.0111196899783525,0.0187582892788179,0.00869097298798504,0
0.0188653616257903,0.0293978661844326,0.0551968555014575,0.0225443649529956,0.0048661205961564,0.00861739001815597,0.144747049837299,0.0398994648337952,0.149691926591683,0.0216527334586227,0.000356368604080375,0.000867142894220111,0.00306166839681586,0.00050917310616717,2.37678794540749e-05,7.45732575456401e-05,0.0210354363724534,0.00159931165379765,0.02252009506187,0.000470604073140575,0.0149108529913982,0.0219453285101763,0.0415503748355386,0.0183165245094229,0.0033944488753968,0.00655571333443878,0.110459496294991,0.0314987072834309,0.119066183257279,0.017313889353657,0.000710488467061312,0.00172702235255887,0.00609295727942421,0.00101487373170138,4.73277693387123e-05,0.000148440046420527,0.0418819031864254,0.00318328217760738,0.0448145580969404,0.000937090969937963,0.0100821391908106,0.018957981676915,0.0289419767914518,0.0119742355294072,0.00240651148938684,0.00527305986456343,0.0813553870919208,0.0227280256174633,0.132903805386579,0.0180606739540608,5
0.0531825654600472,0.0075870983816999,0.0805185205550817,0.0350807765560405,0.00127460660671739,0.00231336795917583,0.0632313064288109,0.0410111436358865,0.0689351529671295,0.00999602024063933,0.00284184532813487,5.6612505361544e-05,0.0065157781307688,0.0012364143624759,1.60414396219737e-06,5.3030990615551e-06,0.0039984259159935,0.00168861350351469,0.00477277650460482,0.000100391067169239,0.0393997188745955,0.00549672339091383,0.0643220707371302,0.0269952203152003,0.000951037761098996,0.0017094799267167,0.0501708406385877,0.0335902933385346,0.0533043413934706,0.00790345733752064,0.00565599430588825,0.000113892885695566,0.0129656363770153,0.00246088686840046,3.2205402158633e-06,1.06282234054789e-05,0.00797661393806605,0.00336201142039936,0.00950079440245261,0.000199775359720134,0.0350726572688769,0.00809989889578266,0.0430343330071149,0.0204155041307149,0.00120126132037321,0.00261714139460878,0.0589955971044371,0.0327020976315623,0.0413417904270399,0.00729846660501855,5
0.0354217489780278,0.000639903074984796,0.035654471266364,0.0062999014970424,0.000608259957770061,0.000546092100503406,0.028954484750218,0.0381096046521546,0.0240966436686177,0.0105406779751032,0.00126098958492492,4.0399772266673e-07,0.00127675180405927,3.93688236155896e-05,3.7169509571931e-07,2.98964218245283e-07,0.000834995697744948,0.00144962639500204,0.000578150885221008,0.000111521410421572,0.0273697698361301,0.000436299832770776,0.0245737954759323,0.00408741200901869,0.000308890051299041,0.000297501787622544,0.0173357532343557,0.0296270845560462,0.0184728470494828,0.00826799938232877,0.00250937575007853,8.11442735764763e-07,0.00254153727228209,7.8859341398184e-05,7.39486522926713e-07,5.95394845278756e-07,0.00166917058334634,0.0028946942986372,0.00115590812028795,0.000222067984057673,0.0268096065565735,0.000703134007543323,0.018196429281087,0.00581977294425651,0.000191190720338269,0.000206213899138598,0.0160637438637084,0.0329812345601913,0.0242336949041006,0.00798353467349354,0
0.0118883670546662,3.28055938106948e-05,0.00361886930299751,0.000409320705409185,0.000721342924194884,1.27836412135581e-05,0.0284521621234502,0.0182256186676758,0.0141623268528433,0.0113441362764884,0.000141923299115851,1.06176530487001e-09,1.28963027122915e-05,1.67707484275509e-07,5.22945760942602e-07,1.61070983714024e-10,0.000812823792741749,0.000333043329377529,0.000201551564659343,0.000129321952408758,0.00964521104799313,2.26611719362651e-05,0.00253505456683384,0.00024631825627718,0.000425774907941064,8.76683211779011e-06,0.0231761541364965,0.0145065012127312,0.00937467441138493,0.00877317167978898,0.000282546948817236,2.13263576009168e-09,2.59280290998878e-05,3.34409209510516e-07,1.03969000771255e-06,3.23683836009548e-10,0.00161825293101109,0.000663516965975343,0.000401115096279954,0.000257361601573202,0.0088930642441206,3.63549611996108e-05,0.00395054142326943,0.000251243447011847,0.000200417578810554,1.39818521691532e-05,0.0179992422276581,0.00871700244167381,0.00656687327726395,0.00574258660163647,0
0.0177112554080326,0.0271042767592287,0.0630383597601314,0.02509477922408,0.00662698696279082,0.0105880985507965,0.187071418726654,0.0650547031842819,0.137690698444002,0.0305802737455484,0.000315078010453446,0.00073829990678357,0.00399092417019124,0.000632909278392426,4.39002086733545e-05,0.000112663520712949,0.0351104625958214,0.00425246972956951,0.0190528241226791,0.000939763224711302,0.0139238583998615,0.017523748303331,0.0427113268231317,0.0176126401305884,0.00387622947877318,0.00692001243587425,0.135508744761673,0.0455538650402965,0.108240678507043,0.021522293427624,0.00062711496393755,0.00146924790785222,0.00794473900796001,0.00125946138074468,8.75973181667444e-05,0.000224207955661279,0.0699302841795934,0.00846329275499065,0.0379161365639717,0.00187020214504722,0.0121704122126676,0.0208382662985003,0.0441407823327393,0.0162954454759763,0.00500237145121065,0.00562911284448216,0.133256537047678,0.0329700167442522,0.108485212779633,0.0196161448299457,5
0.00708994652222541,0.0133000764256959,0.061796686699456,0.0253377610135056,0.0036222994417803,0.00334972036361101,0.0871590366707953,0.0275390606021292,0.073444977601057,0.018300694182873,5.01743326501257e-05,0.000177715768282608,0.00383547815130386,0.000645227217514434,1.2951319411082e-05,1.12706473592398e-05,0.00754829764546964,0.000760656808155316,0.00542057585122384,0.000336184455249918,0.0055523859609249,0.00852187606948757,0.049298816217186,0.020192360119996,0.00224871492474779,0.00157939345180296,0.0673786365192229,0.0216974420220266,0.0541431103622979,0.0144157336873033,0.000100164335954182,0.000353699470396027,0.00763507055019422,0.00128390877407269,2.6007608833572e-05,2.24341241702389e-05,0.0151072479219234,0.00151516144537613,0.0107876339531277,0.000669379905302522,0.00305408963495292,0.00807670929838199,0.0335836024960134,0.012197172259264,0.00316509378308279,0.00173524877708074,0.0557760900174871,0.0231452718413939,0.0426725431205804,0.00899527477270206,5
0.00749303535199568,0.000608960038304094,0.0122934817125468,0.00269998191207934,0.000748558181911459,4.54888238349727e-05,0.0603462790029065,0.021796395254267,0.0154168972896965,0.0114509779302649,5.64196602483478e-05,3.68237565143553e-07,0.000151880305141887,7.32633672921748e-06,5.63138766701029e-07,2.02517948084624e-09,0.00365939126240887,0.000476260386470333,0.000238541105985496,0.000131745022304458,0.00552224024331765,0.000426226397666936,0.00839975434156283,0.00205135164794771,0.00042717702117207,3.27172682379368e-05,0.0492915238787384,0.0166897912112646,0.0114982327639646,0.00934153281867221,0.000112265177827662,7.3704712137659e-07,0.00030223890182107,1.45794582326947e-05,1.12040231332256e-06,4.08426873630652e-09,0.00728274364369313,0.000948959683021624,0.000475019176585064,0.000262202826162372,0.00430127439242854,0.000638079745420526,0.0126692371277677,0.00279111238107445,0.000216249919996479,5.04483115141822e-05,0.0444744319788052,0.0140105912559893,0.0168069927000602,0.00760636902475433,0
0.0043977527925397,3.83559615994494e-05,0.000938066698395623,0.000295392951274446,0.000562816794329944,2.35724839378726e-06,0.0472080366267463,0.0181657804524303,0.0085349627030375,0.00798141697261695,1.93944899936064e-05,1.45657075588678e-09,8.83961243262137e-07,8.65549136717746e-08,3.18324918012568e-07,5.48415939155368e-12,0.00223831872832231,0.000331532210553215,7.31902907670109e-05,6.34890813305031e-05,0.00337256714299162,2.6360697804398e-05,0.000638768346244539,0.000176077963491332,0.000280627490002762,1.70910077310031e-06,0.0369403224458203,0.0134918482203925,0.00596941107411854,0.0064418594218477,3.86374829370169e-05,2.92041930306336e-09,1.75947049745977e-06,1.73114393782279e-07,6.32388926980708e-07,1.10132102990626e-11,0.00445497916660206,0.000659845657950809,0.000145667073544413,0.000126873921349822,0.00279457279104129,4.25027418305266e-05,0.0007212508853602,0.000204896223456024,0.000169704073320933,2.61153308056426e-06,0.0300939424708368,0.00948960119091738,0.00492280888891563,0.00499848194695786,0
0.0144732029571287,0.0161579936013024,0.027826653806508,0.0195817260088303,0.00441420879991003,0.00941998798065266,0.116237115840774,0.0302761994029993,0.120848786939714,0.0195925760733971,0.000210485315901511,0.000262391869259087,0.000778074219243529,0.000384844744158233,1.95488961547342e-05,8.91777079747018e-05,0.0135747214132838,0.000921058607488184,0.0146776936087621,0.000385566256090977,0.0095674602398992,0.00921700250201608,0.0184029592605548,0.0130691856688804,0.00213437064495749,0.00525925112399946,0.088954322194334,0.022911839079227,0.0778367759064886,0.0137386374902989,0.000418897169616556,0.000522152577140555,0.0015484463179219,0.000766360740821479,3.89233155717071e-05,0.000177467940404915,0.027017839134866,0.00183308021990804,0.0292064159399049,0.000767484925804342,0.00846507558276854,0.00871803025589139,0.0166325271173042,0.0116941649993944,0.00210922210601336,0.00639000204063158,0.0647210511563537,0.0177562162813472,0.0681496707572353,0.0113273240614332,5
0.0141463103909616,0.0122698402063704,0.0239392754949584,0.0220574666190926,0.00267808507284933,0.00501607359036688,0.121459515384716,0.0341571335568101,0.0737919478456682,0.0171582842443922,0.000201122273950343,0.000151277206829725,0.000575327224635967,0.000488541860408062,7.18710795749943e-06,2.52873730059147e-05,0.0148201237137601,0.00116975763635658,0.0054722044456838,0.000295857505469782,0.0114921353991812,0.00887964088687235,0.0183852483381715,0.0161620594507372,0.00204617263084451,0.00337283161724161,0.101099440664685,0.0265974444057648,0.0575368041713769,0.0139688923415567,0.000400225090690348,0.000301043554925583,0.00114542584138908,0.000972630302093541,1.43222809800927e-05,5.03218064465152e-05,0.029498421457236,0.00233056594653057,0.0108897208780614,0.000588768877718583,0.00961199655989638,0.0100884952875751,0.0120945964101324,0.014242900735463,0.00269530249725406,0.00374346443321924,0.0711210960772939,0.0224721234785698,0.0635733890987548,0.010090112324841,5
0.00807384562670002,0.00162789097458238,0.025856849682142,0.014990514091474,0.000513713627053999,0.000517014564372385,0.0699830036147851,0.0252376138409831,0.00730890990321988,0.0101772844703121,6.55104987887344e-05,2.64879750406139e-06,0.000671554184344289,0.000225803029981342,2.63997354425168e-07,2.65745686256483e-07,0.00492206310862664,0.000638646525170305,5.26779851236721e-05,0.000104050509618577,0.0062569787986628,0.00130778285398918,0.0203234666945249,0.0106782154516826,0.00027891757521326,0.000308949503711645,0.054404812642627,0.0200634748529624,0.00578403018950731,0.00792190320692566,0.000130368369409978,5.28548631648292e-06,0.00133666197196041,0.000449388524899452,5.26578274401758e-07,5.31399409338581e-07,0.00979391952820199,0.00127233177059075,0.000105833109957042,0.000207107011528344,0.0055008864565876,0.00166257548709019,0.0135039688377782,0.00955975810193273,0.000244836801189195,0.000356692409989958,0.0285810873491493,0.0204748464951698,0.00733435423258013,0.00631010084629376,5
0.00417036392447294,0.000347049274777555,0.0121723537057657,0.00203834355175362,0.000487908567556073,2.84711187438874e-05,0.0654358133861001,0.0219966073996631,0.0134211117036112,0.0135518846790901,1.74271694847248e-05,1.20659848843571e-07,0.000148880026974317,4.10909153285748e-06,2.39220567703068e-07,7.94963667774954e-10,0.00430125513937563,0.000485998904930753,0.000181029961385091,0.000184572870755057,0.00313649843037983,0.000172547287220497,0.00726397919857947,0.00129712095432641,0.000201457281862006,2.05984733095505e-05,0.0527107138417926,0.0170308274441515,0.00847240689399156,0.0110848098887247,3.47294039648821e-05,2.39484142251269e-07,0.000296301171619558,8.24288717808511e-06,4.75631235420258e-07,1.6015857283606e-09,0.00856149847324417,0.000967412265760364,0.000360245132736546,0.000367302631565536,0.00287457338092083,0.000147016606896291,0.00615352541393178,0.00160901661501156,0.000147282818550408,3.18039764096643e-05,0.037742267080023,0.0164851698171596,0.00630790180377425,0.00729113179148116,0
0.0101077711710971,0.0089792000072913,0.0184620775587129,0.0117253735441054,0.00178090412435631,0.00539547542192737,0.105101089860001,0.027551631062835,0.0736071570067043,0.0166393487513204,0.000102677959008821,8.06845772318905e-05,0.00033952998800753,0.000137935089316475,3.18702109326317e-06,2.91512755479371e-05,0.0110894806453119,0.000762139911317274,0.00544456014785087,0.000278246999866898,0.00699270867806512,0.0042208134873891,0.00941486082872345,0.00664760178849996,0.00110806948095077,0.00267956802139433,0.0836843315323377,0.0204270857245211,0.0435146706111942,0.0122986039204633,0.000204330394648634,0.000160904261608362,0.000678652360687563,0.000274722306617493,6.32993587393047e-06,5.81021273691676e-05,0.0220801596392152,0.00151739165089713,0.0108346185401499,0.000553714532887853,0.00632644826614979,0.00479794843206221,0.00759298470911399,0.006344139465216,0.000840707621836927,0.00320359470686334,0.0847221582412316,0.0135534228677257,0.0362083813656633,0.00939778151612664,5
0.0219163127367887,0.0228250058805188,0.0521741368448261,0.0276864834401238,0.00147530845280049,0.00689821999141122,0.148240788949745,0.046225691006481,0.137986660400705,0.0218677576961792,0.000482734704258959,0.000522922755011961,0.0027347584842687,0.000770323066337048,2.1863937301358e-06,4.77507641319892e-05,0.0220425004257518,0.00214518389528549,0.019127210478085,0.000480596813503718,0.0163673312673004,0.0164605600122989,0.0431637017116248,0.0222064670273367,0.00093816445054114,0.00441723576128787,0.120724836296574,0.0357273257693859,0.111998149099842,0.0170493291808193,0.000960624407077172,0.00104128151612064,0.00544322424051197,0.00153294818396163,4.34719127472473e-06,9.50922707318796e-05,0.043907452249086,0.0042711081439445,0.0380713259537604,0.000956370800513382,0.0212071582260055,0.0195207430598062,0.0487144532819149,0.0167505633867295,0.000526701172430518,0.00488269713332796,0.107982670217194,0.027702410875953,0.135528469940112,0.0166581633940123,5
0.00639034972433246,0.00144478657293086,0.0192516138716368,0.0112584986816764,0.000686662346252874,0.000295362466256174,0.0802737268049439,0.0233373551426089,0.0242255748746222,0.0193723280308045,4.10252247340106e-05,2.04656411854395e-06,0.000372222932679874,0.00012737300426261,4.73858147471278e-07,8.49532506523027e-08,0.00647392529093979,0.000547022670307807,0.000586286769302879,0.000377135159802166,0.00422045692223872,0.00105192896229427,0.01292930893307,0.00693822191635432,0.00039028757006678,0.00018162264981748,0.0619454816939081,0.0188568907024788,0.0153086884050613,0.015601318426492,8.16566637115667e-05,4.12372236724212e-06,0.000740981963863199,0.000253480742079977,9.40555670904998e-07,1.71767461153786e-07,0.0128854198190389,0.00108887320017503,0.00117020014774919,0.000750503907525493,0.00402010993686508,0.00157773552987781,0.00934358681987231,0.00534904853439704,0.000203967895101916,0.000274129253182709,0.0472428984457741,0.0151677969433976,0.0250051613993613,0.0138181288515875,5
0.00396006238231076,0.000332802941447584,0.0014861268798761,0.000576713015921895,0.000673754163719443,1.29810447420865e-05,0.0687543775475378,0.0195895384215044,0.00342566629505405,0.0140190356061448,1.57195285209175e-05,1.11240792107137e-07,2.18947363570141e-06,3.2772408783266e-07,4.56225801991055e-07,1.64943159608679e-10,0.00475063410594224,0.000384300952255922,1.17677021950528e-05,0.000197511736869526,0.00238676115821881,0.000136219813126885,0.0010733043505435,0.000403701391621295,0.000352430986791405,9.32163178230627e-06,0.0565479514785947,0.015806387271901,0.00213606505323326,0.0115275035237758,3.13229629176005e-05,2.21442338853684e-07,4.38638460093939e-06,6.58682143322954e-07,9.0769317910874e-07,3.32624428758052e-10,0.00945392632587012,0.000766060211670589,2.34382611277734e-05,0.000393054295107734,0.00179437270190193,8.74400466099639e-05,0.00150029226650456,0.000520558670636153,0.000259503608086522,1.43890554682464e-05,0.0442902087147352,0.0111261759315721,0.00217427679939753,0.00829542827931299,0
0.0071716896614174,0.00329815415478915,0.00446167356947118,0.000463269315430855,0.000689885053986917,0.00147187803313824,0.0821548334490454,0.0194736286404236,0.038148988298703,0.0163590308958972,5.13130272828426e-05,1.09324626647513e-05,2.00065638291082e-05,2.15693788404217e-07,4.78242772812335e-07,2.17637412090664e-06,0.00674486267590631,0.00037929244600799,0.00146188184105061,0.000268853189682536,0.00557624685885644,0.00075686448053788,0.00149343452422185,0.000198423568926074,0.000378830443955042,0.00049809495115063,0.0588559676416655,0.0154637099864018,0.0189938487138988,0.0130507314397472,0.000102487622020277,2.1750920706529e-05,3.98121864022657e-05,4.29233554237481e-07,9.44595284818247e-07,4.33191440852951e-06,0.0134603002685298,0.000756592793572346,0.00290979196160934,0.000535076651186633,0.00530594882225632,0.00112771219536184,0.00171127656868969,0.000127027733595557,0.000201506036024166,0.000563211117282967,0.0338326090094397,0.0116792540250227,0.0156742398015075,0.0111386366013694,5
0.0181569205597232,0.0224905276930199,0.041776473555353,0.0231276479251912,0.00458723054221811,0.00731874223551147,0.151807410724961,0.0510577956321728,0.136030837357365,0.0246043163339758,0.00033122272783665,0.000508271273933538,0.00175326763088633,0.000537502514456765,2.11481112244074e-05,5.38315654738625e-05,0.0231478721536311,0.00261829699499687,0.0185969358937391,0.000608368493699886,0.0142505172628251,0.016836757326475,0.0317605686438968,0.0188283218987167,0.00292253983809419,0.00524932455792454,0.121990840504086,0.0392716513965305,0.101476464318423,0.0192226096178783,0.000659240362466538,0.00101155204344664,0.00348966378080388,0.00106966687273089,4.20830915634026e-05,0.000107108316174314,0.0460773966796869,0.0052121039988284,0.0370074731367162,0.00121069772302008,0.00935188523360607,0.012130979600056,0.0228354912132009,0.0107827762282645,0.0021576116488818,0.00307413144313256,0.0989761977137728,0.0266411190710384,0.0654004817751781,0.0141429698972357,5
0.00713946757658139,0.00214830952261339,0.0233998556396389,0.018464406931012,0.00063643917380952,0.00111428618494042,0.0979201665138499,0.0274824654045749,0.0178702695354871,0.0209424381557903,5.11553823542896e-05,4.55757439616405e-06,0.000550060459762865,0.000342114556933877,4.06840318096965e-07,1.24437756293956e-06,0.00961975691884804,0.000758323202610003,0.000318938561712793,0.00044077804942619,0.00564617350063688,0.00151435756741726,0.0181586191539259,0.0148187446148535,0.000428528009552272,0.000777939581429414,0.0777629807973934,0.0226004356965777,0.0123346022233478,0.0167604226395119,0.000101860299600879,9.14992439505039e-06,0.00109486321975802,0.00068110848037366,8.07613818254085e-07,2.47564297065379e-06,0.0191599487045792,0.00150974635009904,0.000636671653793628,0.000877159581021406,0.00480546056666355,0.00243190514394263,0.0126044665783161,0.0124814521431749,0.000444572275076648,0.000642663990206743,0.0736261329328795,0.0161805874251525,0.0197465586008049,0.0115158380255987,5
0.00244487760328257,0.000123241444266952,0.00240071552034228,0.00283073276955552,0.000568209382880099,0.000331460622185254,0.0523771037686674,0.0212178339333556,0.00170151272823736,0.0162300918864138,5.99121271616242e-06,1.49448337098821e-08,5.65232045870627e-06,7.86686622255148e-06,3.24482993764604e-07,1.10280954186442e-07,0.00275665593287365,0.000449451268468163,2.90787648300413e-06,0.000264684931161608,0.00172820612015929,8.55039230480329e-05,0.00166647856791858,0.00201675446724088,0.000301642486775862,0.000123168541342987,0.0414072389644843,0.017797290113803,0.0011608476069054,0.0129654290949638,1.19384965695606e-05,3.00582581463284e-08,1.13870059633839e-05,1.58391816441298e-05,6.4464985092583e-07,2.18497266587513e-07,0.00548623274729995,0.000897385273436559,5.78842490135649e-06,0.000526760233994076,0.001309101086888,0.000136595067360727,0.00259122507045861,0.00311323612934585,0.000178565245677084,6.70196978196929e-05,0.0212966384753167,0.012848934189599,0.00118695859233596,0.00855612713576708,0
0.00515875148957302,6.34803746882401e-06,0.0033434311431076,0.00375656414932673,0.000552606010048014,0.000719174989664968,0.0566670764354072,0.0187929918802797,0.0161353630473504,0.0142917365054624,2.67373674778364e-05,3.94477490237009e-11,1.12346845725438e-05,1.41749001155653e-05,3.06883943675937e-07,5.19573737083184e-07,0.00320759390791523,0.000353600225702684,0.000261633662388979,0.000205206214019511,0.00395740852130467,4.45503404026676e-06,0.00114496526173208,0.00106081244155851,0.000279650421384629,0.000209801661030759,0.0462985176880698,0.0151627735707057,0.00871515943564071,0.0117431386966788,5.32136537707531e-05,7.95477271641763e-11,2.23554117480005e-05,2.82108427590418e-05,6.10722841514421e-07,1.0334626286263e-06,0.00640248137094347,0.000705007802634692,0.000520670701940995,0.000408433197062512,0.00278892885013224,7.0401031922835e-06,0.00106146688657904,0.00132702534853971,0.000152424858934561,0.000224622175111484,0.0266870440993976,0.00998676272327368,0.00825213008153212,0.00726790510431497,0
0.0174421177058143,0.021991431784274,0.0425159098246089,0.0282400019136987,0.00183385440587596,0.00859210878718784,0.156075877222549,0.0465138794663011,0.124251892523916,0.0414647308664198,0.000305653315672592,0.000486006242897454,0.00181667342814276,0.00080150177236024,3.37897980895582e-06,7.4133315074419e-05,0.0244728781608423,0.00217377704909596,0.0155146946112905,0.00172420208985718,0.0142344415090778,0.01639150425309,0.0343896077526192,0.0222218027951903,0.00124260498695534,0.00634667287060519,0.127970937789369,0.0383202099978554,0.0943715636871055,0.0323356437521761,0.000608324318918822,0.000967199279332893,0.00361500683210768,0.00159498889347162,6.70765659257599e-06,0.000147584813994669,0.0487065108269797,0.00432633157087148,0.030874573697984,0.00343486944266012,0.0111995952802068,0.0134442374839598,0.0261109253037643,0.0189157957452597,0.00070764370761615,0.00729924148289797,0.105941041111469,0.022054373322556,0.0929749459407189,0.0285492468174898,5
0.00909224615945189,0.00336318251438275,0.0241204265398657,0.0227293933592501,0.000579584093792551,0.00188400321703122,0.134689443089519,0.0281489892622874,0.0485167497570891,0.0296404675737634,8.27314797293577e-05,1.13204577552443e-05,0.000584696993792395,0.000518684349858576,3.36822943485977e-07,3.5183346413154e-06,0.0182317867622851,0.000796206199287681,0.00236525872510222,0.000879730936260086,0.00752960543218926,0.002058470037652,0.0204058690839772,0.0187665055836698,0.000338829745110496,0.00134596691408658,0.109543960031316,0.0230817132439584,0.0344539743406357,0.022863900083057,0.000164975339465908,2.25740212185198e-05,0.00116356623594893,0.00103267957294496,6.6094318104294e-07,7.0501349510189e-06,0.0362807182517816,0.00158453680604889,0.00470715744672475,0.00175387391198679,0.0082553153144513,0.00301545169316621,0.0159806463792734,0.0135235551807189,0.000230628162505162,0.00189030544390148,0.0736420786039901,0.0225513904557455,0.0304297863090658,0.0254476029657227,5
0.00572491206157769,0.000299579068565345,0.018438067965878,0.00775524984754882,0.000716482041423315,0.000105160607466758,0.0609123395452566,0.0204929786274287,0.00217148181785509,0.0158184296394724,3.28293355787893e-05,9.01840045089554e-08,0.0003415959720726,5.97480767922481e-05,5.15926065462879e-07,1.09707810816516e-08,0.00372151725012575,0.000421847930536653,4.60036150090955e-06,0.000251475882041582,0.00433537744811389,0.000176744008101135,0.0139982559628888,0.0053042770353312,0.000409881616709643,7.08249351747822e-05,0.0496961895722876,0.016875942333527,0.001478187349669,0.012376589063802,6.54299229511794e-05,1.7925413831467e-07,0.00067974816137232,0.0001195734982419,1.02669293711882e-06,2.19746498176526e-08,0.00741257670367304,0.000839700625819822,9.29119275514713e-06,0.000500440645979956,0.00358840884561506,0.000199864344532834,0.0109262272620377,0.0074586646235952,0.000213940968152889,0.000110623680831324,0.0330920169348329,0.0127772209066197,0.00232749835631218,0.0113039253317784,0
0.004136733135815,0.000231391119031786,0.00238713385648537,0.000306952556688913,0.000465026003364409,4.90561786610239e-06,0.0510078948007447,0.0206833199577749,9.45502945390285e-05,0.0141038448753897,1.71936861296382e-05,5.37697281005588e-08,5.66294314627139e-06,9.44075253022249e-08,2.17326572478389e-07,2.39089963969351e-11,0.00261347484242575,0.00042948031884703,8.71712769853421e-09,0.000199906003405956,0.00303860946615841,6.87136885578514e-05,0.00171219494314257,0.00020854011810406,0.000217436096634141,3.36879832406138e-06,0.0396140029516896,0.0168989071281809,6.70734761809744e-05,0.011344059287791,3.42198855758165e-05,1.06763645737899e-07,1.13295548750799e-05,1.88146999933712e-07,4.32488475291926e-07,4.78535606005555e-11,0.00520217969282387,0.000855116559263972,1.76132902572393e-08,0.000397818369265747,0.00230321153402075,3.89257091121888e-05,0.00262532114928881,0.000333775277936122,0.000130679705160044,5.43538017288747e-06,0.0290087546719205,0.0144271686418443,0.000104797394189112,0.0114006271890511,0
0.0118948089624028,0.00934444986375072,0.0309460752173739,0.0229390540549011,0.00174760383316884,0.00686493852539214,0.18071608294356,0.0472720737373918,0.0847065135704236,0.0279396191273105,0.000142196359666549,8.76814222846681e-05,0.000960796176356544,0.000528602005873792,3.06726799484866e-06,4.73588056219293e-05,0.0328210435535083,0.00224439001603823,0.00721020328466121,0.000784441919081605,0.00793871708320722,0.00561548888859428,0.0192447401175504,0.0152693450074792,0.00104405817222366,0.0045939119505711,0.134162094142263,0.0369521689024758,0.0568184452889073,0.0209754198802079,0.000282964267201616,0.000174561754448996,0.00191364662699666,0.0010521418484867,6.10577062733746e-06,9.42460656037116e-05,0.0653145251453847,0.00446765253952571,0.0143493339074229,0.00156113832037107,0.00695996742044683,0.00481592008676148,0.0155476267065086,0.0112214231304067,0.000707416323724854,0.00451365562524656,0.15118842408919,0.0358120904081216,0.0479584939482547,0.0188327911084551,5
0.00761858029048277,0.00715885924695472,0.0268023685352593,0.0207093280942946,0.000566538324270538,0.00135763651421654,0.129200262935224,0.0424112096961489,0.0504642488436926,0.0199184105584588,5.82910513002712e-05,5.14759495516071e-05,0.000720653165731956,0.000430475800041183,3.20994262546796e-07,1.84727967338881e-06,0.0167765899501583,0.00180754866546835,0.00255932273980309,0.000398726161929793,0.00618970292333539,0.00552290690481049,0.0214856593670462,0.0166044359669177,0.000339271222430907,0.000849609597266075,0.0986510826138483,0.0326258381384658,0.0364603884632217,0.016458941453371,0.000116040646504893,0.000102461680350653,0.00143535290286355,0.000857192066944045,6.40354953555313e-07,3.67341286490775e-06,0.0333854133178936,0.0035971924922167,0.00509307755595976,0.000793475413801864,0.0061463496545408,0.0078875604315398,0.0180372476493644,0.0127344446755981,0.000374923501252849,0.000461997967971156,0.0802663592097682,0.0329855270770563,0.0302523649528492,0.0148431281242511,5
0.00358898125250623,0.000578566897378147,0.0128774130453678,0.00373260493017471,0.000468030861409307,0.000268138601068109,0.0570367080824282,0.0186508746086009,0.00402701831239517,0.0162443391512168,1.29337533022926e-05,3.27834052387066e-07,0.000166613064172087,1.39481084703246e-05,2.20145048817777e-07,7.22507944468159e-08,0.00326943052480081,0.000349267511251987,1.58849899078804e-05,0.000265096104983873,0.00281686630334528,0.000416158871950068,0.00834708236744086,0.00295083656594385,0.000238439675399084,0.00014964500942367,0.04566013861003,0.0151594949243824,0.0029127588830175,0.01330927879321,2.57490139533803e-05,6.60931300162146e-07,0.000331575693976927,2.78106322379697e-05,4.38097154588485e-07,1.43497751178645e-07,0.00650623883055064,0.000695337352994586,3.202244097737e-05,0.000527647817642094,0.00141968946021121,0.00064210438425271,0.0073394884222116,0.00278899407237403,0.000146473569012485,0.000178883434052821,0.0305120437919371,0.0119067125323556,0.00457207078584128,0.00939193031783869,0
0.00400071030490379,0.000232763315227111,0.000847252389909351,0.000298208704944258,0.000602684389460206,1.17290114097113e-05,0.0569081794170232,0.0178529118254087,0.000319123305122626,0.0133782619588118,1.60804051789198e-05,5.44142908700173e-08,7.17372491079682e-07,8.88824853104174e-08,3.65034116984216e-07,1.36512078589273e-10,0.00325289871008817,0.000320249479225873,1.0064767243861e-07,0.000179833429429235,0.00278663739393193,7.78217368296531e-05,0.000603112311563356,0.000216139501953132,0.00030319833814097,8.53525241250594e-06,0.0435520877692221,0.0140973782410071,0.000198040072132803,0.0105443283686435,3.20030795213304e-05,1.08049349542744e-07,1.42870322202658e-06,1.77361787603732e-07,7.26159234658678e-07,2.73394103559874e-10,0.00647502509934621,0.000637373922410327,2.01711728299953e-07,0.000357857370018939,0.00215564567623183,4.04434785861631e-05,0.000779439841499684,0.000331532260345934,0.00017402006720536,1.30179118012917e-05,0.0343338588177416,0.00917512980577537,0.000239168073640117,0.00728238973925594,0
0.0103464173348493,0.0119008802175643,0.0231608838072921,0.0105024727692993,0.000937826006933531,0.00454673771299238,0.107835523094941,0.0269958987877439,0.114914493842431,0.0234906077160446,0.000107575475280758,0.000141217574446625,0.000537847909873587,0.000110833332030381,8.8194519416626e-07,2.05837177677935e-05,0.0116844218078481,0.000730246823001932,0.0132710341555933,0.00055348132738078,0.00680482686262471,0.00552174432452336,0.0107470985309806,0.00450018336054143,0.000466674351009276,0.00211202711528268,0.0736671260381489,0.0200791898931595,0.0519405085794792,0.015695668520293,0.000214048346535943,0.000282142209955329,0.00107155735072418,0.000220530409646879,1.75658094080377e-06,4.11501076833877e-05,0.0232537862953897,0.00145534188050292,0.0264095948154991,0.00110246746089415,0.00747197760084577,0.0063939806327907,0.0104327328804985,0.00509469740037754,0.000287966969596664,0.002330195954514,0.0558957854109745,0.01530812614451,0.0616468809560938,0.0118117939091858,5
0.0135117756443206,0.0165480746917024,0.0324191256565196,0.0144296188678317,0.000719074136007481,0.00718627638222394,0.14195358291793,0.0420937301187748,0.063952770270398,0.0281331143452081,0.000183202038531475,0.000273607349819866,0.00105267650951884,0.000209201462678382,5.17130228205589e-07,5.16359956396145e-05,0.0202443887732857,0.00177851420526982,0.00410723845225487,0.000792630173067407,0.0111973714482728,0.0126133365219098,0.0258455586167174,0.0109795503743834,0.000448525411677473,0.00501497824255318,0.10833679205879,0.034583467040725,0.0480898015739984,0.0222640232049551,0.000364833638468248,0.000546077483311051,0.00209839292911804,0.000416346136329788,1.03015093252755e-06,0.000103018833987079,0.0402937845188557,0.00354150208027972,0.00817640637028494,0.00158013430618193,0.0133910481173705,0.0151121500349808,0.0199054278407268,0.00817979625936642,0.000275662657224553,0.00583109661145333,0.0886953784932954,0.0362944206861661,0.0413966183147109,0.0232127156612489,5
0.00527822077929866,0.0012571548485516,0.0119480511514256,0.00333159610224626,0.000553391769627857,0.000479028457546026,0.0707746828332632,0.0180398264605249,0.0060714093847476,0.0153136132528342,2.77483125652396e-05,1.54848502171636e-06,0.000142996413673927,1.10179117397426e-05,3.0761054016812e-07,2.25047977075625e-07,0.00502415046121202,0.000326504419340945,3.55995755941209e-05,0.000235194590414369,0.00402540543238884,0.000905205231577342,0.0075672522315696,0.00224899347858178,0.000273673243997789,0.000333080536368367,0.0542124571114193,0.015002973316857,0.00425675046844843,0.0116877990394243,5.54639302275845e-05,3.12116484290146e-06,0.000285034359964043,2.20616539511964e-05,6.12303666538785e-07,4.5313785618977e-07,0.0100077138940553,0.000650299027032446,7.22821274474169e-05,0.00046851921374602,0.00319732025454896,0.0013963531827743,0.00875092173648332,0.00335388986760426,0.000157209184402892,0.00046215218114941,0.0369668326944191,0.0108056225455073,0.00527367838278267,0.00769769405666781,5
0.00332369047241647,0.000239507005808707,0.000905871261185769,0.000427280888899215,0.000644096378408465,0.000237072455061822,0.054870690228936,0.0158352988859303,0.00748260668056921,0.0140822180705691,1.10692047541456e-05,5.75478138827242e-08,8.19128325670827e-07,1.83218024111112e-07,4.16857735711897e-07,5.64831972945544e-08,0.00302485981447133,0.000251902832894885,5.62449973184397e-05,0.000199300141584702,0.00236718917091561,9.257352043526e-05,0.000639511345611095,0.000222200306494078,0.000319541413215951,9.37082654037723e-05,0.0433551579909081,0.0127676144975403,0.00449564986233774,0.0113685124371728,2.20343306031248e-05,1.14357952966285e-07,1.63265234455132e-06,3.64603290301285e-07,8.29625658550391e-07,1.12141537629834e-07,0.0060204905230993,0.000501398705886811,0.000111946615065892,0.000396578265344845,0.00166745010094451,6.32081706310511e-05,0.000784793546748764,0.000182226704999037,0.000220457657688245,5.80348755642386e-05,0.0329065118144394,0.00871380652320238,0.00375146111024008,0.00647277537608307,0
0.0131173245047087,0.010934928297817,0.025367104256067,0.0249678526359292,0.000931897629244316,0.00537582746074265,0.111600583863284,0.036012887097638,0.0690912285267185,0.0273264418549703,0.000172638151675903,0.000119240538659492,0.000646088425407632,0.000625351498816279,8.71379677863962e-07,2.88050137736808e-05,0.0125172759698227,0.00130337719600052,0.00475697820775218,0.000747502240824446,0.00905888625438379,0.00559974352921961,0.015329600204247,0.015283100546427,0.000467958247708353,0.00311164545831817,0.0852870088718762,0.0271370995939359,0.0409366602095465,0.0207765129876425,0.000343837209345082,0.000238208350283317,0.00128634083064624,0.00124561439319361,1.73541479278803e-06,5.75578978047443e-05,0.0249075179922807,0.00259305606195477,0.0095067030103314,0.00149049783631212,0.0113401995100578,0.00575572157533755,0.0139832442807362,0.0112650831034876,0.000343652107167974,0.00323003837414655,0.0629239984212084,0.0235076804549464,0.0444849929932029,0.0125724658227267,5
0.0280403556922216,0.0361667179807365,0.0835112017158731,0.0383572286099184,0.0065254492012455,0.0131295696847698,0.17740455097028,0.0579095196700351,0.152726608205574,0.0421966463916685,0.000788555978189326,0.00131225765320594,0.00700632490375296,0.00147674227845787,4.27932651190096e-05,0.000172592396928569,0.0315970455092302,0.00336111097667486,0.023346844162829,0.00178407812672869,0.0219730309524334,0.0283956299925647,0.0672968245458053,0.0323717932211606,0.00479795425914044,0.00976974267921054,0.142637342848902,0.0500929651610894,0.118451617435489,0.0331169268501481,0.00157087474027631,0.00261372710854885,0.0139452728514208,0.00294060333518848,8.51553707275832e-05,0.000344104062423392,0.0629110536927997,0.0066978084856638,0.0465544658793349,0.00355569119832208,0.0247072723948171,0.0358672652606771,0.0792120441625983,0.034415749445026,0.00466367901824506,0.011173402587706,0.0834146739923888,0.0373436812764503,0.12634859899185,0.0406362603337076,5
0.00744464145324157,0.00371670275098201,0.0142520364999994,0.0114635454600343,0.000637230563917228,0.00190531836709237,0.126210129716297,0.028765959788636,0.020756467554925,0.0236617230937918,5.49329811848132e-05,1.35956216909625e-05,0.000203214337193739,0.00013196789455131,4.01773545716971e-07,3.55701962997899e-06,0.0159787754791222,0.000823977370245706,0.000422364591223862,0.000561954467431187,0.00582997842754658,0.0025895031073598,0.00875391524727333,0.00860691848974221,0.000407261448109219,0.00126840122569283,0.0987045475560466,0.0217385823977887,0.0147925155218734,0.0191424632731568,0.000110037986620988,2.7341277113728e-05,0.000405318528431155,0.000262720370751714,8.05825036213693e-07,7.16932026504444e-06,0.031826661279538,0.00164733770504672,0.000851081459233138,0.00111900327134936,0.00526069908802707,0.00411838369299805,0.00702941404258412,0.00943194003098911,0.000462254669735514,0.00193421118196731,0.0702389860013863,0.0205997633424413,0.0233805046817976,0.015384566649405,5
0.00359591309202478,0.000286448776908259,0.000846978339007567,0.000825994185013573,0.000807354395665248,0.000129110108600913,0.0720977055613379,0.0179574131999987,0.00112001830159162,0.013100362444984,1.29871407638708e-05,8.1575664763164e-08,7.15854292428078e-07,6.84883876248844e-07,6.55039811504125e-07,1.64140005884109e-08,0.0052202863983482,0.00032383152250833,1.22373356569112e-06,0.000172115759070464,0.00250539224588429,0.000137405021262841,0.000617723344142495,0.000587144330441103,0.000469189383473286,9.3894986209464e-05,0.057509008043291,0.0149376559871047,0.000794445158583897,0.0103286390427632,2.58527758657369e-05,1.62915000848469e-07,1.42878293500495e-06,1.36297657108169e-06,1.30106500720712e-06,3.30012818164596e-08,0.0103920903039274,0.000644680967411153,2.47205393967272e-06,0.000342766178043263,0.00169010335689623,0.000165643043345155,0.000582720107703395,0.000849541593800001,0.000243652332275354,0.00014799154773675,0.045449738024796,0.00925438673672362,0.00124266215327992,0.00770955034110668,0
0.0030512504688149,0.0276896175910434,0.0293640606695099,0.0143265069375332,0.000602125483620658,0.000340819643231171,0.0758941127396139,0.0200792977732195,0.0140113929198633,0.0163624693207139,9.35234658803803e-06,0.000770548690382206,0.000864902308510629,0.000206127893364927,3.64279540348116e-07,1.16220798007194e-07,0.00578836664550424,0.000404391392236336,0.000197304368109029,0.000268947206407184,0.00215933919207079,0.00752277826770483,0.0098931147621177,0.0041015203452301,0.000313159572984866,2.95393144482684e-05,0.0617681192530087,0.0167695873028517,0.00421540827434573,0.0133249654906887,1.8615591988138e-05,0.00153338458934441,0.00172266638464045,0.000410303126412009,7.24718455080345e-07,2.31217561558793e-07,0.011519188176988,0.000805544732018436,0.000392618604879598,0.000535296721183045,0.00140729393683012,0.00884515092651536,0.0102847691419512,0.0052838574129276,0.000166150178993916,5.10395224732585e-05,0.0435817657901991,0.011019988843977,0.00625964877826259,0.00914118437959171,6
0.0259598570724115,0.087189761428209,0.0948892957651318,0.0388619807551394,0.00916954045950141,0.0197194497734367,0.262906790133856,0.0879539817971236,0.0928481145187214,0.0377550529509811,0.00067721940574539,0.00764021030444249,0.00904511582307384,0.00151767050564023,8.44828955289755e-05,0.000390775237776589,0.0694632319297574,0.00777468976939065,0.00866306310558906,0.00143259373780389,0.0204684798643911,0.0692168469912553,0.0715055844331796,0.0302750181552622,0.00684809873211624,0.0147954519012339,0.203765177112394,0.0673675554687943,0.0745100226468839,0.0293158516225003,0.00134773296345518,0.0152027771019554,0.0180037211940329,0.00302032503223513,0.000168131774573174,0.000777659001338944,0.138234813528155,0.0154717104577246,0.0172402083430659,0.00285075304326773,0.0200740885168012,0.0548202760267187,0.0525723027536252,0.0246198136744095,0.00451675151659622,0.012164957074276,0.20983752678594,0.0784311650785521,0.0496047465299905,0.023430975497013,6
0.015377361756304,0.0448153633575761,0.0453288762670193,0.03338583695155,0.00229159867553372,0.0048161596315498,0.113358021151973,0.0337191508875161,0.0348883461652006,0.0220450274874881,0.000237649284660594,0.00201824095926136,0.00206502918515936,0.00112015330816779,5.26049180960862e-06,2.32942868292059e-05,0.0129041251968503,0.00114153711127591,0.00121981892148482,0.000488295326285742,0.0108650001912071,0.0340750586208302,0.0341541282347995,0.0216226779018209,0.00164907987009185,0.00361002337833696,0.0829154379178253,0.02533394718515,0.0293056820347089,0.0179268093973437,0.000472922802613926,0.00401651450012441,0.00410939340932556,0.00222910139464256,1.048466264618e-05,4.63729890288974e-05,0.0256886926005324,0.00227280541955452,0.00243086788351645,0.000971795793018803,0.0123242600597104,0.0444821428938762,0.0450563227407456,0.0264079554427796,0.00233423336006802,0.00494509282931819,0.0615307073933369,0.0266365052026106,0.0249861516893987,0.0235955085989441,6
0.00197679798306476,0.00326720843432108,0.00388929148493256,0.00153559240037982,0.000575854942905159,0.000269854939641411,0.00784960214369815,0.0156380927922993,0.00548807244396599,0.0104337416740367,3.87619660096036e-06,1.04121512816987e-05,1.47757036190743e-05,2.30409367921359e-06,3.33230464741495e-07,7.22814927725651e-08,6.01487418988551e-05,0.00024577292319546,2.96952850841458e-05,0.000109368487447485,0.00150394842880221,0.00232416751338545,0.00275050093237988,0.00109950458394711,0.000317224033107529,0.000195932064869288,0.00571410762856938,0.0130411699988926,0.00383234214884257,0.00809408212826836,7.7645141069943e-06,2.10347351459499e-05,2.98282392013386e-05,4.64940740069184e-06,6.6317154160922e-07,1.44738942373654e-07,0.000121453816951193,0.000489087414375837,5.96640411513068e-05,0.000217681600156158,0.00115591697517205,0.00363067383145573,0.00429805019512176,0.00165593609034514,0.000175713246789144,0.000298749572293164,0.00824769505542992,0.0104810289540532,0.00613481503975569,0.0078827471000517,0
0.00209808604880165,0.000283641202828306,0.0129236128001835,0.0106647245745112,0.000400929492864081,0.000231855180814145,0.0164769667687838,0.0202818262930884,0.00901472515864502,0.0118092696339915,4.42406498376668e-06,8.00692462943259e-08,0.000167049888649876,0.000113701734541288,1.61551404947724e-07,5.4024989594456e-08,0.000271869064542806,0.000411567053659292,8.16017277509847e-05,0.000139823677903304,0.00145311267245519,0.00014741566949472,0.00445103619709689,0.00357590085883831,0.00016251263510759,6.86712048037997e-05,0.0112350792565854,0.0153018363049811,0.00285534660778556,0.00839111915555093,8.80046048957431e-06,1.59839960972227e-07,0.000333234387402433,0.00022686905091662,3.21187727371469e-07,1.07231206684816e-07,0.000541930931413848,0.000820861652215389,0.000162428010917094,0.000278573087964974,0.000752619174481842,0.000185345858982964,0.00627287996327014,0.00508965054755195,9.98113632546523e-05,4.18973939941927e-05,0.00889168801722005,0.0123676258218747,0.00355720854948043,0.00618908364956822,0
0.0268856476823631,0.116149616403011,0.0784133850560742,0.0353875125392893,0.00572172193329058,0.00375725609098831,0.0725649326041377,0.0564136585030349,0.0976413676368344,0.0842617086279045,0.000725045956966176,0.0135581529265588,0.00616903553492462,0.00125646161422592,3.29019245813062e-05,1.41865877137313e-05,0.00529091282974183,0.00319845540491909,0.00957546689915125,0.00713570622748057,0.0222327871402702,0.0897388392028782,0.0598924237337848,0.0292438597500624,0.00371058649845118,0.00260792705669609,0.0575205035034904,0.0429729274494684,0.0812550439138966,0.0633279189931435,0.00144424481308171,0.0269810759287023,0.0122865908012553,0.00250241929868916,6.54755075617431e-05,2.82322150914561e-05,0.0105301085938308,0.00636488071348685,0.0190614116556299,0.0142000595012323,0.0239933192308392,0.0977368350676178,0.0413668260453284,0.019576881355553,0.00323548239094904,0.00205936657365642,0.0404365291499372,0.0327337897892633,0.0694876631191768,0.0712792574788772,6
0.00913744664182045,0.0067269490492807,0.0184426695071305,0.0116579814664412,0.000796125331465467,0.000364835104206015,0.0269351634317297,0.0302456194602987,0.0323535522275528,0.0144036536919762,8.22606010586758e-05,4.51620280387003e-05,0.000336609148331078,0.000136084699476408,6.36562853750711e-07,1.32578143004159e-07,0.000729129851263238,0.00091832006444344,0.00104573531694562,0.000208007664564751,0.00635441528163412,0.00535400673905813,0.0134441336924871,0.00791764459039712,0.000480209625158148,0.00026939802985178,0.0218713058664235,0.0236286571083333,0.0193767409966723,0.0117156909681786,0.000165342170585563,9.01862509027527e-05,0.000675033004686798,0.000271302586996354,1.26623973344729e-06,2.65014837921079e-07,0.00145078550529965,0.00182851159852553,0.00208711662845281,0.000414432427511718,0.00775909534977892,0.00717212838802786,0.0148129884345056,0.0100476571030524,0.000335759625857586,0.000411152416850086,0.0192078670311982,0.0289634929584726,0.016213687961978,0.0132340608487152,6
0.00137128519075802,0.000662004921227387,0.00213450280027454,0.000937838925893326,0.000776539355990133,2.07755686761116e-05,0.0193086318852947,0.0134650205094731,0.00238016389771445,0.00669696984757244,1.8828580862616e-06,4.3869842933298e-07,4.57035051317662e-06,8.83485695569856e-07,6.0604111542169e-07,4.29975958754863e-10,0.000373903988963295,0.000182083333833008,5.65034682974619e-06,4.49957702859872e-05,0.000948822681477055,0.00045650763311831,0.00159118621031526,0.000687905018395684,0.000457034193045991,1.50599645701513e-05,0.0116478655636254,0.011332995640996,0.00167637227575802,0.0055149944132635,3.74761527157031e-06,8.7473041626861e-07,9.09679899724202e-06,1.75676151571061e-06,1.1959587304313e-06,8.59430089775542e-10,0.000744840566755314,0.000362455265372835,1.12870131779865e-05,8.96197366631832e-05,0.000614715425631284,0.000732839396833048,0.00226849381862071,0.00096645616653978,0.000280304271038733,2.29917913913425e-05,0.0109084474048361,0.00896124919897544,0.00264035293769179,0.00392018858648117,0
0.00144849721345457,3.5650408776795e-05,0.00090229447687826,0.000323395470468749,0.000637722824177588,1.1198263767766e-06,0.0109266373791943,0.012999411588657,0.000248318854413589,0.00636685655685303,2.10834214356749e-06,1.26565126843858e-09,8.17942842034443e-07,1.05068799150572e-07,4.08602672020935e-07,1.25679250266371e-12,0.000118480208296183,0.000169822334739993,6.18773024989798e-08,4.07125404047758e-05,0.000811220642056861,2.44523949409973e-05,0.000574630299597611,0.000113868245652783,0.000326686182650176,8.04020347550655e-07,0.00870094381412983,0.0103812955422332,0.000108580734101809,0.00509768869040698,4.19594425483546e-06,2.53021599304967e-09,1.61818966459768e-06,2.09128082916828e-07,8.13249892916479e-07,2.50444418190955e-12,0.000237264814305816,0.000337930259354326,1.22925483679338e-07,8.10430094067752e-05,0.000507535419513372,3.94523656675059e-05,0.000276319574056486,6.73028481762502e-05,0.000203116595156139,1.23825340965169e-06,0.0114378060669025,0.0120616554366599,0.000103148219121111,0.00497117196720353,0
0.0415240306188763,0.10625788066227,0.0979477205653491,0.0308688757840846,0.00840660098710564,0.0054256474572742,0.105933509172544,0.0340661595418628,0.0759883274175366,0.0633101780908976,0.0017322245195484,0.011344805201651,0.00963962372250821,0.000957609271319324,7.10257296968753e-05,2.95743900241455e-05,0.0111957424928928,0.00115860645343413,0.00580321859267682,0.00402171405786771,0.0279757039164779,0.077575019540344,0.0681686510988088,0.022588858071576,0.00459559765987869,0.00274501073720275,0.0709965185310439,0.0256519456867615,0.0584214190293478,0.0469172314688133,0.00344774427001932,0.0225780893606738,0.0191851764248112,0.00190567194622035,0.000141326778725701,5.8863065577399e-05,0.0223613362075701,0.00231329925244809,0.0115482568691554,0.0080093161817339,0.0285959222998989,0.0756853187144068,0.0464228862021602,0.0192423929728641,0.0044377131490998,0.00310088309827268,0.0521534879745886,0.0211966312068942,0.0521321283393606,0.0274322956363972,6
0.0583346580353449,0.064310908392944,0.0879484368893826,0.042247147173326,0.0023774176348249,0.00304719759445775,0.108315835073928,0.0530435703301588,0.0592493736987183,0.0423805273739863,0.00341930043455889,0.0041562277003659,0.00775791951167417,0.00177813001671694,5.6805156580803e-06,9.31635277666993e-06,0.0117425389309937,0.00282214187716433,0.00352737635932768,0.0017956210972679,0.0469284523361357,0.0525404630628147,0.0718380638608736,0.0311146990821696,0.0018976903119838,0.00171677561306468,0.0830460096463271,0.0407675795079541,0.0481454825980658,0.0321225523257157,0.00680511974767197,0.00827131653460241,0.0154537347985048,0.00355405535397747,1.13036611327666e-05,1.85543282463841e-05,0.0234160904664971,0.0056215414310569,0.00701983058971007,0.00358273445640228,0.0385876015107294,0.0600948111857755,0.0573113686512612,0.0265541244811614,0.00192336264717903,0.00165083026286842,0.106910909257519,0.0412270994526516,0.0333788759045679,0.0341658162253692,6
0.0853017692376921,0.0256620304105232,0.0541707772822306,0.0650547538007338,0.00104485578377502,0.00134703601221054,0.0491099914861915,0.041215672079833,0.0361200477806092,0.0103631398145103,0.00730987420412606,0.00066141423667506,0.00292228818552261,0.00424972510253148,1.09698612042026e-06,1.82289244846794e-06,0.00242198395707255,0.00170702309856904,0.00131084770666185,0.000107427829162447,0.0668378452030168,0.0181034126753983,0.0368859707298403,0.0522339877812775,0.000614568964332389,0.000698709226755309,0.0323036907634352,0.0294041966363059,0.0248682328807438,0.00761482243723718,0.0145497049639922,0.0013166283157552,0.00584199639565267,0.00846057708120117,2.18229934260517e-06,3.62793129803433e-06,0.00482166062056632,0.00339715410028508,0.00260893710704995,0.000214273104302264,0.0648466954654666,0.0153019993996391,0.0268293321185668,0.062868247506208,0.00031288293005197,0.000402471465304642,0.0237724326718596,0.0277858342309616,0.018880280970027,0.00618521820372505,0
0.0200933483516809,0.00171507351477195,0.0111132599970725,0.0220270382793275,0.000830121051118924,4.80549738032181e-05,0.0187511662639726,0.0280945452607161,0.00665368571155281,0.00936628858814814,0.000402845285247384,2.87208513874163e-06,0.000123951069894513,0.000483390085470862,6.92459153924245e-07,2.27021637443378e-09,0.000353053014071166,0.000793266508172225,4.43714820463484e-05,8.81395685987636e-05,0.0138236314693349,0.00122651173092178,0.00628747741593935,0.0154232200655584,0.000504486721162753,3.4826651617037e-05,0.0149992695480932,0.022842754898063,0.00497619016854144,0.00734681385631944,0.000804542548610883,5.79919718777599e-06,0.000246832146315533,0.000966136960933971,1.37787823416005e-06,4.56810885153829e-09,0.000702867332327079,0.00157859945988514,8.84190879303369e-05,0.000175419876702145,0.0166771756509141,0.00191049781660942,0.00431088886296299,0.017014901661368,0.000292017221754697,5.35123653302761e-05,0.0143397650608525,0.0219035283113463,0.00738887185453137,0.00623840315224707,0
0.0269436291286745,0.124586088762422,0.0703676031165376,0.0258998295440656,0.00589202372778778,0.00433863918264137,0.0933217867214212,0.0308048278287123,0.0813106433438774,0.0841804677061856,0.000728794219414977,0.0155879521690546,0.00496535348946706,0.000673731119518779,3.48390028874459e-05,1.88140202210066e-05,0.00869545512725613,0.000949231575120991,0.00663449652635974,0.00711905689723139,0.0168930773142347,0.0734995208637487,0.0454148564389873,0.018781047354436,0.00251230720506534,0.00224371099600834,0.0631161105954048,0.0238018243813703,0.0547995697154653,0.0505950724041795,0.00145108040604546,0.0310306083540056,0.00989201232911047,0.00134101061438496,6.93706174608458e-05,3.75437367731297e-05,0.017360560378598,0.00189342243031947,0.0132127432628402,0.0141695017297604,0.0155110564711703,0.0836314472280859,0.0428272224552351,0.0183462345916403,0.00281335235768521,0.00186372236945638,0.0477235571435347,0.0205260356788251,0.0450128257658831,0.0442072438091519,6
0.0187779257172809,0.0951994664970115,0.0608846557224965,0.020069163743954,0.00763096616349926,0.0060513788577101,0.143638367581553,0.0366459567570609,0.0681932292336033,0.0848679236638411,0.000353518198955284,0.00909109125063567,0.00371128079793643,0.000404103935233533,5.84023757081454e-05,3.66599335888365e-05,0.020661445740709,0.00134467710833231,0.0046654435116762,0.00723548064891599,0.0127178893764818,0.065136036316416,0.0454079548865619,0.0146301943878975,0.00608797457525897,0.00477366433468586,0.117324559113726,0.027739609049229,0.0462487921538146,0.0648409885592628,0.00070435454488592,0.0181064937853101,0.00739953557547965,0.000804850462322328,0.000116341562925452,7.30956893372429e-05,0.0411894800424416,0.00268074686617174,0.00929185729116318,0.0144010005450511,0.0100509073176876,0.0648789198339975,0.0374804854827954,0.0139471798045966,0.00777025746894402,0.00609351492778113,0.151840131724252,0.0272114866686606,0.0434371996149127,0.0749726477795997,6
0.00194048207632683,0.00979989642706348,0.00195164029327725,0.00152749232836966,0.000883854570171152,0.00049554395670678,0.0169243282759156,0.0135101611356458,0.0152153018705886,0.00990101067563793,3.77998492722778e-06,9.60067013782788e-05,3.70782950022224e-06,2.33659244394558e-06,7.73809635657999e-07,2.43958293175688e-07,0.000286941402781429,0.000183387915869967,0.000232490644194908,9.83760212385507e-05,0.00133761525358805,0.00719562729472176,0.00135077045266203,0.00104909636829903,0.00059999567559156,0.000360311138090926,0.0118921519758623,0.0106382085836798,0.00903408384133103,0.00691292347014998,7.52488316118741e-06,0.000191560208134794,7.49793295510105e-06,4.65812092989055e-06,1.54887299968344e-06,4.88292471183611e-07,0.000571888349005759,0.000364921209845087,0.000462833572197534,0.000195898093243711,0.00163502762669348,0.0110456626230047,0.00200167007677891,0.00164135073547286,0.000699017300357902,0.000549586745285327,0.0165090051866148,0.00769998230418097,0.00850988101063164,0.00978827129029452,6
0.00163190986935404,0.00061762071406861,0.000657582618082271,0.00033620484389489,0.000676680866073767,2.67275663475205e-05,0.00736324604821556,0.0120067876921375,0.000645603634958887,0.00455674331530076,2.67507705361689e-06,3.83229144754285e-07,4.34370564110872e-07,1.13458077178377e-07,4.60185365007362e-07,7.14673551500314e-10,5.43897785580736e-05,0.00014481860099176,4.17454137170921e-07,2.08152386051797e-05,0.00101552286624637,0.00044351240238393,0.000360979830012395,0.000143456899396647,0.000384784523407724,1.92708758872685e-05,0.00593912395540308,0.00927631519573992,0.00045003120314371,0.00352505619624655,5.30271585145584e-06,7.62319353584119e-07,8.63511831463794e-07,2.24843153441054e-07,9.13293661200303e-07,1.42542278920642e-09,0.000108335076896329,0.000288257416720277,8.32148386205242e-07,4.14749359394429e-05,0.000740492461343602,0.000647886037216436,0.000202746693030963,0.00011377608336217,0.000194777337047539,2.95607733279088e-05,0.00422322239518744,0.00704662110449072,0.000721044106143083,0.00248459509718293,0
0.00679251006069171,0.0657033204319758,0.0311020349535655,0.0116682962343535,0.00126727633873202,0.000501424366644305,0.0210906833184599,0.0148616702892849,0.0468124709562045,0.0274294993629183,4.61987234667628e-05,0.00433706884421668,0.000972137331481228,0.000136687840065176,1.61374709859051e-06,2.52318855124876e-07,0.000440684736776775,0.0002213536945692,0.00219520580437937,0.000746008545400453,0.00357762645656959,0.0241326116962772,0.0124507009773159,0.00518003939381953,0.000493781284575632,9.35282748747172e-05,0.00965013901937336,0.0108206419631348,0.0220701393315105,0.0120048912764697,9.21055128100105e-05,0.00863225327795422,0.00193444447189147,0.000272153337602953,3.21112464960249e-06,5.0137626559462e-07,0.000883269642669173,0.000441092407303785,0.00437560932554766,0.00149463950852801,0.00394767599228403,0.0334464042379583,0.0144862487872226,0.00473700751777625,0.000486148778528587,0.000125742950727837,0.00937526683918283,0.00578980815961067,0.0247240712250941,0.0114941286923794,6
0.0148257634433077,0.118611817472316,0.0741076073996264,0.025967392316076,0.00367409298467155,0.00350251092451801,0.111451163779616,0.0433952884988834,0.0635560487555082,0.0857106645921741,0.000220900841082459,0.0141362279189094,0.0055189175376034,0.000677475637772774,1.35662715484489e-05,1.23292163907079e-05,0.0124692420087371,0.00189035611238856,0.00404777158084815,0.00736115890496488,0.0115014462951352,0.0921021931767223,0.0610829722000501,0.019390355474759,0.00287235807533546,0.00234759292346233,0.0863911625178496,0.0347676418618212,0.0513304237556608,0.0685184058270614,0.000439460113874744,0.0281340474413436,0.0109831981398056,0.00134838859905278,2.69955896199756e-05,2.45173734059361e-05,0.0248280808299228,0.00376405443190617,0.00806689029637724,0.0146705937092285,0.00840014357205259,0.0951155645803348,0.0605418859957953,0.0125672603994976,0.0027012025243612,0.00186028086808895,0.0909620487585473,0.0404705376359128,0.0502193568067451,0.0565486132797736,6
0.00358474794995138,0.0105035930989044,0.0123398897060514,0.00514122886202027,0.000694871713145187,0.000316788690865679,0.01831117846131,0.0133950874164381,0.0128045783906658,0.0183015449184445,1.27985414125779e-05,0.000110575121898135,0.000152751572064721,2.65573262257741e-05,4.83423532947822e-07,1.00608737515653e-07,0.000336087109584902,0.000180263727784227,0.000164237150756184,0.000334822271292946,0.00265663497747464,0.00735905287012958,0.00909374910754523,0.00384190164530169,0.000431110231869409,0.000186037184869594,0.0135789814676517,0.0106671062870063,0.00949259760569492,0.0134006192012852,2.55849648516868e-05,0.000220342672257953,0.00030424628402446,5.28542785106785e-05,9.59052717459362e-07,2.00235413243302e-07,0.000669699922230839,0.000358779187749001,0.00032736466032345,0.000668048236661081,0.00405775154761033,0.0113332622300475,0.0139851029847391,0.00595646389106556,0.000458962668543561,0.000235525357098992,0.0204788592620759,0.00914547542263198,0.0145419590919376,0.0181632281946608,6
0.000958728953201064,0.000529863350225992,0.00104815075095386,0.000406971855667091,0.000708722983700471,0.000321570726895011,0.00575730377309198,0.00938860242067026,0.000777638236007234,0.00618218840823344,9.22651984282227e-07,2.82161937143902e-07,1.10381671609344e-06,1.66457827705817e-07,5.04812299319706e-07,1.03925075379106e-07,3.33081802584553e-05,8.85875361553362e-05,6.06873226348287e-07,3.82876733290638e-05,0.000503855644696496,0.000373803106160589,0.000782161702943915,0.000275816340136901,0.000366178706328951,8.18996438890248e-05,0.00435526002732314,0.0077167747869266,0.000555536304744485,0.00502901161759987,1.8370361242882e-06,5.6148770984845e-07,2.19159239739945e-06,3.30869965774031e-07,1.0045753662574e-06,2.0575769051818e-07,6.6284584106067e-05,0.000176253395148191,1.20852189514262e-06,7.63121125885344e-05,0.000327602091737985,0.000585834137955414,0.00080985380827573,0.000368665523040317,0.000219613922969368,6.91608426336875e-05,0.00268330538264903,0.00576671585565029,0.000859695767880447,0.0039740078746799,0
0.00293772560580826,0.0383522938867528,0.0189514943100999,0.0119339635852125,0.000647726799710485,4.41939199013515e-05,0.0132522816184437,0.0160585680191861,0.0256784420666126,0.00900723169161271,8.66638399325587e-06,0.00147647975108257,0.000360588680364479,0.000143135014813783,4.21658294608939e-07,1.96101352957525e-09,0.000175922209770385,0.000258566976013624,0.000662489172527003,8.15379108484975e-05,0.00166477269645187,0.0141798654839698,0.00771812318667287,0.00446973704705402,0.00036195030504234,3.17050874018683e-05,0.0079572934434582,0.0121723752196097,0.00952213677714755,0.00613866317664754,1.72518468103126e-05,0.00293967347558802,0.000717876274589345,0.00028482970245478,8.37888909915765e-07,3.90362620711086e-09,0.00035062969278205,0.00051515138697743,0.00131853050411593,0.000162233787326367,0.00126747669870662,0.0145016325418088,0.00885811979017266,0.00595032677136809,0.00021997855308191,2.5771714222978e-05,0.00617997547551335,0.009337548483582,0.01235972997337,0.00470163719893861,6
0.0273423172865558,0.102572863609016,0.0504435872085586,0.022878598794633,0.00122084697959544,0.00134828218386528,0.0623544271122906,0.0332401331125835,0.0593753935756104,0.0700157642081183,0.000750842711529545,0.0105674861708486,0.00254275670392563,0.000525021099359412,1.49789541936397e-06,1.82696082190927e-06,0.0039075962669088,0.00110985482963124,0.00354039986676148,0.00492664318430094,0.0218954745763575,0.0820509233542604,0.0414178442408926,0.0187373806348349,0.000903495327642465,0.000869234845297557,0.0488664382403418,0.0265675676619817,0.0483921081416345,0.0574754764778571,0.00149469029787481,0.021035246613764,0.00507456863593093,0.00104582363519097,2.97620260194268e-06,3.63456823355242e-06,0.00777594899489283,0.00220912166510361,0.00704813220965985,0.00980381938978423,0.0192772595513667,0.0956936339442038,0.0273691530287765,0.0113696693603018,0.000672468654638189,0.000615802694768075,0.0397378255858921,0.0201568715536927,0.0311624074749873,0.043054925522728,6
0.0181122862241943,0.0348824724552821,0.0271591742728674,0.0101086886849642,0.000558924976009262,5.30124703604231e-05,0.04288601558174,0.0139344381828733,0.0453588448126395,0.0256693922172636,0.000328912983439457,0.00120989431698116,0.000730813883124106,0.000101683267245768,3.13962582885127e-07,2.78726395174222e-09,0.001848164240607,0.000194844560856293,0.00206046626934792,0.000661923290023953,0.0134041967167238,0.0262300499101312,0.0173398687543195,0.00596745505716104,0.000270692989070256,3.786942353992e-05,0.0329197902613355,0.0111332077564786,0.0354353958841587,0.0190211036079039,0.000655309247053568,0.00242062662495544,0.00146477424672276,0.000203358949258307,6.23690637994422e-07,5.58357290333562e-09,0.00367805356394399,0.000388031144713613,0.00410755827663847,0.0013173574652116,0.0153557008444794,0.0414356348651492,0.0259513298281385,0.00914360259515962,0.000157433532828512,5.83535860708226e-05,0.0256338548853308,0.0120787952402177,0.0356089116842341,0.0258983286985496,6
0.00248286125956705,0.00257259459244644,0.00110918671320424,0.000465524718227316,0.000398657263656534,3.2530079839108e-06,0.00771370662752633,0.00896212748994787,0.00340887393162965,0.00608651369088863,6.18352791185371e-06,6.56984336289027e-06,1.23538832224666e-06,2.17176028529118e-07,1.59715092140533e-07,1.06292940633429e-11,5.93903151508653e-05,8.03659633034366e-05,1.13666197378399e-05,3.72304806468257e-05,0.00162775991236123,0.00177774685965114,0.000807232451331607,0.000320869892767054,0.000154562327915189,2.27122615618761e-06,0.0062682141583993,0.00721054109811379,0.00246491653475749,0.00484173891002686,1.23143702991336e-05,1.31509662647187e-05,2.45605369415757e-06,4.32625104116666e-07,3.17560932859038e-07,2.11575227700062e-11,0.000118593518104163,0.00016028354128202,2.29296909134767e-05,7.40857667297332e-05,0.00103144757389336,0.00280864450563087,0.00110500334159626,0.000452605315457264,9.7992476287588e-05,3.59846558335549e-06,0.00789615134693003,0.00469458873681409,0.00379582247335179,0.00383516819689962,0
0.000936742139258228,0.00012387306832392,0.000624561344786846,0.000230980185241879,0.000545633299621841,0.000222063844006076,0.0137051867564006,0.0110153983946132,0.000204645629888172,0.00449309082230244,8.81801331547226e-07,1.50961708910036e-08,3.91966336392499e-07,5.36196632765456e-08,2.99160837156784e-07,4.95600865549281e-08,0.000188100675736666,0.000121916343926688,4.13715454756792e-08,2.02607010157922e-05,0.000562971924797863,7.55474128388774e-05,0.000336551397498717,6.75420129954215e-05,0.000268961061216403,6.38337715981075e-05,0.0112829434604429,0.00877360992241369,0.000147336915995505,0.00362808653749258,1.75444031686932e-06,3.03643846134142e-08,7.79632036411439e-07,1.06429317744047e-07,5.94223594834376e-07,9.83717773159697e-08,0.000374988783063814,0.000242614113115501,8.30436020585443e-08,4.03453558950637e-05,0.000454145341237477,0.000122653584900111,0.000201048715898085,3.44290673721447e-05,0.000160189692476959,3.45641003966341e-05,0.00667729503468614,0.00735174810454443,0.000226550553874632,0.00294229432974811,0
0.0236124801962885,0.0899278923146247,0.0584135978275909,0.0246413500617414,0.00713727040036465,0.00325029609646313,0.07018528124757,0.0223120631540154,0.0742989525152515,0.0478097490264803,0.000559622195096911,0.00808571718451278,0.00341676332899182,0.000609761188381621,5.11906155447466e-05,1.05916837428434e-05,0.00494783498904961,0.00049988684120085,0.00553440901994714,0.00229724229934293,0.00956030817926392,0.0399120688320825,0.0242592949335376,0.0114581062720713,0.00316074446126067,0.00115402053201647,0.0376669354450705,0.013461823890089,0.032807127876911,0.023476759184389,0.00111437329333036,0.0161322383588719,0.00681161507514091,0.00121378530655412,0.00010187521847267,2.10911052749052e-05,0.00984886884839778,0.000995143999654613,0.0110231418760182,0.00457148136237279,0.0136989745918258,0.0392977322884934,0.0285119531322901,0.0118114398079463,0.00363262444528197,0.00165976797317518,0.029311003967437,0.0122414278298176,0.0400342201602742,0.0221568987371517,6
0.0264144387340915,0.155990516991844,0.0908165165267343,0.0267045588397725,0.0078489512272112,0.0104967100435173,0.209661145708314,0.0669073268033237,0.168089054729499,0.084601000116143,0.000699786151967087,0.0244098244676873,0.00825618624298652,0.000714945460753358,6.19144984375268e-05,0.000110674762146737,0.0439359387668964,0.00448598333509482,0.0282476057071048,0.0071931716469775,0.0211908996281482,0.11417393005059,0.0746713500545102,0.0205772602763491,0.00571059712634323,0.00869566594231036,0.163904255667562,0.0520397404459628,0.14216689358937,0.0626644944040383,0.00139399106460026,0.0486198122928833,0.0164625449620326,0.00142448810189713,0.000123205615872741,0.000220301002110422,0.0876731009740565,0.00894010896554947,0.0563597473943617,0.0143145350046281,0.0129389726630735,0.109443210295708,0.0528076337159366,0.0159632171837728,0.00530366305664148,0.00728425235736908,0.109985291437471,0.0422149883744662,0.119130151428844,0.0496688822274867,6
0.00431868742763755,0.00859060345057305,0.0177053785119778,0.00518117103605022,0.000911893481151944,0.00274852302841158,0.107337068967512,0.0208167258202294,0.0441214657667984,0.011640911674851,1.86085945345978e-05,7.41539841765468e-05,0.000311238744246554,2.66602466902582e-05,8.28233549906959e-07,7.45038210039266e-06,0.0113953807650011,0.000428150877668136,0.00188967774511107,0.000136139151378565,0.00300825560802197,0.00691639708148557,0.0134420447437253,0.00394596267209475,0.000643297679514058,0.0020041062720173,0.0798648492501797,0.0150976756995215,0.0281025327407329,0.0089285775005206,3.71661884271938e-05,0.000147581417251607,0.000623155433838484,5.33714736352155e-05,1.65457742948725e-06,1.49675066891862e-05,0.022859536149741,0.000859338441980566,0.00382693185905521,0.000270955145152205,0.0044122106445339,0.00968806573558913,0.0209704176599663,0.00608377483158103,0.000664605783725051,0.00318727122135381,0.124919975313988,0.0192139367231854,0.0453428683235673,0.0122178951266747,0
0.00133460069156505,0.00249068204855056,0.0013640731000698,0.000499092478620413,0.000460857893399248,0.000178165034352978,0.0176745878202042,0.013820687624431,0.0049515013238436,0.00560860381865849,1.78981012133645e-06,6.22583869742922e-06,1.81830873662449e-06,2.46225655868797e-07,2.13255105162259e-07,3.11623051199352e-08,0.00031315269361846,0.000191266392292777,2.45892532529165e-05,3.1566058386293e-05,0.000869263609961851,0.000838358909602098,0.00100711483616383,0.000343943445790615,0.000225807981686568,0.000124256574658368,0.0148065907377233,0.0115208568506924,0.00177946951981356,0.0042169137622731,3.56201976837056e-06,1.23965482095622e-05,3.66947741203366e-06,4.92996021583212e-07,4.23531331452738e-07,6.27487974331105e-08,0.000623976579517478,0.000381312172307104,4.89802986317602e-05,6.28245461544303e-05,0.000503800544586263,0.000921225499909863,0.00143846656491345,0.00041278061525097,0.000127576978262756,0.000197595630657449,0.00797973575140435,0.0105877142657629,0.0020861081640454,0.00322954620106302,0
0.0388078059832199,0.0857843841758033,0.0679851112144402,0.0251162617024534,0.00247009848880114,0.00197888401429731,0.0809585754899788,0.0275554844006323,0.0522164859897727,0.0735936100368614,0.00151349278119896,0.00739294263152503,0.004639840285713,0.000633991848852986,6.12659335521151e-06,3.9355358749358e-06,0.00658688488070145,0.000762489381841614,0.00273743685746584,0.00544016379879403,0.0299251573012122,0.0673623876255599,0.050564858926089,0.0193294851807468,0.001692481716816,0.00122676589412017,0.0597159915308599,0.0212611035543617,0.0417423746928326,0.0537246345252517,0.00301195245170085,0.0147147988757106,0.00923856913894615,0.00126162997953743,1.21972106839912e-05,7.82951330606447e-06,0.0131082263964674,0.00151798117205616,0.00544943336407613,0.0108289378264344,0.0269984246512072,0.0418419012085896,0.0336621123272559,0.0124366291868888,0.00119893971893421,0.0011430458016636,0.044138404001696,0.0147449315333055,0.0234325169440293,0.031901341301183,6
0.0224040327013855,0.0847139807096473,0.0353347656346772,0.0120203928639957,0.00110658431261971,0.000547569935951222,0.0529409639897302,0.0214463776209354,0.059458634350694,0.0527613654419087,0.000504301801336528,0.00721101942946009,0.00125159707558569,0.000145213858679974,1.226893953613e-06,3.01338941673876e-07,0.0028138075502187,0.000461380321625161,0.00354923798744865,0.00279481233436813,0.0183939525831922,0.058844168481702,0.0252792233546547,0.0083170152850922,0.000797988410696361,0.000433308046690763,0.0403491561521158,0.0173531292978788,0.0478627128790842,0.0375798458393589,0.00100371464977993,0.0143508594865184,0.0024936903653258,0.000288976282512511,2.44488044504007e-06,5.99659435834617e-07,0.00560238205466125,0.000918956278844394,0.00706650577079102,0.00556430461643843,0.0160036882979488,0.0716010256815125,0.0234342899400785,0.00636597705729168,0.000898351071091762,0.000579482186569634,0.0337268519135151,0.0144765188865546,0.0322388415334638,0.0396588571212015,6
0.00437334824936751,0.00115143202499022,0.00302154785725381,0.000441241625188815,0.000563872193738268,4.91610138639531e-05,0.0177790716278007,0.0144021929282559,0.0399255941947391,0.00660487049997031,1.92171871384474e-05,1.2636339887084e-06,8.94763219999845e-06,1.95347022320344e-07,3.1946208405068e-07,2.35979982998797e-09,0.000316944708928739,0.00020821746745064,0.0016018956029591,4.37791348194553e-05,0.00337244728999866,0.000733327812872385,0.00225499934824586,0.000256558505079215,0.000280634017288009,3.48368975982356e-05,0.0133315927518132,0.0122762018402182,0.0306507548710443,0.00506408222466981,3.82409313402812e-05,2.58278258307762e-06,1.80311152435403e-05,3.88142686456247e-07,6.34724172838024e-07,4.76479893770629e-09,0.000631455251023372,0.000414598392557393,0.00318784760736337,8.71814115072904e-05,0.0047325828950169,0.00108053911757882,0.00329940514810939,0.000323863921350886,0.000167435943565877,5.46041981110983e-05,0.0139351590145278,0.0083642941885775,0.0306219923965524,0.00346304094085778,0
0.00129719049372073,2.58419528296141e-05,0.000766853548427037,0.000328254527221332,0.000744277658010302,2.50620056272377e-06,0.00556167111269398,0.0116633263587157,0.0056744217380265,0.00320208044738998,1.69015204113535e-06,6.52587420108357e-10,5.89825996899448e-07,1.0828786385269e-07,5.56665906376458e-07,6.12288220072655e-12,3.09607452697307e-05,0.000136714658950138,3.22223779221488e-05,1.02865432536838e-05,0.00083866894190798,1.83932861097057e-05,0.000458626316512042,0.000118359983780043,0.000405676531607717,1.78090820576021e-06,0.00437223571443975,0.00949874151319103,0.00397735534833556,0.00239787999544484,3.36437952719255e-06,1.31712422193902e-09,1.17460549838718e-06,2.15497456492128e-07,1.10760087962667e-06,1.23733089184634e-11,6.17381150770011e-05,0.000272061855018761,6.42587379665492e-05,2.04737532421577e-05,0.000623426808610829,2.83427462442778e-05,0.000234692953240382,7.44225787593383e-05,0.000196621689883221,2.78084850316613e-06,0.00263730288231698,0.0076626089749227,0.00637866743354251,0.00161346212491245,0
0.0205678629003374,0.132772403090056,0.0626172794296168,0.0293651206101252,0.00770793112904088,0.00532781924820144,0.121399454655034,0.0275070303057802,0.0667707450509603,0.121027286249397,0.000423383639284047,0.0177033740659476,0.00394008185762311,0.000866014344943504,5.96967605558893e-05,2.85215831395948e-05,0.014811710061916,0.00076022962217907,0.00447823862622192,0.0147201017833981,0.0140085208308245,0.0898252292289004,0.0375300711977102,0.0205259709374302,0.00463415346973685,0.00358855333775957,0.0848960668347968,0.0212635655350515,0.0487769204771303,0.0813397172562175,0.000844302812604635,0.0352433471301244,0.00784125216710837,0.00172397805339841,0.000118798906465528,5.67590731934926e-05,0.0294740382362484,0.00151306448373916,0.00891405247123152,0.0292940261248878,0.0121603634534735,0.077754537364197,0.032704741302085,0.0234810031163568,0.0056228901839841,0.00315959119996852,0.0621802864726316,0.0176412643715353,0.040345474762901,0.0676241568607805,6
0.00839055255173028,0.0850700959064302,0.0269891978473784,0.0127610113703481,0.00141381006747623,0.0013572649609821,0.0698088528529829,0.0210852855428779,0.0476289447626891,0.0623797582156283,6.90001475253741e-05,0.00725326694587095,0.000731975072909147,0.00016327180123926,2.00112133472316e-06,1.84737042324549e-06,0.00489755573440174,0.000446823103242877,0.00227593753349859,0.0039105075251233,0.00602515682550258,0.0572566691948201,0.0182256942254198,0.00930572009900958,0.00110367162661739,0.00103117325576049,0.0507367956625646,0.0164478775972167,0.0353254698863381,0.045339976687191,0.000139053556599117,0.0144538874578715,0.0014567089115484,0.000325298561269957,3.98948634803897e-06,3.68024859742693e-06,0.00974628070441566,0.000889177909969106,0.00453305773039712,0.00778211017994186,0.00823313763864691,0.0749575617607587,0.0185733298689792,0.0127236183303648,0.00151221879106034,0.00146401170686738,0.0462574080939378,0.0124427941961046,0.0367202731534045,0.0591158456920504,6
0.00199839097947879,0.00641770975701602,0.00244778831473063,0.00105546356653078,0.000532887182621377,0.00025116936341679,0.0201815961454041,0.0117504358304121,0.0097082996228232,0.00552083718013182,4.01352974612667e-06,4.08408576072285e-05,5.86375367849142e-06,1.09410414707908e-06,2.84775195229981e-07,6.31335746514494e-08,0.000408449316944179,0.000138492278015429,9.45788914742472e-05,3.04222139566013e-05,0.00131202581147807,0.00467285206525399,0.0017490678457667,0.000739434852424474,0.000299890408071899,0.000120224169985367,0.0146036662485683,0.00935977595989642,0.0067694454872114,0.00419195290124902,7.98698676063021e-06,8.18207197805373e-05,1.18191713022106e-05,2.20263421086425e-06,5.6702949587872e-07,1.25637297677068e-07,0.000813637790835881,0.000275865477739168,0.000188351281540471,6.07496306479472e-05,0.000882939607250525,0.00713034080863364,0.00264084253921867,0.00106318770192903,0.000194760666809553,0.000103325328471381,0.0185969210438828,0.00713700998613056,0.00875397429611474,0.00458720341319814,6
0.001097972101948,0.000414273357351345,0.000786540424580376,5.89806477358541e-05,0.000640851303070068,2.46291859961822e-05,0.00490474151954617,0.0138976025101733,0.000279877269927826,0.00492432294829079,1.21141122452504e-06,1.71858475235393e-07,6.21095354645406e-07,3.3979024318277e-09,4.12727677591356e-07,6.07132429567198e-10,2.41767953159778e-05,0.000194101280347946,7.87248310462045e-08,2.43465659976263e-05,0.000610990075255504,0.000290188993431371,0.00047505407236796,4.22249379202812e-05,0.000371485211028256,1.83252063309122e-05,0.00391208052286887,0.0105429214342657,0.000157361503325172,0.00383725724466732,2.40991126782469e-06,3.42418404127765e-07,1.22659196640092e-06,6.85962255209702e-09,8.20195773489213e-07,1.21066563245924e-09,4.81044878390123e-05,0.000386247715591963,1.5643135613707e-07,4.84716773425827e-05,0.00042415443796306,0.000382566148004035,0.000230683306854163,6.57616406239554e-05,0.000191569178811622,2.72741912163746e-05,0.00278103825443408,0.0111007712269944,0.000181271536480498,0.00265819473203559,0
0.0283312303891446,0.0742036958560802,0.0377294504126513,0.0181300291461459,0.00316804723730931,0.00256334217778842,0.0720773525618805,0.0256250504201508,0.0539613620420797,0.0863796515334616,0.000805177315748132,0.00553245681504826,0.00142938905082081,0.000328770882206839,1.00851714688596e-05,6.59941858883384e-06,0.00519471094327535,0.000650430902315914,0.00292626678218019,0.00747223399539779,0.0194049142217222,0.0446549714336378,0.022728351227586,0.0101590791849883,0.00174503926162625,0.00123773229563611,0.0404738316158991,0.0180306296376516,0.0328060555419531,0.0478685077530376,0.00160377424157857,0.0110103397725708,0.00284565038884745,0.000655723929053397,2.00701530469699e-05,1.31368603150351e-05,0.010363373938875,0.00130368776242757,0.00582297472747013,0.014896293638687,0.0163570500989484,0.0386544147314236,0.0228556083626898,0.00941521890272583,0.00130882454176791,0.00100296066219329,0.0331409669213618,0.0124616116590462,0.0274330258118563,0.0417805695240215,6
0.0313926267922275,0.165115314310619,0.0648527728129445,0.0206825543803657,0.00552029289925381,0.00318819074632108,0.168369032039258,0.046518503495192,0.0778059245188204,0.123624985239621,0.00098787825701204,0.0273820332837017,0.00422373489740984,0.000427620754294767,3.06253342814483e-05,1.02069019121722e-05,0.0284307326088738,0.00216892116807955,0.00607707139259859,0.0152716765398242,0.0249293002041231,0.130799639406694,0.0491650064048429,0.0155362638417887,0.00310150300794751,0.00211310237237506,0.13309173551608,0.0379009791535794,0.0649240413654615,0.10152428241171,0.00196834209592509,0.0545081053040503,0.00840834104065221,0.000853203325222364,6.09446529333826e-05,2.03194019343118e-05,0.0566308031727207,0.00432150072934048,0.0121002417524655,0.030478441635913,0.0182251954010525,0.151868761187246,0.0501367763758818,0.0118731242627234,0.00325697920327377,0.00203098958394612,0.117083640571138,0.0334329176290934,0.0469523795032649,0.104569568759861,6
0.0113009456214208,0.0317551851647598,0.00410119281660934,0.00198900111324415,0.000519160909141384,0.000159621579876304,0.0325488302748418,0.0166401182731403,0.0266409723800355,0.0340575762960097,0.000128352198168483,0.0010053858973695,1.64883065658844e-05,3.91487929582889e-06,2.70803750470802e-07,2.4913067413775e-08,0.00105890863229102,0.000278275007832566,0.000710532941316123,0.00115013037075168,0.00741085973998001,0.0219911136096461,0.00291396670848962,0.00144815625979672,0.000263613926856952,0.000103632142684943,0.0211491890532903,0.0127859557684539,0.0198650143672098,0.0235302933820285,0.000255420442240761,0.00200871093996162,3.32238785676089e-05,7.85131642884355e-06,5.38665744969101e-07,5.02664515446117e-08,0.00211296925263219,0.000553769174290454,0.00141670637888843,0.00230429699037439,0.00656347307834043,0.0354538505244977,0.00452993285240634,0.00221385451541552,0.000151877698747349,0.000160640651590936,0.0262510796791778,0.00989103526085847,0.0210429781120229,0.0370457450379337,6
0.00603449988150489,0.00174498815652194,0.000841473145786657,0.000253322719787504,0.00033055782273326,0.000231351168959773,0.00395478648432306,0.0116197543765267,0.0150352135511749,0.00371699796698244,3.6470986797824e-05,3.01748316327547e-06,7.10778384827095e-07,6.43158855342371e-08,1.09788961868678e-07,5.37921814567302e-08,1.57047735055563e-05,0.000135596948186651,0.000226856119027428,1.37753217937291e-05,0.00436799456910736,0.00119855642240843,0.000558306705634777,0.000123650093997035,0.000131740698392102,6.92276186795552e-05,0.00318615731134631,0.0094267799956195,0.00918917971759147,0.00284692199870638,7.27037722883046e-05,6.04727106019964e-06,1.40847415298251e-06,1.27911411681951e-07,2.1850828566713e-07,1.06769610478547e-07,3.12644226593804e-05,0.000269936390819517,0.000451736865189449,2.75207333625276e-05,0.00372754288348352,0.00193183374273939,0.000277470020413374,0.000104438006344823,7.26059820912726e-05,3.48811234500133e-05,0.00192703837379421,0.00889879856334764,0.00720092413052071,0.00313078825375844,0
0.0368812342828173,0.0195197284642076,0.0137682897665754,0.004801180841953,0.000772291512906021,5.77935386481643e-06,0.00704077389343241,0.0118841933134053,0.0245878716943634,0.0116231822666729,0.00135744025416416,0.000376945531515699,0.00018857662163715,2.29378926742467e-05,5.9883995393125e-07,3.30626645989907e-11,4.97084331092522e-05,0.000141931115000733,0.000607510872040123,0.00013553047420175,0.0121186177654213,0.00645535539201378,0.00353886727204459,0.00131796729850538,0.000437444773917368,4.22718629202456e-06,0.00419103717743024,0.00950951207504444,0.0131318333192192,0.0064243913533946,0.00271084605241036,0.000756057462187263,0.000377197763654129,4.5860574529355e-05,1.19183622330133e-06,6.62973279878226e-11,9.90314419686058e-05,0.000282455424525429,0.00120903160505836,0.000269926142178975,0.0129887631826136,0.00801770961179993,0.0046126884326626,0.0016995851185038,0.000297840665914416,6.46221041695899e-06,0.00314185282343752,0.00580942097858821,0.0132602456971409,0.00483236732936856,7
0.29426866272034,0.129679836694478,0.125278542758834,0.0408911772933438,0.0116923153199572,0.00450413536790443,0.106912380965726,0.0274696791475861,0.0556146406862312,0.0947754808074414,0.0868652941858699,0.0168698701588611,0.015728607263625,0.00167713903993189,0.000137089509265225,2.03654316386681e-05,0.0114843287495328,0.000755237908398101,0.00309380286245239,0.00900575827542144,0.218905810337197,0.106434242129996,0.0978486625322219,0.03293378689676,0.00922896247070426,0.00358212411265793,0.0824004903651274,0.0219259352851829,0.0449785350192575,0.0772519444820484,0.173024984405665,0.033602361164082,0.0313443386177735,0.00334083119202733,0.000273109920216179,4.05498853725931e-05,0.0228566406696897,0.00150593871547293,0.00617129985188582,0.0179410904360991,0.205457082942292,0.0906709170234581,0.0908202571627521,0.0308177790492714,0.00800106685320014,0.00215500538032657,0.0480239807902562,0.0141423364927879,0.0436542809181362,0.0555204307276459,7
0.134208462590633,0.0525312211372355,0.0510605692409373,0.0143526380361366,0.0029434465848728,0.0023552507507184,0.102486988016868,0.0282995819256178,0.0381048517058472,0.05495086405319,0.0178483538112524,0.00270882644753578,0.00256190257713268,0.000202296770704588,8.44921610104341e-06,5.5647260621875e-06,0.010555617524526,0.000804098912132013,0.00144155801523551,0.00303161589444872,0.0919293889171802,0.0350156922263685,0.0365509739528083,0.0103066526261826,0.00200993175787209,0.00157257712322412,0.0723142473094949,0.0233789729133113,0.0304857168828998,0.0482315384020524,0.0357704105892869,0.00545478842153392,0.00515625946973376,0.000407283498245977,1.70706583749537e-05,1.10829386896966e-05,0.0210057546133799,0.00160091734134865,0.00288632803270005,0.00603599270046259,0.131825548574081,0.0486235285770786,0.0572256074856725,0.0161678658659317,0.00313677133856687,0.00124061713741183,0.0755204670312639,0.0188308540231954,0.0235547728589614,0.057902229506205,7
0.00575736627711743,0.00163975592182061,0.00349515915718769,0.000932750742982505,0.00073225074054477,0.000422271694253327,0.0341841856684016,0.0137739794198759,0.00957246548836482,0.0147392534402022,3.3313086887068e-05,2.70150332286354e-06,1.20754272823438e-05,8.60115975750124e-07,5.38789981923702e-07,1.76832884520708e-07,0.00117427198032442,0.000189192148054472,9.20831772692571e-05,0.000212728168657514,0.0046706714359652,0.00128381303846164,0.00238276015043981,0.000659574083478824,0.000441001956839651,0.000281787684310181,0.0275897029749847,0.0108179198896153,0.00705334009786981,0.0102779613991967,6.62764843906238e-05,5.37619872169257e-06,2.42257331231209e-05,1.72541931084817e-06,1.06558504767874e-06,3.53942545710842e-07,0.00233692788135115,0.00037789592296002,0.00018325038338277,0.000428907254077323,0.00553743327853704,0.00194462561937215,0.00381009035444497,0.001003120416261,0.000235829181529685,0.000394556284313035,0.0245771825813635,0.00889056347780449,0.0109121325515067,0.0104362860264766,0
0.00490079675555643,0.00012246482941395,0.000541679190655513,0.000238131198150452,0.000522747937578908,2.32701559159048e-05,0.0213946141951504,0.0102566889767245,0.00560533040979247,0.00884673097260749,2.41382904918864e-05,1.49929271690257e-08,2.94872269631154e-07,5.67532202097636e-08,2.74637994557389e-07,5.32145719978078e-10,0.000459678433977076,0.000105562249393238,3.15454766435532e-05,7.8618906646369e-05,0.00341023803194494,8.8433731795979e-05,0.000327903255071021,7.42248768007827e-05,0.000268973172518548,1.68502435023062e-05,0.0177692985142947,0.00865706424203185,0.00129158968256598,0.00697569913826242,4.8035150488687e-05,2.99147792887086e-08,5.83934084137956e-07,1.12932257312897e-07,5.46288247178609e-07,1.07097655518757e-09,0.000915010392416699,0.000210220954022736,6.28072243890875e-05,0.000156451420699983,0.00275009239817429,0.000135493011977697,0.000229047527430449,4.63481345822429e-05,0.000160392341295692,2.58809043596375e-05,0.0111363204216131,0.00697479739057485,0.0013906846855867,0.00508320928210384,0
0.184422854754559,0.0889123439706497,0.0841951559789804,0.0374845824971489,0.00675403281301056,0.00402599725083838,0.112024243266912,0.0374734199989796,0.051476118074759,0.0861936678288042,0.0341826356275165,0.00794474697423414,0.00711172674288243,0.00141164712191739,4.5846180062159e-05,1.62884320014367e-05,0.0125916990978562,0.00141099064848342,0.00266297426881221,0.00746615211541811,0.136454441016698,0.0711066500416183,0.0628087063697969,0.0282711605592706,0.00463219973666545,0.00252018218642937,0.0846785867647954,0.0280184651217611,0.0397728493920244,0.0665090829105407,0.0680234431551991,0.0158096846343748,0.0141643544158451,0.00280963455146719,9.12334410567006e-05,3.24115168860801e-05,0.025078024119322,0.00280818690749948,0.00529939466734507,0.0148578268503969,0.108947449802305,0.0853205040019472,0.0601805111853057,0.0241546692617198,0.00561516921552767,0.00243559268634526,0.085891359185842,0.0237072017264235,0.0360056306845146,0.0543483422155469,7
0.0782587666103431,0.0230812921694557,0.032003512987975,0.0126051189469311,0.000759195389549893,0.000437823383998472,0.044492814562756,0.0184258195897276,0.0220235734742084,0.0234382468141452,0.00615520413364166,0.000535191032556392,0.00101679747823029,0.000159154587595109,5.79180599146034e-07,1.91111522364002e-07,0.00196577903464337,0.000341033488921531,0.000487384954650983,0.000551482235009502,0.0499010505010563,0.0144241106099894,0.0225968053406231,0.0099003733005442,0.000400753378414038,0.000272788299728021,0.0358841175186477,0.0139580402325322,0.0174980263071785,0.0174498228089348,0.012248508918963,0.00106525829724263,0.00203593756862904,0.000317247000393038,1.15189564882228e-06,3.80795782898948e-07,0.0039353611737742,0.000678835859938682,0.000969964587430794,0.00109792886573126,0.0539487101807044,0.0139633976545914,0.0336911172719323,0.0130678396876324,0.000299032365463962,0.000340397913755707,0.0364835532092948,0.0133953648764653,0.01616319955654,0.0179819990063503,7
0.00907367241076833,0.000878643646329292,0.00254904840061982,0.00133347004483386,0.000682874335285956,0.00023110758611856,0.036176185976222,0.0132009032670169,0.00376510170384361,0.0170208736442591,8.27266038790141e-05,7.58917790624838e-07,6.53029453041083e-06,1.7867984325176e-06,4.68629814018757e-07,5.3676427616069e-08,0.00131399845430695,0.000175131743685006,1.4010967346577e-05,0.000291106073686425,0.00655381129251529,0.000602856971052881,0.00178542721871089,0.000966582567710814,0.000363992653334949,6.44557608553634e-05,0.0291926696337407,0.0102119045461515,0.00245970707922717,0.013570556123986,0.000164639497631051,1.5271205027086e-06,1.29923661634305e-05,3.55528506553169e-06,9.32341991073077e-07,1.06540767041585e-07,0.00261612545391058,0.000348517664586033,2.81163604868274e-05,0.000579353019296638,0.0101781943898205,0.000963611923903948,0.00274183062101739,0.00139707060272662,0.000238759794256699,3.47482493063399e-05,0.0232037578718183,0.00929951324025409,0.00381934559268656,0.00969137208330543,0
0.000969300820961318,4.35638092609679e-05,0.000556506892037917,0.000242459258375976,0.000596695471197577,0.000231276171389696,0.0197516121218283,0.00957337654630197,0.00028325453296914,0.0126258773375049,9.44245594339967e-07,1.85768665129093e-09,3.11254768929276e-07,5.90689281257816e-08,3.57706790443918e-07,5.37572896825626e-08,0.000392001120536891,9.18369623371776e-05,8.06331108387159e-08,0.000160201806200643,0.000671075294073403,3.0576534725152e-05,0.000286717634635191,0.00010016744825759,0.000303788336845795,6.83098817517623e-05,0.0148736179864905,0.00766954010835003,0.000144147331906651,0.00975316826082746,1.8790441766575e-06,3.74618681473512e-09,6.19395316057513e-07,1.1726516678865e-07,7.09573487397759e-07,1.06700734296737e-07,0.000780133309124484,0.000183027122191471,1.60141241652139e-07,0.000318809316646113,0.00063262160590227,4.83130609864115e-05,0.000141109558609131,8.68777467373196e-05,0.000208189338401872,3.40515997961689e-05,0.0117256030149871,0.00584231835812357,0.000185682469984479,0.0076141881169027,0
0.111074205266911,0.0596567853909695,0.0827830735161385,0.0459137883322801,0.00452203335185659,0.00210383687437771,0.0674440768407215,0.0185854054566108,0.095775552371899,0.0385224141366122,0.0123968579545231,0.00357681258646248,0.00686665912828458,0.00210952710186651,2.0475831039812e-05,4.44215281762541e-06,0.00456519529567038,0.000344831143465382,0.00918541289489621,0.00149071881479203,0.0534920518338998,0.0246305887796898,0.0329046697123929,0.0179564080790878,0.00172135449873768,0.000723760563047737,0.0347418244565358,0.0125741644208292,0.0397564699791505,0.0250791714844118,0.0246721303954507,0.00711765071254616,0.0136853158196417,0.00420699579495454,4.08171952264422e-05,8.84565664346162e-06,0.00909030910645179,0.000688504525182583,0.0183119570695965,0.00296692186319573,0.0662366155391214,0.0290572148541905,0.0377858717054105,0.0217119687968339,0.00209139857495561,0.000748575508344471,0.0263341609081294,0.00884994681041916,0.047242798303264,0.0177986036180138,7
0.121773701720906,0.0982168017554982,0.0974330890165833,0.0423766155530754,0.00979498253780114,0.0120787251196112,0.242127154996436,0.0392988562157947,0.0888296447388216,0.0965680669444538,0.0149028740727108,0.00969457305492282,0.00952748038817122,0.00179424799227455,9.63312830306729e-05,0.000146625989301659,0.058906228272455,0.00154901388172318,0.00789002950069435,0.00937135646774967,0.0925300170326253,0.0748944047636112,0.0714624475445534,0.0268091594741926,0.0054345593526461,0.00892617984366025,0.192486980749521,0.0274054949330688,0.0671621724300652,0.0722603384642804,0.0296563071211152,0.0192925951498445,0.0189728358063963,0.00358105426850093,0.00019179110102565,0.000291788441194667,0.117233113046193,0.00308566411797802,0.015740943575061,0.0186493057765399,0.0723994352467062,0.0603137539219864,0.0502989096735658,0.0268677306400064,0.00715279943840886,0.00792642467395518,0.158767452520247,0.0191365350106073,0.0782997550677694,0.07042867659087,7
0.0153058713378685,0.0116815222380075,0.00930393333720424,0.00199831688111712,0.000808678774511397,0.000986667256616522,0.0406317533026129,0.00964080302763695,0.00915526887837004,0.0203076194407642,0.000230297674170235,0.000136787370619425,8.62757169330294e-05,3.96958033665908e-06,6.55859394228861e-07,9.62755239920215e-07,0.00161874380654989,9.33975114470794e-05,8.394317152903e-05,0.00041446491785497,0.0108578306536356,0.00850828873983773,0.00646049780035681,0.00147313520900387,0.000508028907429785,0.000722545776181516,0.0301635791551285,0.0077363922094015,0.00632708599268697,0.0159053284022206,0.000463414858673632,0.000272554023213673,0.000172395293102059,7.94297817945238e-06,1.30629181093753e-06,1.93142897420215e-06,0.00326158794240539,0.000185858014409705,0.000167332766848989,0.000824786490333097,0.0158181294545584,0.0131055169283388,0.0104004436429794,0.00220095358427445,0.000296905167885569,0.00110597041075372,0.0338044539023693,0.00545781519846624,0.00964768863884541,0.0206175157267726,0
0.00224868963044029,0.000668868441084256,0.000646637348795799,0.000338747922021578,0.000555112412719374,5.41151334785354e-05,0.0186716096484143,0.00990488770228965,0.000419341138076352,0.00889411353842746,5.07609695743377e-06,4.49532883052855e-07,4.16699012604339e-07,1.1521401275757e-07,3.09477809545349e-07,2.9095430858871e-09,0.000350291491930462,9.85644825115726e-05,1.76676456907026e-07,7.94921585976488e-05,0.00169900986850162,0.000473667320799005,0.000452763887287672,0.000145748258063109,0.000251362985958461,3.92851674985964e-05,0.0154711923608278,0.00824994897941369,0.000297193700681844,0.00714757643309182,1.00935556097019e-05,8.94640748453899e-07,8.32637632141061e-07,2.29386808555357e-07,6.16079625580507e-07,5.82332258611366e-09,0.000697152891705088,0.00019615755806807,3.516284777725e-07,0.000158173482348792,0.00106180527761109,0.000739370799191132,0.000577496330108248,0.00012526057870781,0.000174487290627766,5.99046803178865e-05,0.00896998844763376,0.00590165727030805,0.000463320027322143,0.00553690693846749,0
0.0582111444020295,0.0174539263162046,0.021325935029337,0.0107106387223758,0.00137577190716326,0.000532492991716553,0.0326918421077694,0.0212493069505179,0.0225501724876548,0.035474199063611,0.00339946839335783,0.000306109089486562,0.000456067976596592,0.000115190186876959,1.89467250566737e-06,2.84968308988966e-07,0.00107334380933229,0.00045358099116185,0.000510899357270718,0.00126384314343973,0.0268105256473631,0.00683581563865535,0.00796896045334525,0.00308512733522292,0.000512924650270256,0.000123142285844469,0.0225447683286194,0.0143231227450283,0.0113558028000516,0.0190783334731364,0.00677099329121428,0.000609103843129911,0.000908571365633368,0.000229327084345303,3.77793241599983e-06,5.66736643696239e-07,0.00213662995879914,0.000902801411029956,0.00101683352586978,0.00251581205022037,0.0329638658772542,0.0103775098638075,0.0113936038310886,0.00399208555972701,0.000406509474479297,0.000168251741467422,0.0185413373291519,0.0112480532824517,0.0136760423751007,0.018364812097725,7
0.158496983576118,0.0645812217762767,0.0879139376171525,0.0360254531297113,0.0082128646979524,0.00594737965328353,0.151808900414661,0.0306501804994793,0.0507071362801024,0.101406396777256,0.0252459117154662,0.0041916337560073,0.00776617611275414,0.00130414342952673,6.77854164894414e-05,3.55489372207495e-05,0.0231382818676414,0.000942895782420621,0.00258409240253997,0.0103332962355819,0.129691433364731,0.0489961255380015,0.0579063937376288,0.0255733194463541,0.00600392994902643,0.00470776393071813,0.116478088618183,0.0252260775183202,0.0370688137992939,0.0848947033460276,0.0502404568693374,0.00834119182521074,0.0154562054690758,0.00259545579201287,0.000134894897104428,7.07404923687398e-05,0.0460683256998119,0.00187754951972577,0.00514211911915952,0.0205647939734609,0.115958142233874,0.0432357986219036,0.0524144874761685,0.018706616912936,0.00554808555996119,0.00416662998334964,0.0678305463691058,0.0165137738076752,0.0299507814199158,0.0755313055774688,7
0.0248320471292515,0.0103659562083211,0.00379416704317609,0.00299537707305871,0.00112964280950253,0.0009878270061122,0.115025689498881,0.0170930218339339,0.00169947247418033,0.0265101498869278,0.000607615180442067,0.000107992510804972,1.44096188311384e-05,8.99779365813104e-06,1.26477953448261e-06,9.80449720803025e-07,0.0132760357401202,0.000292939304400544,2.86936002141766e-06,0.000702125401823723,0.0170514603311586,0.00748882195060084,0.0029630882552066,0.00224756923530042,0.00084365883602519,0.000582370733790678,0.0822305974278643,0.0135613131565898,0.00121182091482849,0.018450040985314,0.00122119050347489,0.000214896912671745,2.87281935658904e-05,1.79250537455104e-05,2.53223214283812e-06,1.95060840057769e-06,0.0264399570026499,0.000583643319264876,5.74110711242418e-06,0.00140139796636596,0.0271244681603193,0.0117480733295346,0.00454160380452575,0.00349391078267245,0.000976155646920353,0.000824988301272168,0.102747528891886,0.0155173805048531,0.00172818159566337,0.0237389535191781,7
0.00260118435638272,0.000624779012012099,0.000660335091115618,0.00032089168596162,0.000638380534443023,0.000325311344001379,0.0219444727159866,0.0149538975389861,0.000120205450644593,0.0113899178158951,6.76298157428734e-06,3.91637984002265e-07,4.38107251944562e-07,1.03423831394425e-07,4.09230833426495e-07,1.06357739738281e-07,0.000483921789615539,0.000224618628277498,1.41304656520398e-08,0.000130138699785143,0.00188305514811563,0.000426231420493133,0.000439296878872362,0.000176646268666411,0.000344445289528041,0.000120251703863035,0.0182910373248835,0.0126169116855889,8.41699315065314e-05,0.00959957631748718,1.34951145677177e-05,7.80001844288772e-07,8.71950721738643e-07,2.05542234901483e-07,8.14713350101795e-07,2.10486579194981e-07,0.000963049236302617,0.000447113965686413,2.85090723553213e-08,0.000259209093566044,0.00138147318749544,0.000678836012084452,0.000373481742383876,0.00024843862136621,0.000202404505547813,7.20919282078842e-05,0.0139539547526682,0.0122327197380752,0.000133157793416446,0.00525330005977353,0
0.0685037530950646,0.0162347555356864,0.025244922672826,0.00997343505712104,0.00309281091277339,0.00104152416466591,0.0349778745077444,0.0166133686059434,0.0287265551027716,0.0312515643643541,0.0047159136698057,0.000264481612257417,0.000640288472581051,9.99146756069016e-05,9.54338204069161e-06,1.08709138856846e-06,0.00122509929462552,0.000277358625114505,0.000828396104317902,0.000979646868648908,0.0328216908183631,0.00652737498121168,0.0125397160221361,0.00456591289693654,0.00120194881673746,0.000241464269392516,0.0210970524114924,0.0124980265508301,0.016380829255879,0.0202838073206061,0.00938509328563477,0.000526699443017707,0.00127439240683438,0.000198883425506373,1.90607558288435e-05,2.16642655145871e-06,0.00244238838936295,0.000551954078047976,0.00164946906496995,0.00195127448574631,0.0301213408634871,0.00626660433873048,0.0157772811801551,0.00609779487607332,0.00118251060982578,0.000323579272583393,0.0143713972388591,0.00808801217425998,0.0138829379076317,0.0120278619141054,7
0.207981910393765,0.060351219098883,0.0420458260738634,0.0215931512719149,0.00585625967231023,0.00201087419566107,0.107557476825753,0.0433463685151978,0.032254308026465,0.0633383073531486,0.0434674784528342,0.00366042431988341,0.00177651375562717,0.00046860552700902,3.44346798238784e-05,4.06333132242154e-06,0.0116252591529632,0.0018883100573404,0.00104346449939265,0.00403127468494454,0.162812924624624,0.0470041338064754,0.0323550923572789,0.0163542302444613,0.00460473246061857,0.00160361775281117,0.0910693646338418,0.0354511921075844,0.0248644628989609,0.0475848069169138,0.0865049261117481,0.00728428628489184,0.00353536033596731,0.000932508100566546,6.85568901850174e-05,8.08576189194604e-06,0.0231354409220873,0.00375777517256019,0.00207842301096925,0.00802271400421113,0.134321837351345,0.040935239568917,0.0234376791225102,0.0142519774477712,0.00552667119179802,0.00182892242060241,0.0661972718466127,0.0404894053890139,0.0187759456988471,0.0290324706144739,7
0.0474955004667932,0.00642724597685497,0.00398609558903854,0.0017191408313203,0.000749170685304717,0.000212010074148175,0.0499332519469345,0.0158281897517249,0.00294862176248654,0.0341562158896686,0.00225778750682457,4.05496963764812e-05,1.59687970938236e-05,2.90096937345353e-06,5.58781771274608e-07,4.40402900000691e-08,0.00249820471279061,0.000251747271545271,8.54463337265199e-06,0.00117247742422051,0.0346815578719067,0.00461114103168232,0.00289502531207404,0.00114153506443779,0.000505618273808438,0.000148409255362096,0.0396848252371367,0.0130921750647549,0.00211716889064652,0.0265710517821137,0.00450221190879591,8.1655709179428e-05,3.17687846118119e-05,5.84129864198809e-06,1.11694087344203e-06,8.87673882361161e-08,0.00497876980317839,0.000501018904027534,1.71962290900912e-05,0.0023332426062747,0.0525130227523282,0.0070531288194128,0.00446850543928371,0.00183223732091912,0.000513142529307964,0.000227400907718836,0.0379605399304629,0.00910949051245125,0.00332587435261733,0.0297800051181856,7
0.00373101455100672,0.000312688860351039,0.000521505019042262,0.000243514178208591,0.00052372850042417,9.70160956356255e-06,0.0213023629893899,0.00975992203459343,0.000284217296074078,0.0161808165143969,1.39845074760393e-05,9.6808151029859e-08,2.73333311880284e-07,5.94900302931929e-08,2.75666445373771e-07,9.29663248927988e-11,0.000454511508130498,9.57343296425962e-05,8.04044912771953e-08,0.000262953078280436,0.00303049967551792,0.000224809668802382,0.000302211267556474,0.000100671788109686,0.000274316939025282,7.03805467353754e-06,0.0172183958635789,0.00790264206385997,0.000153730991745732,0.0126664068811813,2.78349048503998e-05,1.9409458112664e-07,5.42972948834815e-07,1.18225690123961e-07,5.48331624174684e-07,1.86620049826516e-10,0.000905875012791725,0.000190426519456196,1.60515006846664e-07,0.000523455572743826,0.00393745264520317,0.000341880096583887,0.000258360107950107,9.77923757778728e-05,0.000144172600008576,1.07468421209888e-05,0.0123243326167229,0.00668246726883548,0.000187044320761024,0.00986469897812578,0
0.000916840078532548,0.000231805389947487,0.000560766102987663,0.000228226370813362,0.00074636057459561,0.000231367894020762,0.0218780957716662,0.0118688427258306,0.000231264114485177,0.0136748606250031,8.44705026749284e-07,5.40032486297598e-08,3.16036340636823e-07,5.23139279416487e-08,5.59851216177389e-07,5.37998014387207e-08,0.000480452962560949,0.000141404230127666,5.37518461973356e-08,0.000187941071123669,0.000509470637340726,7.17659146628765e-05,0.000274172481103536,4.83994663201589e-05,0.000425248606546899,6.84466993162115e-05,0.0174124051303665,0.00928484721313842,6.75335740631447e-05,0.0109272444164728,1.67937951994631e-06,1.07184152720146e-07,6.28914727607319e-07,1.03866595923965e-07,1.1009911459129e-06,1.06785210489989e-07,0.000956701585313248,0.000281565662107777,1.06692249673783e-07,0.000373949933234553,0.00033940634871919,4.09783420499149e-05,0.000162016205780921,3.56424019851094e-05,0.000236563545647501,3.45946606228599e-05,0.0117933033404076,0.00591436471334273,3.62705160076988e-05,0.00649352896478651,7
0.173974286263993,0.119177657476404,0.128897002487759,0.044652187964218,0.00655121572216701,0.00659337826346605,0.155621379592475,0.0366526518804433,0.0605814189177966,0.0784251602131417,0.0303619675828722,0.0142722819152741,0.0166814703835194,0.00200331017327418,4.31332568266562e-05,4.36775006694613e-05,0.0243332887716783,0.0013470606058199,0.00368605493576609,0.00616504033391374,0.117879660212003,0.0727574229045532,0.0853439645718705,0.0301796330861624,0.00423271672321389,0.00377755289126236,0.0981610230090792,0.0272938539935825,0.0398787775712169,0.057666616054165,0.0604750702121988,0.0284042210701358,0.0332122190998177,0.00398697126228727,8.58359776826454e-05,8.69192718573738e-05,0.0484290634072893,0.00268372773375612,0.00733704744908598,0.0122846589375784,0.13847985227474,0.0771341178240445,0.0950023224020887,0.0321732704083461,0.00373463370120516,0.00444787260558656,0.0826724709737136,0.0269889315999643,0.0440652706784768,0.0443793966428533,7
0.0906776850567229,0.0766884702463588,0.0536332287344869,0.0217547942719874,0.0047270250733761,0.00655909840115044,0.0990319351973107,0.0269223326005429,0.0526131864248524,0.042939815583084,0.00821239879281899,0.00590956844848572,0.00287628329346779,0.000475163164904829,2.24562052705149e-05,4.32103014412413e-05,0.00985650953908299,0.000726642077285915,0.00278094251738427,0.00183355578818194,0.0598346650044645,0.05278010032247,0.0339165911317188,0.0138758447616886,0.00369505764519971,0.00494095595977412,0.0773207031854867,0.0196198210289086,0.0383398469104984,0.0318148734794822,0.0163936255889756,0.0117607174391727,0.00573827168168215,0.000946009726056225,4.46868322926593e-05,8.60141615576344e-05,0.0196135670215178,0.00144780494207022,0.00553496556255955,0.00366807653215427,0.0861780934406481,0.0754643128836507,0.049393787061413,0.0188617659919207,0.00539257844675374,0.00721265715170714,0.113015968228117,0.0212841082451273,0.0546230218769135,0.0235047159952488,7
0.00289491931191377,0.00359720729211041,0.00188819694069539,0.00115387996463523,0.000773016291722838,0.000483899623506756,0.0206231366003935,0.0137908129317461,0.00360203348226696,0.014272184986696,8.25772015002479e-06,1.277957055171e-05,3.53730252231267e-06,1.33695953689612e-06,5.97924703060896e-07,2.3289062640871e-07,0.000422946561328348,0.000190848155830167,1.27861623222949e-05,0.000204576479164687,0.00227260197666564,0.0026227357701158,0.00137649823504967,0.000823348620212158,0.000524344911296104,0.000341767884663527,0.016413372667639,0.0108518346149629,0.00261211109970101,0.0115433246147312,1.65963546836791e-05,2.56543231063933e-05,7.08423116923767e-06,2.66165803912965e-06,1.19227349181469e-06,4.65683720317231e-07,0.000846135821169134,0.000380057341663712,2.56965827472465e-05,0.00040724719705863,0.00240507482350832,0.00398315235678634,0.00196666914298646,0.00124781085801474,0.000362932256824354,0.000465891012057058,0.00755326040558457,0.0109303389673719,0.00399787911737038,0.00960499855462405,0
0.0147852919653311,0.000171498472588787,0.000535479785718498,0.000236788920174931,0.000770111192706885,0.000235581686937734,0.0222180971592975,0.0124954734687535,0.0134276079467201,0.0163145027335273,0.00021858016470095,2.90024485413201e-08,2.88178165410731e-07,5.63499369895952e-08,5.96047962572117e-07,5.57774170177707e-08,0.000494962241189878,0.000156593314469731,0.000181182670434275,0.000267455917197062,0.00514895066560872,0.000120853249182398,0.000279831660504105,8.69884780388675e-05,0.000445532465808886,8.79597790954173e-05,0.0183036572800542,0.00954449964242052,0.00383730191741171,0.0128903657080377,0.000436088912159369,5.82674574787076e-08,5.73114671407074e-07,1.11872734559225e-07,1.18503515293608e-06,1.10736800263497e-07,0.000986107132563103,0.000311908024139439,0.000360577412243726,0.000532276888198582,0.00561110547233977,0.000180229162088436,0.000159688634702587,7.16980110117234e-05,0.000241310846677403,5.71176049956565e-05,0.0137802446764591,0.00676943121937278,0.00567336086822998,0.009012269283066,0
0.172240075714905,0.0674385944435371,0.0853912711862393,0.0407008401959811,0.0112407243929129,0.00830375863203464,0.153894655723985,0.0339246243878716,0.0357780763344062,0.0836738487758267,0.0296920721592227,0.00456833715451036,0.00732155135578562,0.00166241378915008,0.00012698822143512,6.91736104660483e-05,0.0237641787235661,0.00115555771965752,0.0012839393826946,0.00703564182452417,0.129659475055438,0.0471634908510214,0.0538496747099919,0.0275518127920513,0.0069001944838359,0.00538950801868382,0.0991515722618436,0.0277122158481173,0.0291413346344105,0.0606127233743834,0.05921025495706,0.00909317680450828,0.0145762129215361,0.00331063831950138,0.000252706221296084,0.000137771992751096,0.0473259685585799,0.00230065672199403,0.00255746561027479,0.014001776296176,0.103552536626084,0.0519445878177909,0.0423330852511589,0.0247575573846356,0.00716141824834622,0.00644232351601825,0.0909272400249293,0.0220605679650717,0.020684328436868,0.0537750830685447,7
0.14918838029858,0.0128158639366156,0.0332285819731464,0.0175955594949852,0.000701990313433988,0.00455626508881336,0.153430362002148,0.0344666369495722,0.0131728328535075,0.0284064471008041,0.0222776199744884,0.000162690663349617,0.00110208037101223,0.000308409651732145,4.94440285602829e-07,2.07874540190771e-05,0.0236541589048098,0.00119372732545768,0.000172318774720584,0.000808744945970121,0.106610447014282,0.00632023694891716,0.0202189739629857,0.0100356808503836,0.000434657853225065,0.00343113044260692,0.122060863065462,0.0285481392409042,0.00747522459385843,0.0220659824143893,0.0444234041025577,0.000326123570462316,0.00220070168715966,0.000616462015727048,9.84623902987303e-07,4.1443012914154e-05,0.0470762326865779,0.00237570155230887,0.000344966515823164,0.00161162716678472,0.14265920069835,0.00913406111953199,0.026733721366878,0.0136392575869786,0.00035840322751445,0.00381190783053079,0.128563543455539,0.0259100916972043,0.00916724227543373,0.0179069637286556,7
0.0111818507460239,0.000269536115521681,0.00120272762361878,0.000543393685414518,0.000603284270549256,0.000588174268520041,0.0449888836340891,0.0172169366195261,0.000315849433466375,0.0149131676804151,0.000125444621415451,7.20694686079202e-08,1.42637849061828e-06,2.89643691546294e-07,3.65780348160543e-07,3.42672489238943e-07,0.00202910011375685,0.000297848451591157,1.00002611210803e-07,0.000223318880208964,0.00796751316500269,0.000196337467213275,0.000866750448533339,0.000377279027452233,0.000318174306950533,0.00041822077562585,0.0359676588709579,0.0137750125570981,0.000226187744390982,0.0120844248535333,0.000249844484449826,1.44356229659207e-07,2.86430503839168e-06,5.83170708840187e-07,7.209949878003e-07,6.86637387230755e-07,0.0040429280065571,0.00059277967372289,1.99257318315049e-07,0.000444589836579382,0.0127032280636689,0.000299670706963941,0.00112572515931487,0.000536893446076972,0.000184321285439909,0.000622664322437431,0.0425894886549169,0.0144706446817818,0.000348538313798123,0.00731395098205576,0
0.000845933579758114,1.46690188911931e-05,0.00062362695614163,2.22812243187017e-05,0.00064407159552428,0.000233252451383837,0.0239248156171787,0.0113531238088627,1.70838293766168e-05,0.0111426478873357,7.16901943894216e-07,2.15323517494863e-10,3.908638182725e-07,4.93197414153273e-10,4.16617357988143e-07,5.46616719050706e-08,0.000574641027407143,0.000129253472553112,2.93297736174157e-10,0.000124722483460405,0.000603289339494327,1.05700074862632e-05,0.000361485543635174,1.64319908964036e-05,0.000349904707034791,7.99054089156703e-05,0.019421402063102,0.00873522764559581,1.20721948207183e-05,0.00877454802431151,1.42737702587646e-06,4.29414795215865e-10,7.77603497743294e-07,9.87167706852677e-10,8.29360877966112e-07,1.08518968972629e-07,0.00114402808598566,0.000257495219119071,5.83669166685829e-10,0.000248227890467911,0.000677749057207692,1.62231373520468e-05,0.000211022410762902,2.5100309477736e-05,0.000205705279754229,4.60505006182347e-05,0.0124594713901309,0.00720322799991323,1.88840261575419e-05,0.0054051949640018,0
0.199729121576978,0.093139244412018,0.110093296194643,0.0375667941694012,0.0082441187884176,0.00985309127278117,0.27208260086961,0.0521008172016278,0.0684749856083294,0.0846052863849651,0.0399257506881054,0.00867850659179406,0.0121811980885195,0.00141725033498638,6.81683506632563e-05,9.75078235814877e-05,0.074374802389776,0.00272792886731945,0.00469442303738572,0.00719237256078477,0.121467777146759,0.0454463065310217,0.0556841612246928,0.0201926213032715,0.00394514021780049,0.00592037960079089,0.196298895861766,0.0381047938447494,0.0366224402391424,0.0497902179726371,0.0796170694038922,0.0173098880260926,0.0242404863902027,0.00282140269369986,0.00013579300307068,0.000194094959350432,0.148029470608279,0.00542872435399916,0.00935962579607809,0.0143142025806471,0.104700885611518,0.0417642618597484,0.0613796935109776,0.0218584496056388,0.00353203927014331,0.00582646048500206,0.188873517672494,0.0359056809560382,0.0379826612588963,0.0404034285347703,7
0.203477925248298,0.0823638066517435,0.0912612745682062,0.0214891017174481,0.00476343675287804,0.0127545668688685,0.253567441986933,0.0621708856569789,0.0428378926526615,0.108514248422642,0.0414257072949941,0.0068036699712918,0.0083701781695091,0.000463270257692666,2.26417822235832e-05,0.000163493027722181,0.0645198635298918,0.00388447535088194,0.00183417372499862,0.0118345139402267,0.150261455598608,0.068415472526342,0.0597239474635384,0.0149984336819126,0.00229314838636587,0.00991212662944439,0.204415710209771,0.0468785793093146,0.0312430294016649,0.0763276314311143,0.0826201928752998,0.0135534478005555,0.0166569182765413,0.000922731217625476,4.52164452364981e-05,0.000325331299302645,0.128490404632859,0.00773021518278716,0.00366000604022527,0.0235503567353801,0.204538651456526,0.097226247917873,0.059600693854547,0.010949017429798,0.00250847572438744,0.00750942417099544,0.172543417171728,0.0380095351253942,0.0369345024641355,0.0798169123457342,7
0.0121020601230233,0.0144087673186964,0.00507999082749547,0.000913878520978084,0.000674690022046291,0.00245173288322245,0.0542137899810548,0.0197046178059443,0.0064220157782041,0.0179669691715232,0.000146645488469401,0.000202767230860136,2.59272576676744e-05,8.2172439665679e-07,4.57075613486211e-07,5.95205377693667e-06,0.00292527643888752,0.000388119079316623,4.04732498601167e-05,0.000322895562230623,0.00899742400576506,0.0103194492122287,0.00365701429945372,0.000602466882245792,0.000388270913974694,0.00167803370125604,0.0409483380261578,0.0153821691554301,0.00467299645630101,0.0138059459117217,0.000292366602201749,0.000409365815753542,5.16021578938878e-05,1.65254464667646e-06,9.07673198211774e-07,1.19325647782566e-05,0.00584946747486389,0.000774449985173652,8.15131626616534e-05,0.000644017126209942,0.0132650756628252,0.0160974821586731,0.00521204580943045,0.000833464851802126,0.000221591381271382,0.00267011185684501,0.0421099656074764,0.0167824333113523,0.00735389340594342,0.0128457251978837,0
0.00242323851469165,0.000751647318290343,0.00071515056576253,0.000328125344348077,0.000628847339645965,0.000115899101904993,0.0234322328748427,0.0145592807833963,0.00043283910610715,0.0149993079302386,5.90144720815646e-06,5.52882904145808e-07,5.12866433537444e-07,1.08149453590738e-07,3.97435527098254e-07,1.34008097882938e-08,0.000551804982643172,0.000213035262328259,1.84343233425265e-07,0.000226105570544804,0.00158329683176439,0.000539271760927084,0.0004856092607013,0.000128312931280952,0.00034582269200021,7.89311508987217e-05,0.018519478449795,0.0113229327846427,0.000284792120076683,0.0117633671094654,1.17402640200853e-05,1.11508747583165e-06,1.00454641224908e-06,2.15274850474513e-07,7.90675308815656e-07,2.67656932247917e-08,0.0010980853583968,0.000423879412336985,3.70498886628586e-07,0.000449914794370793,0.0012029183386138,0.000833610338732106,0.000345817678230559,6.7023654020917e-05,0.000184217716685775,0.000127290475384394,0.016888164805668,0.0103090042706489,0.000413940812381963,0.00750678032193835,0
0.0222189994822808,0.0162658940341601,0.00630626623982398,0.00138558888546073,0.00171468767118216,0.00703947980973939,0.0797965714470162,0.0283321113153483,0.0228051868155033,0.0449238037995574,0.000495867907916348,0.000265000374898343,3.97982992066316e-05,1.9282574174249e-06,2.94387650278207e-06,4.955592915678e-05,0.00633163882682759,0.000804310523908557,0.000521743427101597,0.00200364867112043,0.0116436616671416,0.00626346004242956,0.00286182592411598,0.000351241803766468,0.000606790042699773,0.0013584478571916,0.0328617571899587,0.0152859425777065,0.0101279564138519,0.0216529653882122,0.000987023526155417,0.000528225152519128,7.93674996545416e-05,3.83842824844816e-06,5.86662156787957e-06,9.88518271496363e-05,0.0126666067824855,0.0016027062322085,0.00103921114498188,0.00401174694422342,0.012052528058955,0.00617433285156804,0.00257114152010674,0.000391849345416885,0.000542696277662458,0.00216631535955111,0.0275076795254793,0.0118678735345115,0.00970248572754851,0.0186030889208672,7
0.192303704703903,0.132054206904945,0.113466538253058,0.045433909538886,0.00888963804269371,0.022396063705705,0.358876366903991,0.0837697632103961,0.060248829071673,0.144716315682564,0.0371169947140284,0.0174912162039257,0.0129003608381112,0.0020711644792186,7.9355750738123e-05,0.000501814427250261,0.128656142271842,0.00699596127374731,0.00364479327078161,0.0209946261752249,0.14571595614171,0.105900375425878,0.0908507619571469,0.0360494614083371,0.00705683925532644,0.0188385314155307,0.293826140506987,0.0714919961538501,0.0474561683770118,0.110337040481646,0.0739107037244956,0.0348419232551692,0.0257102983747965,0.0041250460108767,0.000157971372568754,0.00100087354887104,0.256793738705757,0.0139779668931298,0.0072564887557259,0.0418322547284418,0.116854670168245,0.112947545151152,0.0765569206082446,0.0373524350260124,0.00561915855327205,0.0205585363744119,0.331397192624429,0.0858695630728749,0.0424968203595667,0.0955639182991034,7
0.0749393935229004,0.0495992561656588,0.0487477076920637,0.0133015837694803,0.00359006007978218,0.014965374933146,0.222943098200159,0.0678949846710896,0.0229459434590079,0.0425585925187043,0.00559795335062418,0.00243293937399194,0.00235052379033868,0.000174978328135739,1.29344667888068e-05,0.000224185997631248,0.0494617769250218,0.00460951963764417,0.000522554215412972,0.00181460962659447,0.0533030201542675,0.0364890106734412,0.0360031232439583,0.00981584839933101,0.00231623079914096,0.00929361663417544,0.166556588400508,0.0455644065544458,0.0168540134973395,0.0348922986798845,0.0111858501299085,0.00488085931181333,0.00471510495769377,0.000351035346246827,2.57583215021144e-05,0.000447026226948376,0.0989176549120362,0.00919618552324175,0.00104645673224653,0.00361673071629102,0.0809220221175677,0.0575272522854892,0.0571340652960715,0.0155253859769206,0.00291146135493911,0.0105025726662904,0.129184068615282,0.0495897229582845,0.0266364592921388,0.036788830908679,7
0.00542443823986586,0.00345871671780853,0.0034065969622461,0.000963713566964013,0.000610995559304451,0.00124029138674372,0.123346009206646,0.0198072751819197,0.00159855998851919,0.0160213409372204,2.91636849106529e-05,1.17488397690283e-05,1.14184465202883e-05,9.17832999694801e-07,3.75129014995579e-07,1.54128933093425e-06,0.015283816500942,0.000393122659429184,2.52025613778193e-06,0.000257971450898857,0.00409394640494634,0.00241450138035468,0.00234465693743055,0.00067701947292769,0.000357251180031251,0.000761242018616534,0.0940352191400748,0.0151054497809174,0.00110398337666203,0.0125871318899484,5.844239200876e-05,2.36526320664323e-05,2.29619884700384e-05,1.84061014897765e-06,7.44160455863218e-07,3.07087292818512e-06,0.030421635035079,0.000783450401635264,5.06245164130903e-06,0.000513356506894168,0.00565621709558543,0.00384072870103742,0.00374568703016623,0.00101958631714761,0.000193014707393496,0.000951371348474657,0.105217741824125,0.011183396844311,0.0017424851679251,0.00832477282040355,0
0.0484470166067842,0.0133829586496525,0.0123057387652091,0.00488020952971535,0.000794580890521091,0.00636940030698341,0.172174387990813,0.0347970586296319,0.00243321715932087,0.0388304725917049,0.00235318962582736,0.000178266550425128,0.000150690234618134,2.37946703164087e-05,6.34141800149777e-07,4.03990736699146e-05,0.0296390622457721,0.0012077553650329,5.93911061361796e-06,0.00151195185025906,0.0317808190625309,0.00455293782783809,0.00425874738111072,0.00146998321894933,0.00038702345792282,0.0031337577205123,0.13003437540648,0.0255864805601821,0.000858137235093207,0.0274189621261222,0.00468838993710977,0.000356471828229236,0.000301366857188592,4.74910913801e-05,1.26232961762062e-06,8.07593298313614e-05,0.0591348791765581,0.00241255187740374,1.18282144031863e-05,0.00301203335515206,0.0270709494508948,0.00622816565491965,0.00584813436755051,0.00206428378759336,0.000271017051929803,0.00302930608133311,0.100513104439307,0.0193315014472373,0.000933133078630433,0.0242609600106958,7
0.229222505247666,0.163432016419603,0.142389029773134,0.05999928915395,0.0135558296369887,0.0235066202167278,0.346519793378693,0.0856076637091904,0.110520945085958,0.0956287507709376,0.0525843836011448,0.0267036507986906,0.0203618008150564,0.00361740736826359,0.000184647005837394,0.000555024118181768,0.120101350985652,0.00732444246643147,0.012271383202815,0.00914481143066266,0.191017440185352,0.129751633266096,0.105124978305929,0.0488574529010762,0.0111886730704893,0.017154810801283,0.282009908251569,0.0673027545737221,0.0839125756456344,0.0747769985432685,0.104864121268352,0.053278893869553,0.0405345808610053,0.00719922297660514,0.000367474618641832,0.00110480929172989,0.239574523985033,0.0146163750574647,0.0244249055661618,0.0182439429056445,0.17526297422706,0.0999015735528167,0.0831909372752728,0.0447239357929158,0.0096484795800007,0.0177129595629501,0.204230388459259,0.0614515038200759,0.0742020702705818,0.0523916411894226,7
0.0868871282896757,0.135233249523446,0.0538603300981535,0.0266145929610761,0.00461995075611649,0.00815831373945752,0.24870799836949,0.0522833828822311,0.0677073569475233,0.0551654372279867,0.00742788855352604,0.018274810387795,0.00290840465072426,0.000711191177278864,2.14232312794381e-05,6.6891894301302e-05,0.0619713316124864,0.0027317663441007,0.00460260594912764,0.00303646879199658,0.0498568281972049,0.0859151820703934,0.0375118870479836,0.0201483918094868,0.00352879576228762,0.00556748958366763,0.198436240104315,0.0383454972777936,0.0432513441592074,0.0434399632554178,0.014940122056384,0.0364712782543262,0.00579469999604248,0.00141592371313509,4.2657908315264e-05,0.000133112740754908,0.12351680256545,0.00545161722962278,0.00916371799697921,0.00606447663972206,0.0742357519692086,0.129485479769234,0.0548472263117523,0.0281408033541572,0.00510869990267414,0.00637337553859193,0.220962806184245,0.038045178170644,0.0523305726475218,0.0409472535020247,7
0.013793422764252,0.008068742307351,0.00371429534317532,0.0018698488740685,0.000751796053832661,0.000707734586706429,0.147393933647316,0.0224691791391911,0.00320577588004212,0.0381276568020623,0.000190934102439824,6.53814068910603e-05,1.38561829976346e-05,3.41478038885024e-06,5.65647404875279e-07,5.02540651502593e-07,0.0218339857660411,0.000507331442175189,1.03208747979943e-05,0.00146057430410996,0.0105691139958572,0.00563943662404997,0.0026764460110092,0.00136956647819553,0.000476434100571549,0.000340145038021426,0.119635990860173,0.0181787969146248,0.00229625830509094,0.0289941180302402,0.000380214069334521,0.000130154980692858,2.75820248739372e-05,6.89401903653823e-06,1.1277386700219e-06,1.00091614930083e-06,0.0434476262263923,0.00100963402121303,2.05456398775266e-05,0.00290695264303197,0.00652038426002747,0.00894563681643003,0.00401283196067022,0.00203057924315483,0.000356611861413526,0.000260650501642702,0.0957990060476431,0.0125451087943821,0.00357331235763249,0.0248717948740558,0
0.00668522573027575,0.000442230135745079,0.000506699277066131,0.000105754400822546,0.000683542102395837,0.000235643792016008,0.0737040245526632,0.0162699939023276,0.000180046148654571,0.0243948722124121,4.48048165093708e-05,1.95751854214898e-07,2.57896796123516e-07,1.12026219883533e-08,4.69560998845278e-07,5.57801727988357e-08,0.00545711065761152,0.000265357496463379,3.25651910941535e-08,0.000597755080574311,0.00472801444524783,0.000304651100628995,0.00028745349619444,6.85057545071578e-05,0.000371391027788181,8.19397550062632e-05,0.0563544888508075,0.0133427114203007,0.000125743731720831,0.0198943260308512,8.92729460090602e-05,3.9032936550759e-07,5.12104528769664e-07,2.23302862841501e-08,9.31733453238713e-07,1.10746256554019e-07,0.0108620079805708,0.000528699854516856,6.48168612220051e-08,0.00118987020340849,0.00401022345847491,0.000489078053421608,0.000243111142411607,9.88440159617263e-05,0.000212865121628287,5.40407292178565e-05,0.0452763340976156,0.0105607490041802,0.000199024822893132,0.0181650719180463,8
0.0497493521806721,0.0684098981185876,0.0848049289185255,0.027482543841223,0.0042633876942626,0.0100096726556808,0.179802962298638,0.0570680411313891,0.0837198076105749,0.040531521019706,0.00248737282585953,0.0047033724462393,0.00722650269630536,0.000757432338124202,1.8241205260148e-05,0.000100609025107193,0.0324539066651819,0.0032720738948457,0.00702654000105559,0.00165066678345698,0.0384211056219276,0.0471684417825746,0.0546740573746219,0.0203859992332666,0.00271513506426265,0.00618055885190474,0.122241031228861,0.0434407756953369,0.0606226645412261,0.0320200515398305,0.00494990188494343,0.00935963777134761,0.0143810977655862,0.00150891271812271,3.63260021860569e-05,0.000200298931503055,0.0646199397211612,0.00651231396531077,0.0140000864548182,0.0032851969763877,0.0369059382257155,0.0511708788175718,0.0353485447723772,0.0158559907037817,0.00270025923239547,0.00556828637527559,0.0996554727977759,0.035190506735169,0.0493040077850639,0.0290043592547398,8
0.0242967739062966,0.00727803979101092,0.0338895838911308,0.00915042779573631,0.00161437346586486,0.00300687324916261,0.065620974701465,0.0283030731239983,0.042268747211638,0.0157690217696539,0.000592862898637335,5.30886251375423e-05,0.00115257108063851,8.23757232965678e-05,2.59248030421769e-06,9.0061885176185e-06,0.00429978718900778,0.000804993739607274,0.00177870327973403,0.000249587675539433,0.0179952874468575,0.00599565944067188,0.0190156805463381,0.00529477739517562,0.00114460895765865,0.00212341461672977,0.0513808945417417,0.019360163993412,0.0247312464906787,0.0114637778035269,0.00118020885405746,0.000105792180537272,0.00229504660037864,0.000165693727066993,5.185574835349e-06,1.80010633375436e-05,0.0085841753275748,0.0016020304451654,0.00355639957417621,0.000496911213389421,0.0135748163088574,0.00734313536473906,0.0196784065725054,0.0074753459055413,0.00170444520011873,0.00308079177344805,0.0741637302759683,0.0144605523944217,0.0353121529507826,0.00903065391270782,8
0.026263129744268,0.0384265601092171,0.0410119497520239,0.0116363664371186,0.000806522812306769,0.00666520135924829,0.234115117932354,0.0425666208120235,0.0661633597517779,0.0404828180634288,0.000692586468696664,0.00148230832784909,0.00168988805285811,0.000136064309886699,6.53653952807026e-07,4.46439441782266e-05,0.0550845596214083,0.00182101361886733,0.00439396979937444,0.00164705723996613,0.0203192210950943,0.0264442872406021,0.0293834243586034,0.00761511566965328,0.000429584409900386,0.00423774114169438,0.155409308109721,0.0306960845400401,0.0492172009441214,0.0285869626664765,0.00137887087624582,0.00295149694668741,0.00336341002282471,0.000270779896204395,1.3005293943367e-06,8.88447170250431e-05,0.109618238661107,0.00362380261376577,0.00874940931830187,0.0032776662759084,0.0201946946404794,0.0282700080531744,0.0267048474932431,0.00665552289096259,0.000254959318619551,0.00354955111706304,0.17490557784173,0.0370969119479524,0.0438191975376285,0.0259582338008314,0
0.010701496628978,0.00729943717897813,0.00437544364941523,0.000670341211510593,0.000637191902590697,0.000312277060810857,0.0361412118875169,0.015698656759983,0.0141580831553497,0.0128851744081577,0.000114241593069249,5.23564100709095e-05,1.88468796050622e-05,4.42043247826503e-07,4.07939763351365e-07,9.56690887993402e-08,0.0013126579233334,0.000247521064735321,0.000196925943206821,0.000166854465417164,0.00855742150802337,0.00522425492078761,0.00314071445514937,0.000479462731819411,0.000329276576150377,0.000224816492119934,0.027692538630155,0.0126626358580625,0.0102353586723433,0.010096890319466,0.000228190111658575,0.000105376061359873,3.78969326759374e-05,8.88129534137201e-07,8.07090800234711e-07,1.92707549200838e-07,0.00261220241523626,0.000492730774896796,0.000396392578010636,0.000332033845576513,0.0061278608860604,0.0082823999411949,0.00493168778118055,0.000676353318824526,0.000214470252453472,0.000355451494437453,0.0280124423399728,0.00889740092972618,0.0162191560279608,0.00813573173776331,0
0.0285130726732159,0.0577175109440814,0.110159383615293,0.0424935598428497,0.00797785030375771,0.00680098558290969,0.136261291742084,0.0900331616931029,0.172801413987933,0.0402820708814755,0.000816014614321684,0.00334699506870487,0.0121874916183486,0.00181322855873041,6.35851465613366e-05,4.64196915846656e-05,0.0186599757322397,0.00814522779524192,0.0299188903800652,0.0016296635693601,0.0224521452918065,0.0404887608736002,0.0774686384368651,0.0309850341783152,0.00469002271760903,0.00422652133551478,0.0971298498628072,0.0659134371565435,0.114009909836965,0.0282143411287856,0.00162488507329813,0.00666156833424766,0.0242611505375943,0.00360985023429617,0.000126913229817818,9.24346356761572e-05,0.0371337982750304,0.0162089127563514,0.0596278318441052,0.00324413085452306,0.0177179493354708,0.0301499876676261,0.0769391987728568,0.0242533405729998,0.00462724611318023,0.00426662668705959,0.0812336809356326,0.0504290088353524,0.111993495701807,0.0220249608256495,8
0.0285756157119579,0.0158116647720203,0.0542703377916004,0.025074737511695,0.00556013029355919,0.00733141973324183,0.143055247458622,0.0493757655059129,0.141997280423538,0.0465076689800987,0.000820337448218827,0.000250249069675146,0.00295570451486544,0.000630950373722717,3.06896633741775e-05,5.40040705391087e-05,0.0205568998659598,0.00244529106649266,0.0202018771143944,0.00217206219810182,0.0227625258777993,0.0102510333343975,0.0420075106362946,0.0175522245498042,0.00359936281531545,0.00587612807861352,0.107623092903264,0.0363785375080556,0.110906995062824,0.0342871980379018,0.00163279541111205,0.000498974780787895,0.00588594813406119,0.00125650728605694,6.14507985587668e-05,0.000107481762574198,0.0409170904182272,0.00487102389681653,0.0402631708862517,0.0043241001900794,0.0238896786262706,0.0147960643454479,0.0295742649675952,0.0144641055678004,0.00484308152462044,0.00582443793097654,0.101796089410844,0.0365769826268963,0.151267883340384,0.0265135406239734,8
0.012573493135328,0.00105903706551736,0.00454759816406737,0.00159363411119577,0.000633198860352989,0.000938807722587136,0.0395417331833846,0.0111503004152724,0.00969904908003821,0.012813807420112,0.000158885570583167,1.1202217043225e-06,2.00756589203458e-05,2.48791194460407e-06,4.02927484159373e-07,8.69889385222785e-07,0.00155651520239468,0.000124058464074719,9.1556325869599e-05,0.000165007651464754,0.00986924961684628,0.000726711627951995,0.00319261352016922,0.00114258465134882,0.000393391708595834,0.000667368788757839,0.032558657445926,0.00901837154435212,0.00634970496128408,0.00920693624975375,0.000316173278922779,2.23562138950669e-06,4.06532362685691e-05,5.01470806485387e-06,8.008743883175e-07,1.74688717790772e-06,0.00311226107910588,0.000247740430044924,0.000185167870496344,0.000328374453272783,0.0138888446339407,0.00106226933058036,0.00485220193581737,0.00179188390241572,0.000336555994106755,0.00106751515955304,0.0490245420868663,0.00707295296148745,0.00999168341172261,0.0112432349974158,0
0.0025834077412914,5.82437733298467e-05,0.000638256526621967,0.000247929839308463,0.000510794908717309,0.000327410532157074,0.00749585255112637,0.00923250466035152,0.000375807856753409,0.00511362999545595,6.68854495208723e-06,3.3420915893433e-09,4.0841471138058e-07,6.15184649456052e-08,2.62199612031982e-07,1.07724616261852e-07,5.61171240511724e-05,8.50282217350669e-05,1.37709185839732e-07,2.62389522760274e-05,0.00153799688997275,4.16519609906004e-05,0.000373106873265454,9.96373135687666e-05,0.000231538555631407,0.000126731915111173,0.00549718479623951,0.0072899805460042,0.000266871100290481,0.00399811749281958,1.33282283294756e-05,6.71768807200377e-09,8.1346739871436e-07,1.22404515797865e-07,5.2155943979771e-07,2.13235946369929e-07,0.000112018395465501,0.000169841948889701,2.78252103999501e-07,5.22564143059976e-05,0.00103214591537798,6.63776856261898e-05,0.000193224152195302,9.43657194134933e-05,0.000163272615010984,6.88951260798211e-05,0.00611599961651966,0.00603451765514465,0.000416946132664812,0.0027878640765551,0
0.0183159035515968,0.00877083923627979,0.0294896770138009,0.0153188111150438,0.000638438515283871,0.00282549650867473,0.117786795171635,0.0374603093507619,0.0884386759426757,0.0138342884736179,0.00033698394394878,7.73119684620368e-05,0.000869893556177248,0.000234794252940732,4.09597902939655e-07,7.963751126917e-06,0.0139191007487692,0.00140113561596042,0.00785935947786703,0.000192344887766918,0.0110263867309769,0.0042644626834716,0.0157517550959882,0.00837266668964183,0.000325563049500958,0.0012771927511727,0.0688604098988253,0.0257025021932747,0.0522250022760288,0.00965833685798412,0.000670770232320044,0.000153851559309469,0.0017351712084896,0.000468281227209815,8.14132498899484e-07,1.59052022465428e-05,0.0277225118340712,0.00279737734374233,0.0156400347893914,0.000382768140591421,0.0118255211627557,0.00562394347092782,0.0166647122500917,0.00667141703716639,0.000177732220913389,0.00139236766572171,0.0797187231749745,0.0224377703282915,0.0644014235413338,0.00652932745361123,8
0.0493058325818585,0.00415552235067379,0.0295206449753951,0.0146630237872079,0.000717617250157118,0.00269131425186885,0.0709675219408668,0.0538631604678068,0.0689275871361315,0.0357316316128038,0.00244324127331882,1.73545439652649e-05,0.000871514882471034,0.000215306631862844,5.17404258995204e-07,7.21297896041722e-06,0.00504799938133097,0.00290364431269598,0.00477317937854521,0.00128305548603835,0.0368331245286733,0.00257591269278329,0.0219525964876134,0.0101395157733334,0.000402487827513578,0.00156933994159089,0.0547793584600288,0.0437000575456406,0.0514770524670387,0.026626990286814,0.0048620844600079,3.45307118311654e-05,0.00173856397449035,0.000429230205933988,1.01935320827809e-06,1.44199495370712e-05,0.0100591449714971,0.00579013417117308,0.00950004745984509,0.00255338530687746,0.0361803816719014,0.00211727002289902,0.017275383891083,0.00965905307692276,0.000212418943922463,0.00135830287145187,0.0396690096070719,0.0479629643583017,0.0421577453099428,0.0221066534425545,8
0.0126907381000018,0.00013017733734942,0.00175765530801647,0.00101681661382649,0.000570514507923255,0.000214533242416784,0.0372575511452395,0.0172139421780558,0.00370740067927805,0.0128974204734953,0.000161646456948118,1.65684120029468e-08,3.10222441858102e-06,1.02167167481198e-06,3.27084712724207e-07,4.59737892464326e-08,0.0013950218088006,0.000296608144475283,1.37765747629875e-05,0.000166784552875829,0.00896684341954384,7.65594707862374e-05,0.00123099045297391,0.000714731720562596,0.000302941744439508,0.000160493682713999,0.0292134064571795,0.0138202006188476,0.00299501605748082,0.0106174197898842,0.000321890033618617,3.34307867333485e-08,6.17374580315499e-06,2.05034207570848e-06,6.50925838426302e-07,9.17667861852001e-08,0.00277600160772636,0.000591386995833214,2.74517611598449e-05,0.000332293954912146,0.0123090987100893,0.000123069020686906,0.00177063677860938,0.00109893686680421,0.000190592205635997,0.000242331644534555,0.0228910823774743,0.0134795389828257,0.00468939880820197,0.0102523463212037,0
0.00130069626733034,3.49716881940608e-06,0.000712264987278739,0.000240022667780538,0.000560541703778961,1.31628074689757e-05,0.0268555760041208,0.00802078578590504,0.000403815982011711,0.0108858242731931,1.68805767033648e-06,1.19453260512694e-11,5.09837118507556e-07,5.7805715853451e-08,3.15767760452598e-07,1.70076332088736e-10,0.000724812303895114,6.46283291612057e-05,1.61775242928981e-07,0.000118994484433595,0.00092092685177234,2.46717445829482e-06,0.000393798238860194,8.55984201363989e-05,0.000265037816628829,9.4965487287901e-06,0.0227900067065002,0.00648432350906988,0.000277729505936366,0.00866656420505365,3.37044298495142e-06,2.41157346510132e-11,1.01356398272349e-06,1.14859619375402e-07,6.27301313603561e-07,3.42482880383278e-10,0.00144237964780904,0.000128635296037706,3.24027712317948e-07,0.000236896874403994,0.00106134321873849,3.87682802216339e-06,0.000202579013025908,8.14905208047111e-05,0.00018605428210211,1.45971699961523e-05,0.0183901005491924,0.00452479323038864,0.000447942803952828,0.0087174230022961,0
0.0190480061116442,0.0136886829768556,0.0206597859934686,0.00896217377380266,0.00138803797702803,0.00283588087518646,0.0530402560343409,0.0417025753484218,0.103447822951002,0.0164172220099848,0.000364617128130974,0.000188251132183205,0.000428839347017283,8.07033591052427e-05,1.93585203534784e-06,8.07711274644656e-06,0.00282285689193585,0.00174059907079367,0.0107364176898364,0.000270565415906592,0.011060828259821,0.0068259417395322,0.0133005049457233,0.00470494256000264,0.000631421035782962,0.00139454280809646,0.0378776082073792,0.028815719881007,0.061403100987849,0.0117947705134975,0.000725563078889489,0.000374675571361422,0.000853508997579883,0.000160619808097077,3.85165996203048e-06,1.60785507205966e-05,0.00562176225024033,0.00347072231145884,0.021384108876117,0.000538717077548453,0.0103092960390702,0.00883709284804491,0.0109252980554316,0.00502276578985545,0.00047332349898429,0.00140534408653352,0.0325475441496202,0.0271528121783473,0.0525107056327432,0.010415707365076,8
0.0499877945286068,0.0175322214542649,0.0452359508865783,0.0197762700764429,0.00155579223755242,0.0043689515242766,0.0811172117551629,0.0558888479422293,0.0765818637615128,0.0254271028871009,0.00250955128540957,0.000308788574492891,0.00205586619396582,0.000393063873688467,2.43253433797951e-06,1.91810767859248e-05,0.00661103247400778,0.00313317727657669,0.00589112825132599,0.000648106698801631,0.0412313701912319,0.0110712522945905,0.0310755800608753,0.0117480972507285,0.00095656564179933,0.00251318890574379,0.0666035635904708,0.0376247438876287,0.0607821907663309,0.0193090795244795,0.00499556807194745,0.000614609890452726,0.00409185215156138,0.000782189379557415,4.84036967729386e-06,3.81710168873674e-05,0.0131576670548647,0.00624097606162543,0.0117264443702457,0.00129135004144868,0.0325321313053956,0.00918998261730773,0.0338217365066042,0.012803909200346,0.000618279646340622,0.00195801483780282,0.0527551021577238,0.0360990003263183,0.0633515462545148,0.0152768530379197,8
0.025112797452031,0.00474019820093648,0.00381343626269166,0.000613767180817832,0.000622504701400357,0.000193885286176824,0.0493736221291317,0.00924877310533423,0.019540273317532,0.0147987897738163,0.000629651770886157,2.25613402044667e-05,1.43999583705025e-05,3.70495916694331e-07,3.89428735855562e-07,3.72268773736123e-08,0.00244457699213707,8.59567316622927e-05,0.000378041703755857,0.000218042279276132,0.0195108317321808,0.00318583114918628,0.00273286841850013,0.00040084151869539,0.000329266306384289,9.01043571195238e-05,0.0363390811820357,0.00735678148881496,0.0122101439661926,0.0110534891437205,0.00125715435897216,4.49142569580251e-05,2.88690418892946e-05,7.45034861931904e-07,7.74810601750098e-07,7.46310820312854e-08,0.00487010741704826,0.000171063943829873,0.000757958349923216,0.000435920120523024,0.0209619913639813,0.00376729723438697,0.00427768038397049,0.000628237099045579,0.000186939559878521,0.000137116570334773,0.0268857756732815,0.00594256176364736,0.0109897115915967,0.0112621838085196,8
0.00458846558141283,0.000333157412627962,0.000695248892525668,0.000232969386604099,0.000396201486370863,3.28040870042561e-06,0.0228019194432963,0.00878579484839566,0.00106356221014005,0.0131448220201865,2.0881091792961e-05,1.10086312845503e-07,4.85302076714259e-07,5.4511631619737e-08,1.5774235627182e-07,1.08079133249609e-11,0.000522447720331942,7.74115465352276e-05,1.10627596188265e-06,0.000173538656045708,0.00362983838311388,0.000216864669051789,0.000423912813015479,7.80734081054724e-05,0.000156051607247443,2.30149440436296e-06,0.019277262899465,0.00698292964597506,0.000739185178042767,0.0101516272303144,4.18305885169582e-05,2.20259143608662e-07,9.59195087706437e-07,1.08237930212133e-07,3.11400101811932e-07,2.15142896134083e-11,0.00103975949877964,0.000154214679673328,2.23167875193913e-06,0.000345440636502908,0.00468524394956632,0.000272281804405516,0.000213860212280466,3.74157285328271e-05,9.85718457350755e-05,3.64973270674481e-06,0.0101312101523035,0.00671269273603174,0.00116151669319073,0.00825877757809995,0
0.00905759362710072,0.00333122938093582,0.0213971871576597,0.0074076291142728,0.000609369242016616,0.00177271970633415,0.0384535474205718,0.027519568674122,0.0520878211314655,0.0102754306024974,8.24488590144141e-05,1.1152627903562e-05,0.000459421557259546,5.5110648852716e-05,3.73193077363643e-07,3.15705053796293e-06,0.00148564206039805,0.000760572220246608,0.00272667841929877,0.000105883585499365,0.00482347479432109,0.00111358765293737,0.00906985378253355,0.00282486918485881,0.000314944197412002,0.000656162573697319,0.0283281385903927,0.0183321303109961,0.0279838492116831,0.00757158404474652,0.000164056482728946,2.21899331748484e-05,0.000914963382808607,0.000109705871563647,7.35873559051795e-07,6.28371390024834e-06,0.0029568219857822,0.00151408274943616,0.00542590886389269,0.000210936845872045,0.00449581362750601,0.00135157857434819,0.0124424158777298,0.00375398208357984,0.000181846315773567,0.000774525705823946,0.0198833927197944,0.0146434919046217,0.0240720212075006,0.00635963297174849,8
0.030278893331816,0.0313890189313672,0.0363878280839181,0.0200346732782988,0.00233971972004031,0.00352188111422203,0.0663156087904199,0.0539038295065711,0.114501609524426,0.0221137548679736,0.000920790304810715,0.000990052579256353,0.00133065962664196,0.000403404970163356,5.50097884185724e-06,1.24639049283298e-05,0.00441652656363029,0.00291770142271105,0.0131695818266365,0.000490810614671795,0.0225558091263626,0.0218912930349952,0.0285428276650413,0.0142215792018002,0.00139708694706867,0.00281494708000846,0.054221824256337,0.0434488777388162,0.0856865172742656,0.0177655942017316,0.00183299323174722,0.00197036053875587,0.00264806256638037,0.000802775149737523,1.09474096235367e-05,2.48017441929509e-05,0.00879195867131704,0.00580873553919089,0.026214343024605,0.000977270241490035,0.0224812524371625,0.0184203310699469,0.0241187005457925,0.0141994305525681,0.00100235577710646,0.00239509875207223,0.0383866159751087,0.0309046499074625,0.0828862060201278,0.0190720800897132,8
0.0355333782250655,0.00388475364693345,0.010893564168379,0.00226048240989111,0.000492152522217503,0.000765057864667761,0.0304579392088977,0.0192238946124082,0.0268159844299775,0.0119935572185516,0.00126895905681145,1.50121874578087e-05,0.00011820146571478,5.09841652167665e-06,2.42097726119515e-07,5.80008335956102e-07,0.000928248187824845,0.000371067309644072,0.00071444012895931,0.000144473971391447,0.0279522744807343,0.00266506301697212,0.0078517472391191,0.00161700056574967,0.000273656626322896,0.000506110349710884,0.0197530879539439,0.0141232672050528,0.0177890366282001,0.00903208800643901,0.00252523487852562,3.00279460291844e-05,0.000236279721956332,1.01825452000359e-05,4.78809356448977e-07,1.16209209919808e-06,0.00185129198543806,0.00073877000861998,0.00142996465345406,0.000287567440470109,0.0282505158715381,0.00428155329505458,0.0125124306335827,0.00259729770674216,0.000195720081607698,0.000532708009155493,0.0212373071902352,0.0163573075946622,0.0273624320049875,0.00908760752755229,8
0.00968293545695051,0.000197506266938975,0.00101080035285116,0.000136389943860433,0.000564006539406288,0.000514928009659598,0.00982124239094575,0.00645583433612724,0.000886991492005899,0.00597158694293056,9.31703779023161e-05,3.85451009377804e-08,1.02072171408834e-06,1.842781743211e-08,3.19564196281777e-07,2.6628238751512e-07,9.6865077023103e-05,4.18742187469882e-05,7.85338373479737e-07,3.58216704564212e-05,0.00770416162819724,0.000135962379208088,0.000667084010680675,9.37320341497708e-05,0.000270475535958213,0.00027536532182949,0.00797963368685027,0.00517662974473394,0.000622753888638986,0.00472900549426228,0.000186463735402586,7.73599464791072e-08,2.03688280367739e-06,3.69372496466844e-08,6.34923496491977e-07,5.23135468838131e-07,0.00019283592720353,8.32806524164045e-05,1.56805548936407e-06,7.12939302899048e-05,0.0104132911523274,0.000218607088839661,0.000738766699839309,0.000151045315141497,0.000168119240827813,0.000146918915735003,0.00565363470499414,0.00414074242991061,0.000952646877610387,0.00456004459779878,0
0.013307055098037,0.00305242260360796,0.0155807171418355,0.00653567031865177,0.000460877851256753,0.000592730850765145,0.0214642247427275,0.0190122468271901,0.0316651156260563,0.00777382325951422,0.000177879053536218,9.36127089183344e-06,0.000243944161578339,4.28952869859851e-05,2.13428809576061e-07,3.5308372392492e-07,0.000459430339874317,0.000363118716482176,0.00100657154927482,6.07071256072021e-05,0.0106860666082855,0.000743087469059329,0.00552946604087705,0.00238005934013465,0.000194906507128877,0.000290288099970263,0.0133330593563505,0.0114988473213708,0.0119298610648875,0.00622513620145494,0.000354059057559698,1.86310536805487e-05,0.000485444889048714,8.53884470010101e-05,4.24770050700977e-07,7.02257671419771e-07,0.000917821779398305,0.000722764350554797,0.00200407727412595,0.000120835162327208,0.00833931371094358,0.00115038839387166,0.00766392287763829,0.00354840802147672,0.000127777659369752,0.000211995099690549,0.0114799961853033,0.00995809689003202,0.0135499884059883,0.00478656109970767,8
0.0317465648125536,0.0112075531655306,0.0386489638257964,0.0228028676541348,0.00340067733901378,0.00589884410451012,0.0516348744999616,0.0594754389208047,0.0619184296683789,0.017071428083901,0.00101224190554346,0.000126236059789766,0.00150123026935744,0.000522445331950555,1.1622718306322e-05,3.49668914297496e-05,0.00267769490711191,0.00355478715623717,0.0038523282467083,0.000292883270675494,0.0262154105010801,0.00867981710305372,0.0308649935063805,0.0185768324694678,0.00251615405995287,0.00384037044431656,0.038355284780918,0.0477852878835478,0.0500622814793998,0.0131883359344547,0.0020150242215402,0.000251213939006003,0.00298745463046978,0.00103980371739277,2.312732777371e-05,6.95883860409486e-05,0.00532941056853784,0.00707393196999091,0.0076669552016656,0.000582847344831023,0.0218914908149576,0.00576244403746755,0.020492042086619,0.0188177769267652,0.00219608458500485,0.00419773085097758,0.0233065226086892,0.0430443630480725,0.0417469874840576,0.00968846315619348,8
0.0244099843048474,0.00224129871436679,0.0106696812074386,0.00335753905416962,0.000639235238215526,0.00061915999649711,0.0255787323015454,0.0227299684321736,0.0226457674738786,0.0154225846745044,0.000598333143750548,5.04172556311655e-06,0.000114345948691362,1.12981291721005e-05,4.10642216211354e-07,3.81163089508029e-07,0.000657335419729147,0.00051924569458899,0.000515154179857865,0.000239035314339993,0.017083555823487,0.00149484616419622,0.00809705128894106,0.00242103177182808,0.000433853463822335,0.000400647099720422,0.0185255164240396,0.0174556465952502,0.0181225643384089,0.0126698383446916,0.00119115597058819,1.00382801749361e-05,0.000227616315907457,2.25140397975924e-05,8.15707526056643e-07,7.62614745427444e-07,0.00130829665583001,0.00103328978121448,0.00102538766374002,0.000475658520559688,0.0143727964192863,0.00162050900182854,0.0123582132979631,0.00370875943308286,0.000520709070789821,0.000477173497854718,0.0134078492778646,0.0237783357803037,0.0201092645091781,0.0106896018083982,8
0.0140661322961565,0.000173668920465019,0.000904494361877835,0.000366214261870074,0.000714348304235516,4.80729168328717e-06,0.00695945216778328,0.00657216153522548,0.00421611952645724,0.0059878920999658,0.00019873947693067,2.92208938645471e-08,8.18504156611084e-07,1.34680132262753e-07,5.12840038194503e-07,2.30902053996938e-11,4.85846748365593e-05,4.33743620697774e-05,1.7766736953937e-05,3.60112679393838e-05,0.0114442338827388,0.000142470572360344,0.000585899273138081,0.000201405669591992,0.000429945616252886,2.88946852681158e-06,0.00547010272101721,0.00530767897978324,0.00312989737098021,0.00464969448874949,0.000395595782256773,5.92355608318919e-08,1.63204114987085e-06,2.68117718031323e-07,1.01612686630874e-06,4.608210997479e-11,9.67416719505728e-05,8.63480114368254e-05,3.54527883686895e-05,7.16796366837222e-05,0.00752896508103655,0.000192976807841658,0.000718442242276131,0.000176620890345524,0.00027170708141365,4.46597052565138e-06,0.00429988534730249,0.00343658608419206,0.0047534676485666,0.00443114118885441,0
0.00480467220491348,1.43354274115977e-05,0.00115792063018228,0.000232168493288657,0.000463991163264503,1.65283064673953e-07,0.00915580480004537,0.00732439488387437,0.0064678042085426,0.00408931455630564,2.3163919521727e-05,2.04347739939933e-10,1.33283054567975e-06,5.41642063033971e-08,2.16358852799786e-07,2.74157518288926e-14,8.41163831220439e-05,5.38806193752035e-05,4.15339714074195e-05,1.68054167859321e-05,0.00346830651911399,1.04114918584017e-05,0.000295491170856949,7.42375811735446e-05,0.00020507068162745,1.18166880710918e-07,0.00752552176212812,0.00614991438679092,0.00086257905118682,0.00320976604262709,4.61306888064414e-05,4.08821716694198e-10,2.6653279164587e-06,1.07526807744167e-07,4.3056466452714e-07,5.45954490524857e-14,0.000167521955529377,0.000107254668907285,8.31163841807409e-05,3.34374192471481e-05,0.00329069318820717,1.58781301766038e-05,0.000309556234832998,4.13940159668782e-05,0.000130331451234532,1.82860884504529e-07,0.00469626357564298,0.00356130273889808,0.00142499173736338,0.00279234003750758,0
0.0217980734188635,0.0315211907496141,0.0300016297395451,0.0121985381949553,0.000497293710294417,0.001747522246627,0.040330068066036,0.0368054315158962,0.0913171861491985,0.0126501948730815,0.000477534725711166,0.00099557592304838,0.000904360601255265,0.000149435744541528,2.48543532271309e-07,3.06888330088989e-06,0.00163315503277568,0.00136092233470998,0.00837407953120845,0.000160809361940861,0.0172140965871437,0.0168615742738624,0.0181187864192155,0.0057414865463095,0.000215285429196997,0.000969066276361213,0.0306299434004002,0.0288716302153375,0.0722430041715662,0.00986359216271983,0.000950243934916867,0.00198418285879863,0.00179993035532665,0.000297491934454942,4.94305253553093e-07,6.10709000695969e-06,0.00325127704827948,0.00270875129739483,0.0166706518061977,0.000320030628262673,0.0149249539185484,0.0186219613919615,0.017437699706686,0.00606390293487217,0.000152022385873853,0.000726319863452232,0.0185676021021473,0.0254550329928261,0.0570544506958975,0.00678234113873998,8
0.0324179737140068,0.065535806697898,0.0192495006689632,0.00498223323808852,0.000463596649288978,0.000761425044423609,0.122124997045424,0.0310856639378863,0.0437443282840316,0.0221756581389028,0.00105577144185243,0.00431332218769818,0.000371925297520845,2.48167459206285e-05,2.16000890129088e-07,5.82564383100021e-07,0.014989437134134,0.000970115413931484,0.00191629827061639,0.000494217789926986,0.0233571710772192,0.0502094499728455,0.0160290428049656,0.00365154319789467,0.000198410170503444,0.000416179700396983,0.0880888480302272,0.0230402614238691,0.0341251089037871,0.0183894256223653,0.00210138070011342,0.00858666663124182,0.000740608347813801,4.95114121904641e-05,4.29842342092893e-07,1.15917408050127e-06,0.0298289396576007,0.00193158122613982,0.00382026468519824,0.000983496079722609,0.0207189295641183,0.0629478914623535,0.0191998247138339,0.00543820375876988,0.000127296832419191,0.000260747592745213,0.0805768468792241,0.0253713439558064,0.0331234591183589,0.0151877641390434,8
0.00495618681830803,0.0220476068807196,0.00254668542600134,0.000320984888903087,0.000676139114877842,4.28801852600627e-05,0.0258485945048769,0.010112245716608,0.00552019010787468,0.0114171332570396,2.44256392719503e-05,0.000488539447834797,6.43017886292718e-06,1.03176891649973e-07,4.59428693660274e-07,1.81091702101293e-09,0.000670522590504782,0.00010223406585436,3.02360608409579e-05,0.000130916122480456,0.00346877654722777,0.016009334515063,0.00188708076348353,0.000230226061364595,0.000385458319676232,3.13397136584731e-05,0.0201902301524212,0.00804754365078061,0.00407245300373242,0.00907105566785388,4.88636544639092e-05,0.000972167397976949,1.28834547194959e-05,2.05686233576703e-07,9.13991637745557e-07,3.64054472789363e-09,0.00133531964310777,0.000203964020329369,6.05564057007628e-05,0.000260611590216366,0.00453640563496789,0.0250487717804341,0.00276480187514065,0.000353139435323439,0.00021597419639656,4.82649029763805e-05,0.0179327117951618,0.00724076612282206,0.0062117622197387,0.00632359887900989,0
0.000398616201350557,0.0013489599888776,0.000703215761386279,0.000231467603387774,0.000806258680012779,0.000224819903756852,0.00491982431199112,0.00819239014843506,0.0003171960516114,0.00978446208826051,1.59082098981816e-07,1.82758179618004e-06,4.96703603158258e-07,5.38459654180037e-08,6.53318070290139e-07,5.07895877240941e-08,2.4324720400682e-05,6.7085348651535e-05,1.00838840604869e-07,9.56466335238039e-05,0.00023152258622738,0.000942851006162365,0.000410751648320033,6.88167271451856e-05,0.000475253053530386,3.67197453297945e-05,0.00402552063502151,0.00666386255046898,0.000227691646753784,0.00814076156340125,3.17179350921408e-07,3.63810479699207e-06,9.75667103915047e-07,1.06869376758108e-07,1.29766566237435e-06,1.00781489801294e-07,4.84074927215832e-05,0.000133829792452075,2.00941914068152e-07,0.000190897887174654,0.000284473992724662,0.00146273368422204,0.000202708128353134,4.07043673631512e-05,0.000251271044808518,3.77679556951663e-05,0.00286174760292055,0.00501206276592466,0.000350689849026848,0.00479907107622452,0
0.0236257296046141,0.062192255043782,0.0353105974645558,0.0105399686997897,0.00235813792143423,0.00445697480854347,0.0571706853541222,0.0360197210669715,0.0881349062225394,0.0205654682947655,0.000560899988806078,0.00388593955163446,0.00125207699109101,0.000111629210763367,5.58765771549284e-06,1.99610298775402e-05,0.00328293121691187,0.00130112556294461,0.00779853973303343,0.000424787881856586,0.0150860916130046,0.0403539412580295,0.0241172058787084,0.00598268439365325,0.00115433228987307,0.00249878669230334,0.0419240925495505,0.0253670467163982,0.0577201644557689,0.0155538707804712,0.0011162637490848,0.00773437246223038,0.00249261040458969,0.000222152302829785,1.11142486787031e-05,3.97258065459961e-05,0.0065348954658159,0.00259203787359606,0.0155272592569759,0.000845580299513274,0.0154221080788846,0.0452534250299437,0.026092681637849,0.00651651315535481,0.00111564569749186,0.00202474784944214,0.0378312757876482,0.0190734138729035,0.0473021815216354,0.0115151977302828,8
0.0355651342248574,0.0271573019689611,0.00729741777704789,0.00189425277036074,0.000573761239740557,0.000394884091497162,0.0686780213005826,0.0286990579377779,0.0434029660094773,0.0272325268550022,0.00127122147467527,0.000739800480272226,5.25269529798472e-05,3.58944435028584e-06,3.30550613906001e-07,1.52652411798433e-07,0.0047361809866092,0.000823580460624771,0.00188636922660236,0.000745269734657524,0.0261774705408835,0.0148316872933873,0.00520497470805718,0.00127016117761354,0.000374969736834726,0.000243341090493063,0.0502593870870678,0.0191822455054577,0.0307728414034318,0.018953792728288,0.00252973616480864,0.00147362015000463,0.000105507178684178,7.15852826251105e-06,6.56819639059401e-07,3.0780066023689e-07,0.00942873179870937,0.00164303150429971,0.00376069790173835,0.00148314681519407,0.0175142289556762,0.0213000369169175,0.00759996046598437,0.00151806182513456,0.000427948830992767,0.000290352998394429,0.0414543518094969,0.017503302435092,0.0300874249737752,0.017966874396438,8
0.011579043261915,0.000172320390753173,0.000809290517640522,8.5562698448692e-05,0.000723833647119252,2.30055103857562e-05,0.0208949531815475,0.00842966470292097,0.00501378090001484,0.0124786798631556,0.000134675365491773,2.96519044117835e-08,6.57437162349462e-07,7.26002723062557e-09,5.26564613062145e-07,5.25009816684856e-10,0.00043877495580557,7.14127093398431e-05,2.52196163202097e-05,0.000156339654658671,0.00902272295685206,0.000114754718331508,0.000523955848334708,5.7217214111722e-05,0.000422701653069344,1.67247429294778e-05,0.0153418939471685,0.006777565704106,0.00365142678054818,0.0100279452905165,0.000268075735872521,5.91960099952566e-08,1.30689021491022e-06,1.45443516880347e-08,1.0467740953865e-06,1.05161864809006e-09,0.00087299795920002,0.000142114683514353,5.02290745259355e-05,0.000311253952801751,0.00997847815971351,0.000184623105437932,0.000562595058467574,9.24297865418353e-05,0.000217638587444497,2.55079024057361e-05,0.0133737498314683,0.00615223639181474,0.00581911954293998,0.006878393677817,0
0.00255881599348197,8.11443822283213e-06,0.000511375821343163,0.000507888104393319,0.000683070915281335,0.000229824856309796,0.0106794064945778,0.00801670638717124,0.000395055263513333,0.0100985814323447,6.55400895008774e-06,6.49184577515128e-11,2.62789129143425e-07,2.59194219261362e-07,4.68828007641232e-07,5.30717014899416e-08,0.000114439041214616,6.45813107102201e-05,1.5599762683875e-07,0.00010245544532235,0.00183689467131906,5.606580810074e-06,0.000235639570669789,0.000257843276280518,0.000395401691280496,5.12705854388702e-05,0.00905034884747613,0.00645206138602373,0.00024235747232399,0.00813023789629745,1.30624665842416e-05,1.30436354253061e-10,5.22686476058305e-07,5.15571751948475e-07,9.30574786349237e-07,1.05349628726775e-07,0.00022791476721026,0.000128525886390093,3.1107823295861e-07,0.00020392451433419,0.00142824117089267,8.98821439783798e-06,0.000154262006173263,0.000163963629882365,0.000189254242573654,3.57552207385115e-05,0.00779823407349554,0.00517551197240596,0.000363332706828252,0.00579112519370331,0
0.0182857977308404,0.0188459868965595,0.0371420394559847,0.0111328347216931,0.00218087460048557,0.00284425606435749,0.0451058967821418,0.0370163439723409,0.0458867543281752,0.0159836593054124,0.000336045792397395,0.000356223361102839,0.00138566752520696,0.000124102718279887,4.77768604524287e-06,8.12414657040134e-06,0.00204452274415502,0.00137692721971644,0.00211613203813825,0.00025672381819375,0.0106676867194036,0.00589380822322569,0.0192300851096271,0.00508291245813361,0.00102813981112339,0.00134101742331299,0.0305916759673217,0.0242964988225608,0.0266713124074533,0.0126633352593554,0.000668644768401767,0.00070960758703578,0.00275826052430873,0.000247392998660882,9.50999761558255e-06,1.61719638883821e-05,0.00406871284811976,0.00274007203395691,0.0042109825037918,0.000510913978269266,0.0116524218628219,0.00806093468190503,0.0191690131429157,0.00491244882970107,0.0010969080996646,0.00129133043909557,0.0237078558427148,0.0197912556454255,0.0236105497235704,0.00896661478472982,8
0.026455792158841,0.0216642234739484,0.0382828030292787,0.0124274250528754,0.00175210097789495,0.00408127497292355,0.0620782592616416,0.0406138466316077,0.0495460393371876,0.0220458286806807,0.000702107636080324,0.000470787211343842,0.00147125046133452,0.000154689097530693,3.08297901870451e-06,1.67237751443512e-05,0.0038701973234297,0.00165619102318271,0.00246629754884903,0.000487953002109783,0.0210416111968879,0.0166890094155912,0.0317487752708145,0.0102886855010035,0.000823252341693506,0.00295023030072116,0.0498571145485493,0.0307990100720065,0.0398035223647305,0.0175253663323944,0.00139831109819767,0.000937707281803141,0.00292944300430566,0.000308355981411002,6.13742145647244e-06,3.32848218311024e-05,0.00770386207541546,0.0032973811640079,0.00490837073135047,0.000971410574468709,0.0194030005203104,0.0186802244005185,0.0301855763640616,0.011650906584334,0.000653447773305062,0.00203906309462583,0.0402146282588256,0.0227623609057196,0.0328059926911838,0.0140591488328019,8
0.0182003948833617,0.00226261584507412,0.00777995729158769,0.00242427774407631,0.000650388300853569,0.00035854106742538,0.037766680758221,0.0112397202307107,0.0147803387240718,0.0137072083293686,0.000332405334811766,5.13732013691424e-06,6.06776849939877e-05,5.9033626641698e-06,4.25130591490812e-07,1.27282087811984e-07,0.00142465143822371,0.000125922602577776,0.000219264103014531,0.000188645746655637,0.0137050765954622,0.00157962582799653,0.0057354242584482,0.00173845095884974,0.000344585720927095,0.00023129750304921,0.0285975624010922,0.00871944584216919,0.011663469890977,0.0106451555791037,0.000661997615187829,1.02307533749674e-05,0.000120891202540302,1.17506062505993e-05,8.45104576744661e-07,2.54903644789623e-07,0.00284383887082978,0.000251623787825476,0.000436604429422725,0.000375589980284019,0.0125819092221225,0.00251355462003027,0.00881140600728652,0.00269827529267978,0.000234538757529509,0.000317075751214592,0.0218319982275438,0.0071794158865598,0.0154679093252704,0.00921738521880995,8
0.00768359103931379,0.000124720866148198,0.000682853940617016,0.000339198775797334,0.000499205002031856,0.000397057782733558,0.0290622107060282,0.00760484899991576,0.00117576305246452,0.012268631826892,5.90909125023722e-05,1.55569838035546e-08,4.68591735189598e-07,1.15591282143619e-07,2.50449336610466e-07,1.58424701189057e-07,0.000847440636824692,5.78432333915019e-05,1.36213069259576e-06,0.000150959624026938,0.00486612095214437,8.58235526988334e-05,0.000435611102886978,0.000152339805749033,0.000214814396489197,0.000155924134461322,0.0219175753537667,0.00620060114885697,0.000816333704307359,0.00933516668361504,0.000117832816619321,3.10336293542146e-08,9.32115357356536e-07,2.28894119529257e-07,4.9809707395174e-07,3.15034123855709e-07,0.00168777022040181,0.000115386460979664,2.7358623463162e-06,0.000300681223179205,0.00469278972948641,0.000137950729418752,0.000500735082976183,0.000160959609964567,0.000154006528737632,9.91283519875852e-05,0.023279470735933,0.00408562891271887,0.00119384322912967,0.00942438811996716,0
0.0014388688863005,0.000231491839661972,0.000629678007104309,0.000338792742482705,0.00060459160702477,5.16337389162407e-05,0.0166732072003518,0.00888578571392901,6.57563027673821e-05,0.0128476927929725,2.07887180421825e-06,5.38556812964674e-08,3.98399657324102e-07,1.15336840897767e-07,3.67314357138815e-07,2.67562253598138e-09,0.000278860020915256,7.92829582996839e-05,4.23849640962577e-09,0.000165884872049581,0.000685971217258583,6.88749704455717e-05,0.000282873008701023,0.00015420384638914,0.00029581884850706,2.86806009992879e-05,0.013264230098152,0.00703346828623358,4.74152537205467e-05,0.00998181826666029,4.13873380833224e-06,1.06901089309535e-07,7.88097937200284e-07,2.28433620022388e-07,7.30679542980271e-07,5.32771652073913e-09,0.000555460941781749,0.000157813694088253,8.54116001490755e-09,0.000330075373225529,0.000540851571358332,3.80205170912468e-05,0.000178425476946796,0.00011091531706748,0.000186366517208526,3.57113256357844e-05,0.0133386403914708,0.00608362408593599,7.35184931594124e-05,0.0088516238669252,8
0.00460439056572325,4.84820998196279e-06,0.00065116304358925,0.000453889155515897,0.000404416674830775,1.90270893988613e-06,0.00921799217435859,0.00844599627733005,0.00760804294337328,0.0117054648246048,2.12742844803283e-05,2.31634391389971e-11,4.25998230052207e-07,2.07046772418354e-07,1.64267771716542e-07,3.62960598659713e-12,8.5314641330494e-05,7.16921513123267e-05,5.81706450486745e-05,0.000137412938259889,0.00298849904114591,3.39840320758754e-06,0.000342323054680169,0.00019023751568489,0.000158429493082607,1.36785660120783e-06,0.0072241228566527,0.00665479450520206,0.00418547653325025,0.00941865445150608,4.2355365638605e-05,4.65523300467433e-11,8.46973493197438e-07,4.12025487546251e-07,3.26690840297414e-07,7.23154366639304e-12,0.000169799223609336,0.000142659734401383,0.000115759884490015,0.000273703705885102,0.00252838148204409,5.43008265921805e-06,0.000203144986184217,0.00012498022272931,9.48495459807197e-05,2.11016126887872e-06,0.00597734588978605,0.00449660944971657,0.00311889026407114,0.00649883161065972,8
0.0364674566160411,0.00928064443720636,0.0293919031448224,0.00213897478917688,0.000677929182956221,0.000231064591260937,0.0353527691367674,0.0269187851183361,0.040877091894319,0.0198517338184778,0.00133325544347744,8.65381098629923e-05,0.00086811179108071,4.5981908784274e-06,4.61870901141599e-07,5.36563493968271e-08,0.00125575330819123,0.000728060077324124,0.00167763077201554,0.0003945440556037,0.0198804313479336,0.00469466414629074,0.0161655235269188,0.00102419172432951,0.000362681580817322,6.175960319254e-05,0.0253738412442304,0.0195262189101299,0.0257462351275978,0.0151917476064562,0.0026564620738239,0.000172232185739356,0.00172765488660061,9.14827438480545e-06,9.18887114936773e-07,1.06501066489331e-07,0.00249923259486264,0.00144902786317996,0.0033401786420231,0.000786662665904294,0.0216154999240104,0.00426186081155516,0.0182694810783657,0.000717172028626374,0.000237234111413045,3.6411007580959e-05,0.025142005480224,0.022245056329784,0.0253625292170399,0.0129214410462474,8
0.0163752680658681,0.00215669853969016,0.00268198207815934,0.000309858835472636,0.000559758592463989,0.000322163290454558,0.0127616101576222,0.0140679688837394,0.0109725422670636,0.0121041520527351,0.000267342954470091,4.65268352538743e-06,7.12562803494234e-06,9.649141956417e-08,3.1488362597514e-07,1.04293758921965e-07,0.000163617947619349,0.000198029136513762,0.000119664755917069,0.000146971182352845,0.0122382684369836,0.00162157705798388,0.00214482809477329,0.000195375156239551,0.000268502477954904,0.000121300995102794,0.00983920684442489,0.0108509702373962,0.00834831152946735,0.00941258391734955,0.000534127482459779,9.28067779171232e-06,1.42820654933451e-05,1.91789293075298e-07,6.22218349140164e-07,2.07561475778482e-07,0.00032565357032779,0.000394904077515963,0.000239462399356802,0.000292736675091679,0.0161678835418139,0.00254689406033701,0.00316738588575881,0.000235850799143195,0.000169432603422786,6.94791912355222e-05,0.0115840454215344,0.0107852501412731,0.0130540171737378,0.00807411724359085,0
0.0233409401571018,0.000154265866256234,0.000809128975816054,0.000398749157844883,0.000547623683783483,1.62895597670216e-05,0.00924516896019268,0.0131753118102738,0.000932470278538237,0.00841159869298212,0.000546398795845921,2.38362603835436e-08,6.57702705005152e-07,1.59799570875117e-07,3.01397951962804e-07,2.61345989314933e-10,8.5852369498538e-05,0.000173679510083187,8.65884402319483e-07,7.11105394345316e-05,0.0191155730696839,0.000106488437108659,0.000497783731320302,0.00014533001881593,0.000263619113777602,1.19042236161216e-05,0.00705577706626734,0.0108791829861627,0.000653413736998624,0.00631783448288565,0.00108820491679142,4.75136406594139e-08,1.30801829804749e-06,3.17734709610317e-07,5.98708744820699e-07,5.25385748937889e-10,0.000170891992301086,0.000346324494568107,1.73102294609045e-06,0.000141505468578702,0.0113010452423209,0.000170667179128839,0.000233719854628929,9.76034806146311e-05,0.000180034770476266,1.8439871853549e-05,0.00566835369890385,0.00769920017661331,0.000964686922438624,0.00505475454461463,9
0.0251850094693934,0.113347650553476,0.0153061081442218,0.00391707591187881,0.00173111063861923,0.00105145832596659,0.0544443133532775,0.0747682812700134,0.0551978732653382,0.0176637128014746,0.000636126019175134,0.0128674408940646,0.000234407510154079,1.5406190794404e-05,2.98156070393549e-06,1.09914012155415e-06,0.00297476223923272,0.00561789875831653,0.00305666022832196,0.000311864461666348,0.0150742234807481,0.0685115093892717,0.00869334446436137,0.00168806696234292,0.000615841008168412,0.000371563085045919,0.0388727429580886,0.0464348612298079,0.0329802380865093,0.013047014663239,0.00126717364980636,0.0256436162707027,0.000467464551133783,3.06726428353252e-05,5.96326523094578e-06,2.19911827670805e-06,0.00592399364973191,0.0111783375726718,0.00608808666425163,0.000622309296406106,0.0138942321597091,0.0624053542591565,0.00732926801306412,0.00173740879586556,0.000556422765432157,0.000360100528030257,0.0323811474453537,0.0364726395912856,0.0228801634309852,0.0107152618189426,9
0.0574535026577264,0.191336138416389,0.0284918306389673,0.0103606739635639,0.00432938364072499,0.00334962628444881,0.0473440807499965,0.248863857641787,0.101830087426032,0.0326136072533159,0.00331700988419355,0.0367130092623279,0.000813653054560991,0.000107882140363368,1.88160583563796e-05,1.12712688003207e-05,0.00225100781307968,0.0622185075552051,0.0104101089577955,0.00106763638214075,0.0467077222972329,0.142607241126422,0.0236089224414508,0.00732737123847881,0.00245786345131487,0.00219338768438209,0.0348746785943562,0.198497180427286,0.0669756119525179,0.0266615970362548,0.0066012365876514,0.0731380277126639,0.0016212935620697,0.00021468600202732,3.74625288116546e-05,2.24342517032239e-05,0.00448096450575792,0.123840530707913,0.0207274148763998,0.00212588392893897,0.0471303940662454,0.149911643709512,0.028408266094128,0.00645944218276182,0.00223322239162237,0.00177511684683065,0.0263386133060478,0.197105228725731,0.0651566082820881,0.0300399118796404,9
0.00656957953982852,0.0127633803630403,0.00357067319413045,0.000849396699951767,0.000664836277906265,0.000315330810419112,0.0235779745841611,0.0353495252695993,0.00647553642003633,0.0108127025671545,4.26895845892697e-05,0.000158983677201486,1.26163180065675e-05,7.04966644178502e-07,4.43593557927086e-07,9.86210523489709e-08,0.000558618813108153,0.00123545797567939,4.11406552692562e-05,0.000117484413875049,0.00513860392708203,0.00911010284075275,0.00263244496712501,0.000608649401011179,0.00039298794887895,0.000180463099224697,0.0194089202111552,0.0281135215942868,0.00467598404426708,0.00819612208026294,8.56236676233562e-05,0.00032109097234999,2.53027067502625e-05,1.4229143788201e-06,8.83382866342905e-07,1.97299510230858e-07,0.00111173756128576,0.00247882121746154,8.28669458691542e-05,0.000233806524873539,0.00593651937648651,0.0141275097297395,0.00390795156293503,0.000946335092265342,0.000195605734335839,0.000239880620020108,0.0102814354876526,0.0214054327625229,0.00718002759652622,0.00624345265609006,0
0.00194477405423164,0.00071617242859941,0.000571799100984342,0.000506759636808182,0.000685507018311449,1.42681322514591e-05,0.0248549261180471,0.0251044678571651,0.000338219471268627,0.00967708576540712,3.78902147484708e-06,5.0741635456181e-07,3.28296123957024e-07,2.58084293060489e-07,4.72213095076042e-07,2.0129568796791e-10,0.000620836076036953,0.000632101911094604,1.13293432506605e-07,9.40710008585694e-05,0.00131152330518993,0.000528832263978086,0.00031554130152728,0.000236745920391849,0.000395289314428044,1.03662328861276e-05,0.0200317667135922,0.0203047055561279,0.000245580661398725,0.00779273012328163,7.54541564106213e-06,1.0177767438422e-06,6.51351230381785e-07,5.11107547849301e-07,9.37294984016231e-07,4.03862677024111e-10,0.0012354622948371,0.00125916399477406,2.27115460820688e-07,0.000187246277463655,0.000840674918897922,0.000716297259602362,0.000297560887164727,0.000154559902557729,0.000222370498998011,1.58233915128408e-05,0.0108864943099143,0.0141294487339643,0.000374541007122166,0.00572304806068621,0
0.0200621705623158,0.109927880152684,0.0182233640146503,0.00484059692341942,0.0023309287785453,0.00226027122515118,0.0547086121395886,0.0738349489991958,0.0588490556262956,0.0406453741715692,0.000404067350682339,0.0120168764661265,0.000333271228151525,2.34729718058786e-05,5.4363800638057e-06,5.11804929210994e-06,0.00300094385080072,0.00547163292485307,0.00348052801527408,0.00164869929188761,0.0123932983640849,0.0699433521619881,0.0104085179783387,0.0026860384309003,0.00102449657389657,0.00101078951875539,0.0400827121356758,0.0502137003871975,0.0385899863114021,0.02389021834429,0.000804537681495245,0.0240390038743302,0.000663693978013277,4.67865201346134e-05,1.08416409871466e-05,1.01986428042005e-05,0.00597876075222767,0.010895770378653,0.00692571620081098,0.00329245206010675,0.0109838167351682,0.0482067577866668,0.00838697177208648,0.00244862778335251,0.000817325258399583,0.000992477958286333,0.0335625475544564,0.0440479845539164,0.0415557553816303,0.0166875918414606,9
0.0318869930308858,0.164203454659608,0.0482715901320044,0.00947679322962514,0.00253943018283826,0.00260855650397173,0.0713498838309164,0.120540023771695,0.100040465875463,0.065718285970161,0.00101922538641663,0.0269548802738935,0.0023418269294545,9.01377494270041e-05,6.45122628855368e-06,6.81628043223571e-06,0.00510477462591271,0.0145895554909255,0.0100583685994125,0.00432479500900214,0.0271813744089335,0.107441217265198,0.0334887804123044,0.00634797764178969,0.00189667275288,0.00199264017446768,0.0530754020134468,0.0927996901647574,0.0703552682156399,0.0516546242114219,0.00203086092204146,0.0537828794878701,0.00466025539530382,0.000179495762131654,1.2867601342248e-05,1.35867630416563e-05,0.010170052569684,0.0290464997938624,0.020016170696958,0.00862193112347405,0.0323044403276178,0.127203295036334,0.0267434614316269,0.00684076748899972,0.00205304622523202,0.00228323596553625,0.0391653542255951,0.0922267963188025,0.0790558377091545,0.0458707787254148,9
0.0067457719871677,0.00388600859542319,0.00553794174781993,0.000480734944093289,0.000374921199958547,0.000210318215925448,0.0252236095373789,0.0316740872217043,0.00280687257878401,0.0151892117774575,4.50434559220465e-05,1.47866764126087e-05,3.01566948011344e-05,2.28436095015652e-07,1.40783945232861e-07,4.40180932673305e-08,0.000639071126399608,0.00100821112321526,7.89936151569961e-06,0.000231752729456919,0.00489117020847933,0.00284817789029085,0.00400580333082813,0.000327530678758523,0.000215173556953357,0.000152417974455021,0.0205751703705466,0.0256539743082757,0.00213739962319249,0.0119622846663583,9.03236771439876e-05,2.98137493356733e-05,6.06729299615307e-05,4.58179427674315e-07,2.79637535666789e-07,8.80297624498269e-08,0.00127207336587545,0.00200641786527099,1.57382623145328e-05,0.000461273847644314,0.00599240940155097,0.00436312598937682,0.0062906076578014,0.000464506855210809,0.000216786229569353,0.000232487343960984,0.0116458799273439,0.0216868676955781,0.00339779073736374,0.014414295610957,0
0.002554825149981,0.000215258023883459,0.000625586145821171,0.00023340722722447,0.000712930974581421,0.000322115468852535,0.0241610688420124,0.0205783506209519,0.000208965226927991,0.0125077456544986,6.52719009376604e-06,4.5958281325317e-08,3.91002386565216e-07,5.47469584646267e-08,5.10803095133052e-07,1.04279758927341e-07,0.000585757948345128,0.00042558309992637,4.33901231176675e-08,0.000157129457131993,0.00162049467688865,0.000156299290547802,0.000371141213767458,7.4027721395946e-05,0.000388290590473942,0.00012585160057287,0.0197578840747868,0.0161886854118746,0.00014334479105477,0.0101163298711674,1.30172360694445e-05,9.20627697682256e-08,7.80087881964901e-07,1.08683360497641e-07,1.00642842496279e-06,2.06411807533473e-07,0.00116658611895923,0.000846918190706406,8.68378286827084e-08,0.000312786294961361,0.000914725910685888,0.000238298369904188,0.00040732999144609,4.79718796197244e-05,0.000215116773083494,6.68186512003544e-05,0.0143239299483255,0.0136254890296425,0.000231303880453054,0.0068775611628503,0
0.0106823279135005,0.0677837439160201,0.00741244195605646,0.000372406344974861,0.00051539989107928,0.000229440049565613,0.0266665716897028,0.0453865940870848,0.0397075784183267,0.0203939558103819,0.000114684451380784,0.00461543499062092,5.5219582020196e-05,1.39137872900274e-07,2.66937969945918e-07,5.29067644667794e-08,0.000714209943389588,0.00207007490671326,0.00158459835716687,0.000417724031739108,0.00714056893185695,0.0405918485621719,0.00290807196412471,0.000129636153910373,0.000243405324384565,5.57114215752179e-05,0.0207607584986866,0.0323406138466324,0.0231196647052287,0.0124541826852543,0.000228215177979583,0.00918630998869445,0.000109878101904076,2.769747389728e-07,5.30986373700237e-07,1.05001706057759e-07,0.00142173515346059,0.00411953508547614,0.00315303915386024,0.000831540153505586,0.00522306855877589,0.0324722396198776,0.00298205632624075,9.00450638457585e-05,0.000147450442566155,3.68033904716529e-05,0.0137678388924563,0.0212886362716047,0.0189016388115819,0.00832450407919519,9
0.0333423548435218,0.12544790201584,0.0127830137225511,0.00340615398196825,0.000670542024375923,0.00183112903245668,0.0564431644447216,0.123354904315783,0.0748614466494586,0.0644206876828781,0.00111719903108944,0.0158153683460188,0.000164208035002607,1.16601383984791e-05,4.51885500228074e-07,3.36979271413193e-06,0.00320168950996828,0.0152907716851786,0.00563234551831618,0.00417077482129403,0.0198988850790045,0.0900206040059825,0.00860946388597215,0.0018469606730052,0.000351660091238754,0.0010730287162498,0.0418927344369033,0.0870178090082371,0.0563038962432621,0.0471950890515438,0.00222332504153852,0.0314734272859382,0.000326792065844723,2.32030433968083e-05,8.98878059792438e-07,6.70564127493131e-06,0.00637146044599721,0.0304307488202635,0.011208410971253,0.00829989976345832,0.0201515767762409,0.0693002996901863,0.00803108142169355,0.0015821037718061,0.000206009617521337,0.000827099277499162,0.0312241611419426,0.0719810231119726,0.0582868067279624,0.0370606496945637,9
0.00568441195276085,0.0177744085245466,0.000959208997294555,0.000265486606498013,0.000657424900704614,0.000101913063878297,0.0250951948272479,0.0298235879212291,0.00623725109695906,0.0136433846517522,3.2436309173972e-05,0.00031726188955603,9.11383233780412e-07,7.03474389285874e-08,4.34367179648144e-07,1.03508316409741e-08,0.000632644569480043,0.00089049933055014,3.90936428635383e-05,0.000187074372927515,0.00423523872704836,0.0126719905654168,0.000648917770915448,0.000121191572407734,0.000353404381066605,7.41993304709825e-05,0.0201113673110351,0.0242323942206093,0.00480143461713773,0.0111681189861455,6.45683783197323e-05,0.000631587902426421,1.82397333422473e-06,1.40192182249402e-07,8.63133980349876e-07,2.06848784800963e-08,0.00125919394180004,0.0017753491173696,7.78007500106579e-05,0.000372268918294044,0.00506354601108962,0.0200624003740758,0.000806209762790153,0.000137680780722467,0.000197590054580157,0.000113352703176097,0.0151240848721324,0.0148918817348943,0.00731412144689655,0.0106792096341994,0
0.00404686468466199,0.00104035295991987,0.000517709651937913,0.000327485881283132,0.000559887198775684,0.000231066792413586,0.0266877566982936,0.0210665955541565,0.000603157227136326,0.0104596890117731,1.64375168499222e-05,1.08412105967519e-06,2.69341518205838e-07,1.07783858639088e-07,3.1504786295412e-07,5.36550773004084e-08,0.000715521661315914,0.000446016775876119,3.64740547161881e-07,0.0001099512534112,0.00275768325559216,0.000717994000526019,0.000256077875710262,0.000127702482378987,0.000279152353735458,6.44379842136969e-05,0.0214574963834914,0.0166986309833338,0.000400828497477472,0.00826590167627773,3.27128710007136e-05,2.16097097124198e-06,5.35729863209622e-07,2.1449193896472e-07,6.26946298102532e-07,1.06503457289008e-07,0.00142417000866235,0.000887583876684298,7.26309008352508e-07,0.000218806479222109,0.00231069360348799,0.00115052762708454,0.000153727147490885,6.65358040655252e-05,0.000159835781374009,3.61971542658078e-05,0.0134381520443961,0.0119753182240645,0.000516353618648404,0.00600503865819346,0
0.011224362888363,0.062539874675963,0.00703939566335029,0.000582964744868102,0.000401864342205161,0.000289266455549754,0.025714250415206,0.0485198618065832,0.0374281674050204,0.0283899956364594,0.000125699862959602,0.00390779124353175,4.92671990050416e-05,3.39141301491504e-07,1.62306276109043e-07,8.39478414529752e-08,0.000664285359248083,0.00236132240630406,0.00140525087488568,0.000798601764256618,0.0067445216820285,0.0315147427237821,0.00270143731552941,0.000207536503909056,0.000165969315663161,8.1173715292647e-05,0.0209072083539445,0.0305953209406073,0.0176138524161361,0.013326618445933,0.000251054433578407,0.00779888050314737,9.8563564938558e-05,6.75056685936361e-07,3.22729306892346e-07,1.66368880295629e-07,0.00132218464922703,0.00470289077815183,0.00279895594152507,0.00160054348027595,0.00593559768131635,0.0296051478707587,0.00291760775549706,0.00017882285104607,0.000100420302289289,5.8220270526849e-05,0.0173167550301224,0.027587040754541,0.0187730609931034,0.0111377747779559,9
0.0267578813803883,0.151840352329621,0.0150465710596148,0.00060161749445872,0.000642498089726513,0.000816970553329461,0.0324670916455639,0.0860945600682687,0.0657195977135072,0.0529358613535957,0.000719422996870499,0.0231696931758795,0.000226811082898737,3.61249121331709e-07,4.14873873957621e-07,6.70693940271655e-07,0.00105933020962704,0.00744905199019949,0.00433848439463296,0.00280980865921639,0.0189809396250338,0.110746882478368,0.00977779938294412,0.000358884326830747,0.000339565146914733,0.000434376100197527,0.0255009711121218,0.0653794667783614,0.0482883831413078,0.0392323606636756,0.00143180888205246,0.0461085039046204,0.000452074964518968,7.21177110220295e-07,8.24541830651212e-07,1.33274259374195e-06,0.00210812662211541,0.0148222998092385,0.00863553736281434,0.00559792827334653,0.0187620774152211,0.105583536061404,0.00841627487503901,0.000338514256616716,0.000205135707618257,0.000273046881582848,0.0217618735912424,0.0483898621158932,0.0400760367252121,0.0450654797624276,9
0.00714637287774438,0.0246938473908542,0.00106418631889073,3.94342732151287e-05,0.000564369705885796,0.000231627084451593,0.025419638437142,0.032418219694551,0.00553450224190462,0.0100184164866703,5.11048982437603e-05,0.000602397927388617,1.12249446051269e-06,1.55688035077944e-09,3.20112677113875e-07,5.39188058956811e-08,0.000649403090479744,0.00104660343605991,3.07779180060785e-05,0.000100600500043745,0.0057171719506537,0.0184509643984339,0.000735283553468516,2.74073179317901e-05,0.000275583935360797,7.12507393171151e-05,0.0207244978179875,0.025766400057062,0.00443164205079546,0.00838869956971654,0.000101919104124609,0.00120917044407909,2.24487322090758e-06,3.10407345339488e-09,6.3702502043351e-07,1.07022937174976e-07,0.00129223703841974,0.00209229519552921,6.12529062463654e-05,0.000200445535056297,0.00666663555965019,0.0290826926075061,0.000872280262958444,4.39497218493258e-05,0.000179255718935665,3.94878804421802e-05,0.0162962195859189,0.0215979381231926,0.00643047878645743,0.006550358463817,9
0.00334688143281253,0.00162386345033131,0.000615130531096973,2.17693659358963e-06,0.000461751217541428,3.61163387836059e-05,0.0221801907355709,0.0256947786374928,0.00239399922535966,0.0125021558644115,1.1257616405779e-05,2.570558929216e-06,3.80264430040897e-07,4.72121401784456e-12,2.14277815615066e-07,1.30740381264133e-09,0.000494429073734,0.000660427794307678,5.75978813347123e-06,0.000156992891762994,0.00233383607846375,0.00116179135830934,0.000333531056374243,1.49320676057298e-06,0.000211051201068294,2.45451326685984e-05,0.0178070052288668,0.0212698617896376,0.00154704478527856,0.00991178366299385,2.2401864315526e-05,5.19440679934166e-06,7.54178344342992e-07,9.43643793252989e-12,4.25312109296529e-07,2.60514176044958e-09,0.000983812227317617,0.00131733952132435,1.14621137118044e-05,0.000312504517744761,0.00175731943052959,0.00178051489594668,0.000184442348583932,2.40900540378469e-06,0.000122951613512097,2.97933354118382e-05,0.0134578573346288,0.0135015696241633,0.00107847874192194,0.00795419480198388,0
0.00588174002723298,0.0591559601215435,0.000898383773447951,0.000231340652437305,0.00056104664114228,1.96672913750925e-06,0.018590990865545,0.0257136494629713,0.0256214273007232,0.0107368854615486,3.47487640040887e-05,0.00351482561573123,8.11089938112617e-07,5.378682065234e-08,3.16282123087334e-07,3.77281880575147e-12,0.000346789970816778,0.000662244609378315,0.0006592101953413,0.000115672765775836,0.00411479308078369,0.0221551476164763,0.000482718238188413,6.72810775358658e-05,0.000286050713454835,1.39901257410829e-06,0.0152904089103681,0.0207167094267301,0.0112003026196512,0.00844419813716749,6.916693973412e-05,0.00699598590854612,1.60756556567207e-06,1.06761150451424e-07,6.28360368421703e-07,7.62197599287497e-12,0.000690600678786041,0.00131997904871128,0.00131234096943921,0.000230369050211694,0.00344452216490183,0.0296093816496844,0.000249758912091744,3.55036393165504e-05,0.0001811039408237,2.18539198746257e-06,0.0101369665979623,0.0117413284965837,0.011335535676637,0.00596243884751102,9
0.0459326717867599,0.220567024392811,0.0275180383144531,0.0110368405928176,0.00277925550264116,0.00340374671955844,0.043185775727274,0.165943314289611,0.0971475844557027,0.0746776007170325,0.00211856736814233,0.048819197426846,0.000758839673971579,0.000122212016412023,7.76147764779947e-06,1.16373267058979e-05,0.00187275900314881,0.0275169695578565,0.00946852781941652,0.00559839928949388,0.0350623302047371,0.170665440259838,0.0210475498056601,0.00706021451200952,0.00168254284421449,0.00206826901891081,0.0342876107975152,0.124351117623831,0.0789916917057061,0.0532178016819314,0.00421777574352839,0.0972249135150306,0.00151226655390423,0.000243410652689302,1.54422822675498e-05,2.31625607872856e-05,0.00372840638812629,0.0549165496287693,0.0188588204160629,0.0111471299064959,0.037717294616902,0.177233124290783,0.0204806644169282,0.00555893550062532,0.00160320529809155,0.0017693104821764,0.0262504074268894,0.116900624047284,0.0760475814902263,0.0389703371160043,9
0.0468830169231959,0.09838573843186,0.0131728079598499,0.00391016675949259,0.000721243426565884,0.000645157034724278,0.0373021249694159,0.0763762181810893,0.0518082227108081,0.0339387895864032,0.00220905827141984,0.00964736983712219,0.000172372503296494,1.51914206121552e-05,5.21017800735776e-07,4.13092353516466e-07,0.00139812925219941,0.0057733693056138,0.00267796498933655,0.00115236365968418,0.037845634666321,0.0776745699372231,0.00818779927044319,0.00295318180672933,0.000470050895226981,0.000485795250563182,0.0290934331176254,0.0493259464705926,0.0360528821268261,0.0260369085546638,0.00439602766711048,0.0192788863706945,0.000345031553643878,3.0404642325712e-05,1.03840324421318e-06,8.27253736398846e-07,0.00278256463254919,0.0115775444169537,0.00534865741513866,0.00229843804196647,0.0407312614179327,0.117298126990614,0.0123431179355155,0.00457215492433424,0.000405781568654997,0.000772395412299497,0.019186155197923,0.063412242118984,0.0525841152515275,0.0376453490547209,9
0.0118221426088771,0.0082143985438759,0.000699097492723544,0.000473283578474975,0.000634671037132779,4.48865242118461e-05,0.0302234177095311,0.0223338888345585,0.00312680330768661,0.011140272913878,0.000139593787729736,6.66421928219011e-05,4.88880706739542e-07,2.23130786784215e-07,4.04733391812998e-07,1.97300764801089e-09,0.000917501826975281,0.0004963540172753,9.68559208535053e-06,0.000124702123658183,0.00946374483953278,0.00567840788698473,0.000443618391557073,0.000273227005791587,0.000311504711921401,3.14758573666821e-05,0.024046840204217,0.0171771131876208,0.00208393967254771,0.0087564965195756,0.000278643418647764,0.000133783508898669,9.75172134176097e-07,4.45747833502194e-07,8.04396922742571e-07,3.97792304976034e-09,0.00182635550728201,0.000992672935367543,1.9413636419718e-05,0.000248177089169582,0.0108899761454288,0.00912414675438514,0.000465819687050165,0.000261914614623412,0.000204650394267629,4.97817364228172e-05,0.0151900735874115,0.01424556694656,0.00337276224004712,0.00561126031679544,0
0.0560373455828601,0.000614835990067849,0.00064233912272716,0.000324796342786196,0.000458480340302593,2.29055255953146e-06,0.027779917782872,0.0287429320702809,0.000153699352662932,0.0108941021093085,0.00312448433635354,3.73924041548119e-07,4.14670229828139e-07,1.05969685551883e-07,2.11229807244715e-07,5.11937624089669e-12,0.000775348855087015,0.000822303650711648,2.33050791758684e-08,0.000119277103433563,0.0365911753418081,0.000423360116153936,0.000327484285751253,0.000121021432091845,0.000200094670405349,1.62344491940845e-06,0.0238366696552359,0.0219531484806755,0.000106139969040425,0.00829810490901424,0.00624892608617904,7.50071277553376e-07,8.25194097498017e-07,2.0974832123171e-07,4.19260696518887e-07,1.03403996216908e-11,0.00154287174269506,0.00164434669887589,4.68114361516973e-08,0.000237330235033057,0.0347550635506056,0.000479624266537002,0.000194238319230293,7.15262186996698e-05,0.000130409505752458,2.54128256172041e-06,0.0155375261060461,0.017144733417072,0.000170274875488805,0.00584732055447148,9
0.0875324243321235,0.203864782922463,0.0661562926202087,0.0228442033626017,0.00592192724219546,0.00652263912691315,0.0710682888726211,0.158052408069835,0.078999907035973,0.0862504503069009,0.00761565324703671,0.0417689430586229,0.00437055095402842,0.000520095530261666,3.52272872632041e-05,4.27494353752935e-05,0.00507501850418957,0.0250170998276032,0.00627131090367078,0.00746342948241922,0.0751578499140529,0.152736405646958,0.0450329184260537,0.0151594891121387,0.00365917058818655,0.00419272217108998,0.0507057749862709,0.123559664225898,0.0563220285863276,0.0585757081392526,0.0152391228696743,0.083120796147094,0.00872535233323806,0.00103934928750375,7.01187773895089e-05,8.50804972388372e-05,0.0101000545386313,0.049871690025215,0.0124809086431863,0.0148652378001714,0.0779544697443096,0.15222294139122,0.0358509669645132,0.0161881145691718,0.00444118190687795,0.00536958495759982,0.0419750844155346,0.12177116168866,0.0533106720607757,0.0488594888208077,9
0.0408239393126416,0.171748579480285,0.0639775798580582,0.0179912492067931,0.00133072317070833,0.0013617320930186,0.0409941200028436,0.132859397037186,0.070495184073077,0.0549743456668091,0.00165077753018845,0.0296360455359745,0.0040827773226032,0.000321224868522791,1.76350152711015e-06,1.8547337255604e-06,0.00168661555442836,0.017675175097971,0.00499108337457999,0.00302257151331099,0.0329775419921246,0.135990164350226,0.0457879125669139,0.0129715097694887,0.000866520947821764,0.000856659040432915,0.0308944374950157,0.0977305248360523,0.0554277141921852,0.0402902770063859,0.00330910944424219,0.0589851485951851,0.00815549372458131,0.000643301351162398,3.52491256016322e-06,3.69962962391788e-06,0.00335869948772249,0.0352384167347514,0.00993563297754353,0.00602958789799015,0.0347667227529542,0.165244738675696,0.0546970362599146,0.0198878286040205,0.00123064523320435,0.00128980720298825,0.0193158830081444,0.135175098907542,0.0531161088679157,0.0586560783622262,9
0.070617612570266,0.0161851856976121,0.00269431454770944,0.00108932257520245,0.000559467718258573,0.000237923649086626,0.0321541400159532,0.033559822826861,0.00822626993389687,0.0111655566865802,0.00500564321046,0.000258479920943825,7.2363268226764e-06,1.18737049762198e-06,3.14544872220978e-07,5.68896426403397e-08,0.00103793370910384,0.00112959352577511,6.74416052219371e-05,0.000125237272244482,0.0576722087951449,0.011743562832959,0.00204649338582294,0.000739815857572854,0.000298573639900535,9.00174035889095e-05,0.026375999825402,0.0261858138360948,0.00625212806154998,0.00883880721880412,0.00996734908101532,0.000519142274036468,1.4459213056506e-05,2.36797664023622e-06,6.25976165714796e-07,1.12923877436036e-07,0.0020665641556194,0.00225019104903838,0.000134763427249184,0.000249279502365381,0.0533663789259229,0.0175058194839453,0.00276207459574829,0.00119350338304421,0.000160928708856709,7.71340398581666e-05,0.0158956397006871,0.0251225592567947,0.00905173455995063,0.00504327341711022,0
0.0395466339455535,0.00114471539646376,0.000669608361619432,0.000458091658761038,0.000516890811405651,5.94493809832411e-06,0.0317292088049535,0.0248442420110167,0.00294312737339704,0.0114815110922246,0.00156724672017604,1.30790138289726e-06,4.50622532965013e-07,2.10862036780963e-07,2.6849256213799e-07,3.55119130507049e-11,0.00101120548100416,0.000620308512677892,8.67763077279092e-06,0.00013248599826011,0.0324162907754131,0.000727258674955981,0.000365090287951083,0.000202039284099201,0.000258601446986492,4.22284712077641e-06,0.0249136199675677,0.019140491758619,0.00124340499472282,0.00884149356871321,0.00312320535872461,2.61170124778696e-06,8.96256644410105e-07,4.19655533599455e-07,5.34090734725217e-07,7.06743599546684e-11,0.00201286121558998,0.00123443296372432,1.7295584285812e-05,0.000263648664978503,0.0226129366844772,0.00092565951754567,0.000238577673340615,0.00012123421041173,0.000154109558414247,6.58893484919547e-06,0.0169169555362714,0.019181562727489,0.00109669701459301,0.00635881230036831,0
0.0469133599371424,0.149052360384803,0.0344009111240746,0.0146354933874854,0.00437714964407815,0.00694661666625259,0.0602079027926307,0.208702210173829,0.0757606234928344,0.0814479287081502,0.00221130495330878,0.0223205994223539,0.00118318469419594,0.000214826911944979,1.92530750561492e-05,4.84956871333234e-05,0.00363590558990656,0.043724410705493,0.00576430590581222,0.00664757501804996,0.0365128301160813,0.12149644001108,0.0255118841710624,0.0104202000928829,0.00288184731857109,0.00415331333725182,0.0473938448889061,0.153365036376104,0.06250913243429,0.0636044565959893,0.00440109010467268,0.0444253344456003,0.00236067290836183,0.000427949833924445,3.83162222766206e-05,9.65074553797355e-05,0.00724255624791987,0.0870622118842335,0.0114751348448151,0.0132481004807314,0.0413381361059585,0.0780475367276116,0.0157474497753304,0.013317546346406,0.00344840428039285,0.00475242220600843,0.0326896741131406,0.14791441331592,0.0505470695830523,0.0530104574934307,9
0.0186938154329745,0.0899702068606811,0.0225315271817425,0.00464356092596418,0.000740367248931267,0.000359427528393242,0.0336186160150198,0.0710712467627191,0.0417980774235987,0.0335093727568253,0.000349406675656207,0.00812971526466228,0.00050507419710654,2.12908997672972e-05,5.48906409321172e-07,1.27862505486157e-07,0.00112890769865316,0.00503755485649865,0.00175043567823713,0.00111443035103002,0.0148382432809338,0.0619726069842102,0.0164722749351569,0.00338553072517056,0.000534615149914981,0.000273221140840841,0.0266192883506295,0.0570208506461564,0.0277837260438795,0.0263824908109473,0.00069711625955385,0.0161837022568118,0.00101021450549382,4.274658762363e-05,1.0942947980299e-06,2.56410038247261e-07,0.00225347371468536,0.0100634717381584,0.00348875152976727,0.00223173586524181,0.0142153375235348,0.0626023024250378,0.0228112210759765,0.0053692386116063,0.00077266727328003,0.000423271402470809,0.0168647347076991,0.0724071259735437,0.0281852139592753,0.0392758286319645,9
0.00800905563101238,0.00249626661998928,0.00163112885610693,0.00044722722716214,0.000710917019935144,2.35123320213334e-05,0.0268452550518883,0.0144219655534322,0.00100807811549652,0.0103604134238534,6.43383497742835e-05,6.1335331680999e-06,2.6275394140476e-06,1.98989601650337e-07,5.07766712735862e-07,5.45067205162228e-10,0.000723642998618928,0.000206205627792716,1.02059905415973e-06,0.000106434611470015,0.00589550041850416,0.00165586825964775,0.00119090699161005,0.000290941663855725,0.000403230753063255,1.70314324349715e-05,0.0210630840342155,0.0116432200903882,0.000656077877038002,0.00836523845197243,0.000128152164224321,1.2333990143741e-05,5.27412480292846e-06,3.96941821167358e-07,1.00075625831281e-06,1.09515807078424e-09,0.00144069124486842,0.000413161032381443,2.03111870638353e-06,0.000213237466578859,0.00468359064864902,0.00267397235268087,0.00158554994286585,0.000354437310492115,0.000216783737147521,2.60506733297756e-05,0.0128767108163504,0.00854491941862607,0.000915428944652115,0.00540732694723779,0
0.0115513128843182,0.000116517633229647,0.000675832186021908,0.000324930366924318,0.000710510733854328,0.000230726804288229,0.0235768880944589,0.0131491940365559,4.59653540733634e-05,0.00948960222089077,0.000133936618624416,1.33633059778098e-08,4.58892825600304e-07,1.06082631906386e-07,5.07136708770025e-07,5.34996019373813e-08,0.00055821500106991,0.000172031888997258,2.11662639558676e-09,8.98668880901761e-05,0.00920096068120901,8.07862790675782e-05,0.000363685138596767,0.000137980813884902,0.000432974707527137,5.86098179459348e-05,0.0193597603299071,0.0103138244795779,3.17379897626199e-05,0.00793850743320438,0.000266673911687678,2.68725660033762e-08,9.10548727461897e-07,2.10012553315734e-07,1.00836296844791e-06,1.06194432121513e-07,0.00111129094149455,0.000344072935025342,4.21873201525479e-09,0.000179460941597849,0.00637543484783908,0.000129148249936913,0.00020381486235771,9.08039368301494e-05,0.000213904878572797,3.67803633659915e-05,0.0123056713885852,0.00979598395270746,5.08411982235166e-05,0.00462542091012832,0
0.0231838633257014,0.141326253022798,0.0213801192878639,0.00207858052640709,0.00422540395916255,0.00483979395660424,0.0274593439586401,0.0773349486497763,0.0640299602342335,0.033120302046266,0.000539228524483723,0.0200726698781053,0.000458583944873553,4.34112715742101e-06,1.79264555905231e-05,2.35050054882982e-05,0.000757353593733238,0.00600144389008821,0.00410970183776562,0.00110222566743604,0.0178047911630457,0.115410694031314,0.0158440781405948,0.00124746415976148,0.00173254468401213,0.00197261157243084,0.0224831941675034,0.0600422512668002,0.0508239374375968,0.0250855034558671,0.00107401597548731,0.0399444031263606,0.000913372273008237,8.63991825221586e-06,3.56889427903296e-05,4.68093410533541e-05,0.00150755095690968,0.0119521035027055,0.00818891796760749,0.00219366318076006,0.013402774456117,0.080394079691048,0.0143650025046652,0.00100359498549127,0.00179415125655081,0.00215819246475605,0.015046704434081,0.0348325435689587,0.032847425816989,0.0219462367987044,9
0.0209784397228301,0.105466138420183,0.00912888992476723,0.000385371622700595,0.00140652232897502,0.00169695928974012,0.0295231947960957,0.0816349300338399,0.0454929476336379,0.0160168339421172,0.000440007495071821,0.0111781484561103,8.3025186792743e-05,1.48601596967348e-07,1.97120679567219e-06,2.8584970544154e-06,0.000875464639579243,0.00665694258185975,0.002076032370653,0.000257784159689956,0.017430309290265,0.0724959796987341,0.00544985168603434,0.000259252278119162,0.00100629934810389,0.00121408891869449,0.0232941109076393,0.0688809187312541,0.0347620603977447,0.0131320733430385,0.000877818904952843,0.0222452965318197,0.000165946287375078,2.96126160949915e-07,3.93659850373416e-06,5.72382769104829e-06,0.00174268640167861,0.0132874910097732,0.00413520241566553,0.000513001321528335,0.0172001287699266,0.0736498149916486,0.00649370010316885,0.000359103745093197,0.00134752345098373,0.00183481062226057,0.0160039979136867,0.0595972010308209,0.0250406173109285,0.0132272352018387,9
0.00780968381042466,0.0118099279532328,0.000714856919178898,0.000236819333886194,0.000684346286424301,9.9988916545293e-05,0.0258166865043552,0.037345301422891,0.00817537459473689,0.0106502680753253,6.0959291704802e-05,0.00013727523590433,5.11469276256689e-07,5.63614932850354e-08,4.70681851905879e-07,1.00480230379194e-08,0.000669780897397909,0.0013892690913206,6.57571856636803e-05,0.000113883526401284,0.00580734850610166,0.00851331503541769,0.000434263388423941,7.8239464944241e-05,0.000361427741873851,7.04765222739797e-05,0.0208618758405289,0.029780779225683,0.0060080074874509,0.00845988257294312,0.000121621308271702,0.00027606233941083,1.01993227892451e-06,1.11853902558475e-07,9.34108773979325e-07,1.99949078060744e-08,0.00133288381063178,0.00277695070869528,0.000132265088377316,0.000226742002151299,0.0071377560662509,0.0134987341362533,0.000330960800905118,5.6064033322732e-05,0.000191091367503524,0.000110637927890096,0.0173374521674147,0.0296513653840627,0.00953481763607061,0.005964885902292,0
0.0135128741453641,0.000672296952717293,0.000708829926116721,0.000398690689129815,0.000458257894333057,0.000222048731399,0.0238864782529653,0.022597932400947,0.00162213683019153,0.011375243685,0.000183514113121906,4.41291107998749e-07,5.04902864635038e-07,1.59749585040394e-07,2.11053272443371e-07,4.95530938129849e-08,0.00057126432876775,0.000513219768754781,2.64182631248274e-06,0.000129995537709219,0.00980108601811117,0.000475490310136117,0.000380897458671636,0.000168685031782094,0.000198482869778518,6.52573895861624e-05,0.0187712689581419,0.0183774556416842,0.000940517068686696,0.00898076598778811,0.000365188832144684,8.91066314267832e-07,1.00481772116899e-06,3.1762961927297e-07,4.18910330192304e-07,9.8356731667508e-08,0.00113890398467951,0.00102130588010957,5.25994251173804e-06,0.000258713340965836,0.00724779826960807,0.000745803948886941,0.000235549998702597,9.83667975974694e-05,0.000123134933557602,3.32295110285526e-05,0.0132467217892715,0.0172767794369633,0.000604398800359328,0.00649966210740933,0
0.0201615683079225,0.104074688148118,0.0260034373000408,0.00521948251716857,0.00116497951828296,0.00150588079067904,0.0301462013187927,0.0834147175406571,0.0581397048513879,0.0416921129719633,0.000408419986630625,0.010879502087556,0.000676270013937388,2.73473923814311e-05,1.36315105688235e-06,2.27858650797725e-06,0.000909893800008145,0.00699227138641415,0.00339676323208871,0.00174359462983979,0.0150007828362687,0.0678624375033907,0.0174390770599781,0.00249056564321701,0.000586570601844882,0.000530486300006366,0.0232753003352009,0.0555664300785458,0.0408598238119223,0.0230728411886033,0.000812865978215276,0.021649480588766,0.00134906017883711,5.44536530741383e-05,2.7135063532738e-06,4.53456507657898e-06,0.00181408380392309,0.0139152142304373,0.00675874877956629,0.00347307731349974,0.0119960508564103,0.0617260948382119,0.0135128359597442,0.00284912346247231,0.000417608626414281,0.000556127545954075,0.015374387784082,0.0409811176243319,0.0300224058641693,0.0216711423236048,9
0.0914382815952579,0.27640724702941,0.0887985444335752,0.0246400513084504,0.0078187172857173,0.00507716091238548,0.0663211552918305,0.347483992878442,0.237283146995252,0.116558086246745,0.00839635246356234,0.0766490741680041,0.00790880945208651,0.000609319032593177,6.14135377868344e-05,2.58990864769133e-05,0.00441336934197585,0.121275190349879,0.0565787434408884,0.0136233336931576,0.0687902096357537,0.205925250456539,0.0649385245866937,0.0192901431049921,0.00554277979706966,0.00356105232033509,0.0530397293376691,0.255582304973628,0.173738717904256,0.0925461411691745,0.0167153295485293,0.152666792151246,0.0157544309968246,0.00121340205470445,0.000122233026100383,5.15467485204876e-05,0.00878977832793376,0.241413935120522,0.112598188318745,0.0271409974133231,0.0790340008436414,0.200522399216203,0.0622423545890048,0.0186001726257346,0.00519676594913494,0.00313581827190559,0.0464401849691959,0.228274943416461,0.20638175256429,0.0980908267739763,9
0.029792353217406,0.0606331417098903,0.0159538565856346,0.00440699877101361,0.000991350537528517,0.000456924702216233,0.0142987499264854,0.0667511355668104,0.0310754835019263,0.0258058126915688,0.000887402508699557,0.00362280335307481,0.00025179498381373,1.90217107412661e-05,9.72148374653406e-07,2.0571677613781e-07,0.000202568585649995,0.00439162243051171,0.000960407004867988,0.000657568456638129,0.0233456146658669,0.0437082048334545,0.0119375461486493,0.00317259254616737,0.000714524755463294,0.000319991033620007,0.0114760828119312,0.0470105787584971,0.0229772716883359,0.0196019772981601,0.00177054778027894,0.00728105862610987,0.000505061335427222,3.83472039880546e-05,1.94731786494245e-06,4.1346450511726e-07,0.00040600097740423,0.00882537162497598,0.00192126747180266,0.00132019853078,0.0161336700928003,0.0687598848113525,0.0187420621024691,0.00494352396067603,0.000960575628773681,0.000511286306460295,0.0131869591952753,0.0571198893444346,0.0366795557883533,0.0279625142975459,0
0.0342393102373826,0.00342979400814561,0.00180437010068409,0.000409416826721108,0.000865340024471348,2.43509274776818e-05,0.0176558105320237,0.0268059771711783,0.00344918518654084,0.00444971221799396,0.00117784421212446,1.14881176766855e-05,3.23976241149409e-06,1.66390301355526e-07,7.52519041948319e-07,5.80644243963366e-10,0.000313279303745005,0.000721868146712827,1.18810626578379e-05,1.9833406311787e-05,0.0266418669611641,0.00249998792064719,0.00129995277928515,0.000264272154820948,0.000521701145835289,1.70737911883293e-05,0.0136065788353423,0.0225037157527373,0.00257895079611081,0.00316852381792277,0.00234428535392686,2.31941624022846e-05,6.47931365972762e-06,3.33179998845925e-07,1.47526789666729e-06,1.17070295244789e-09,0.000623420868610395,0.0014367997660002,2.37130749539924e-05,3.95341261687205e-05,0.0186883495745391,0.0037721439652987,0.00111129073359451,0.000294000949955745,0.000261895496054518,2.70045125589251e-05,0.0132159946890575,0.0209586602822252,0.00206071541135594,0.00245474355446486,0
0.0244447127395581,0.0675417729698507,0.00591059709319586,0.000231542120453839,0.000460643478001855,1.24232972272431e-06,0.00896267335190814,0.0336608613376415,0.0578273336512509,0.00642705760239188,0.00059923529299548,0.00458446204271561,3.51085431153813e-05,5.38669508418969e-08,2.13256803149913e-07,1.50595223166402e-12,8.02306912681863e-05,0.00113854222643914,0.00335634422300524,4.14700316751523e-05,0.0196309722289587,0.0397075692370641,0.00327901995725393,7.00443004063081e-05,0.000203387284034012,8.80505316038937e-07,0.00650755399414224,0.0237717374576975,0.033877576721254,0.00397515273309399,0.00119378292947199,0.00912342202338925,6.98681289427635e-05,1.0692439163687e-07,4.24382849553208e-07,3.04180243736613e-12,0.000160135183405586,0.00226564955683698,0.00668348759446577,8.25696765485434e-05,0.0183175227138894,0.0387640063832043,0.002899106779334,4.02684362241007e-05,0.000128768168338772,1.37831978821661e-06,0.00424218050292288,0.0232577863153744,0.0342745360012172,0.00351436411923017,9
0.0213099657963251,0.108343015897992,0.0129748026174825,0.00202935043847413,0.000460396375666617,0.000231338044513165,0.0234767965321275,0.112829464694264,0.0563843055912384,0.0221135347320309,0.000456391208175041,0.01179497192164,0.000169147781032751,4.13863833401547e-06,2.13024948839131e-07,5.37853721076947e-08,0.000552468657384203,0.0127940029595988,0.00319295670756209,0.000491240881181461,0.0177282892179877,0.0840125034013913,0.010555881530029,0.00116869680261951,0.000203562102716961,6.71202576320212e-05,0.0191488607810593,0.0898737395363733,0.039853126016075,0.017832137559135,0.000908223403655136,0.0234741922589647,0.000336644190344715,8.23595973596433e-06,4.22815352653334e-07,1.06757766799822e-07,0.00110080750630588,0.0254604547038027,0.00635602739097361,0.000977784156107552,0.01397314181851,0.061304931954398,0.00982323022002336,0.000862792870095276,0.000128062979476645,3.5172835150673e-05,0.0176217432685189,0.106173907245312,0.0318867709516858,0.0180385659402532,9
0.0168015522575395,0.0281755266350996,0.00294043220710621,0.000337841310018297,0.000460082622902447,5.30094667959925e-06,0.0167517421671799,0.037344414505151,0.00629966231324996,0.00348232637177392,0.000283215624125957,0.000797187013924636,8.6781069123307e-06,1.14412418180574e-07,2.1273852654398e-07,2.74617621740743e-11,0.000281705938095156,0.00140050487674463,3.95512813214358e-05,1.20833070116125e-05,0.0125846998323864,0.0203042962346528,0.00223034648401302,0.000157118979481435,0.000199766613092953,3.79830260316416e-06,0.0124692510586722,0.0277875705776353,0.00473988103211489,0.00260376395558354,0.000564091685748512,0.00158700770563714,1.7280601808719e-05,2.2797700212107e-07,4.22276913864474e-07,5.54244827402109e-11,0.000560916604320487,0.00278805145381262,7.90352053485261e-05,2.41493628766147e-05,0.0132423404630688,0.0322017916185231,0.00284226984864633,0.000104742757233723,0.000123596628316439,5.94592453420391e-06,0.00947759155396473,0.0243723902780269,0.00668590970237484,0.00355706514491926,9
0.00595894129134855,0.00176377699179257,0.0014678965307381,0.000325660574666954,0.000398246542966876,0.0002313761480001,0.00777383150600666,0.0157894196109957,0.0025993250676185,0.00134347649344463,3.56874171024287e-05,3.11367825381469e-06,2.16304957044479e-06,1.06575123150165e-07,1.5937583299826e-07,5.38038373080644e-08,6.0429084591565e-05,0.000250351714045037,6.78790882371758e-06,1.80675298358698e-06,0.0047841933416211,0.00120510748901233,0.000825484243048569,0.000101415092229326,0.000165613723160518,6.83460770550117e-05,0.00653698949375045,0.0127594186763991,0.0016175644234444,0.000891964839015266,7.10179539230774e-05,6.20900718615384e-06,4.30454810645962e-06,2.12097051620211e-07,3.16824630605552e-07,1.06794641827664e-07,0.000120557439997499,0.000498403679630535,1.35099444756121e-05,3.59246178499829e-06,0.00275262930429544,0.00189104154586124,0.000473310443564775,6.85987767261452e-05,0.000101581140027628,3.49827475250875e-05,0.00505111080531867,0.0119385835886669,0.00102387530465116,0.00085065516440843,0
0.00687074324606603,6.88451666652899e-05,0.000837522232256538,0.000320603140061661,0.000604882188517536,3.64189080238194e-06,0.00775172533077879,0.0143343241201495,0.00024352710097379,0.00236716558251196,4.74438825113617e-05,4.71652845375137e-09,7.04967075715834e-07,1.03287370945288e-07,3.67655723946047e-07,1.32592886389013e-11,6.03230708020116e-05,0.000206201500592865,5.93381157868579e-08,5.63154680395814e-06,0.00392466509514969,4.68099044761921e-05,0.000482689500465412,9.96932106796625e-05,0.000308808628328626,2.64170066899127e-06,0.00590837885452266,0.0111484570981732,0.000171332144084093,0.00120446225931452,9.44119468036137e-05,9.43236385702979e-09,1.40288572551306e-06,2.05555770865772e-07,7.31485672722243e-07,2.64556661399652e-11,0.00012008627570972,0.000410642568378753,1.18341288590383e-07,1.12035200820765e-05,0.00312445796824604,7.55000418302259e-05,0.000228223918653065,6.75517837515171e-05,0.000194914333383497,4.04766239941265e-06,0.00403220980973015,0.00711958076948941,0.000184582236740269,0.0010753092522753,10
0.0120322077928385,0.000231081034857995,0.00115973892004548,6.82696345272595e-05,0.000779654823578841,0.000324687775600069,0.00840516924304442,0.0129548111724135,0.00225264666400375,0.00309726706750836,0.000145355647459261,5.36651251893296e-08,1.34890032205376e-06,4.67302659091788e-09,6.10813253746455e-07,1.05940481941718e-07,7.09754592723042e-05,0.000168670484651351,5.09789593514423e-06,9.63912363372631e-06,0.0100088053166423,6.36381706120847e-05,0.00063187694412967,4.20515780303887e-05,0.000425306221615221,0.000108332287283002,0.00657508743056605,0.0106890611184041,0.00116696618884377,0.0021680621117781,0.00028939017299086,1.0652013715276e-07,2.68693171418994e-06,9.30871605355925e-09,1.21451432621629e-06,2.1083276508915e-07,0.000141249557801778,0.000335648936324589,1.01467962858065e-05,1.91837651878135e-05,0.00869318987011323,3.54819408374292e-05,0.000352052571093344,4.19514534386069e-05,0.000235954157779333,6.92480654111066e-05,0.00588936725239374,0.00695602158456816,0.000889726935295094,0.00173103866538427,10
0.00977465094310874,0.000231260690619973,0.00930933641439516,0.000229864490045242,0.000641558370326107,4.07943858577793e-05,0.0168941164240221,0.0384681636683284,0.00344980347231636,0.00388870537284676,9.57622383865794e-05,5.3750085154474e-08,8.70989664989177e-05,5.30886683349823e-08,4.13663568632959e-07,1.65987623553183e-09,0.000286837999535645,0.00148636251792056,1.19608067529439e-05,1.51931663720201e-05,0.00811613091174243,6.80155652616617e-05,0.00672852939772024,5.26247567038263e-05,0.00034480974396789,2.74763660588432e-05,0.0124678933461648,0.0292942987294379,0.00237521988599803,0.00258495434738268,0.000190826298653399,1.06691105149743e-07,0.000173325309526688,1.05385942748078e-07,8.22061695281377e-07,3.3155784673697e-09,0.000570806458178027,0.00295872937179438,2.38019801126399e-05,3.02358482039522e-05,0.00780413602577481,3.86293029337228e-05,0.0062221439725335,3.57515001254957e-05,0.000227639139409919,3.09946450093354e-05,0.00703741359714114,0.0263263501103404,0.00181617951596185,0.00170398084596011,10
0.0084736412447487,1.35362124469909e-05,0.00223509258864197,0.000233995246918279,0.000558978813906075,2.03775706414651e-06,0.0211686012449467,0.0197977441831136,0.00178137369717054,0.00295877799072947,7.20231489065082e-05,1.82532246424244e-10,5.01925657735122e-06,5.50146708434961e-08,3.13977885895628e-07,4.14521342312202e-12,0.000450233686240073,0.000392501566901222,3.18680269240955e-06,8.79832302870877e-06,0.00671692359526652,1.00706422674944e-05,0.00169744963320035,7.07891362273991e-05,0.000283491907932775,1.47688242371489e-06,0.0173755453756418,0.0136991475061618,0.000914292380042677,0.00229388918099417,0.000143459809181301,3.64842321729547e-10,9.9727986702513e-06,1.09215516799955e-07,6.23664593083863e-07,8.27673159061916e-12,0.000896090100770492,0.000782467916018008,6.34267788544815e-06,1.75067022889757e-05,0.003701654767505,1.53377440563998e-05,0.00235451742281703,4.66852470862866e-05,0.000168333644626022,2.25922723312533e-06,0.011882817235212,0.0108782435847427,0.000648776892454883,0.00138745515817479,0
0.00755356488929451,7.98771981491363e-07,0.00106176283095403,0.000231340449117709,0.000674419444068012,1.11051319955314e-07,0.0152581030958647,0.0128927037691624,0.000995755448375645,0.000344918658463416,5.73298246663096e-05,6.29499318568218e-13,1.1311162906683e-06,5.37873293394349e-08,4.57110658233839e-07,1.23743885043116e-14,0.000232997670296416,0.000166868731223429,9.96499655988709e-07,1.19353047876421e-07,0.00574179854165612,5.79041264231559e-07,0.000510490153617773,6.87256642706614e-05,0.000349165062826746,7.93918996209435e-08,0.0120990357437603,0.0104131394950737,0.00047082398951178,0.000222084931541109,0.000114045716963825,1.26437199529291e-12,2.25279137567749e-06,1.06760019528887e-07,9.09366521638326e-07,2.46441378473375e-14,0.000464625977957606,0.00033222993070944,1.97919864262766e-06,2.37354417925358e-07,0.0041994772508088,8.85118338096419e-07,0.000385775833174894,3.40238793231207e-05,0.000204155072027813,1.22776919405932e-07,0.00719400924991915,0.00628050667213899,0.000311036607603795,0.0002625738593281,10
0.0171013011654874,0.0424851698299959,0.0471363219049855,0.011249344855232,0.00068745754109062,0.000231248903127043,0.0457747961959407,0.0390947950029129,0.0301012604889918,0.0133791046284802,0.000293923476876787,0.0018140471184413,0.0022329969664529,0.000127143423499402,4.7492783514071e-07,5.37428643881358e-08,0.00210533345320479,0.00153473245300422,0.00091057502315742,0.000179885391998595,0.012826122133106,0.031484586869778,0.0368370024901597,0.00802187229130834,0.0003848393214757,6.47472327364189e-05,0.0387017828107063,0.0318304397676901,0.0208531923407622,0.00853681399331237,0.000584900337775511,0.00360992030290146,0.00444357299868161,0.000253055194125493,9.43993915815554e-07,1.06673776661952e-07,0.00419009463946123,0.00305545489844333,0.00181210732672805,0.000357985322470495,0.0105224758277948,0.039384320757679,0.0365626795570698,0.00918035227785358,0.000226749402146706,3.38320997833817e-05,0.0275842028583471,0.0217072304342106,0.0159067890381704,0.00752979998505001,10
0.00814167995831027,0.00758475467567474,0.0104440071913438,0.00365315874705065,0.000661533801945044,0.00022319627379747,0.0245162663173251,0.0155327586087437,0.00351886744581752,0.00333283581694118,6.64255830516952e-05,5.78071136970685e-05,0.000109620330944824,1.33755956517777e-05,4.39692912362284e-07,5.00134944057881e-08,0.000602682117816723,0.000241537740505151,1.24044468843295e-05,1.114466565941e-05,0.00692943604217628,0.00371963080308523,0.00525765882627699,0.00238023004466708,0.000380676730026753,3.75840831758281e-05,0.020105189341188,0.0121742997553471,0.00270148339560192,0.00246777247865209,0.000132368568069515,0.000115036509772918,0.000218141021913813,2.66531740535556e-05,8.75106170931559e-07,9.93163320754351e-08,0.0012007028923434,0.000481595264534406,2.47238045910195e-05,2.21966495177576e-05,0.00870572667523484,0.00550950562982839,0.00605974955966011,0.00375803102663263,0.000213290387410189,3.55556857424203e-05,0.0127895820862256,0.00966312344520448,0.0042730571702447,0.00170235119513385,10
0.00359126254050953,7.00035682232891e-05,0.000742057932036015,0.000281464059982274,0.000467725396083322,6.16431595250639e-05,0.0151857541662479,0.0142310212708125,0.000263630128373223,0.0029045257240445,1.29239829155414e-05,4.81799387451601e-09,5.53323133841985e-07,7.95570578262152e-08,2.1986630663689e-07,3.78202702607159e-09,0.000231760124800737,0.00020338996592235,6.8950724481943e-08,8.47816245592108e-06,0.00249889771907448,4.7831850815567e-05,0.000472992732747201,0.00015276492911019,0.000237300870249145,3.75361007459852e-05,0.011721315770279,0.0115375860705754,0.000184162746585855,0.00214008411921092,2.5755746723204e-05,9.69428314832806e-09,1.09641366743928e-06,1.58064291116232e-07,4.36174554365028e-07,7.56282740732382e-09,0.00046117142183969,0.000404890694579914,1.38104518224856e-07,1.68427763875887e-05,0.00158457757904368,7.65718183822644e-05,0.00039801018800739,0.000191568111870093,0.000133513001023387,4.70773411194456e-05,0.0104086876512145,0.00794641461928854,0.000296259465913108,0.00117955356375645,0
0.00666866050871345,3.45344195618012e-06,0.000710928248286249,0.000231890861794379,0.000395028383556203,2.77329385026317e-06,0.00839944551867637,0.0134526870033889,0.000807729641224378,0.000524233617545243,4.46745355062807e-05,1.16812441050789e-11,5.07958686434572e-07,5.40427765196633e-08,1.5683146545353e-07,7.71029150976121e-12,7.08659881756015e-05,0.0001815932395837,6.53594533698021e-07,2.75285736190759e-07,0.00472934236733368,2.42028426187183e-06,0.000407411772040985,7.3750494606568e-05,0.00015191768173978,1.92357882596329e-06,0.00668585802549696,0.0105005728738063,0.000145738992719662,0.000283081190256006,8.89221619908363e-05,2.35489776663802e-11,1.00961879363e-06,1.07267811176369e-07,3.09604098799689e-07,1.53624427182693e-11,0.000141044818733952,0.000361597718786159,1.30252616073426e-06,5.47721473406645e-07,0.00308136259254606,3.82971816447114e-06,0.000214443521264731,3.55954282154982e-05,9.74714148254032e-05,3.07606984459301e-06,0.0051819997688075,0.00783052165697496,0.00019809740716841,0.000404907184168381,0
0.0305589638311708,0.0670630995519159,0.0777322147313381,0.0242079076774119,0.0092133894662522,0.00569089385445827,0.15659239505031,0.0560116133860656,0.0808218695657772,0.0223567197939228,0.000938141134222361,0.00451880128531081,0.00607263456457452,0.000588561087682112,8.52390377912261e-05,3.25371755717935e-05,0.0246431915524965,0.00315142573829434,0.00656499293306194,0.000502031435981008,0.0221123407906643,0.051158993151466,0.059804463791044,0.0178519815017057,0.00648812931458367,0.00320936010969907,0.114865263203556,0.0447276742345044,0.0592109302968441,0.0171961121056063,0.00186725138587393,0.00899364580202129,0.0120844583919135,0.00117162802997539,0.00016969384158558,6.47485018636783e-05,0.0490402661002416,0.00627296100722706,0.0130643358695227,0.000999305955602203,0.0200795677209865,0.0546071627230105,0.0553010861358044,0.0188537406047843,0.00697979311684697,0.00336944053378937,0.0952753962914731,0.0370808437329376,0.0631689995593071,0.0156802818448747,10
0.0209943466931388,0.0328158961037016,0.0363111575222032,0.00947314787760836,0.00218333908582603,0.000779991857888096,0.0375178442626917,0.0338090170671821,0.0124076965652074,0.00709786746440757,0.00044294663616537,0.00108188170233692,0.00132457534658027,8.99501794536389e-05,4.73133376813959e-06,6.01581659997129e-07,0.00141384997456699,0.00114688341546241,0.000154697340247381,5.03343986014143e-05,0.0181720073580854,0.0259981574573886,0.0293008889462187,0.00743052299052368,0.00165992486348541,0.000590554537494011,0.0256374837799822,0.0283442456986563,0.0091120673943461,0.00575623739647331,0.000881475359577859,0.00215332601984431,0.0026363912529015,0.000179234286116538,9.47422959114543e-06,1.20695865274712e-06,0.00281420837736375,0.00228419795369436,0.000307867072205624,0.000100459503832714,0.0162511314655176,0.0378925045204408,0.0405191183962781,0.0111001638425041,0.00251946447826493,0.000929333942734151,0.0296946136798111,0.0234597109093367,0.0142840662922854,0.00454927068170002,10
0.00457559792756313,0.00269599627037602,0.00334339781911168,0.000826027596131412,0.000692035805698872,5.22715716129052e-05,0.0113241050026276,0.0163396038278884,0.000786591148274237,0.00399051690214483,2.09717658721711e-05,7.09845765812391e-06,1.0923329893759e-05,6.66030708161395e-07,4.80547875825298e-07,2.66423066361503e-09,0.000128479265305017,0.0002683039320938,6.20540459476871e-07,1.60028435357102e-05,0.00321051514188047,0.00193375587882716,0.00237990191475629,0.000607236547813955,0.00041626876355724,3.71254654430381e-05,0.00897769458341554,0.013544415003873,0.000544720827415903,0.00279111795589732,4.18030025672526e-05,1.43312124639292e-05,2.20468652648071e-05,1.34410044698897e-06,9.5682821431816e-07,5.38322491974457e-09,0.000256068946043899,0.000533942217399859,1.23612516828422e-06,3.18464993212507e-05,0.00232224269679681,0.00298882252043395,0.00360197767836832,0.000841866137947664,0.000204855476058174,5.79917365888417e-05,0.00885214790781187,0.0152244311152722,0.000869666303041896,0.00209516578691103,0
0.00665287656049152,0.000145977559570746,0.000676791186713834,0.000327841376795492,0.000422223778478216,0.000230670500519508,0.00955548724460515,0.0145529986291889,4.2481446882359e-05,0.00306714740494301,4.44803427104513e-05,2.085092861979e-08,4.5986724901077e-07,1.07992849807583e-07,1.79167494628631e-07,5.34712691767467e-08,9.17619257954365e-05,0.000212515712114724,1.8023082159857e-09,9.45397305833307e-06,0.00456110529289174,0.000103992651295314,0.000367866869656617,0.000116591922922275,0.000210888651849973,5.84667615818172e-05,0.00746172517633396,0.0117563756178962,2.91763837852466e-05,0.00228418705383753,8.85169821644051e-05,4.20559101848058e-08,9.12982299669768e-07,2.13843969196298e-07,3.54191716303284e-07,1.06137382653897e-07,0.000182580420086145,0.000423241046083768,3.59787537370276e-09,1.88140826190478e-05,0.0034943889429217,0.000160901036228844,0.00020509994222127,6.85754862763158e-05,0.000153126670176163,3.56183143196178e-05,0.00585053549024962,0.00814233740403581,4.69950787053947e-05,0.00148568950119805,0
0.0169438017927281,0.0747957534399348,0.0343895303712637,0.00830477236440862,0.00257077013176381,0.00199675451133068,0.0480206510015631,0.0299717396867783,0.0262226633341662,0.0173340501066181,0.000288367242298992,0.00561688337113304,0.00118841992878114,6.92782203777166e-05,6.63442368125934e-06,4.00266394903141e-06,0.00231714851790044,0.000901991459218599,0.0006906521077809,0.000301857987643998,0.0107775021406174,0.0470714695472276,0.0216620275077888,0.00476669587158282,0.00125582107678193,0.000753972560991529,0.0326875481912976,0.0217381590548615,0.0168735611907059,0.0118146359656948,0.000574017645776224,0.0111826065466032,0.00236482393807031,0.000137892471254856,1.32076389955504e-05,7.96879671616795e-06,0.00461136352268134,0.00179578668177439,0.00137482625722794,0.000600789978860665,0.0100572445513317,0.0612694488723901,0.0223122952425256,0.00376223145549708,0.000906032603412634,0.000761484478530553,0.0253658950015284,0.0178903974053584,0.018313937573142,0.0107940784255521,10
0.0194267046994141,0.0396615037312874,0.0434929203355219,0.0105756525725109,0.000944084486170868,0.00221488042043422,0.0331744406833385,0.0224943824633818,0.012080019736129,0.0153517772572288,0.00037926737753627,0.00157331994212236,0.00190055965883778,0.000112396037751619,8.88622829813736e-07,4.92144161554977e-06,0.00110591248453656,0.000508249318153192,0.000146310351946442,0.000236845693350418,0.015134497282025,0.0271121849522621,0.0324842462950555,0.00828046233286696,0.000398795313828898,0.00156485494882721,0.0255400977529113,0.0178236094321716,0.00898244036883809,0.0127809175535423,0.000754763218805176,0.00313831546532793,0.00378246340423417,0.000223656995756152,1.77522778815927e-06,9.80121679472293e-06,0.00220092212492866,0.00101170410553197,0.000291501050253169,0.000471337736308836,0.0122766054656056,0.025762622620176,0.0296705946080295,0.00755869856720754,0.000420210214825816,0.00124580236212557,0.0240521717741849,0.0144131635086957,0.0137035507898069,0.0110479014767164,10
0.00573577109421334,0.00330037199769883,0.00310267968127042,0.00200889514878305,0.0005092326040735,0.000144423523612847,0.0174978806993837,0.0150765392469126,0.000740597401614042,0.00745238124932919,3.30413479200618e-05,1.0814269828909e-05,9.54381380626786e-06,3.98043363799538e-06,2.60567707427981e-07,2.03870439101271e-08,0.000307617410993845,0.000228431119338444,5.4722800879856e-07,5.57885357942829e-05,0.0040875313692609,0.00250953269246739,0.00234074814069566,0.00148644400184756,0.00021086223038439,0.000103438164611651,0.013255235629694,0.0121168179187003,0.000536276210707195,0.00577082609204039,6.57751125679066e-05,2.16525024566674e-05,1.91208915146625e-05,7.99607587185737e-06,5.18296284212931e-07,4.11432426654563e-08,0.000612062450530283,0.000454590996874619,1.09294886209366e-06,0.000111045538897737,0.00339775858590773,0.00386809846405261,0.00354137963663767,0.00225236209196952,0.000142462951398505,0.000161881063980235,0.00814235791946935,0.00702439854635963,0.000819608016429425,0.00496379067565001,0
0.00324535695752896,0.000312021662317339,0.000666467772270479,0.000273713598901025,0.00056628652293445,0.000231234592898917,0.0150603141458932,0.0111702519052714,0.00924078729214249,0.00431825925670832,1.05768893509149e-05,9.72555141327265e-08,4.4640539396046e-07,7.48456229747704e-08,3.22208368504591e-07,5.37377803188819e-08,0.000227564899490359,0.000124675882086756,8.57296226174025e-05,1.87407078689474e-05,0.00239738687993815,0.000185428521279372,0.00038879610418897,0.000152497906125222,0.000289271676432029,6.63744115136111e-05,0.0125140512168297,0.00902215062846744,0.00419633154669774,0.00321210797410508,2.1056304940164e-05,1.93805046804428e-07,8.7825964824687e-07,1.49088938182304e-07,6.40133239162624e-07,1.06660627244788e-07,0.000453205187709144,0.000248826362225454,0.000170692790928243,3.72920843603432e-05,0.00133798024894044,0.000219694480544077,0.000213127560955405,0.000166837043041347,0.000171210546215424,3.51568744823021e-05,0.011987390356128,0.00491814340428045,0.00389344255236207,0.00231227600336639,0
0.0110233037901928,0.025831359970611,0.0354268496423042,0.0072815942375473,0.00101405044524308,0.000810501732041116,0.0181663363470131,0.016200120975716,0.0211402541996209,0.00731151565756922,0.000121278382381639,0.00066472181960032,0.00123766363407995,5.30007428551572e-05,1.03332317498182e-06,6.60086630010589e-07,0.000328702517664156,0.000262854222235189,0.000445187638543197,5.35977102939775e-05,0.00593302830018121,0.0113157109537247,0.0163274118286264,0.0030907678354811,0.000438425802456029,0.000321328011691082,0.0123584197864639,0.0129942709392787,0.0106973099944944,0.00544931530038808,0.000242174878262187,0.00132859290726575,0.00248639769938465,0.000105746375076111,2.05564385867729e-06,1.3136992346622e-06,0.000657069361830831,0.000523928246711211,0.000889871973667591,0.00010677606158299,0.00533556741424122,0.0144893542242102,0.0212093654120164,0.00398417176456619,0.00040961744781148,0.000279810453452673,0.00827665100918531,0.0104321749271884,0.00956966670637908,0.00443554861290751,10
0.037429957674228,0.030688657509218,0.0465830887726372,0.00715282413644682,0.000705993665442332,0.000773893946087239,0.0850605579210934,0.0244200055945233,0.0191608249152117,0.0176838660780888,0.00140790620680738,0.000941734141067196,0.00215963483717983,5.12211840425967e-05,5.00718666907577e-07,6.01743171730185e-07,0.00726840459511461,0.000598396964039521,0.000366284482233882,0.00031409985727984,0.0286059351769917,0.0244217863904219,0.0334199563631961,0.00532666403754258,0.000462662956784398,0.000367543932788722,0.0628715644667286,0.0182803462867387,0.0146544781816799,0.0131976008949729,0.00280185869454065,0.00187881856074141,0.00431881882225411,0.000102127919750332,9.96249598161879e-07,1.19658863659905e-06,0.01446733800964,0.00119174162221324,0.000731590102333106,0.000625237630946935,0.0290646984272835,0.0322205128868685,0.0508357678541009,0.00690579721231551,0.000309126586366145,0.000225088557811564,0.0846925681493151,0.013191243446414,0.019840592761216,0.0145175766587534,10
0.0556167375293893,0.106088594416785,0.0890030979468003,0.0269561220946203,0.00701583374088568,0.00603077952079325,0.0868584775227571,0.0700762923894056,0.083513264079634,0.0251931802173907,0.00310736876264836,0.0113042584424257,0.00795478657026822,0.000729956828301547,4.94572425289865e-05,3.65410082980839e-05,0.00757201660784128,0.00493187382066611,0.00700471951035896,0.000637562950436656,0.0443612559690752,0.0857343921996974,0.06978304689876,0.0212916553115597,0.00538128577885346,0.0043812633203973,0.0680469880589265,0.0559187673176444,0.063862093867909,0.0201286223331364,0.00618504835973325,0.0225025050699043,0.0158365515560403,0.00145293240011089,9.84240631202699e-05,7.27259232631381e-05,0.0150784433990831,0.00981780542507472,0.0139440022063295,0.00126906191201515,0.0409472726262042,0.0668856774344722,0.0826585667612888,0.0279880504777367,0.00623616623885264,0.004906773596977,0.0590167656569275,0.0561294307872395,0.0626940814026061,0.0145860903658556,0
0.0405022308830498,0.0303286663633626,0.0163223026217013,0.00362004785776037,0.0012440123033828,0.00108907154649465,0.0332243461900882,0.0359715450448212,0.0182909947203833,0.00967538666072246,0.00164542427800564,0.000917136130177817,0.000260602101390388,1.27750817777585e-05,1.54201413086752e-06,1.18206317647266e-06,0.00110189622547263,0.00129884556486443,0.000331901476135886,9.3552112351905e-05,0.0341123239294323,0.022343418527493,0.0116338301955169,0.00252975618997772,0.000908695302581712,0.000845333004456326,0.0266284814738693,0.0290350849903386,0.0135928364436708,0.00753775321231033,0.00327758234417013,0.00183234038203476,0.000525712650093358,2.58159230951227e-05,3.08180734923272e-06,2.36150243496488e-06,0.00220008973983747,0.00258629872991034,0.000664791607458182,0.000186677403229981,0.0231114974773302,0.0339901399504343,0.0182025207905811,0.00398173873613613,0.00130155567014815,0.00103741119044198,0.0265443766473775,0.0329458654418667,0.0208903069867325,0.00877186673237217,0
0.0359108678744355,0.00925287276016246,0.0173389163018289,0.00499582470310059,0.000577901701266099,0.00318936231272134,0.116344039778087,0.0299325956255835,0.00950775910504778,0.0110794288984206,0.00129603234933739,8.59401978253808e-05,0.000300816824633208,2.50477435322487e-05,3.35640003069969e-07,1.01473486503726e-05,0.013404837274423,0.00089839561985929,9.01080903560945e-05,0.000121950243338784,0.0290352637802394,0.00460475666695053,0.00780949619226371,0.00233264289327257,0.000321915304868281,0.00107471956669079,0.0510024227471713,0.0255103590753192,0.00417307233355578,0.00722938704229498,0.00257909414980134,0.000171126092916853,0.000599950740538218,4.98806940620038e-05,6.67931062250317e-07,2.02677329000273e-05,0.0268736781653764,0.00178978990581769,0.000180054777513151,0.000244092800505442,0.0339311517657028,0.0041409764441295,0.00903983781030211,0.00222765050637252,0.000191886598890198,0.0014151001624123,0.0493706944084471,0.0220382298236289,0.00343018115442746,0.00486220275018653,10
0.032298342226013,0.0182156848652405,0.0323475369782606,0.00858584730587601,0.00127470674107545,0.00403078193724351,0.221477736920146,0.0291234879592606,0.00761216987274501,0.0241644060132774,0.00104629364165996,0.000332416148822425,0.00104595413709875,7.38434559621495e-05,1.63284869116296e-06,1.62367642608436e-05,0.0490968479950306,0.000851243890755086,5.76274014949119e-05,0.000585577272788054,0.0264269748664911,0.0146385090308042,0.0274919331733522,0.00710687960096349,0.000662216845216886,0.00279175263559897,0.16961665743311,0.0209387490789732,0.00551931899134195,0.0173564758443386,0.00208419717140317,0.000662564687103441,0.00208706355163063,0.000147189147445244,3.24925016913081e-06,3.23967970268101e-05,0.0979013524838916,0.00169499680809997,0.000115284364989226,0.00116653681615938,0.0288661728692032,0.0150160428462137,0.021429817380857,0.00786589319267094,0.000406379742903119,0.00261940446859803,0.193164709842312,0.0263048821515133,0.0066930261624538,0.0231510321655257,10
0.00580935740144958,0.00328766968754398,0.00769063354956889,0.00175934576364005,0.000691258943765225,0.000383137956124534,0.0387223071821511,0.0138947408244051,0.000451447073527084,0.00479517386420031,3.3617090943161e-05,1.06349965419906e-05,5.83959052817979e-05,3.04583055916273e-06,4.7999400471278e-07,1.46349796955027e-07,0.00150593321270053,0.000193656943751789,1.99985085904721e-07,2.31025581870656e-05,0.00414485529803686,0.00241127512651435,0.0056508812308806,0.00128126279910993,0.000394685892246294,0.000225206540756421,0.0307353185004949,0.0116143511979923,0.00032582197584731,0.00358007671164902,6.71519714516697e-05,2.1390532510373e-05,0.000117248563892744,6.12571066696816e-06,9.52899116746826e-07,2.92412733025199e-07,0.00299780782744311,0.000385694490621252,4.0278685111851e-07,4.59776686176605e-05,0.00601611911840119,0.00376126721812744,0.00867730470522479,0.00196851379894924,0.000220759010802424,0.000222818316023798,0.0336299922548122,0.00797762433194744,0.000501147111416893,0.00259043245750832,10
0.00760115744961181,0.0669905828423602,0.000726667257230357,0.00025045383108125,0.000399870817642325,3.40333709445861e-05,0.0287942038919724,0.032454986094802,0.0179494791311022,0.00601738896464715,5.80152429767177e-05,0.00450482968555109,5.28637194871536e-07,6.28183770735222e-08,1.60699361757742e-07,1.15322175334066e-09,0.000833131966477947,0.00105742429354144,0.000323545472936372,3.63744161399015e-05,0.00527844986588721,0.0326223260156776,0.000530978527182546,0.000104225486102616,0.000165852376958442,2.53018389378795e-05,0.0220401568494573,0.0228302606911825,0.00839538291124329,0.00460682348522846,0.000115494241351364,0.0089700422920203,1.05383414596594e-06,1.24955296745045e-07,3.19487797187576e-07,2.30568745666107e-09,0.00165803814038279,0.00210542813146339,0.00064410552742665,7.23980238972841e-05,0.00389051297275633,0.0342576169151342,0.000595877848996278,0.000121767378097208,0.000103379083580983,3.86162522257512e-05,0.0177601387693812,0.017523110119358,0.00821579622701929,0.00332349811627557,0
0.0039812100908127,0.0188112909189186,0.0072668037979748,0.000581608756338164,0.000513898690872233,1.98881520139686e-06,0.0256477419495989,0.017988752099426,0.00427146818681626,0.00414095764518578,1.58097147520972e-05,0.000350605613792343,5.29591893664377e-05,3.39911269740895e-07,2.65418953779625e-07,3.91886580806425e-12,0.000661097577419556,0.000322381361391693,1.81098539932902e-05,1.7230063338609e-05,0.00256911431868795,0.0136448171077973,0.0029799696316276,0.000194865319789168,0.000232791370642652,1.44442817967164e-06,0.0196943319126825,0.0147801721359243,0.00306385960178552,0.0028129126459713,3.1580079959324e-05,0.00070271687099475,0.000105500748316252,6.76158087030015e-07,5.25751836276538e-07,7.85451899754425e-12,0.0013155442653082,0.000644364246494232,3.62644077874374e-05,3.42914375351193e-05,0.00217491578059654,0.0216194323375315,0.00285234218772374,0.000150844045534423,0.000151289998350442,2.2025960094765e-06,0.0163188949604044,0.0160817435721621,0.0048779056775368,0.00157573897823091,10
0.00776711275568385,0.00601562553999953,0.0251474347005183,0.00244629534462134,0.00051513935661304,0.000229901174667579,0.0233011922132615,0.0147702990351104,0.000421015795026446,0.00729776152164045,6.06225426099097e-05,3.62809237322994e-05,0.000634241500059385,6.01016639195536e-06,2.66696457590237e-07,5.31128757219991e-08,0.000545297678062626,0.000219196597235087,1.77471346019123e-07,5.35216249838713e-05,0.00618860397707757,0.00413241333753889,0.0207272520111722,0.00156128004508862,0.000242100872598454,5.13553212122069e-05,0.0192697518768947,0.0121894692310106,0.000269625176658052,0.00550558229332634,0.00012063510378077,7.22816500559867e-05,0.00126345866693561,1.19634953835812e-05,5.28293373435408e-07,1.05430559889853e-07,0.00108548418731344,0.000436200006598327,3.52618563262313e-07,0.000106509880628871,0.00532381929817138,0.00267527547836868,0.0165844913772763,0.00104338344333387,0.000148952797529656,3.67897543825311e-05,0.0148135539527114,0.00972576980495724,0.000329913188299106,0.00469600881742014,10
0.00236391527387994,0.00152430523577298,0.00855493790751691,0.000640091424173761,0.000679460253941621,0.000233164009819464,0.0214766034776069,0.0133271180844475,0.000232349529618897,0.00445650751755214,5.61549610471244e-06,2.30608694906938e-06,7.29167308415087e-05,4.06967613459878e-07,4.63845881217799e-07,5.46247672076955e-08,0.000463428063811775,0.000178402425886023,5.42505787774795e-08,1.99491914868301e-05,0.0015989391533575,0.00112383232041984,0.00524772158826701,0.0004494584306586,0.00036392846804758,7.89193913941627e-05,0.0163963854162135,0.0106112287332923,7.56436080635204e-05,0.00329568866919519,1.11734031346031e-05,4.61770366256629e-06,0.000145736344788002,8.14291537308453e-07,9.206402277176e-07,1.08446812015592e-07,0.000922339033348113,0.000355120337073467,1.07686585129278e-07,3.96992894369808e-05,0.00112308997760648,0.00168502089891268,0.00722937532559833,0.000680181581929022,0.000184711081367941,3.91168471595904e-05,0.0126977021210252,0.010372218631112,4.01582065511067e-05,0.00231871603011459,10
0.000714911270663153,6.62355994748233e-05,0.000544815431022688,3.27473110668346e-05,0.00040278442225315,0.00023120162683388,0.0202573377705031,0.0113299062543468,1.3583951814082e-05,0.00300943570421816,5.13624533008803e-07,4.4013318289877e-09,2.98136878793334e-07,1.07432292423112e-09,1.63018058834335e-07,5.37207278285126e-08,0.000412414029383348,0.000128992215916375,1.8435062422321e-10,9.07042723301451e-06,0.000344690360573546,4.90284267426102e-05,0.00032595655224896,2.24763110345437e-05,0.000168401556725748,6.64588903115157e-05,0.016116446371952,0.00908840478000683,1.00409621640209e-05,0.00226537724608069,1.02215348204763e-06,8.76601135085658e-09,5.93464925533751e-07,2.14127125526942e-09,3.21960276098161e-07,1.0662643268601e-07,0.000820697703140902,0.00025667129491033,3.67944238325048e-10,1.8081772269714e-05,0.000201151018585354,7.74770190090882e-05,0.000339258357156838,3.59807013313648e-05,9.74916447586248e-05,3.71442967479752e-05,0.00984149524536699,0.00595951242088182,1.52089831030493e-05,0.00121967029205491,0
0.00157168567229991,5.40531017488651e-06,0.000398941172655252,0.000323248360508657,0.000459604856720719,0.000232001630478654,0.0209004947924532,0.0102737910630583,7.81337669032968e-07,0.00297363251946543,2.48260854906226e-06,2.8662661258143e-11,1.59952483953401e-07,1.05013837411475e-07,2.12297966981336e-07,5.40944354250306e-08,0.00043847878626964,0.000105917467161966,6.04676362696477e-13,8.88584067263007e-06,0.000970786627601479,3.77416069757288e-06,0.000162686531415877,0.000106551174515046,0.000216495776265103,7.01478989261908e-05,0.0176521191040109,0.0083861143265371,5.67455327817724e-07,0.00222508577910377,4.93778495352159e-06,5.77363285773781e-11,3.18039284606487e-07,2.08978269403556e-07,4.21371902981293e-07,1.07375741197692e-07,0.000873103662308834,0.00021093253045892,1.212120578879e-12,1.76778657830279e-05,0.000631053177238094,5.99349645967949e-06,9.92983003003095e-05,6.65387082195054e-05,0.000128302836711783,3.99771863018654e-05,0.0112361389015198,0.00703386652040618,8.65412961103441e-07,0.00164805997882634,10
0.011229641983284,0.0302054485387614,0.0348821428261599,0.0137293190846737,0.00151400055494324,0.00118632877464975,0.0312351042291288,0.0215097310274998,0.00194432923474701,0.00970730227792018,0.000126250375436737,0.000916577069366237,0.00122285380196116,0.000189380302744907,2.30348674787263e-06,1.41441776094838e-06,0.000980533300230915,0.000464992213208106,3.79940138602673e-06,9.46255691118008e-05,0.00813803936929612,0.0209775211010101,0.0262578910793791,0.00943981664339912,0.000810449831804613,0.000613687079774493,0.0238621730797174,0.0173581194901205,0.000908336115373169,0.00674600647472142,0.000251705320770652,0.00182431980268236,0.00243333410241104,0.000376925306964018,4.58129440699661e-06,2.81363188565163e-06,0.00195125143918174,0.000925316117113191,7.55842434580635e-06,0.000188357519206152,0.00723865115690273,0.0262481980009036,0.0307737327859385,0.0115638014605861,0.0005813260379202,0.000565523716313719,0.0215131999185547,0.0186710947257573,0.000704410613723273,0.00583385228826516,10
0.0131672304256118,0.0194816759086816,0.0239566795643894,0.0111680689872915,0.00065849947939153,0.000677611414504924,0.0366143146353174,0.0114464007610024,0.00063019245005439,0.00874490019053078,0.000173787927567694,0.000381226459215233,0.000576775713353568,0.000125279564115324,4.35172102353443e-07,4.61460350410097e-07,0.00134612873324129,0.000131678291435502,3.99073727580504e-07,7.67225759441421e-05,0.00994823943673125,0.0156971371606877,0.017362163704897,0.00703474429498606,0.000450750670521484,0.000439267369916594,0.0298912681383767,0.00936475169556188,0.000461757655803146,0.00652203986100983,0.000346291760772172,0.000758855724468186,0.00114780832961107,0.000249376547625081,8.66602691251386e-07,9.18034218023058e-07,0.00267991671108782,0.00026203847348048,7.9395981074362e-07,0.000152804783002186,0.0105285593148416,0.0149457122650443,0.0177638047778606,0.00829041116517528,0.000408631935666587,0.000481282155402201,0.0189050103729118,0.00650324757696979,0.000630900975827838,0.00617057916238207,10
0.00344361723713182,0.00209285854058259,0.00143551416178698,0.000351856566909407,0.000151486663810441,5.48255816590281e-05,0.023901143251682,0.0146833087241138,3.65979808750166e-05,0.0021362986301404,1.19178034809307e-05,4.38316388051624e-06,2.070403909507e-06,1.24156346080186e-07,2.30326850457048e-08,3.0046859996986e-09,0.000574044228238352,0.000216490899480923,1.3266330815812e-09,4.58387625721361e-06,0.00260483734486027,0.00144317242376626,0.00105785423734993,0.000184514359143778,9.17257972901925e-05,3.92945549692431e-05,0.0196136908954016,0.0114789165160214,2.65872695474107e-05,0.00158337692586322,2.37166002640601e-05,8.74105868065558e-06,4.11917174683075e-06,2.47338013825374e-07,4.58651189117635e-08,5.99545215604423e-09,0.00114241522483496,0.000431000994508405,2.65936643592088e-09,9.12464815052424e-06,0.00213054093048717,0.00231588708395016,0.00142627787302231,0.000169996961573825,0.000117279793522722,5.34364752494735e-05,0.0138672807059547,0.0111757553434218,4.05511162655241e-05,0.000809403913002166,0
0.0023458080526049,0.000257904401109295,0.000715455354418351,0.000397413039578769,0.000326981814578553,3.06479125146456e-06,0.0183819276511959,0.0103378113717164,1.95217413046897e-06,0.00337995661978998,5.52998924495124e-06,6.67150355105701e-08,5.14179972086612e-07,1.58669170152893e-07,1.07453353301293e-07,9.43087074161713e-12,0.000337820843668344,0.000107353311344011,3.80368743642796e-12,1.14815099549158e-05,0.0013838283834543,0.000119925320783945,0.000420412409966615,0.000168765746143888,0.000120567456690364,2.18697417572253e-06,0.0155548705923062,0.00825519330724519,1.41259465834605e-06,0.00232796568697463,1.10051457621187e-05,1.32646496804238e-07,1.02237887519779e-06,3.13390784835917e-07,2.1383317161935e-07,1.87760658328142e-11,0.000674017734118834,0.000213658526716542,7.59545805603627e-12,2.28401350218712e-05,0.00115228050128944,0.000124118801376419,0.000230728773586753,0.000101142172623143,6.75412896898883e-05,3.3933385470082e-06,0.0103248817811983,0.00710602193842918,2.15975742279324e-06,0.0015054338341543,0
0.0113924126425827,0.00316073599061147,0.0178393419334255,0.000954641688163933,0.000559552874254978,0.000878987817230034,0.0240645786700242,0.0169085764668173,1.05574193085026e-07,0.00568775551954558,0.00013040400656044,1.00163087144612e-05,0.000319660908959933,9.15452086178087e-07,3.14671311542783e-07,7.76441843049559e-07,0.000581833561225622,0.000287226288400055,1.11825058055899e-14,3.24903957664137e-05,0.00806722785381482,0.00165953938570957,0.0130018903341992,0.000564823138602078,0.000263564086502636,0.000413054479945,0.0201204894098204,0.0134728757572725,7.55091338620068e-08,0.00416397435494977,0.00025952529271196,1.99505048107129e-05,0.000636299482623853,1.82221517431235e-06,6.2175153958952e-07,1.5449087833722e-06,0.00115792189858016,0.00057167683913324,2.22718066353169e-14,6.46555216933426e-05,0.00767836283256921,0.00147578808395902,0.0126853529030799,0.0003530907149713,0.00015799477340229,0.000308161247279755,0.0124602888714047,0.0104277958410168,1.16723437172728e-07,0.00256247043510429,10
0.028397582176195,0.00199287119266374,0.0173679466737125,0.000438334382291308,0.000642751876115218,0.000461263195912657,0.0199039802939901,0.0245892868012429,0.000230296051708712,0.00291133277484859,0.000810107087767075,3.96128052821172e-06,0.000302804135446224,1.92872893258933e-07,4.15203043152665e-07,2.13832553723823e-07,0.000398076569965146,0.000607664555251656,5.33027514147933e-08,8.51221088950026e-06,0.0208082967159002,0.00146839343970843,0.0133821900739134,0.000234766055748137,0.000327767969831253,0.000227016955917399,0.0162861603084086,0.0192076924374366,5.38013425769921e-05,0.00178118442824735,0.00161245316462726,7.91217765008644e-06,0.000602899804627671,3.81471928051304e-07,8.25139234137406e-07,4.24429731468868e-07,0.000792254223849819,0.00120919023366196,1.05790087125355e-07,1.69421992595427e-05,0.0190775854181613,0.00162294033075571,0.0133367273576015,0.00019000894301474,0.000186479003184618,0.00012859150413479,0.0107618353579751,0.0153613154384882,3.79849460876516e-05,0.00143203513931645,10
0.00394582071177858,0.000131021960048753,0.00122414334537367,4.85273074392928e-05,0.000466550032007422,7.50951398630694e-05,0.0251665825276772,0.0180543300957147,2.25258806432631e-05,0.000960726010165182,1.54553247669958e-05,1.69528225123472e-08,1.47118778834634e-06,2.34763704288427e-09,2.18754537146629e-07,5.6154095617771e-09,0.00063647432264099,0.000327552411422186,5.09839380103359e-10,9.25944520647838e-07,0.00266634206509556,9.52102481048948e-05,0.000843775412315478,3.46763301636868e-05,0.000217466344441429,3.54809844409845e-05,0.020857323654552,0.0139055866541846,1.63190573225573e-05,0.000560111315843902,3.09436977611852e-05,3.4034350021739e-08,2.95601059929458e-06,4.69078673354054e-09,4.34229464961436e-07,1.12262456440411e-08,0.00126654933096178,0.000651867735269588,1.01467184182027e-09,1.84430828763484e-06,0.00199917813875596,0.000145465736363262,0.00107415607321363,4.66982885210334e-05,0.000127753126959098,5.35270304862874e-05,0.0131202143034745,0.0128303514126219,2.36580058644937e-05,0.000393850304949752,0
0.00361244005055795,6.97777041067326e-06,0.000713414326654563,2.65081339003354e-06,0.000456622122366022,0.000229947298162999,0.0298748391953411,0.0121697997779029,0.000501338898048654,0.000784530421037121,1.31025764992286e-05,4.84659599041105e-11,5.11446844311369e-07,7.01480386074681e-12,2.09551509935687e-07,5.31354549738004e-08,0.000896276503036602,0.00014884775401641,2.52572709537948e-07,6.18422115415497e-07,0.00238938633203607,5.06056110820853e-06,0.00040034880204504,1.9200719448468e-06,0.000186968532540368,5.24112642192301e-05,0.0244890082597855,0.00965278151169942,0.000167697482914137,0.000482880210589398,2.60853570600506e-05,9.69107071541479e-11,1.01679107048863e-06,1.40061841208837e-11,4.15933460084376e-07,1.05463853589879e-07,0.00178421724499038,0.00029617489889968,5.02392572702433e-07,1.23081792420775e-06,0.00143009778430255,7.72234735120325e-06,0.000253004814602204,2.93700217185821e-06,0.000124663817540016,3.70541776691052e-05,0.0253071962658543,0.0069848499410269,0.0001068723461857,0.000275025133341993,0
0.0122013353609806,0.0114954038521745,0.019965742728857,0.00671221892050207,0.000610024155886578,0.0010516562913861,0.0277152817285123,0.0271113671273661,0.0039036546777111,0.00591274112934158,0.000147666239197224,0.000132754070796037,0.000400274745423311,4.52761200353626e-05,3.73998431303808e-07,1.11148663528359e-06,0.000771777223173454,0.000738718153114534,1.53128836209224e-05,3.48961304828637e-05,0.00819919581248091,0.00694741658236406,0.0124868229033988,0.00395876862977281,0.000323367554293077,0.00051062737389107,0.0218743693915256,0.0184496142488751,0.00209623597852105,0.00333363089424609,0.000295795080966407,0.000264205168451702,0.000796900894306482,9.00939591054019e-05,7.43968649216672e-07,2.21168525081222e-06,0.00153605515734921,0.00147002403971737,3.04746543644153e-05,6.96753373437814e-05,0.00574630643765301,0.00701399877845883,0.0116338717921961,0.00406720840857991,0.000183888637948334,0.000393083626347152,0.0150967989278965,0.0177494195114718,0.00201706228021058,0.00272533349113284,10
0.0219844961982689,0.00197043122351711,0.00986992198222718,0.00429536923175583,0.00083705764835234,0.000499023145890774,0.0320890079480438,0.0163121953623469,0.000588200129009633,0.006468184919089,0.000483896528880655,3.84265112207477e-06,9.77315219120444e-05,1.85073278244029e-05,7.04184030155306e-07,2.50173966236578e-07,0.00103323795327757,0.000267423970229491,3.46098694530453e-07,4.18577522347482e-05,0.0175368574636275,0.00137418923996143,0.00757038246146258,0.00280679868494534,0.00051874209968014,0.000290104255860885,0.0262141699473747,0.0138372603083322,0.000433953359122781,0.005278303823743,0.000964783819190025,7.70545535031557e-06,0.000194658031408357,3.68635202175565e-05,1.38377926720296e-06,4.9794364000613e-07,0.00205770159640717,0.000532161456452205,6.90337077258411e-07,8.34858607699602e-05,0.0169868212960332,0.00179709420386174,0.00577678921493291,0.00167336774562548,0.000268675132382452,0.000279038231229282,0.0176779628240003,0.0125744757767779,0.000676975550495385,0.00422036601469217,10
0.00341976567019294,7.90616299322249e-05,0.00134631326138356,0.000991254582813455,0.000737108190869223,0.000322643400402925,0.0270720715259655,0.0130043123225191,3.89065972756123e-05,0.00119333837993004,1.17358482020708e-05,6.17501791820796e-09,1.79433675969633e-06,9.73960106338661e-07,5.45836500784378e-07,1.04616979133159e-07,0.000734876906294332,0.0001697969256737,1.51980229523177e-09,1.42827404252879e-06,0.00235256822429301,5.07299290202909e-05,0.000953836806599596,0.000697768441083897,0.000400520137357586,0.000125913441748416,0.0216501192788446,0.0109003848533596,2.70802150640386e-05,0.000845100124279873,2.33584939081615e-05,1.23945470119228e-08,3.59779869432791e-06,1.95130330134953e-06,1.0861112998596e-06,2.08192652103466e-07,0.00146408025648249,0.000338060025286329,3.02582984448131e-09,2.8402656529114e-06,0.00212346003902415,8.23244602222265e-05,0.00142402514196645,0.00110536334885281,0.000242709207836138,6.88386225826413e-05,0.015510133707536,0.00730122265550733,4.30320902127415e-05,0.000565859723418794,0
0.00550954792518387,0.000230987095206364,0.000558560525331319,5.77894326011846e-05,0.000463406813207372,0.000230138248428048,0.0258737466538304,0.0122515689355878,0.000231005753948274,0.000692015603591899,3.05028749626582e-05,5.36223474983445e-08,3.13363764461466e-07,3.30494936326524e-09,2.15742489585538e-07,5.3227411021126e-08,0.000672769895684794,0.000150600621815334,5.36307669993516e-08,4.81241760112394e-07,0.00403994954982561,6.19509397005346e-05,0.000276002235363791,3.97313876339512e-05,0.000205720134334918,5.82059101554735e-05,0.0198982551057884,0.0100799086021036,6.16066766558197e-05,0.000348742383139613,6.07019579076765e-05,1.06436542869741e-07,6.19238307462111e-07,6.62793396552231e-09,4.29408568813875e-07,1.05653111877784e-07,0.00133878883066708,0.000299948351822868,1.06453138250066e-07,9.57531364481319e-07,0.00339699221442392,3.62029195678967e-05,0.000162526308213048,6.39804258771884e-05,0.000127156780977028,3.62317585158453e-05,0.0156216043030245,0.0082644190002368,3.64277421084505e-05,0.000279773951552068,0
0.00587134577402785,0.0451871808627992,0.00162107810784763,0.000230900047843141,0.000553488201420433,0.000289894552290481,0.0224952892207769,0.0220933534154921,0.0232092058177668,0.00465353209040648,3.4618008728396e-05,0.00204970103092475,2.63267481943232e-06,5.35827255474989e-08,3.07802896683663e-07,8.42377392214298e-08,0.000507876274714344,0.000489398363547814,0.000540181551416289,2.17519946947775e-05,0.00378349390552221,0.0146751364591366,0.000742464517965566,6.1034520228253e-05,0.000258634684654711,8.62321601696658e-05,0.018617107459154,0.0148672538209005,0.00832304825016058,0.00304275461200572,6.89101762829018e-05,0.00408133007100683,5.2426329819948e-06,1.06349826163538e-07,6.11291085831925e-07,1.67026737298456e-07,0.00101137489244538,0.000974910434892611,0.00107614122448856,4.32980889810177e-05,0.00276091360774837,0.0215034540523394,0.000489340195433677,3.57895927507223e-05,0.000155293263300735,6.28679288992693e-05,0.0110342014891916,0.0104059537798536,0.0110472126625605,0.00215914108606911,11
0.0294617680007671,0.214565774072687,0.0954447283260739,0.0232197344441755,0.00164803129852868,0.00439929734872457,0.169144138716515,0.0982547551145462,0.0925750509649678,0.0532376815621936,0.000870670562932116,0.0462212367789553,0.00914970342875092,0.000541378003990105,2.72923997626556e-06,1.94500761694834e-05,0.0287510358428717,0.00968506267217932,0.00860567284274183,0.0028484064986972,0.0237450797461447,0.162461433229452,0.0712970401504278,0.0175988077396474,0.00103994480868562,0.00260606562615319,0.114707433517816,0.06984218058739,0.0698212023333737,0.0338277774877589,0.00173430866155028,0.0920271174557236,0.0182136343103692,0.00107782363684888,5.42761182476982e-06,3.87063333036638e-05,0.0572169474120816,0.0192903756442623,0.0171325028917411,0.00566830027527827,0.0192814087825205,0.13887601738729,0.074395624836112,0.019743993337322,0.000627596869497517,0.00187067902946469,0.0865551669863573,0.0627569138361332,0.0589327424839801,0.0229766374591568,11
0.0104221468161366,0.0349858223301376,0.0155325584058291,0.0042915331637066,0.000414918408972652,0.000343367228924846,0.0272464897681627,0.0233884424450682,0.011532872447846,0.0123830282476585,0.000108010055740474,0.00120459517697834,0.000237724314305288,1.80728315100415e-05,1.72871930771655e-07,1.18113518072955e-07,0.000746000711054871,0.000542243678231884,0.000131321833879324,0.000154099147956911,0.00778895344865637,0.0251431007359106,0.0112951644732606,0.00313590235099134,0.00021088614412168,0.000249533957846483,0.0208655553012763,0.0187689549040581,0.00868989090860838,0.0100303336418288,0.00021606723519564,0.00242257209546359,0.000477795288439844,3.63996840969027e-05,3.43880916214907e-07,2.35417584371532e-07,0.00148453055783313,0.00108650146814835,0.000263671930940797,0.000306662993469363,0.00774483960807218,0.0400115545565094,0.0174671367773317,0.00482809473136576,0.000162821374985446,0.000383609321671644,0.0152376740401149,0.0215588505989595,0.0135632400360095,0.00921645726649277,11
0.00370648591556708,0.00203839396768365,0.0010287739111221,0.000223700919644707,0.000677080718002943,1.9338154235422e-05,0.0280389871055571,0.0165090929323257,0.00460821342576559,0.00708973105091361,1.38036240884631e-05,4.06646430016718e-06,1.04791054824988e-06,4.9047094447081e-08,4.60645852832889e-07,3.75660943264589e-10,0.000789572409859474,0.000273919562292825,2.13421603484311e-05,5.03943702070309e-05,0.00286216163140021,0.00145627852332167,0.000747743425750556,0.00016137938679087,0.000395504346011044,1.37344274805325e-05,0.0222708338800795,0.0132842158467271,0.00207723721423962,0.00578341948605709,2.74705142724621e-05,8.20103815665067e-06,2.10104581647647e-06,9.88433208631729e-08,9.16502427476758e-07,7.47722439256461e-10,0.00157176759996023,0.000545095130964101,4.24703989169489e-05,0.000100383041978678,0.00250054548965406,0.00224969253965643,0.0009529882908876,0.000247778936772211,0.000211720282179045,2.13773758757806e-05,0.0146757412688969,0.0092189976911604,0.00165309582594975,0.00420321562949076,0
0.00613686794229529,0.047498818408015,0.000558244818723856,0.000228824632829078,0.000408419619364755,1.05526642240431e-06,0.0265276529727288,0.0223948660835789,0.0279344013937939,0.00719802504627225,3.77996687318411e-05,0.00226391832935524,3.13089668740414e-07,5.26117241270584e-08,1.6757178646943e-07,1.1188041952553e-12,0.000706089420207841,0.000502596530992973,0.000784248834068065,5.18745616480982e-05,0.00396303672485741,0.019364544119045,0.000271902126310937,5.30434313501998e-05,0.000190264799061824,7.37654383555998e-07,0.0218478032101303,0.0162220912728873,0.0130345799229902,0.00554767992772519,7.52639003946488e-05,0.00450868311967576,6.23161202536676e-07,1.04441347957088e-07,3.33263924808147e-07,2.22672434321841e-12,0.00140609837178613,0.00100160989797011,0.00156065650598926,0.000103426752504148,0.00315433493269584,0.0264277011912921,0.000169806926460052,3.69966985432401e-05,0.000102626060649613,1.16650081486376e-06,0.0136405397474256,0.012872430216914,0.0134809875255284,0.00391610986197308,11
0.0195359852364429,0.0796388420541097,0.00821194504426734,0.000507616846237797,0.000603263408213208,5.73700300197408e-08,0.0292576083242299,0.0889769034857066,0.0688458833229864,0.0232300484906726,0.000383383073959604,0.00637095743613701,6.77718464299962e-05,2.58962666190911e-07,3.65617972875709e-07,3.29778540207298e-15,0.000859739815587349,0.00795352455687827,0.00476345024313015,0.00054205963374252,0.0152124382291881,0.0624871921742822,0.00664310160816905,0.000220451348028376,0.000338860547681265,3.96195284962443e-08,0.0237255792919575,0.0727545552414005,0.0550956708677433,0.0193329209775226,0.000763071476173499,0.0126814242475803,0.000134867065154839,5.08657662151978e-07,7.25212722836327e-07,6.57242056665833e-15,0.00171144440444254,0.0158298867265093,0.00947842092134221,0.00107893142620036,0.0109777778201689,0.0428601328691278,0.00445797940439358,0.000143118525347069,0.000173304375229203,6.34392571897313e-08,0.0140879779001429,0.0709185540212296,0.0363668596363614,0.0149456230905898,11
0.0131274317991231,0.0455494291678751,0.00218300020552252,8.95186705837975e-05,0.000599771273153923,3.08975869537131e-09,0.0261157084097444,0.0377888147219558,0.0192140124499783,0.010422352810746,0.000172679057525009,0.00208515652088656,4.78470016310861e-06,8.03102643384295e-09,3.61350650096697e-07,9.52097820764761e-18,0.000685083140402298,0.00143473310867168,0.000370933254075451,0.000109039353617895,0.00780945679899204,0.0299258010237592,0.00150717995499339,5.98335166088017e-05,0.000323231800974972,2.11985622218855e-09,0.0201603641266391,0.0274636741588679,0.0143742628377593,0.00833353395551715,0.000344142306524606,0.00414947397601199,9.52590254174996e-06,1.60034008016088e-08,7.16776786996264e-07,1.90195103366005e-17,0.0013636878207123,0.00285551185697539,0.000738256770742629,0.000217117686671316,0.0102110016079723,0.0237666302368979,0.00169667768050597,6.62106770708414e-05,0.000169123622046801,3.41864226405165e-09,0.0128897705779549,0.0341565462178343,0.0172134248245999,0.00474502558047431,11
0.00694156158246608,0.00409668462442079,0.000651640685034037,0.00022981878514186,0.000605673015281409,1.64282193036532e-10,0.0295438235421146,0.0163377130393116,0.00177793674303811,0.00911489903947334,4.84079799367895e-05,1.68345985138151e-05,4.26387989372537e-07,5.30747716858821e-08,3.68577119408918e-07,2.67629731491219e-20,0.000877204243598105,0.000268261323274109,3.15986466372202e-06,8.32506227204858e-05,0.00491388402955891,0.00285416370783891,0.00036557947935715,5.27222613369254e-05,0.00033152402250509,1.12806373911803e-10,0.0232214568429289,0.0134270153741261,0.00135484688964902,0.00730901223927519,9.63512154106355e-05,3.35322546262524e-05,8.48891204957626e-07,1.05345847856066e-07,7.31137435684833e-07,5.36167999440301e-20,0.00174565326531766,0.000533803727708971,6.3050030357316e-06,0.000165915549479455,0.00375221258332857,0.00455606382195151,0.000218900016297941,3.60752325940743e-05,0.000184946558581042,1.81899650883846e-10,0.0129762403944594,0.00937886009733692,0.00181298228357509,0.00364743031298122,0
0.00661767235330444,0.0623376366558709,0.00201622241893603,2.73527738929947e-05,0.000518203819812488,8.61166564056539e-12,0.0244648513953006,0.0282534284096043,0.0250553909720455,0.0085108206438071,4.40126703559421e-05,0.00388962855702777,4.0768858912397e-06,7.45329885508682e-10,2.69640834975661e-07,7.31025680923461e-23,0.000601305962122927,0.000802098652246677,0.000630272171176175,7.27774271249644e-05,0.00424506364053156,0.025557225769864,0.000714684541779215,1.9914200163599e-05,0.00026024147091494,5.95432823137836e-12,0.0197354876157187,0.0182748538761018,0.00996506076877173,0.0066466977732499,8.75856709378268e-05,0.00775613463507623,8.11991321898802e-06,1.48974736426006e-09,5.36563079974715e-07,1.46896061610926e-22,0.00119679489227828,0.00159634121942036,0.00125487417332875,0.000144847055094798,0.00408013325300862,0.0273256219174903,0.000685107880202077,2.82643344928622e-05,0.000148016599679615,9.54230059683169e-12,0.0120568953241147,0.0216708200770857,0.0128877446904353,0.00388181485558064,11
0.0443149519858304,0.21914993242043,0.0241986980970131,0.00673719282265537,0.0019723576279789,0.00170420204609521,0.0388516521182666,0.143516167328516,0.074854353120375,0.0277528691685446,0.00195356915680444,0.0482149867887832,0.000587372139465802,4.54031919130671e-05,3.90234183461662e-06,2.91109770044182e-06,0.00151697237295314,0.0205330223424474,0.00562607678557983,0.000773259089933137,0.0287703601701212,0.171124953268303,0.0163689116840275,0.00362255312402056,0.0010033930354188,0.000709833292157024,0.0290993268106448,0.0967676348993638,0.061042681675376,0.0206799414028,0.00390758599124127,0.0959991475721832,0.00116995833708369,9.05655893805606e-05,7.77199296686348e-06,5.8006343600553e-06,0.0030187751082722,0.0410271995789165,0.0112011203196899,0.00153958746827948,0.0237395444727099,0.154288677496492,0.0154915610261769,0.00362070795228144,0.000777711053453971,0.000833173261604662,0.0232764225283639,0.0867180734191652,0.0518301792663069,0.0175172880154692,11
0.0329024246787739,0.0953026986478658,0.0166443372596888,0.00395775136986243,0.000827974127524273,0.000758770344104581,0.0263769945793898,0.107752851650194,0.0443722042271175,0.0152754229324746,0.00107223226137649,0.00902964286366599,0.000277570614533472,1.55459378800219e-05,6.82331021909427e-07,5.71322751891037e-07,0.000699239191311403,0.0115122092862129,0.00197294029442427,0.000232762315196549,0.0243410159334275,0.0650850209792352,0.0125833469174694,0.0029302199727881,0.000585420078487689,0.000545932578222693,0.0213930508242214,0.0769024790308833,0.0296274606263326,0.0108843506355447,0.00214943716312759,0.0180670422608368,0.00055320980197989,3.11314472007897e-05,1.36416335765221e-06,1.14419847960307e-06,0.00139145963420111,0.0230653172519409,0.00393194495930097,0.000464842729586549,0.0376152425113232,0.0983791589810148,0.0174287947323994,0.00439181744151307,0.000764264737850815,0.000750744111332291,0.0127139355341674,0.100852971365066,0.0357003421558308,0.00818788264723613,11
0.00355827060467123,0.0073397957678373,0.00165168206728445,0.00027106600272074,0.000567892293729965,0.000235620390579902,0.0234748992523127,0.0162705158520627,0.0040667215231884,0.00725611398989579,1.26124295150616e-05,5.25807267903623e-05,2.69706854845353e-06,7.34999829099443e-08,3.24075825430175e-07,5.57930654410191e-08,0.000553655470307931,0.000265965982037344,1.61739876086072e-05,5.27625011545916e-05,0.00271600907841292,0.005224795051879,0.00118659870694666,0.000186230269072895,0.000310272633692716,8.26649090038159e-05,0.019331235793115,0.0130425868940552,0.00290931383929913,0.00579086643793301,2.52093153033734e-05,0.000106190370029899,5.40972370749239e-06,1.46605073988503e-07,6.44956264509743e-07,1.10742233654227e-07,0.00110182152061281,0.000529355906201125,3.26313397753084e-05,0.000105149491143128,0.00370170428979556,0.00817245379852745,0.00171964108638724,0.00029938912252102,0.000170235620497027,4.69403135575345e-05,0.0115102654313517,0.0115637110389822,0.0045673082468709,0.00489648078768832,0
0.00219637011326752,0.000498079518018802,0.000468802891030171,0.000461404236014702,0.000751917700087095,7.12911611314872e-06,0.0172483011246271,0.011286140758499,0.000214904635554508,0.00521814355659462,4.82222369943569e-06,2.45168712161685e-07,2.20725015772583e-07,2.13947657353259e-07,5.68016900496772e-07,4.98614882550806e-11,0.000298996709523849,0.000127998238653803,4.50356208407109e-08,2.73576069620417e-05,0.00143901248981878,0.000344053513925363,0.00023423390508697,0.000208077481697154,0.000456118863573371,5.04047502894193e-06,0.013744379708107,0.00898772344171057,0.000152901029358719,0.00393784891649302,9.61685914044004e-06,4.90999048761762e-07,4.38179931702737e-07,4.21344019078569e-07,1.13025507571139e-06,1.00435995712374e-10,0.000595002562770604,0.000254698667257276,9.09944132646252e-08,5.44442269222401e-05,0.000964345993085164,0.000442950121433624,0.000142829960071119,0.000129161988719453,0.000218542378533708,7.97694348685081e-06,0.0101667464704949,0.00712326545915078,0.000238457935308082,0.00352721905801702,0
0.00283015970416475,0.00984144022164323,0.000908550565207148,0.000231821153734355,0.000713948205665321,0.000230105112472188,0.0164271591980236,0.0125408904726315,0.00872257832646346,0.00426648963634725,8.03461842673636e-06,9.6668866190658e-05,8.29367978654297e-07,5.40069270325301e-08,5.12210177941787e-07,5.32128048535422e-08,0.00027120587578646,0.000157296292275236,7.64496831470083e-05,1.82917230844707e-05,0.00178129232532733,0.00171471647597445,0.0004022101977793,7.08191583327399e-05,0.000399799331811948,5.28990497021297e-05,0.013155633327771,0.00944047329068381,0.00185152895935346,0.00327186615232748,1.6003597530495e-05,0.00019301347915006,1.64872214163042e-06,1.07206788286103e-07,1.01496386062208e-06,1.05625305392211e-07,0.00053969944294808,0.00031378320729658,0.000152135609412891,3.64000768636081e-05,0.00121469954320388,0.00264150981838381,0.000254491181936181,3.83878471509787e-05,0.000215385349913832,3.77320027808951e-05,0.0108095888146258,0.00519065241074193,0.00285173626329291,0.00182182254815635,11
0.0416585569184642,0.252369537224239,0.0371679924138557,0.0145347865870545,0.00870285840934019,0.0077480894812118,0.0519171207167259,0.232591472431472,0.135857192983828,0.0734776954956511,0.00174329365409159,0.0640059381358746,0.00138725285840604,0.0002119783654055,7.60800567802572e-05,6.02561897397643e-05,0.00270828864045709,0.0543287473849611,0.0185381738930319,0.00541133089811126,0.0296060537240163,0.187572649280852,0.0268074323808909,0.00971812115100887,0.00586632060181396,0.00580045355460478,0.0400670270242385,0.16598367123073,0.10172091690052,0.0547378631140219,0.00346986864597929,0.127373954261933,0.00276170154134269,0.000422170309865013,0.000151439139989239,0.00011998661778325,0.00538985475833771,0.108153635549752,0.0369026306152089,0.0107832458735059,0.0241027048516783,0.169041902431776,0.0253557898516293,0.00849373291367529,0.00539533337616442,0.00488200166645117,0.0348904980239746,0.152704061487422,0.0905433187001462,0.0478016012442809,11
0.00727487318332884,0.0200796702780891,0.00681956554849261,0.00376844924797912,0.00130626644904678,0.00180009677003759,0.023742948624077,0.0491959317080402,0.0231170972350796,0.0267776388931938,5.20072025036029e-05,0.000397523264658388,4.57019378500943e-05,1.39700583580031e-05,1.67416933204247e-06,3.18814809758233e-06,0.000565751633648033,0.00239602223992711,0.000527695392504676,0.000708091306587407,0.00553184843682644,0.0148163535879496,0.00490760218668763,0.00277683892702976,0.000958178555886879,0.00130639539203027,0.0195533739994859,0.0358258867712437,0.0167552888463743,0.0194750838384595,0.0001046564870583,0.000798724496615407,9.19796295309469e-05,2.8101258438787e-05,3.37213018854979e-06,6.41254206876694e-06,0.00112663614598636,0.00480426553897882,0.00105945382447402,0.00142159062098449,0.0066270520051332,0.0229114888554559,0.00763579766534662,0.00432463728909384,0.00141151285858399,0.0020318420496885,0.0157526311719546,0.0480862674772878,0.0265994673533745,0.02876389234736,0
0.00202541675229983,0.00114564500503966,0.000822376100966504,0.000310679103343004,0.00071729871286426,9.85459849156331e-05,0.0186619641867028,0.0134801054531617,0.0014245326135849,0.00398531393514164,4.12264292592309e-06,1.29482280615243e-06,6.74998334702063e-07,9.58795444859039e-08,5.17085623962782e-07,9.49891944624242e-09,0.000349925501853384,0.000182544801785845,1.99000028553551e-06,1.59515593646924e-05,0.00133200396527609,0.000830285736937323,0.000565543297717959,0.000199435819558248,0.000413533154919268,7.06131213500966e-05,0.015332045267767,0.0114429415225854,0.000995187302881877,0.00299861836923767,8.20400611702266e-06,2.60081733571914e-06,1.3475953134784e-06,1.91639027193694e-07,1.02901657018814e-06,1.91626626435343e-08,0.000696410362066704,0.000363341374439436,4.00931742013594e-06,3.17531589029959e-05,0.000705679874019499,0.00126920692244559,0.000397847174289344,0.000246563809776569,0.000194820188765306,0.000109237153206027,0.00788938399240327,0.0109417397475036,0.00157939970740402,0.00208468017210754,0
0.0154992395934709,0.1196199644303,0.0133149661729834,0.00331906518363761,0.00110726158136272,0.000978272389538556,0.0290437863646217,0.0717032547993072,0.0520443139516029,0.0586581287887296,0.000239682140624981,0.0143023004127116,0.00017670980476384,1.10073687440178e-05,1.23175432275322e-06,9.60818272453268e-07,0.000845275134538172,0.00509641869703942,0.00271184550061796,0.00343195032950355,0.00887036606765937,0.0690246063019544,0.00646301581798078,0.00109446506482281,0.000637250760745527,0.000294602043429259,0.0234246610647057,0.0402062979488178,0.0304930878268075,0.0247349623488394,0.000478689298736252,0.0285394428526471,0.000353114237842806,2.19645914605637e-05,2.45144318496336e-06,1.91154253565954e-06,0.00168456565626745,0.0102116809098569,0.00540674166386363,0.00685547006182993,0.00783133722132572,0.0789762814183186,0.00574892839447614,0.00132025841707492,0.000414962327050273,0.000396926078339783,0.0180815796331658,0.0384328427705635,0.0269010277564614,0.0292305791165705,11
0.0289790990344183,0.114239350011291,0.024441084569882,0.00392078877320855,0.00075087438212275,0.000495668548119017,0.0317129084199146,0.129295139997749,0.0647311794324159,0.0478683920863182,0.000842172231029357,0.0130612816080023,0.000598781938888846,1.53739058256985e-05,5.66181690741745e-07,2.45696207279307e-07,0.00100733272253944,0.0167021742575261,0.0041963954247434,0.00228086686852876,0.0232748188723863,0.0728908001491943,0.0186387410696814,0.00285510963815975,0.000472471832790232,0.000348682112718853,0.0255875623550504,0.100433076061431,0.0498153841856107,0.0356062727563443,0.00167768374004085,0.0260457220895585,0.00119313526121597,3.06672028581298e-05,1.11420761163162e-06,4.90130838293529e-07,0.00200799439310027,0.0333356457120309,0.00836530676795434,0.00456067375151495,0.0276844237775705,0.086630181184395,0.0216622337559918,0.00306144281013707,0.000325372877558838,0.000379581558410646,0.0239365779267994,0.12293546040018,0.0485481517441658,0.0480253964972678,11
0.00472936390029405,0.0115542533305456,0.00203296022287397,0.00047749395656044,0.000511073445412946,2.77868064273993e-05,0.0219442030060862,0.0188452420646775,0.00418884516681645,0.00977413555513134,2.24783274146042e-05,0.000132370765297392,4.15087094253384e-06,2.28731794397711e-07,2.62498819928894e-07,7.7002504979351e-10,0.000483959786187236,0.000356915576276283,1.73025324471664e-05,9.56227054757326e-05,0.0034158160082064,0.00836000617837395,0.00147420548210177,0.000296965061234547,0.000221449277914951,2.01623193964933e-05,0.0179327385978736,0.0153447421942016,0.0027610855438598,0.00774565452032587,4.47295727558261e-05,0.000265207332581393,8.26213836114342e-06,4.55365273613757e-07,5.19923947421783e-07,1.53824411146322e-09,0.000963085106240319,0.000710260130581222,3.47607144851759e-05,0.000190665139721763,0.00302633722420387,0.013356749240732,0.00212045460449353,0.000289300175099464,0.000150358626042004,3.08052229289279e-05,0.0106703855347371,0.0171656627834164,0.00388767841968317,0.00618394343320576,0
0.00633805294558521,0.000694044174678522,0.000617780363849314,0.000235050692319877,0.000513354651824646,1.51074530694385e-06,0.0203080978459967,0.0146251689717899,0.000312511102298689,0.00689874224282426,4.03669969613865e-05,4.72245315660932e-07,3.83569923310049e-07,5.55263408243947e-08,2.6485717436251e-07,2.28895217890649e-12,0.000414091112120865,0.000214820640343891,9.70583580483815e-08,4.77931362050054e-05,0.00450542018655661,0.000485216566009638,0.000336109112339854,8.63182837407583e-05,0.00023297752904883,1.08194731770782e-06,0.0156319266608552,0.0117301006644192,0.000192714184139904,0.00544648335444773,8.033281961402e-05,9.5157549312453e-07,7.63109225626277e-07,1.10215150037895e-07,5.2679082574779e-07,4.55971805760794e-12,0.000824407721852461,0.000427641727498968,1.93936727367513e-07,9.5144942558284e-05,0.00362562098990615,0.000769490729335659,0.000176179968234915,5.60810865467999e-05,0.000133333704342908,1.67036933653301e-06,0.0122838202193561,0.0100572019501131,0.000241393670818671,0.00326573369064268,0
0.00620139790480923,0.0608657264367731,0.00752247923983517,0.000231326021381321,0.000605395107310022,0.000231367440746308,0.0192440490679479,0.0375619856081226,0.042158860122957,0.00957647082396725,3.8595467688898e-05,0.00372162084242517,5.65579406051094e-05,5.37787640221251e-08,3.68150332819973e-07,5.37998450449291e-08,0.000371282872393975,0.00141797231708782,0.00178504580680675,9.21084096526557e-05,0.00445923300757657,0.0304134746702544,0.00338067477231849,6.82792295971206e-05,0.000308148783479179,6.8237532133865e-05,0.015637840080158,0.0251080299551307,0.0242124425520703,0.0077538904746848,7.68484982125197e-05,0.00740718244360416,0.000112767491772664,1.06743732014836e-07,7.32541324320468e-07,1.06784676478632e-07,0.000739426288281239,0.00282123344822636,0.00355336292467487,0.000183356457547651,0.00300604553734574,0.0336575919146048,0.00347710564182585,3.82459345242094e-05,0.000212995467035263,3.50344028766982e-05,0.00889355521187625,0.0189488380148116,0.021284455598005,0.00425813532410889,11
0.0239307595984976,0.117229873350513,0.0186010414199037,0.00443779759222881,0.000865810435259483,0.000291107431466865,0.0275219071282204,0.0973372103901798,0.0550613298802619,0.0242050428862499,0.000575258235883093,0.0138072818483545,0.000346588295987895,1.97918685063173e-05,7.53300528019807e-07,8.51198809831712e-08,0.000760975352292258,0.00951982159891793,0.00304286114516021,0.000588813309706268,0.0200502713575658,0.0948693975786749,0.0133917364191286,0.00254835895596645,0.000510979752791893,4.75167699143038e-05,0.0222957474866265,0.0764054084558835,0.0425573829722037,0.0171526489358675,0.00114503436971922,0.0274796579523959,0.000690852677923996,3.93861319193719e-05,1.49888425849566e-06,1.68572206142967e-07,0.00151462561751311,0.0189455182232763,0.00605938487371353,0.00117172490906821,0.0136620017816576,0.0735451131390315,0.00872847689458229,0.00203611553962195,0.000313917828503192,5.99912753071616e-05,0.0189624135562522,0.0750654566691422,0.0312421928937152,0.0155908538032246,11
0.00505500879101093,0.0231480248444264,0.00355180919919565,0.000456042764145049,0.000506858040385371,0.000139011297453317,0.0189594109850478,0.0155423682459736,0.00948406458920284,0.00637522753319163,2.56089126996258e-05,0.000537957661417255,1.24456162820711e-05,2.08068173225841e-07,2.58128223974302e-07,1.93762677374716e-08,0.000361247670293866,0.000241958269699285,8.96467924914835e-05,4.08475194598097e-05,0.00362882308780967,0.0168430631666128,0.00255708462486549,0.000316859893355435,0.000218102268101599,7.17087027078875e-05,0.0151577312267594,0.0123330694095381,0.0064804864566105,0.00490275032044527,5.10290350927131e-05,0.00107107160526335,2.49987366847643e-05,4.14993834781293e-07,5.11246557720875e-07,3.85895544518267e-08,0.000718897690439171,0.000482311879787354,0.000179139708557069,8.12829771371276e-05,0.00327780300730536,0.0254060475668551,0.0040359484876378,0.000505851875297765,0.000128859466873293,5.29559184328788e-05,0.0111660995914335,0.0117823204418794,0.010353524438635,0.00314803689006021,11
0.00310518305051183,0.00132064121800088,0.000687576728522231,2.43604924219033e-05,0.000405642465504817,5.56648206359554e-06,0.0195607533221125,0.0161360184241029,0.000499973591946324,0.00552955934253986,9.6566404161859e-06,1.74079020572289e-06,4.74999319168725e-07,5.92716756946181e-10,1.65268977811188e-07,3.08837528017948e-11,0.000384497368418883,0.000261089041806932,2.49783476763685e-07,3.07273641637627e-05,0.00231403202102581,0.000954330548239816,0.000428837933787477,1.67339155596888e-05,0.000187633980067397,3.83351252919745e-06,0.0155370685902506,0.0130538595549957,0.000343658845465416,0.00435593617755742,1.92495235874662e-05,3.47609182465044e-06,9.4313935709883e-07,1.18315553823196e-09,3.28720841325448e-07,6.17136194533248e-11,0.000765175603182199,0.000520153198582629,4.98494784507043e-07,6.11480419126152e-05,0.0012356731847693,0.00145796728162249,0.000227920649372296,2.69507312396422e-05,9.94104408114129e-05,6.18184751488218e-06,0.0128790243646385,0.0132379314795091,0.000553258989583179,0.00257966358509986,0
0.00750202636673469,0.0784940338164944,0.00560616159963809,0.000734945848379838,0.000460122525990118,0.000223061872832059,0.0200379069833997,0.0457044388458529,0.0378951019030777,0.0122017225587306,5.65632067781622e-05,0.00619182210506668,3.1586982301592e-05,5.41601711903471e-07,2.12774403674097e-07,4.99701309058525e-08,0.000403359085384339,0.00209602709195279,0.0014430426469066,0.000149571242129235,0.00478619590890903,0.0433223043417885,0.00257566458317739,0.000305779644379291,0.00019124566430167,3.18436429006669e-05,0.0163292625588833,0.0284809783723108,0.0209451284715221,0.00802822344347319,0.000112559024826568,0.0123218592944227,6.28500206219375e-05,1.07882731687016e-06,4.19010198323255e-07,9.92136057696351e-08,0.000802856480562707,0.00417443371392856,0.00287182706710342,0.000297703895479316,0.00376052697306199,0.0427963044099606,0.00262743708123879,0.000198433587956792,0.000127787261082405,3.55846742320722e-05,0.0118120227368937,0.0246719922155036,0.016992569454194,0.00517690427271903,11
0.0176810399343262,0.0944101052135578,0.0162898348566716,0.000969771704387848,0.000642085230554078,0.000332038753339774,0.0202627936164518,0.0841056147763347,0.0425827747782699,0.0219705859531061,0.000313902967439448,0.00895547170102911,0.000266690304203898,9.44104179948923e-07,4.14345153805778e-07,1.10788670097637e-07,0.000412359147233402,0.0071030470183537,0.00182203939028261,0.000485132241126562,0.0139080228730648,0.0665175310137575,0.0111795753003048,0.000614580269798376,0.000345814530916435,0.000139638768480536,0.0162951325515339,0.0652203910694575,0.0293804673615038,0.0165919571745924,0.000624889064546462,0.0178234230935943,0.000530715494427028,1.87950980418569e-06,8.20175325372332e-07,2.20484344949581e-07,0.000820836998173566,0.0141412845821056,0.00362547895839421,0.000965411949476623,0.0126931082300163,0.0522204293875188,0.0149404283302576,0.000565346477870401,0.000200888409723422,7.75534373742017e-05,0.0137021456979683,0.0559381567207257,0.0208181986540602,0.00996312360417788,11
0.0097832561984385,0.00697702476502702,0.000807125938091792,0.000400104999600787,0.000641514692822297,0.000232172337327607,0.018204707503043,0.0153035275616892,0.00548472137024712,0.0082203676140946,9.60140769920233e-05,4.8123083082368e-05,6.54416286369459e-07,1.60886289800754e-07,4.13606636456561e-07,5.41683468088535e-08,0.000332305621986307,0.000235334562137065,3.02171100295466e-05,6.78708662365478e-05,0.00701588889643805,0.00534137814041721,0.000566493996562898,0.000167044040776402,0.000355453552497988,7.3220188952621e-05,0.0145804132110686,0.0126458348920379,0.00398089245380059,0.0067751420315514,0.000191241814412568,9.65610785828934e-05,1.30241395098692e-06,3.19891115132015e-07,8.21972470340353e-07,1.07528566776504e-07,0.000662013984524833,0.000468300910366261,6.01470344619703e-05,0.000135095928607154,0.00560370997798572,0.00819392727212607,0.000507965332369057,9.84166352686337e-05,0.000196074448608089,4.52977554346543e-05,0.00787335366791247,0.00816209634967723,0.00620994557127854,0.00578776476751677,11
0.0217435806172547,0.000471884651038502,0.000647475678501578,1.93962767123309e-05,0.000510688048292576,0.000230801729124372,0.0168359365683012,0.0178383527562576,0.000403071696153982,0.00459423680104294,0.000475048730822507,2.22468894139178e-07,4.21253599380265e-07,3.77365179001518e-10,2.62112707938068e-07,5.35358360504154e-08,0.000284533859717438,0.000319771795373618,1.63130803989274e-07,2.11899200662688e-05,0.0178038165839963,0.000340887134746789,0.000339667058986967,1.49831093773785e-05,0.000237818667657375,6.17221541364741e-05,0.0125589046505043,0.0137687424487078,0.000237085395845849,0.00348556459639496,0.0009454567852076,4.44019791396361e-07,8.37283768293535e-07,7.51666664579924e-10,5.21306114564635e-07,1.06263871018581e-07,0.00056645208573271,0.000636367214414399,3.24586231945748e-07,4.21900393167837e-05,0.0155532517282558,0.000521915383758403,0.000216762951759482,1.87913421389898e-05,0.000143045306371904,3.57000339728093e-05,0.0080833663602505,0.00923488112796934,0.000360833463441547,0.00238365437591621,0
0.00680745690166767,0.0368328065175764,0.000746461346049723,1.6954612611163e-06,0.000511287033949731,1.78599456851473e-05,0.00936547326566125,0.0125371124433727,0.0268170533137712,0.0053498297553042,4.63837516067707e-05,0.00136072601788266,5.599925007941e-07,2.87230221244183e-12,2.62662508074221e-07,3.18327330468717e-10,8.80516854699155e-05,0.000157944346090222,0.000722325662864456,2.86988286324924e-05,0.00498557126017689,0.0133347512908856,0.000404231923780852,1.16664105514182e-06,0.000239808503774585,1.27142130455381e-05,0.00676743204072124,0.0098475640049223,0.00971658575959425,0.00385549817320996,9.24931589500286e-05,0.0027105773325725,1.11186069045267e-06,5.73237747154142e-12,5.22485560211897e-07,6.3570168109553e-10,0.000175308463805031,0.000314325096448269,0.00143780136111968,5.71709764912248e-05,0.00378175728897574,0.0143071736169782,0.000272774954796101,1.87814769954601e-06,0.000157473138886543,2.01164760383204e-05,0.00495131272067345,0.00633437953121126,0.0132536663326303,0.00231046356402102,11
0.0319998070064688,0.132712812758106,0.0195950857594439,0.00578891984832862,0.00168891578343243,0.00132622668552566,0.0250397327232596,0.101999781654765,0.0701511799102923,0.0858150869314003,0.00102811749748779,0.017670092480919,0.000385847687974906,3.36794153712655e-05,2.86631285956504e-06,1.76719208795237e-06,0.000629384453939724,0.0104467934517242,0.00494524019556329,0.0074006358016182,0.0238123821253378,0.109605114076462,0.0149612908773721,0.00410551827048592,0.000915631501772767,0.000639451656599281,0.0193428850450207,0.0789191836621217,0.0551105742665447,0.054515089474803,0.00204695187334179,0.0351944194619562,0.000767864904719642,6.7022611304709e-05,5.70319022058663e-06,3.51700187793108e-06,0.00125305117659184,0.0207977135133285,0.0098408830400976,0.0147276273525093,0.0211394501689138,0.0894998657446184,0.0106944158592066,0.00464285937118961,0.000721596681241365,0.000541143358446607,0.0136494104202217,0.0501260742685739,0.0346102823696686,0.0560846475850784,11
0.0169100114240545,0.0431461760253003,0.00796754919022024,0.0020043241455148,0.000535690146787686,0.000291243290044915,0.0210707000646245,0.0407629258417418,0.0432551278520578,0.00957405169556651,0.000286386449317093,0.00185595703769294,6.37514147135957e-05,4.03735943065135e-06,2.87744210697356e-07,8.48089156919621e-08,0.000445214240415559,0.00165933749047924,0.00188040506864511,9.11194428053957e-05,0.012776111562043,0.0255549531124461,0.0037620330582372,0.00149988723081929,0.000338214715396333,0.000171824514329703,0.0172729514557007,0.0274856792546279,0.0246185973043754,0.00751291532587385,0.000570892460394678,0.00370812871157638,0.00012691242974698,8.03035784677384e-06,5.72058932436897e-07,1.68911789366488e-07,0.000886927002333565,0.00331264898344097,0.00374170077153091,0.000182321113280872,0.0164470073345555,0.0232624225838006,0.00346338653556253,0.00221748291174249,0.000315768642477949,0.000198738985074419,0.0114533888996101,0.0288767588013501,0.0278131386891231,0.0087846199369557,11
0.0141737081589307,0.00176493756062421,0.000809701374893221,0.000227297260054686,0.000638364039549428,2.34293005920746e-05,0.0156091107564303,0.0131663829604498,0.0011919749096071,0.00502371716152334,0.000201834390115208,3.12810953953591e-06,6.5888862156886e-07,5.16395167359358e-08,4.09553945463625e-07,5.48714759289496e-10,0.000244821723303718,0.000174182001942704,1.4190739729919e-06,2.53634016874204e-05,0.0114631584902204,0.00126370463986827,0.000526615613511518,9.1390927464176e-05,0.000298660135863324,1.74103139954883e-05,0.0122192268790931,0.0105198390251928,0.000822393390869605,0.00400255659546757,0.000401697867838374,6.22746641218926e-06,1.30880647283492e-06,1.02688792050771e-07,8.15014784929833e-07,1.09488039880364e-09,0.00048723007881247,0.000346638474146826,2.83271045869151e-06,5.04743010603965e-05,0.00764672916987827,0.00193709512028633,0.000393481253069087,9.87317398179983e-05,0.000183641050840059,2.65695737333416e-05,0.00758663615005396,0.0120443650051601,0.00132396738361438,0.00222008860824939,0
0.0199062517724629,0.0024993509240329,0.000709499166354895,0.00011170636173987,0.00060640176538584,0.000230643833031119,0.00961350042636105,0.0133455194034692,0.000331159759429957,0.00554946687116176,0.000397970071499169,6.27489907519454e-06,5.05615765941393e-07,1.25218681854883e-08,3.69506202922611e-07,5.34563832924592e-08,9.28817511412898e-05,0.000178790237659487,1.10182856964939e-07,3.09478159467706e-05,0.0154812880376482,0.000572150559025555,0.000398113478141568,4.89552339691871e-05,0.000324797905538358,5.74759570259197e-05,0.00752525598853081,0.0103239340210838,0.0001267379421098,0.00421620615940704,0.000792211144182197,1.24891660449948e-05,1.00647523784753e-06,2.49279491477989e-08,7.35107138077046e-07,1.06111213707557e-07,0.000184836715644472,0.000355998300804308,2.18170565203821e-07,6.15792599398512e-05,0.010428698531019,0.000781524497451896,0.000192666517902673,4.37824402780542e-05,0.000191571486011126,3.62589468370404e-05,0.00524380159374797,0.00749827151813151,8.45288054101816e-05,0.00321961155287701,0
0.0129593882780575,0.0909812801239785,0.00911160911927493,0.000288542080331747,0.000780528529459106,1.85887058207714e-05,0.0280136779936843,0.0458217270600824,0.0505338491414661,0.0154233822866689,0.000168789692410074,0.00831889030379407,8.34205545285291e-05,8.35389218224973e-08,6.12178477828068e-07,3.41459730256876e-10,0.000788260728838672,0.00211015444536525,0.00256647046410111,0.000239051604295598,0.00977813826712166,0.0613954123288418,0.00611753562790586,8.0302277223967e-05,0.000461588330739635,1.35828193155356e-05,0.0178391833596308,0.0348577550185857,0.0382082148444052,0.0106558477981839,0.000335876433216308,0.0165545646002626,0.000166024665039817,1.6554388490954e-07,1.21834235978276e-06,6.85290781566483e-10,0.00156900920539177,0.00419889442106639,0.00510707687800569,0.000475574444056876,0.00704665368037773,0.0454160337951235,0.00561657071636691,5.7795484347935e-05,0.000208821737947184,2.1423067263514e-05,0.0180170041717155,0.0243436905711687,0.0270792636188207,0.00691562025568873,11
0.0113205702119592,0.0555197812071587,0.00395501912182597,0.0002775370830393,0.000555922711519869,1.23448744454129e-06,0.0155838349850571,0.0438918021822377,0.0276186688044832,0.00732835499602045,0.00012866663332505,0.00309788266124834,1.57163388627361e-05,7.7305647928741e-08,3.10596265954212e-07,1.49093497706876e-12,0.000243767785729831,0.00193530126089537,0.000766498722922187,5.39723335411518e-05,0.00849191397728817,0.0437929262127132,0.00319202911956971,0.000110517469032742,0.00027413953792295,8.68583197613604e-07,0.0110457741053188,0.0327570421039722,0.0218766774781319,0.00538473932741383,0.000256150219563422,0.0061648377063469,3.12795210660271e-05,1.53794825139711e-07,6.13298872455893e-07,3.00742806607464e-12,0.000485348942459591,0.00385205988786733,0.00152539112872302,0.000107403993876803,0.00599867432276031,0.0467766255110111,0.00407094677527681,9.06953463944059e-05,0.000172574598683368,1.36975690418748e-06,0.00764773550735889,0.0253886468971543,0.0205304277876802,0.00415280758835202,11
0.00614325367667807,0.00556687996741289,0.0007758796273063,0.00032191563682559,0.000567625091521869,6.29598133256646e-08,0.0080121885478458,0.0131399954259941,0.00309019973126538,0.00374267486384478,3.78634506299836e-05,3.05263807736752e-05,6.02231371137973e-07,1.04074089910691e-07,3.23814841845124e-07,3.86594045865448e-15,6.45122282326823e-05,0.00017290051145627,9.3450700292227e-06,1.40742937616766e-05,0.0039345103476706,0.00386254600846636,0.000510123611954545,0.000103251609167586,0.000289625481105342,4.46820009565422e-08,0.00613397122859979,0.0100107534830911,0.00218520841284907,0.00253115569826136,7.53982874276621e-05,6.1362160583954e-05,1.19795263969446e-06,2.06067105594958e-07,6.44380289358187e-07,7.81054478627997e-15,0.00012838309223252,0.000344690622403606,1.88469204836938e-05,2.80111088357825e-05,0.00337279165832449,0.00617749048177081,0.000470269397925106,6.73489753373583e-05,0.00018229040524392,6.98556269027929e-08,0.0052443221339868,0.0103499522364947,0.00345596064994041,0.00183727747090309,0
0.00827362332685143,0.000440031025741685,0.000548913779450464,5.98193137028227e-05,0.00056068507905776,3.19535768469467e-09,0.0105464459818465,0.0139126720723597,0.000157890380000222,0.00528191136960541,6.87461790755311e-05,1.92522540486878e-07,3.02817440316347e-07,3.54324797147183e-09,3.15931257262853e-07,9.95679052738491e-18,0.000111778281064471,0.000194529692501463,2.43043583991451e-08,2.80333629523827e-05,0.00607142046051565,0.000279948314135632,0.000294950277265671,3.7188689037554e-05,0.000284692092676328,2.27351461787297e-09,0.00825562479222907,0.0116446286921175,0.000111814557626804,0.0040078698988443,0.000136845829444615,3.84036660535412e-07,6.02457358412287e-07,7.10383813816784e-09,6.2768367510718e-07,2.01173092610621e-17,0.000222439978695565,0.000387117401903838,4.91121822556872e-08,5.57829067073532e-05,0.00415538291090784,0.000346173789226337,0.000212961067482717,4.55630699010214e-05,0.000162836675066328,3.54539193581962e-09,0.00706780227165662,0.00824793504566042,0.000174856757196781,0.00238617251055669,0
0.0427796634859138,0.081574362377324,0.0233695758619806,0.00797337283685073,0.00241959888660176,0.00217200912452351,0.0230288032490141,0.161764154069112,0.0619266394915707,0.0199463954480523,0.00183928079280185,0.00668780324826882,0.00054887636113099,6.38922524996917e-05,5.88041910132389e-06,4.73653523581477e-06,0.000532754789704388,0.0262991261857258,0.00385370570146015,0.000399591315758604,0.0238830896942471,0.0498883491642665,0.0125415606351525,0.00311416357141789,0.00112860380799231,0.000816777887981642,0.0125886994843625,0.0863479392563049,0.0361374729550842,0.0122481440758892,0.00366011557399394,0.0133085598341206,0.00109223293913635,0.00012714477566348,1.170474492871e-05,9.42972487880004e-06,0.00106041110484829,0.0523349582701677,0.00766934584341358,0.000795451067953712,0.0275594519707251,0.0532432526223287,0.012492825273387,0.00429899049718202,0.00108319158367272,0.00100027189912047,0.011937789802495,0.0872041891629456,0.038460442737621,0.0124113885674219,11
0.0380437398431637,0.0811468879332319,0.0164922458511855,0.00307726674323089,0.000939983279626861,0.000908526759947378,0.0230267309134622,0.139232875092407,0.0467716398338009,0.0123864011534461,0.00145408093961625,0.00661786760935356,0.000273356347466982,9.51706648229302e-06,8.85195483622748e-07,8.26308385318479e-07,0.000532880987010597,0.0194798405694512,0.00219825465980774,0.00015391049243525,0.0298961002938078,0.0515922487582328,0.0110630106062837,0.00224829413456266,0.000678010936341943,0.000661125186434335,0.0172136030929989,0.0907987864247246,0.0351467748795248,0.00843636226398932,0.00289412244254461,0.0131695903994563,0.000543971967017298,1.89368964903285e-05,1.76429280935717e-06,1.64755197949175e-06,0.00106043932059926,0.0387682047189048,0.00437478587498585,0.000306539768385364,0.0219984906661648,0.053410866422974,0.0125763229849298,0.00303772648981702,0.000770123797985518,0.000843696442662675,0.0123647946717153,0.0989149691238531,0.0322827884654939,0.0080034228066551,11
0.0201756334431998,0.00660968389432422,0.00108502851642157,0.000408982599173303,0.000560454807876876,0.000244034127524317,0.0126670400121571,0.0242314058911433,0.00521898695838008,0.00487410450341887,0.000409037092787862,4.38113373922971e-05,1.1655350305992e-06,1.67051153952543e-07,3.15647331762531e-07,5.96445802896961e-08,0.000161114423396899,0.000584024432215681,2.7365470974833e-05,2.38753280177024e-05,0.0158077301034023,0.00481624533262576,0.000785736149977719,0.000259274296374601,0.000281797992349473,8.98792494205993e-05,0.00960110523532238,0.0193120057441677,0.00366401414840483,0.00351394363140515,0.00081404277217737,8.7277844518755e-05,2.33659094992101e-06,3.33481190325041e-07,6.28178345184789e-07,1.1865317129073e-07,0.000320657520340453,0.00116824817718483,5.44647707044753e-05,4.75124408618995e-05,0.0203485362707707,0.00743174972578046,0.000999913054020911,0.000272480442777553,0.000160379374313401,5.85828623788873e-05,0.00636303214626334,0.0164911349276296,0.00580340172027429,0.002910348722,0
0.00698686669242536,0.000381786128829591,0.00046629410559493,0.000233061597655902,0.000606840573275877,1.67990953863118e-05,0.00675344347000549,0.0110517371818885,0.000489628442861007,0.00429908411280659,4.90498916950162e-05,1.46479392588825e-07,2.18374931910565e-07,5.45879479710427e-08,3.701044190428e-07,2.79363231443541e-10,4.55851222233516e-05,0.000122106769010965,2.40562153243694e-07,1.85745077764894e-05,0.00492208480479954,0.000269810076624786,0.000224725559081244,7.50011650332251e-05,0.000309453333928547,1.24119539848574e-05,0.00539017565153472,0.00829670540581746,0.000307675550843254,0.00309798313130582,9.75853516215678e-05,2.91498003370109e-07,4.33630868591796e-07,1.08364323599238e-07,7.36311121932679e-07,5.60175825502624e-10,9.09659532702199e-05,0.000243635985704721,4.78885224986133e-07,3.69520654962002e-05,0.00403281677679395,0.000422021522538996,0.000132502690404526,4.88086557799289e-05,0.000164040730825347,1.96754550666498e-05,0.00331808774679811,0.0064604918873386,0.000330042864389142,0.00253815182406905,0
0.00657655136006379,0.043596310870249,0.00523180601791648,0.000539605877711304,0.000720697939302413,0.00084553422119829,0.0761157877729564,0.0186306213898802,0.0230195719373466,0.0123552270679746,4.34640327027704e-05,0.00191013774934603,2.74494089611964e-05,2.92051933335019e-07,5.21982373419077e-07,7.15844396806903e-07,0.00579836965453808,0.000348554154404517,0.000531616525686073,0.00015224997708569,0.00524487718628707,0.0188777712938013,0.00224785751524022,0.00015204148500598,0.000403610551854279,0.00017645766981987,0.0353242875060802,0.0137942432043994,0.00989484705934784,0.00739028547446494,8.64881172831831e-05,0.00380119325410711,5.46669010560047e-05,5.81471115112767e-07,1.03467394120886e-06,1.42700578657538e-06,0.0115629072295019,0.00069391057194527,0.00105879293260297,0.000304137447047242,0.00444474624254753,0.0191898200011828,0.00216224656211447,0.000144017302651416,0.000238761906960252,0.000257282693773206,0.0379366054057671,0.0129232029351948,0.00988779495482042,0.00613090289829641,12
0.0108034490017076,0.0816062724977309,0.00945413950873811,0.000795315077815073,0.000561463936425321,0.0022385924880046,0.0647650291283396,0.0366292992228906,0.0601899185291207,0.0161280341786937,0.000117232999466737,0.00669215482028065,8.96632417899385e-05,6.35293452493965e-07,3.16814040653206e-07,5.03209414027135e-06,0.00419733540693505,0.00134844712793178,0.00363846665788756,0.000260596877666028,0.00887117465019789,0.0637811136512384,0.00779778372958795,0.000501480086797045,0.000281550608934589,0.00166027190412168,0.0514205312228346,0.0282031247540601,0.0488294800767958,0.0127449297048868,0.000233312467255603,0.0133178333984457,0.000178558731863062,1.26010440575455e-06,6.25936021575895e-07,1.00178024040137e-05,0.00837085330623372,0.00268339702303244,0.00724211150854015,0.000519343807415202,0.00556652615999885,0.0439650019744552,0.00519651139774594,0.000281503816401487,0.000168835900621919,0.00137957274299458,0.0552555612464362,0.022999919141913,0.0422309232369609,0.0113238344281781,12
0.00532444581555142,0.0405265488646114,0.00906216371022429,0.000323401886136444,0.000401040301289115,0.000158653875245408,0.0254088318255728,0.0148625559724916,0.0489516095358329,0.0129343420258093,2.84724113011198e-05,0.00164865082004662,8.2527900081918e-05,1.05113045197955e-07,1.61633465935194e-07,2.5111283087723e-08,0.000648317636616955,0.000221806524292889,0.00240830022260921,0.00016809684600605,0.00406754370708099,0.0269557630146907,0.00530977388102271,9.98939902939464e-05,0.000169026492096721,0.000109618042532167,0.0204135029091103,0.0119579609932901,0.035943194991951,0.0101136531455405,5.66793832665277e-05,0.00328280859250091,0.000164220419122426,2.08015875992844e-07,3.21413117006212e-07,5.01555884660321e-08,0.00129066932272482,0.000441574586153854,0.00479244581427104,0.000334500508557133,0.00397286336645277,0.0315234492452587,0.00385335851082328,6.73393229476914e-05,9.78241923362011e-05,0.000176568991555128,0.0119283157234386,0.00956696534957244,0.0327967356884907,0.00825277692244103,12
0.00261438146635919,0.00205060271318247,0.000915397210268559,0.000399835541715105,0.00032884528795705,8.64209612601312e-06,0.0180593190880492,0.0107585235932499,0.00592966496880854,0.00920859078203088,6.86803848527985e-06,4.17467803419995e-06,8.36380478672565e-07,1.6063869970626e-07,1.08682486040483e-07,7.41447000511053e-11,0.000327628635945206,0.000116279335444709,3.49893928262534e-05,8.52101358755862e-05,0.00176685851010295,0.00144343757182878,0.000623086452392028,0.000160422077530794,0.00012008009099868,5.92946905572187e-06,0.0149371767194515,0.00852580811917754,0.0042176157313,0.00748853224084609,1.36686855268567e-05,8.35865484003115e-06,1.66296479245287e-06,3.19409114678105e-07,2.15128066251176e-07,1.48456860073659e-10,0.000652123029650127,0.000231426168164642,6.9972822109146e-05,0.000169528443145276,0.00128122199612216,0.00232245732949295,0.000472335300135723,0.000100633301479506,7.69995707647486e-05,9.56778754697649e-06,0.00807735546130934,0.00633090280979908,0.00643730704812804,0.00446018160219547,0
0.00298569269792105,0.0375141879526215,0.000459642794696416,0.000457780505627367,0.000585161899674746,0.000326530980420183,0.0210566085384313,0.0104154050955847,0.0170940475759723,0.00825772993736513,8.89196360713377e-06,0.00141040015998099,2.12316002039524e-07,2.10599877293591e-07,3.44109187604059e-07,1.07157951965318e-07,0.000445521975010129,0.000108767505468646,0.000293089639967173,6.83764107766468e-05,0.00164790374875806,0.0116686195131617,0.000195137614034805,0.000202937074231507,0.000258339120577291,0.000115430255936685,0.0165323521709426,0.00831010960348758,0.00714442169333813,0.00644585586314567,1.77595695266851e-05,0.00281009868364899,4.21421296973426e-07,4.18027641214585e-07,6.82080267643888e-07,2.13244628707289e-07,0.000886650396444002,0.000216703542648082,0.000583685302784128,0.000136215332743649,0.001342536287635,0.0140482810187577,0.000129156256207832,0.000129167944385216,0.000197944924821358,6.79944411247925e-05,0.0108786908811715,0.00549946147513046,0.0072644237157389,0.00630272675761679,12
0.01195892101978,0.0831173573916975,0.00910649732485513,0.000504051795205918,0.000498199177067125,0.00141592405755998,0.0337056361818639,0.0280733324715254,0.0541282947322269,0.0236007374060669,0.000143707511385581,0.00693586861127687,8.29755687542795e-05,2.55332395305969e-07,2.48989553131445e-07,2.01377364118439e-06,0.00114034847333615,0.000789000426228381,0.00294084976154157,0.000558734873268733,0.00992316083581548,0.0682199896938157,0.00666179813377367,0.000248058298055303,0.000224286369020405,0.000841694437788493,0.0268990545736755,0.0231301913264055,0.0445349463611852,0.0200725112981004,0.000285993751470759,0.013809683470383,0.000165456332478775,5.07872113700213e-07,4.93255041060473e-07,4.00826537974294e-06,0.00227071125081148,0.00157316626900819,0.00585585762168843,0.00111293391938789,0.00744039749855763,0.043045107709983,0.00732049098647746,0.000148803230034798,0.000139071995236126,0.00066076266880814,0.0189219637402979,0.0205353714419885,0.0401032522571423,0.0157778344054985,12
0.00601041117885073,0.0920315029193503,0.0047075085186001,0.000237694291479462,0.000619423907159106,0.000211498020285993,0.0237282459060304,0.0161109294568357,0.0544202134978338,0.0158575731813795,3.6217514938337e-05,0.00850784047053002,2.19679571179255e-05,5.6781679041863e-08,3.85305173144596e-07,4.39155739528283e-08,0.000564325677565807,0.000259090665477361,0.00297570317438399,0.000251125161188707,0.00460539787606692,0.0732053979552082,0.00354219263917871,9.17606439315021e-05,0.000337312160915966,0.000151014508551975,0.0195864321545766,0.0131570955236415,0.0450055854338071,0.0131636733079784,7.21547523705361e-05,0.0169349391224775,4.40184604083845e-05,1.12707671103494e-07,7.66928904912532e-07,8.84274084782783e-08,0.00112449388009554,0.000517354776086539,0.0059221708372,0.000501251252009784,0.00546043795711505,0.0523887814784274,0.00540205911691515,6.80371493151677e-05,0.000201540869519872,0.000240297964193164,0.0105041045444018,0.0149284109741741,0.0275666763772333,0.0121403945482441,12
0.0029481161753082,0.0200518966514767,0.000778291123533716,1.06038265363044e-05,0.000511283855715842,1.21631187920721e-05,0.0202164706352226,0.0136580345408592,0.0115684431714711,0.0102430222582507,8.73368427936525e-06,0.000396455485100784,6.0487070575638e-07,1.12698709875278e-10,2.6272435679459e-07,1.44477367658571e-10,0.000410744177461588,0.000187463426703438,0.000129896878152348,0.000105421694492186,0.00202670040949563,0.013451765606831,0.000521716337465509,7.41942509145433e-06,0.000237403921226559,8.6009702792241e-06,0.0163719548554356,0.0116887235277762,0.0064304199942437,0.00833180094740046,1.73740716200439e-05,0.000796545136945401,1.20651015563934e-06,2.24570154785516e-10,5.22523705736244e-07,2.9169588223328e-10,0.000817366865297127,0.00037306540911686,0.000263067559513749,0.000209779610719611,0.00122379309880445,0.0210848219912421,0.000388699240756731,1.18580641305227e-05,0.00015645168008891,1.34968989026035e-05,0.0103119884187831,0.0102441811200817,0.00873615298555554,0.00614810075975136,0
0.00240810428610983,0.000989302445396609,0.000562934108214452,0.000452989694786091,0.000514093841002797,0.000231268008636698,0.0182063320992686,0.00951980459750599,0.000484835013997347,0.010006642377138,5.82731036130642e-06,9.80419957268803e-07,3.18457136227566e-07,2.06173679808176e-07,2.65595249032947e-07,5.37528695070773e-08,0.000333127265895578,9.10096048780146e-05,2.34842681400577e-07,0.000100564891943718,0.00163304513428245,0.000705815292463738,0.000277044263338347,0.000187329670848858,0.000239927915458612,6.55185087150423e-05,0.0146872658732112,0.00750805660485437,0.00034696384246689,0.00807569629075065,1.15938718943036e-05,1.95366983421926e-06,6.32680538762289e-07,4.10342224132714e-07,5.26014196579211e-07,1.06694429985386e-07,0.000662856029866101,0.000181167274954959,4.68353581608695e-07,0.000200186259843437,0.00114163921159162,0.00107594859985582,0.000179898109534793,0.000133079404130906,0.000150923765487027,3.43523160749034e-05,0.00951279978755742,0.00448376398843851,0.000473877055390315,0.00446775358110803,12
0.00631751134406009,0.0316145185640971,0.00175678813334269,0.000335763871439578,0.000740620200442979,0.000396236383736498,0.0276041392751707,0.0198299757913289,0.0203168672863748,0.0154562703635661,4.01090007849345e-05,0.00100352755078101,3.10177684728156e-06,1.13258674644359e-07,5.5126440116441e-07,1.57791406813416e-07,0.000765772662824947,0.000395157485568152,0.000414847908953825,0.000240084791099077,0.00474450761683122,0.020473475212807,0.00102540476357375,0.000145816438910574,0.000421964739328502,0.000149072728895451,0.021691014404357,0.0153347212278865,0.0141265679343648,0.0124457272612178,7.98067082110078e-05,0.00199792425048331,6.17137018713707e-06,2.24373608248957e-07,1.09030351562828e-06,3.11519998215586e-07,0.00152389158212261,0.000786386221554423,0.000825534155691624,0.000477631641196665,0.00421286742231149,0.0147993462777123,0.000630541788429223,8.30520483363726e-05,0.000270260971611108,9.68040767144821e-05,0.0147103480479204,0.011062063262232,0.0119991968324257,0.00990353067969566,12
0.00513993048401204,0.00984433704033527,0.000744004260558136,0.000232927123397683,0.000523689903172946,4.03464132780787e-06,0.0216127222765634,0.0148146191402553,0.00516388449752631,0.0106757803381153,2.65188159989926e-05,9.65653121821093e-05,5.56319402021033e-07,5.45225314105338e-08,2.755069435395e-07,1.63554177201666e-11,0.000469400732734219,0.000220523612902368,2.67992580135868e-05,0.000114423164746986,0.0040519344638356,0.00707322402516537,0.000441234535780056,7.99675148462467e-05,0.000293361468550798,2.89986440935909e-06,0.0173988437029697,0.0124025916002677,0.00369897070249699,0.00883622803456699,5.28040307492096e-05,0.000192990701131461,1.10294910905461e-06,1.0822234977469e-07,5.48117393756867e-07,3.25511192856697e-11,0.00093416151150412,0.000438891074664513,5.33305154857982e-05,0.000227816227688207,0.00273992384924094,0.0113498340623715,0.000269844682320908,4.4922219469642e-05,0.000141392003995206,4.60604904298283e-06,0.00911490527915701,0.0112661688034107,0.00581903479844415,0.00524999607602009,12
0.00345404625371146,0.000610921025886102,0.000511242608488097,0.000215884132695516,0.000538756404627953,2.44542259002693e-07,0.0206296806658676,0.00946780050060463,0.000397684219020676,0.0101811637462456,1.19807546320775e-05,3.70233944744115e-07,2.62610475018637e-07,4.68373212442382e-08,2.9153089417204e-07,5.95731348115066e-14,0.000427674056789959,9.00454624465867e-05,1.5865599689063e-07,0.000103955104092442,0.00273460661271344,0.000419400379512115,0.000241764028672405,3.16201722337767e-05,0.000236022483215423,1.67698524594869e-07,0.0170659278372493,0.00770422420918513,0.00026854572085877,0.00783076581895253,2.38501940013e-05,7.41593213030326e-07,5.22403579621591e-07,9.29986486133829e-08,5.79488076196758e-07,1.19073372402058e-13,0.000851092647205374,0.000179230621635006,3.1601467067901e-07,0.000207091423694803,0.00218152777849405,0.000676473625421961,0.000152436347730032,3.85618385825863e-05,0.000157409701719302,2.70558291985959e-07,0.0104469801977544,0.00708070351066967,0.000420679413776962,0.00476879647897316,0
0.00337867361988301,3.20583913711705e-05,0.000512351441650207,0.000337810699416956,0.000578815511649284,1.2956182926414e-08,0.0193643782382575,0.011565452434919,0.0004372389143669,0.0109087013146241,1.14727993782319e-05,1.0133850578884e-09,2.63819144210231e-07,1.146887326778e-07,3.36710694492843e-07,1.66252731677074e-16,0.000376779161118481,0.000134331296046982,1.92007384925712e-07,0.000119545952296087,0.0021463178307362,2.21571817678481e-05,0.000241113153598527,0.000133673057787306,0.000297398252693203,8.90397162929597e-09,0.015905228046909,0.00950739111435881,7.32838690662504e-05,0.0088430576877905,2.28308692397558e-05,2.03603326527595e-09,5.22563330753657e-07,2.27258479086846e-07,6.69204954889633e-07,3.3327839430283e-16,0.000749873588049704,0.000267414344451633,3.811301509329e-07,0.000237938474004692,0.0016870804526376,3.55214471315183e-05,0.00014897346633303,8.35092269144285e-05,0.00016621378186913,1.4347821400922e-08,0.0116908701849773,0.00787387255285662,6.86399196497035e-05,0.00656800659609485,0
0.00739347245543932,0.0688368952889087,0.00121127366585398,0.000231183423940565,0.000516938875920349,6.77169387399331e-10,0.0242789686620098,0.025606131794625,0.0374946946671064,0.0165966502386275,5.48264219479261e-05,0.00476231351356624,1.47422964454163e-06,5.37100644908624e-08,2.6834386862119e-07,4.51473197184242e-19,0.00059239808432073,0.000656707851702388,0.00141160936910017,0.000276109531553004,0.00496441489216086,0.0367845463001204,0.000668232677520428,6.54676671811548e-05,0.000255213629908954,4.69223027371386e-10,0.0197353402492013,0.0187457000114812,0.020768496663565,0.0125660176254662,0.000109201402586261,0.00947695388713892,2.93404140884945e-06,1.06607730416206e-07,5.33933947484562e-07,9.07764404687696e-19,0.00117887701212143,0.00130909800069045,0.00281024492341186,0.000550155364956444,0.00439649049705672,0.0354116272956341,0.000483888699756211,3.83258168338223e-05,0.000145186309168328,7.5046088183827e-10,0.015628753165207,0.0185171817867074,0.0188400368751624,0.00966898170140591,12
0.00542711196884489,0.0681214996440174,0.000637269667781982,0.000327558640308373,0.000648040042663074,3.49234860022521e-11,0.0194194543353104,0.018157640095405,0.0389136543788173,0.0175963842625099,2.9471809095277e-05,0.00466339726109448,4.07554145545029e-07,1.07820666119525e-07,4.22041120469248e-07,1.19452431563295e-21,0.000379007137420408,0.000331186496225996,0.00152036995609502,0.000310638949361018,0.00399589491493528,0.0412319402948844,0.000421325292754697,0.000123749999002516,0.000351106920032225,2.44783818483342e-11,0.0159496701324615,0.0148156767509598,0.0209095667762568,0.0140535379053001,5.87765994600673e-05,0.00928057825886882,8.10438451385033e-07,2.13485998948702e-07,8.35458918287097e-07,2.40818927880213e-21,0.000754214206750035,0.000659205911752814,0.00302702775110115,0.00061870937293562,0.00314102548223496,0.0479427323479932,0.00029584717336866,6.61725488377961e-05,0.000210917472845754,3.87285032685956e-11,0.00731579140655745,0.0185098291393046,0.0227231858095166,0.0148548973423116,12
0.00173431822587749,0.00390334088450678,0.000637435836640783,2.20509682308627e-05,0.000397081015003451,1.78235671588999e-12,0.019258407660139,0.0124661766346979,0.0016595087797458,0.0108603120384717,3.02296187206339e-06,1.50327367552987e-05,4.0830148115263e-07,4.84096099228813e-10,1.58458414494269e-07,3.10006214223956e-24,0.000372466570719226,0.000155452510451589,2.76291558279844e-06,0.0001184015383702,0.00119522043897722,0.00284404335447899,0.000314865674970353,1.53432202849905e-05,0.000148032237308048,1.26279770001258e-12,0.0147907418376942,0.00964838378571666,0.00114228703267785,0.00892153435781299,6.01548918880878e-06,3.01932899752267e-05,8.12584418546693e-07,9.67902132320977e-10,3.1289037341561e-07,6.26135008563983e-24,0.000741481290302498,0.000310080784864593,5.50295916500657e-06,0.000235727062307883,0.000615064383937093,0.00435175895381582,0.000190175630896236,2.45066023917975e-05,9.75853593235656e-05,1.97743754571754e-12,0.00891055146551072,0.0095373195626136,0.00174488363082886,0.00835914203042483,0
0.00410349735624735,0.000210516213639401,0.000640887965331346,0.000231027838377974,0.000599435837522206,0.000230781546578867,0.0181440346664365,0.0105471581846069,0.00164451461206274,0.0114141877343066,1.69218060861651e-05,4.40929790340969e-08,4.12796265054546e-07,5.36402142335754e-08,3.6111691899529e-07,5.35266461247273e-08,0.000330684858428803,0.000111725868530763,2.71796007349528e-06,0.000130761601106938,0.00286063168643501,0.000152745571052558,0.000311803017697313,6.14252832851501e-05,0.000290777920051818,5.83255525523401e-05,0.0145111338483959,0.00856685831443351,0.000745563247299634,0.00908087523017129,3.36744789211428e-05,8.81876307624225e-08,8.11486346251192e-07,1.06472420494385e-07,7.18365767561885e-07,1.06247192264618e-07,0.000658210404518627,0.000222406096234664,5.40629221486391e-06,0.000260373742717782,0.00174684443983565,0.00023299063133262,0.000179681456584423,3.6552846980982e-05,0.00021441390242818,3.6787749164615e-05,0.00796546331184712,0.00616360157039958,0.000669435884574095,0.00682673409531026,0
0.00458441778081014,1.1315706643582e-05,0.000452087919899066,0.000231342809356131,0.000604993112679107,0.000231646375497204,0.0197433484798328,0.0128484000310376,0.00302058550171852,0.0104377564482944,2.10942209350753e-05,1.28226863150397e-10,2.05410058540083e-07,5.37854264450044e-08,3.67792075909641e-07,5.39296105913122e-08,0.000391619764322456,0.000165494126115129,9.1696123306072e-06,0.000109463291236737,0.0032866328536984,8.13968167210373e-06,0.000192365255608096,6.54671657540919e-05,0.000308004138586751,7.19278618300127e-05,0.0159410187665173,0.0105782005097662,0.00166052922307585,0.00847186777008483,4.20025302713533e-05,2.55623464102514e-10,4.08766428911536e-07,1.06757368575411e-07,7.29216280600099e-07,1.07039263140724e-07,0.000779440045785393,0.000329747266633765,1.82378600029272e-05,0.000217859455755343,0.00210233007365232,1.25136708112045e-05,0.000121766210487813,3.65393891006272e-05,0.000195416895349427,4.34511659360049e-05,0.0139930347314817,0.0126875943682621,0.00171210454446389,0.00582178213956737,12
0.00525896007422741,6.15396418687232e-07,0.00068286543958876,0.000230662927484386,0.000470341028719169,0.000231685553474424,0.0232628664531612,0.0115929315993808,0.00101165023628698,0.010278070284125,2.77300314247964e-05,3.804922916688e-13,4.68643745718637e-07,5.34677336301896e-08,2.22132443565059e-07,5.39474571584077e-08,0.000542699840361693,0.000133424906656382,1.02780268008983e-06,0.000106157028743417,0.00415421566083837,4.36407107216207e-07,0.000362083689014311,5.85612221445762e-05,0.000216993042735774,7.1165931634283e-05,0.0188113149133365,0.00965182940505294,0.000328214754145408,0.00836134115991642,5.52475160974719e-05,7.5727772643549e-13,9.25785316040254e-07,1.06129954294274e-07,4.4223313444821e-07,1.07079097751256e-07,0.00108114691809928,0.000267118212278412,2.04355924148163e-06,0.000211261272768364,0.0029817132557896,6.80263554735283e-07,0.000215972952631828,3.56391256788479e-05,0.000131138469583673,3.34661294157665e-05,0.014198545832592,0.00498307349359425,0.000286528321700492,0.00647349498766374,12
0.00215979036430194,3.35782276978295e-08,0.000517227418505861,0.000231296239819238,0.000387682045191649,3.67010114443826e-06,0.0206204753453985,0.0125491686681614,0.000974210346402028,0.0115063682905943,4.67341688059428e-06,1.13261098045596e-15,2.68860741607571e-07,5.37667750629138e-08,1.51051043765383e-07,1.31594301297055e-11,0.000426345210120859,0.000157774469476496,9.53843392078819e-07,0.00013283990780695,0.00153317521847683,2.34418618138527e-08,0.000253683737234333,6.86021279486473e-05,0.000144645531901804,2.60526961779833e-06,0.0164982933874765,0.00994069300929191,0.000459805830622525,0.00943373494870979,9.31169550243676e-06,2.25437170524297e-15,5.34782346397832e-07,1.06721449628051e-07,3.00264224546548e-07,2.65632355473101e-11,0.000849407217142031,0.000314455778067182,1.89701969300653e-06,0.000264518985569177,0.000947173322586584,3.7118381397422e-08,0.000144458140884095,3.49446799057707e-05,0.000100334496677766,4.08668152834478e-06,0.00981151010107273,0.00836036147908802,0.000431750505016487,0.00777372515370865,0
0.00254622359403421,1.82424624300395e-09,0.000643528729687066,1.96747962584873e-05,0.000605756994974376,0.000231163404128123,0.0191336857117049,0.0107269232270481,0.000231374833089269,0.0110122823821965,6.51574106962956e-06,3.33316539729121e-18,4.16167855053463e-07,3.82329660478946e-10,3.68628375560244e-07,5.37050125831345e-08,0.000367934676504895,0.000115486037239559,5.3803120752234e-08,0.000121843010014896,0.00157778721455321,1.25874431071054e-09,0.000350673704051552,1.43563743332216e-05,0.000308867453311635,6.33142017165754e-05,0.0155876854684157,0.00884511819903852,6.85254947962793e-05,0.0087780610648069,1.29664082136561e-05,6.64417822866344e-18,8.24005952089028e-07,7.6751435705058e-10,7.27080958002252e-07,1.06594161174573e-07,0.000732188984038037,0.000229969862966622,1.06790854675332e-07,0.000242487145928427,0.00109138965764915,2.01733073318042e-09,0.000212004174196499,2.27167429250487e-05,0.000196933207589968,3.58323520168746e-05,0.0104500413952035,0.00566022409209517,3.45967983207602e-05,0.00734302181588236,0
0.00507541983467687,0.00470193868840591,0.000733625006889722,0.000230651352084838,0.000396906367091137,1.03730109590081e-05,0.0231887886267942,0.0151203682958247,0.00360750055355647,0.0122166498326127,2.58101902349333e-05,2.20621942070152e-05,5.4083167829638e-07,5.34612379137613e-08,1.58143263976168e-07,1.08123679031637e-10,0.000540322880660326,0.000229563037039436,1.30672421401206e-05,0.000149804218968903,0.00361438752674342,0.00149600399492988,0.000425385049029384,5.75333265546589e-05,0.000181188329012988,7.43924060862444e-06,0.0187159339346132,0.0122022577654908,0.00166801101638819,0.0094756524659893,5.14352265741186e-05,4.40186097482057e-05,1.07601891880678e-06,1.06118350794366e-07,3.14598745761021e-07,2.15176163194091e-10,0.00107532577633576,0.000457028101169693,2.60037254939918e-05,0.00029818513879555,0.0023211637263645,0.00163971695945787,0.000233745272692744,3.57878662496001e-05,9.8581596420227e-05,1.16467557237663e-05,0.0125672419362543,0.012134687279919,0.00155778931837336,0.00694771646460936,12
0.0059750584948681,0.0249131946332363,0.000624356274917062,1.8633841966229e-05,0.000608825193503369,0.000327767228916443,0.0197760368346523,0.0174484808899408,0.0155469896121955,0.012087376288683,3.58207666050974e-05,0.000623761607517583,3.91298493921119e-07,3.42631309001208e-10,3.72439982980323e-07,1.07968277894998e-07,0.000393054406588899,0.000305897853118478,0.000242917598907678,0.000146794192544079,0.00383710851701278,0.0161677149534725,0.000303676338370602,1.35580207695304e-05,0.000320228319345586,0.000113508278610815,0.0162689704237584,0.0134226611878952,0.0111077608718599,0.00979196828122108,7.13403530638424e-05,0.00124125303617889,7.78122543860597e-07,6.88138110274142e-10,7.40986085956764e-07,2.14859783966448e-07,0.000782174631126089,0.000608814900347478,0.000483411222164313,0.000292163263110332,0.00301977545970267,0.0139029619298057,0.000181704550816274,2.15486216487137e-05,0.000178591344451291,6.87353446807853e-05,0.00916584262481891,0.0100222853981337,0.00977477618769582,0.00946021905122638,12
0.00238914149774989,0.00138944391183888,0.000656293821025085,0.000321002724522292,0.000510196970416551,1.41645942614903e-05,0.0201863427696898,0.0115038570958933,0.00218920997794546,0.00952419539251028,5.72812988938892e-06,1.88899496008545e-06,4.32798751295911e-07,1.03518320171645e-07,2.61603541155241e-07,1.99213050143004e-10,0.000409526760570175,0.000132824424893518,4.77898732060318e-06,9.11205733878792e-05,0.00167181104073558,0.000985226986658548,0.000354461488098303,9.86444879913827e-05,0.000257925319131724,1.00213099268948e-05,0.0162782109368323,0.00907504831577096,0.00138427053112605,0.0075310874466348,1.14056567817438e-05,3.81009442695622e-06,8.60185974690683e-07,2.04927245847737e-07,5.2033233793445e-07,3.98842974518952e-10,0.000814967552129041,0.000264498556958176,9.54584725879685e-06,0.000181373960876295,0.00113334300700483,0.00155079593779589,0.000204829310108323,6.76856721273086e-05,0.000148850527414367,1.49904439207749e-05,0.0108368805413816,0.00770428855531179,0.000986446594411281,0.00431518462994399,12
0.00461605143699156,0.000239125043595134,0.000507082409410862,0.000464557141698791,0.000630872190483272,7.57433986602187e-07,0.0152077346000191,0.0132104446313429,0.000638379387615154,0.00960727912721385,2.1412041814976e-05,5.7399335825646e-08,2.58391132081135e-07,2.16888302427076e-07,3.99994735443248e-07,5.59493421956827e-13,0.000232166003836885,0.000175390772167289,4.09562469161608e-07,9.25992136242468e-05,0.00291779677134425,9.22318120685059e-05,0.00023421349113803,0.000225659058002085,0.000316577481840997,5.3915970903574e-07,0.012261475225153,0.0104692004315873,0.00027380295261688,0.0079887346891374,4.25837726827878e-05,1.14025042088683e-07,5.1171890006884e-07,4.31617151906083e-07,7.91541410263979e-07,1.13040184423651e-12,0.000462273319736659,0.000349029589455551,8.15042608559237e-07,0.000184435502375168,0.00178434275110293,7.82116833797774e-05,0.000147653582719782,0.000137480610332584,0.000178518563681712,8.4093728546406e-07,0.00989868938524761,0.00724567918026211,0.000164670744586691,0.00496849108676613,0
0.0103587675793166,0.0258474437512739,0.00337517753471786,0.00032825921021888,0.000606398580947096,0.000315871317820345,0.0176489989055914,0.0159065466348244,0.00930212725006066,0.00978031638701704,0.000107821362705997,0.000671325891942196,1.14462593854925e-05,1.08288196158828e-07,3.69565213270792e-07,1.0027224666076e-07,0.000312940844905574,0.000252787572658765,8.6705524291087e-05,9.61352492932852e-05,0.00697176438115732,0.00969756926821732,0.00127106729216062,0.000118809281068142,0.000310184167529331,8.6213369998117e-05,0.0145131517653915,0.0129087581289431,0.00409759653808671,0.00773793172183508,0.000214578998232012,0.0013360589860858,2.27789209539521e-05,2.15500863659169e-07,7.3515397270356e-07,1.98572071324391e-07,0.000622811199393686,0.000504514439974157,0.000172801320134844,0.000191303449820952,0.00567039892991239,0.0143549011833874,0.00108340930432935,6.86060969013362e-05,0.00019319505016064,7.09662485868122e-05,0.0110017835024214,0.00880563995159341,0.00383489396854838,0.00632116354579481,12
0.0217883739371779,0.0616369305025221,0.00102380724194838,0.000230658349885734,0.000453514695246712,8.52236369209048e-05,0.0197351921055523,0.0241592745307861,0.0236776867160421,0.0115524323896131,0.00047695167689784,0.00381620688334767,1.0507591721334e-06,5.3460551118243e-08,2.06705360608563e-07,7.29470808656116e-09,0.000391383059697136,0.00058575311172687,0.000563411475272927,0.000133935759783342,0.0173631951045651,0.0486448466599309,0.000699602333947336,5.88910722872352e-05,0.000186316181273509,4.14955549379525e-05,0.0150788469920321,0.0199137081176125,0.0188024205049707,0.00958389335088433,0.000949268687295378,0.00759611431035257,2.09365368553228e-06,1.06120504855856e-07,4.10282465718319e-07,1.45172564609801e-08,0.000778852659295386,0.00116648177339599,0.00112120898258343,0.000266706171124337,0.0215032691371419,0.0601721101219202,0.000821059069876878,3.62739185334246e-05,0.000131491777919856,4.14558063446035e-05,0.0130996348651198,0.0189873418814186,0.0153259215479479,0.00691545946994788,12
0.00492295138084164,0.00827731421260546,0.000605642233705177,0.00032558098368149,0.000636678325497927,0.000231232819354315,0.0170803767797383,0.0120004669874728,0.00406011703073569,0.00830701846855652,2.42033724444133e-05,6.78768976549732e-05,3.68642120499648e-07,1.06535498089599e-07,4.07385124589249e-07,5.37360588320867e-08,0.000293171373073274,0.000144543120910949,1.64929602985385e-05,6.93170352284012e-05,0.00372377924581555,0.00575495956668792,0.000304915988653651,0.000113597865749025,0.000328323635110445,6.58088210898691e-05,0.0139027818957511,0.00977395432886656,0.00280547177679786,0.00686784122550004,4.8313881358882e-05,0.000136047557769729,7.33318587692682e-07,2.10888330731822e-07,8.09619630969638e-07,1.06661085651739e-07,0.000583403953256946,0.000287828705509448,3.28944994631586e-05,0.000137974884220722,0.00483782622062373,0.00924199925788137,0.000213458834966812,6.71594672167019e-05,0.00018784974553733,3.49059169391182e-05,0.00773168654401872,0.00898088499318871,0.00383515294648788,0.00491044428512169,12
0.00193766312397502,0.000439661706100967,0.000715917497468942,0.000329092140950624,0.00044640127291453,0.000327917819419647,0.0154746778619844,0.0122286973465125,0.00154421655939094,0.0113007228849923,3.77340289825736e-06,1.90142258621089e-07,5.15111810422703e-07,1.08830957786579e-07,2.00228527891231e-07,1.08070188122049e-07,0.000240198760063477,0.000149892082780742,2.39534992627929e-06,0.000127957095427477,0.00134238285158249,0.000306140966725341,0.000389980784460069,0.000125377761826542,0.000173659899858438,0.00011854074087765,0.0128385603504072,0.00994986308871446,0.000699769771544937,0.00920319401836201,7.50787732399313e-06,3.82490357052755e-07,1.02088074201737e-06,2.165883515808e-07,3.9849307524964e-07,2.15059925255211e-07,0.000478448282497087,0.000298682009029892,4.76797475804888e-06,0.000254992079854973,0.000962378508865766,0.000488396994326441,0.00022303552645831,8.24048932813569e-05,0.000128041865034913,6.80758174550706e-05,0.00926893472143314,0.00850285450242024,0.000533599093388537,0.00741537174884483,0
0.00273159996715384,2.27864367211221e-05,0.000520914137554005,1.13407467480805e-05,0.000573422128917465,0.000230953363261191,0.0152080628020222,0.010198626019656,0.00267873126431434,0.00931268587417852,7.49736618814538e-06,5.07936870817513e-10,2.72714784951573e-07,1.28711363890224e-10,3.30289001622206e-07,5.36068232803582e-08,0.000232434713821338,0.000104495401013245,7.20232948584746e-06,8.71601994365171e-05,0.0019884126127859,1.60229825352738e-05,0.000262632351117344,8.05534819228267e-06,0.000302771286728574,6.45943368637597e-05,0.011756236392799,0.0085565818911259,0.000998614849762893,0.00751194283597111,1.49211424359748e-05,1.02461494196902e-09,5.40424308286637e-07,2.56674578596061e-10,6.57440894775851e-07,1.06405702683994e-07,0.000462556960172108,0.000207956523482154,1.43411644659812e-05,0.000173436020974396,0.00136733430744857,2.52722951001568e-05,0.000149954663732091,1.28595551122813e-05,0.000163258454193651,3.6288332637765e-05,0.00856768405798477,0.00543814982728577,0.00115006024683432,0.00492300441468816,12
0.00605847181728305,0.00022208769359626,0.00051417933799883,6.73425491143071e-07,0.000514091783487188,1.90600681786986e-05,0.0193954414999636,0.0199224374416932,0.00237858410148741,0.0105728801178068,3.68821065664302e-05,4.95707935758227e-08,2.65679807414326e-07,4.52864618609721e-13,2.65254037799412e-07,3.58951499270457e-10,0.000378061003018797,0.000398869370877788,5.67060215245495e-06,0.000112341940868196,0.00472969763938902,6.57077321829674e-05,0.000245716764492554,4.62561067794683e-07,0.000252593313122121,1.39296361210922e-05,0.0148689809754084,0.0164369962508885,0.00148444356632143,0.00836267116134829,7.33971769239754e-05,9.83923812431632e-08,5.26242172599901e-07,9.04078526690649e-13,5.279554882456e-07,7.20441615316329e-10,0.000752350262727466,0.00079377533951073,1.12984278667791e-05,0.000223561969808691,0.00372609316962989,3.3229266983016e-05,0.000148218611946333,7.4507856690935e-07,0.000143020412124713,2.20176967295614e-05,0.0109927305968889,0.0172024060048978,0.000834915912740891,0.00717950031867517,12
0.00276897732013343,3.53762465780301e-06,0.000600356443086075,3.59389651315417e-08,0.000403308104183315,1.26623791578884e-06,0.0196889858564505,0.012452324980642,0.000973091730081736,0.00903335199658392,7.69593733737662e-06,1.2506018004913e-11,3.62217694897151e-07,1.2826484085507e-15,1.63409428716868e-07,1.5688872496661e-12,0.000389602056374071,0.000155793114136829,9.50891324499898e-07,8.19931970392724e-05,0.00187070626231913,2.56717865766142e-06,0.00027940384463451,2.46577600076416e-08,0.000195269530180947,8.90436568050271e-07,0.014888605702994,0.0100031707721911,0.000443972335828551,0.0072988041184572,1.53243264043958e-05,2.49576311735426e-11,7.20569461806876e-07,2.56779261459529e-15,3.24964751667804e-07,3.16438857728713e-12,0.000775260409807083,0.00031007427726897,1.89304372932011e-06,0.00016317407931098,0.00116576129351187,3.9317881420139e-06,0.000207196562685681,3.97858221971313e-08,0.000127590525390773,1.40493837647726e-06,0.0151324954879835,0.00861253458920035,0.000306452767906182,0.00609855727128264,12
0.00209682151616855,1.94774856372425e-07,0.000403326879249376,0.000430370341422411,0.000593691979296505,0.000231283738998512,0.00613182420943684,0.00996070186349554,7.20422637534187e-05,0.00907489565058806,4.41667001926705e-06,3.80802649490839e-14,1.63477167459875e-07,1.85993653028695e-07,3.54239068034276e-07,5.37607491384876e-08,3.77513093010861e-05,9.9694727726707e-05,5.16096741781063e-09,8.27659616894118e-05,0.00137973456977654,1.39018178558935e-07,0.000178432728243806,0.000166489176830349,0.000288501921992002,6.57159344592204e-05,0.0048099501950283,0.00805588104178314,5.32491435880408e-05,0.00723994470864762,8.78738015774466e-06,7.58246958134139e-14,3.22791488880356e-07,3.69456912670833e-07,7.04656668281508e-07,1.06706224426712e-07,7.51618202103183e-05,0.000198407845781403,1.03250790423921e-08,0.000164702693880521,0.00112618331073967,2.15331607465509e-07,0.000106170080096445,0.000116275802980612,0.000200536353793744,3.54221124692135e-05,0.00373326889733165,0.00448388226373553,8.11925340904546e-05,0.00420768171835255,0
0.00268019148987011,1.062401084323e-08,0.000635419370336239,0.000281827303480484,0.00056136887238257,0.000230282719604985,0.00615163353476487,0.0125062446410284,0.000226949430135041,0.00806100692327724,7.21292977886268e-06,1.1343291951746e-16,4.05746762642845e-07,7.96946907183143e-08,3.1671166759667e-07,5.32946485536783e-08,3.80256053991536e-05,0.000156856448726001,5.17616716826863e-08,6.52906282215196e-05,0.001830796740822,7.46299723598657e-09,0.000337111364154997,0.00011616366467855,0.000282670740924502,5.7804203710672e-05,0.00452646234741645,0.0103317536900605,4.17632285304289e-05,0.0064758543986656,1.43601866934146e-05,2.25727881031348e-16,8.06350673101558e-07,1.585746728076e-07,6.25774115371673e-07,1.05774042541936e-07,7.56678565636712e-05,0.000312468011075419,1.02751474275805e-07,0.000129903045548211,0.00116192199962962,1.17434204089363e-08,0.000179948701549201,8.89151329552243e-05,0.000170546682053678,3.91621440507263e-05,0.00374364080837591,0.0103275175611843,3.82989165161793e-05,0.00434931480268902,0
0.00603520314146451,0.053120201517921,0.00380500382444244,0.000231608233251255,0.000590267994827967,0.00108780331764198,0.0111189676074999,0.0243034673786798,0.0283161449152501,0.0117080126593863,3.66059406664612e-05,0.00283498698646725,1.45450848114997e-05,5.39087830784662e-08,3.50103725852595e-07,1.18864875685565e-06,0.000124224080493469,0.000593336836633859,0.000804396735162316,0.000137601303748534,0.00369085776361052,0.0280636351221109,0.00154868164316534,6.96114512722618e-05,0.000305429653994582,0.000446732559523448,0.00844757449980273,0.0172146494240248,0.014893862690539,0.00863181275436119,7.284656224365e-05,0.00564256781200129,2.89381794587193e-05,1.07003068292278e-07,6.94244032175011e-07,2.36600805700661e-06,0.000247192408853001,0.00118099316984136,0.00160217710869935,0.00027397905725281,0.00302815872413646,0.0300253194310415,0.0018112583800989,3.8781234726034e-05,0.000197357708661857,0.000507504391953027,0.00765460745774997,0.0164735045088833,0.0133985513909636,0.0062088056721833,12
0.00747517470841728,0.0792594319016855,0.00331572870076192,4.74248753585219e-06,0.000719089194781321,0.000419573933636798,0.00766135395715739,0.0187278205231005,0.0521111582559577,0.0144898513172567,5.61459088653189e-05,0.00631354162021784,1.10388945883627e-05,2.21137765674215e-11,5.19657412040743e-07,1.76473451190186e-07,5.89912278399618e-05,0.000352387813356775,0.00272635106841491,0.00021099557759433,0.00556934173890314,0.0519588186305151,0.00235507288450629,3.34209183123454e-06,0.000397851529395695,0.000304253164414597,0.00592629793343554,0.013769338977403,0.0345160673964542,0.0113672693907767,0.000111718877998725,0.0125633001174717,2.19771251707724e-05,4.44940993174289e-11,1.03414189651388e-06,3.5162027883965e-07,0.000117348568974601,0.000701282842714419,0.00542829044491226,0.000419896201075235,0.00521533935146838,0.0416507601818799,0.00293086565891949,5.31624397599956e-06,0.000190606693075489,0.000402942394492234,0.0053801282375818,0.00991985183341518,0.0314040575170074,0.0128567014975894,12
0.00346360324791211,0.00422413943110049,0.000632953303078951,0.000231251545659918,0.000604498015854318,0.000231563526252459,0.00649214358806008,0.0125406804690402,0.00310357315985115,0.010572353679148,1.20540816433459e-05,1.75232448310826e-05,4.02102466910767e-07,5.37443955432218e-08,3.67214358822605e-07,5.38906923031912e-08,4.23302717480307e-05,0.000158003970038662,9.4665071392278e-06,0.00011216401746473,0.00230393531151711,0.0030809352869737,0.000375668355113144,6.50394180349987e-05,0.000322451632054028,6.96663547276576e-05,0.00533776218467257,0.0101214992242024,0.00229493364217036,0.00873661100421832,2.3989403517594e-05,3.52789762578199e-05,8.00434126121211e-07,1.06675837314726e-07,7.28053146581807e-07,1.06964093824654e-07,8.42622445750404e-05,0.000314478992116102,1.9051335206684e-05,0.00022337109637518,0.00164623216933343,0.00484969503012556,0.000228507489223179,3.41804888489962e-05,0.00016858020976405,3.49252574897595e-05,0.00326855453329767,0.00816029252645414,0.00359222030655105,0.00758522496351826,0
0.00255009160319985,0.000243546983237621,0.000598098811209151,0.000224215508976974,0.000815627848328322,2.80400924994719e-05,0.00626612532355146,0.0118291472611709,0.000371996521765911,0.00899058817355653,6.52094760636675e-06,5.78670928018606e-08,3.59375774944141e-07,5.04997984653774e-08,6.68590614684486e-07,7.76957379856367e-10,3.94452389571649e-05,0.000140554248141903,1.37865152937516e-07,8.12332419685355e-05,0.00162964789822223,0.000173497576448204,0.000298261454763054,3.95308785116661e-05,0.000528116572294785,2.00580199701418e-05,0.00483837103886895,0.00959619429551454,0.000194799089218548,0.00734070480413332,1.29898335522304e-05,1.16892788434328e-07,7.1260846578384e-07,1.00265406654023e-07,1.32808581219621e-06,1.55931816235682e-09,7.85070176730416e-05,0.000279754245613824,2.75557182187777e-07,0.000161654595966227,0.000996851704698603,0.000270205644247935,0.000193987738986667,3.74638888469402e-05,0.000275135024469249,3.06645721310164e-05,0.00289759403420644,0.00928369319141673,0.000202862869198002,0.00561073454582807,0
0.0072815629597725,0.0529166756068361,0.0057419749304372,0.00387482543477423,0.000600176903187768,0.000231044361220956,0.00773641213866676,0.0187001140217715,0.040444754232384,0.0104839609768058,5.30901568113284e-05,0.00281337622864388,3.26270147383825e-05,1.48844334670822e-05,3.61971285060284e-07,5.36463078874597e-08,5.99317511590136e-05,0.000351445408235865,0.00164395543751565,0.000110159954011115,0.00416071523394781,0.0251230779673161,0.00192230108140004,0.000985997219194832,0.000306267932230979,6.22612672538056e-05,0.00598949002443966,0.0139875851389012,0.0179936993198404,0.00848806270140118,0.000105838433583568,0.00559930014667465,6.54338483713329e-05,2.9821796701978e-05,7.20122955135918e-07,1.06484776261214e-07,0.000119478910973523,0.000699352012763884,0.00327146124308299,0.000219519357293796,0.00380667918415875,0.0207787072320907,0.00191690296011182,0.00136329734942877,0.000194540751939847,3.61837587899057e-05,0.00450924740083933,0.0111599893091648,0.0232016700553145,0.00678725377011971,12
0.00920812231359331,0.0909153677725632,0.0126969905886846,0.00543554261162089,0.000638596702384999,0.000325258242436077,0.00891641024872148,0.0278075574761632,0.0661008482923976,0.0136860229282983,8.47637958874474e-05,0.0083065378062682,0.000161421794712312,2.94720629807437e-05,4.09795641987717e-07,1.06323051685686e-07,7.91258650477199e-05,0.000774920872804319,0.00439124537322436,0.000187151082810199,0.00721303480680586,0.0728492257899293,0.00890145232696109,0.00348709811864391,0.000335738803048429,0.000101277217500879,0.0068154614099712,0.0230421461381964,0.0534163001646088,0.01114821078219,0.000169090179479247,0.0165305841160751,0.00032182741592402,5.88693911866339e-05,8.14479620980528e-07,2.10479137861469e-07,0.000158231465290018,0.00154424257212903,0.00873838870584522,0.000373521168585161,0.00522663118526864,0.0530052390545087,0.0102979157733508,0.00425753579762953,0.000189839470054071,6.6822635574383e-05,0.00468319803985675,0.024637386414794,0.034358332991785,0.00920656548843658,12
0.00323599977557484,0.0394633460461521,0.00106566345063304,0.00035907326675773,0.000687379862765682,0.000231227057501456,0.00625311966450321,0.0173043158936798,0.0251468580218815,0.00912968481204899,1.04666514399679e-05,0.00156514565347836,1.1379255792083e-06,1.29430958156317e-07,4.74770813318021e-07,5.37338926972098e-08,3.89575685129619e-05,0.000296469081517396,0.000635499469798309,8.36712694028727e-05,0.00230509061793976,0.026376796934238,0.00074992245606548,0.00023222153346033,0.000411311298692436,6.58641314391544e-05,0.00463619802632825,0.0136265201811884,0.0164911545488108,0.00722463087704622,2.08794796935818e-05,0.00311464128234522,2.26479957645847e-06,2.57513356380907e-07,9.44632715021871e-07,1.0665834778935e-07,7.78641285053653e-05,0.000594425610285879,0.00126460132493647,0.000166597938233069,0.00205337803542098,0.0225385241711168,0.000886696560804562,0.000299681436397734,0.000250090772787227,3.71151385365638e-05,0.0037428900498382,0.0121331497635062,0.0122356886019791,0.00499982482522936,0
0.00231746087152896,0.00265108902406576,0.000565870890429652,1.93575099235592e-05,0.000782361457004067,1.22138081607394e-05,0.00559565317220089,0.0128187990087418,0.0010224072841374,0.0099352610680084,5.39652254372109e-06,6.95972159219547e-06,3.21809325841098e-07,3.75116609028836e-10,6.15159678210025e-07,1.47731094985726e-10,3.1466101522228e-05,0.000164146971881111,1.02097523448334e-06,9.90840281785148e-05,0.0016431831377153,0.00184014231815462,0.000288274411439127,1.514305280795e-05,0.000449954638452092,8.68335442006601e-06,0.00449572457356456,0.010211683495685,0.000730940550187909,0.00815886604816913,1.07365493100569e-05,1.39529880938298e-05,6.40407739577536e-07,7.47949270109731e-10,1.22303771718135e-06,2.96166646863302e-10,6.2618789875366e-05,0.000327643999817681,2.0611841725027e-06,0.00019729800954549,0.00102890001214519,0.00296110095969172,0.000173817488259522,2.32223857540715e-05,0.000258839226288687,1.39408041716746e-05,0.00317835961238018,0.00651381288454807,0.00113766430799667,0.0050657967161892,0
