0.0109265336933777,0.000414252892123705,0.000697714039795807,0.000580092831533852,0.000606287609781719,0.000414252892123705,0.0183591981499848,0.0214817754638728,0.000414252892123705,0.00353235669003285,0.000119960253417509,1.72462943761156e-07,4.89247992953085e-07,3.38198293863554e-07,3.69414319723078e-07,1.72462943761156e-07,0.000338552833474473,0.000463029500415705,1.72462943761156e-07,1.25324407323068e-05,0.0087721299767068,0.000293836460463587,0.000425408692846498,0.000387752469356083,0.000361167517239816,0.000293836460463587,0.0121890494088647,0.017940229278,0.000293836460463587,0.00197274395650474,0.000238712409002895,3.43145944578918e-07,9.71932796658993e-07,6.69696390499977e-07,7.33475739065842e-07,3.43145944578918e-07,0.000673919118952968,0.000922114162231053,3.43145944578918e-07,2.49472759596067e-05,0.00792318837745429,0.000258831107183349,0.000327572562733699,0.000306477919441676,0.000260513130531871,0.000258831107183349,0.0104564459592155,0.01760236842033,0.000258831107183349,0.00148548173969459,0
0.0127746348173495,2.85285677898296e-05,0.000450433730432733,0.0003200273478985,0.000311536344665474,2.85285677898296e-05,0.0141245137378767,0.017477308137316,2.85285677898296e-05,0.000692707500728568,0.000164005714733747,8.13330144669747e-10,2.03873590871462e-07,1.02827654537711e-07,9.75041117569024e-08,8.13330144669747e-10,0.000200502692661219,0.000306840719974082,8.13330144669747e-10,4.76286327864233e-07,0.00922457715322959,2.06635337686722e-05,0.000193831832133528,9.90672230157355e-05,9.44878196824866e-05,2.06635337686722e-05,0.0103994629487628,0.0142998064112351,2.06635337686722e-05,0.000492123818846401,0.000326370463034409,1.6231000222149e-09,4.05743912548908e-07,2.03622175672073e-07,1.94064468476525e-07,1.6231000222149e-09,0.000399001379515185,0.000610757627371904,1.6231000222149e-09,9.53747197169552e-07,0.00805907753799386,3.16536895566341e-05,0.000130347983724308,6.65185779026656e-05,7.2476908335867e-05,3.16536895566341e-05,0.00956246318626025,0.0106585383292008,3.16536895566341e-05,0.000694110478293035,0
0.157797983260968,0.120953113477737,0.0548531868038992,0.0214765220152515,0.011271404438574,0.0113143900974519,0.205921847089767,0.038182233082879,0.134382860549276,0.102489084758008,0.0250249444655691,0.0146962676036707,0.00302379014326471,0.000463544997723715,0.000127522285090328,0.000128630239759167,0.0424592591316127,0.00146449338990493,0.0181380607526834,0.0105500489766372,0.0940652784582014,0.0830134787468456,0.0376084140401906,0.0150377939712987,0.00573094560742835,0.00705451958553014,0.143303493925011,0.0297099215017778,0.089955050004014,0.0735611307891017,0.0497956091489864,0.02925241528641,0.00601737283898161,0.000922437499425006,0.000253922599574147,0.000255969809604511,0.0846496554177484,0.00291490288684923,0.0361058587125965,0.0210000912852027,0.078642746283078,0.0675814942214074,0.0268899912311373,0.011208251036083,0.00579964178127018,0.00504036490704686,0.148206345667661,0.0182883057767095,0.0852537690484887,0.0759709951385861,1
0.319246106869454,0.181064748724097,0.113980588684395,0.047133297865492,0.0195564986543893,0.0169874438214103,0.172641345664678,0.248396273970843,0.111146354337675,0.11622872167619,0.102313037570752,0.0329443293154084,0.0130550676255973,0.00223260947895598,0.000383890645753433,0.000289739977182888,0.0299122577659468,0.0619974377455294,0.012401198587275,0.0135611273634405,0.271942045446455,0.152423841714643,0.0932477698507831,0.0378641753314749,0.0165871086699883,0.0135758881012808,0.147344550402029,0.187244847216499,0.094557760501475,0.0966855683698979,0.203709386939653,0.0655627760665562,0.025980225362604,0.00444293800751466,0.000764347308715267,0.000576862318989781,0.0595674281836729,0.123385809967824,0.0246911451007681,0.02700241712946,0.253390702224684,0.15756445810807,0.0952941647847048,0.0423941897928434,0.012938445188643,0.0146287466557992,0.167302610662765,0.15616157241667,0.0953960239815014,0.105366714854154,1
0.120510836971858,0.05286727838753,0.013355579753877,0.00827441147041542,0.00607783259989621,0.00596566737488239,0.116273292698553,0.0485006428130223,0.0193997784307302,0.0261504652414124,0.0144778082987029,0.00280892991036145,0.000178558379297814,6.87779446082699e-05,3.70597795725215e-05,3.56479536433266e-05,0.0135512549273824,0.00236006419447851,0.000378039402560913,0.0006848365496339,0.085908806031846,0.0384940156256822,0.0101833752628005,0.00639883492278436,0.00435144263333432,0.00438135690231462,0.0890836532613514,0.0379406811413244,0.0137356409359444,0.0206284567415429,0.0289277257235676,0.00558971766911623,0.000356036591870738,0.00013689763868631,7.38145291012658e-05,7.1058298712818e-05,0.027002770746991,0.00470048832230012,0.000752476165418601,0.00136524498622788,0.136433259881963,0.0606364332843014,0.0156555148554719,0.00901986592415818,0.00689063295156898,0.00671371261535351,0.101370758231124,0.0504375633075919,0.0214298644386543,0.0231299196413511,0
0.00717769741308564,0.00318536989113785,0.00104127529156664,0.000679524845438438,0.000725533296568473,0.000428356995013437,0.0109197801537459,0.0145798936247134,0.00105261049011219,0.00278456112977619,5.12901472766748e-05,1.01736770423543e-05,1.08754408028032e-06,4.63086933948495e-07,5.27396471501297e-07,1.84076717993532e-07,0.000119392388464997,0.000212824333526047,1.11231074166865e-06,7.77117052775001e-06,0.00513725776502411,0.00220334167123748,0.000771620952287692,0.000484242567177365,0.000468677679267801,0.000294752132200661,0.00889450633953066,0.0119030578646808,0.000731753029291719,0.00195126323522472,0.000102552822145461,2.0268768801874e-05,2.164732814456e-06,9.21679810588849e-07,1.0427439428316e-06,3.66451636412631e-07,0.000238037009333773,0.000424275175791395,2.21466721122122e-06,1.54843184176428e-05,0.00716778764788532,0.00352165313663336,0.00106210776468555,0.000687423922232017,0.000407073269916048,0.000410198643452473,0.0075023240668483,0.00873646946745282,0.00116358226179442,0.00311906885686964,0
0.207377719446563,0.158923123218795,0.0246582032351693,0.0133603666362871,0.00673210673060001,0.00843167108706862,0.106083258802119,0.138850920511896,0.0765696767052684,0.0884836353570605,0.04292856857695,0.025379225693032,0.00061089536996742,0.000179092408438382,4.5539361623112e-05,7.13716035016034e-05,0.0113049848710032,0.0193439211375315,0.00588546311648191,0.00776771758795613,0.127154631594866,0.0769820110119684,0.012664944100659,0.00662339626233737,0.00344359026378885,0.00491235248504148,0.0736827119509167,0.0678344536332683,0.0430035172737854,0.0561979184719408,0.085718773511729,0.0505051960650354,0.00121493416965023,0.000356606135563268,9.06057168569579e-05,0.000142107784858065,0.0225010087591296,0.03852507627805,0.0117189511593338,0.0155575341525566,0.100006103369804,0.0850945414673278,0.00846415152479461,0.00678148016206465,0.0030072325944198,0.00430214482147732,0.056518719831952,0.063769222545572,0.037711053686125,0.052642331490975,1
0.184889716039263,0.250993511439331,0.098026044301626,0.0358862189828367,0.0155276321091832,0.00881508440246806,0.0497046003761299,0.358465268793731,0.122170267401225,0.161248926818365,0.0340523526224923,0.0632894946437075,0.00965474949069949,0.00129254658541499,0.000242133347235565,7.7956047289517e-05,0.00248266653501637,0.129094717551166,0.014988729816496,0.0259669110562302,0.138815645811404,0.189815941609038,0.0787029500982185,0.0296688071157668,0.0120599116329276,0.00586351914484861,0.0374816176514021,0.250583943807417,0.0938048548252755,0.12633881917413,0.0680662698330306,0.125965792875826,0.019215580411937,0.00257388171729802,0.000482014465340285,0.000155271069585504,0.00494079509225916,0.256932282275262,0.0298388081295884,0.0518382336044256,0.179980788132442,0.164262637113105,0.0909292167025208,0.0354090055899304,0.0116903130094757,0.00634105816200336,0.0484420802123658,0.244776250821765,0.104382106596999,0.138261801022406,1
0.00963099426374395,0.0287462210548784,0.00718756269339228,0.00419818273873174,0.00206457094439339,0.000577238954117759,0.0705758378194541,0.0305505184264183,0.032692839471729,0.0203045274634731,9.32215730267577e-05,0.000823781065791021,5.04963106332384e-05,1.71762007953253e-05,4.18340082259909e-06,3.27201443308982e-07,0.00500236086872206,0.00093617171115336,0.00107388185104968,0.000406640018556528,0.00586000380946255,0.0181920550375499,0.00408678104066744,0.00292256301786724,0.00149665120200965,0.000414234226445578,0.0512679501354816,0.0236888165689328,0.0187625683514354,0.0143246960049798,0.000185469359295594,0.00164599613981117,0.00010189989401068,3.47141339967227e-05,8.4242076780819e-06,6.58466285441787e-07,0.00995797282267725,0.00186436671595058,0.00213733414891554,0.000816829353772327,0.0055431577989527,0.0229051540346049,0.00399934286508485,0.0045368305784426,0.00218703674634127,0.000604971378834602,0.0349887057783173,0.0167964184874332,0.0173901316270363,0.0124018392813831,0
0.00117849549160268,0.00189390171418106,0.0007447738231217,0.000373171417697887,0.000598861231208364,3.0109698076113e-05,0.0199164787560685,0.0197971107508741,0.00155074520799997,0.00269863864006086,1.37433579797933e-06,3.49839654841436e-06,5.57447633942846e-07,1.38530082243022e-07,3.60312630328334e-07,8.88505450803604e-10,0.000398380697683059,0.000393186843125031,2.35697604350237e-06,7.31857114640143e-06,0.00078596707371168,0.00134844085123085,0.000474868485910739,0.000188248023526502,0.000304197486241859,2.16630281840264e-05,0.0153910980492419,0.0149819965722233,0.00109218551349772,0.00201959837542234,2.75631256606531e-06,7.06776735550373e-06,1.10511552190451e-06,2.77093943874213e-07,7.14658165586114e-07,1.79064654307757e-09,0.000793045322164781,0.000783141059125183,4.74955664479978e-06,1.45643412585276e-05,0.00125389537560127,0.00210540197280657,0.000349604933540755,0.000209866754299393,0.000192945973032919,3.3397301663615e-05,0.0142651256862336,0.0142043076485036,0.00169841178795827,0.002391337422269,0
0.0818898488584453,0.113340218040024,0.012150922404168,0.005048282559482,0.003385908250236,0.00502302161797378,0.0893802472186254,0.091202560444717,0.0942855888610078,0.0646102593673527,0.00673960942592234,0.0129097277431301,0.00014780318563604,2.55915944132771e-05,1.14753757259916e-05,2.5229870031539e-05,0.00801826035580033,0.00831122889031901,0.00892700932051973,0.00419354074225834,0.0383649777101953,0.066295107721243,0.00662418929929106,0.00258389851458327,0.00178269652037362,0.00261916325436636,0.0602775228807001,0.0476975373730694,0.0558693210380289,0.0349601987750704,0.0134118556810956,0.0256907103469829,0.000294700357238284,5.09447958779908e-05,2.28684113334528e-05,5.0334347919941e-05,0.0159666058369698,0.0165875462861899,0.0177721026291206,0.0083470574029185,0.039877127894271,0.0822371983023814,0.00774577529699865,0.00304718172031937,0.00188321141963748,0.00283650967152306,0.0492449641885476,0.0446931809035159,0.0657237378659262,0.0347371657653874,1
0.411514755177917,0.307330278829633,0.0683050629727061,0.0257668300403549,0.0158607253908994,0.0140768112363655,0.0916141291905057,0.112001281911109,0.165329859997854,0.053711608209097,0.170123069392536,0.0948921013737141,0.00468869365826976,0.000667139894208241,0.000252822356965548,0.000199140618215823,0.00842497541797799,0.0125604506256426,0.0274447337202598,0.00289702582577975,0.337417205329311,0.233950507455823,0.0555444644961485,0.0207973584317345,0.01270151717668,0.0111887491382871,0.0756208248461229,0.0788218083998854,0.125773320971941,0.0310712800807097,0.338615821392793,0.188869436431834,0.009330822259259,0.0013277312099059,0.000503120089987622,0.000396294712708828,0.0167759921598411,0.0250410880748126,0.0546414319788771,0.00576743185963565,0.303940529209758,0.210221950707294,0.0487771343038631,0.0163075352526522,0.0101693640526973,0.00838279205413237,0.084649231097267,0.0865865930066899,0.125193781969802,0.0376313360366338,1
0.0521398020384593,0.029877116008311,0.0085874314191433,0.00368028808239352,0.00187175527562721,0.00144169017197763,0.0910301998522471,0.0261379983367055,0.01811700567492,0.0126345398164508,0.0026709417214034,0.000874425273743751,7.2473193550541e-05,1.33889384853556e-05,3.44412208589137e-06,2.03254358639032e-06,0.00831287382949115,0.000684889964731723,0.000324392764478378,0.000160433752414555,0.0378813510879146,0.0211304611025843,0.00609851960696446,0.00268621156871362,0.00139575123275644,0.0010292710976298,0.075101311490801,0.0209432436382762,0.0132524279223677,0.0100914226645058,0.00537611243059694,0.0017626852707174,0.000145853334229639,2.68618965557958e-05,6.92822361126202e-06,4.10084085308773e-06,0.0165577822821224,0.00136465636610968,0.000650988509832246,0.00031924364554196,0.0584542833969485,0.032565603618046,0.00937399549514724,0.00411310045530157,0.00206185577422765,0.00159836068921282,0.0795612553848172,0.0201507245125583,0.0202743345019558,0.00931144902023764,1
0.0118526056188136,0.00148469509793366,0.000788963820877273,0.000185231928680304,0.000717850401247201,0.000242561842606541,0.0287479266850598,0.0190916689427679,0.000990227919429888,0.00155099693492437,0.000141043162470265,2.17438573972441e-06,6.22902680562794e-07,3.37635267939936e-08,5.17746845055396e-07,5.90535540399791e-08,0.000818624011562999,0.000364622879049433,9.75662177426887e-07,2.38978441361296e-06,0.00838507995268449,0.00106713442073919,0.000536072982164928,0.000130354185455835,0.00039051690252684,0.000107080503945616,0.0217136763181329,0.0157040631782197,0.00071844730278585,0.00109903200439505,0.000280818797903931,4.36620977902946e-06,1.24047094981331e-06,6.79038416966297e-08,1.03046677412344e-06,1.17330588921765e-07,0.00164096755627176,0.000727276011618337,1.95129168996379e-06,4.78342544866564e-06,0.00641025661122473,0.00159101225771925,0.000434276212113184,0.000194837247715349,0.000220352175594395,9.40570853204973e-05,0.0244785987368008,0.0120631503581254,0.00109593485214615,0.00170651484565975,0
0.00985255194545956,0.00936718009481095,0.000620500824398851,9.00330140162829e-06,0.000459293957623768,0.00022702971754803,0.0305574921664498,0.0173553317637881,0.000237014570677642,0.00565766324097788,9.75230956652984e-05,8.81390881107745e-05,3.86862334452138e-07,8.12468843313125e-11,2.11979771504009e-07,5.17944786826582e-08,0.000934030966591703,0.00030152104149242,5.64437853741497e-08,3.21694586375621e-05,0.00446047877512456,0.00300714004312246,0.000317098763148169,6.45967106420399e-06,0.000212336161094243,5.0558923959912e-05,0.0186987106201576,0.0132462941055556,8.2160967128866e-05,0.00168155598502505,0.000194069612074186,0.000175442407475143,7.63810836802398e-07,1.6189517617187e-10,4.20748920245669e-07,1.02779535622366e-07,0.00186305646912332,0.000601219642731674,1.12075969456664e-07,6.40172813824387e-05,0.00437373732806793,0.00361553126880924,0.00019590811883744,9.95161877080946e-06,0.0001303062184263,3.86792249540567e-05,0.0168980538965809,0.0117799340528397,6.25451463828264e-05,0.00208470850032893,1
0.268350462900812,0.169130385411643,0.0354849789790656,0.0147291960292524,0.00884962675740072,0.0109783035766147,0.0929627831430355,0.0847200131667773,0.134119338616792,0.0362400951651537,0.0722194008597848,0.0286433574254256,0.00126426052856415,0.000218038953275155,7.87069648475793e-05,0.000120886342238653,0.00866850836892652,0.00720782978184446,0.018050983134977,0.00131975068141085,0.198991417512971,0.138117312689818,0.0275188727337873,0.0103486393607338,0.00645602340223433,0.00816395268023532,0.0726830444130718,0.0638098028560765,0.107977145093708,0.0300959324351997,0.143861679573631,0.0570984857593538,0.00251712279736483,0.000433886030450919,0.00015662768933612,0.000240802470466765,0.0172671898643295,0.0143492446080665,0.0359484790712441,0.00262647856630431,0.188564617947476,0.103343791344443,0.0205139434303509,0.00897607134193388,0.00532406037794416,0.00678812622629582,0.0621272941315558,0.0443219180334979,0.0942666419327291,0.0198493856364989,1
0.141262800464695,0.0938412368662794,0.0194672804544496,0.00461551309604932,0.0025884955667664,0.00419937664208632,0.0693267006660101,0.0701594245739558,0.0475756972822746,0.015541649346686,0.0199413442081051,0.00874817275304363,0.000378823850620048,2.14072643718093e-05,6.73202309546993e-06,1.75367818515139e-05,0.00482602175488259,0.00494228611854608,0.00224434222369736,0.000242617124085844,0.103361030038709,0.0582789354751617,0.0143934277309253,0.00259867084457725,0.00186219474825987,0.00335207784044316,0.0500600773512462,0.0516921312531347,0.0321072330740626,0.0122182877769793,0.0397964413400257,0.0175105635588095,0.000755901560246555,4.26013782795088e-05,1.33986199690975e-05,3.50837280812217e-05,0.00960807380136095,0.00983990396909042,0.00449653862863658,0.000482942909428601,0.152647455457773,0.0749980909794747,0.0145971428604518,0.00236431949256893,0.00264533177955716,0.0052088682858016,0.0446732460155479,0.0498645655742882,0.0418691613929934,0.0119011447661074,1
0.0116074618408057,0.00188905120263901,0.00216178190348552,0.000359289443769195,0.000770734886275262,0.000413488448886095,0.0210897468597752,0.0151655589485822,0.00181442515872362,0.00372779597899321,0.000133813254669445,3.5824499614476e-06,4.6035802810004e-06,1.28864481035185e-07,5.96854863659218e-07,1.68620993547666e-07,0.000446848440242909,0.000229500950204386,3.23811150078662e-06,1.39645199535407e-05,0.0092956309862136,0.0013612535942905,0.00153869498840622,0.000224346002752632,0.000447556464444794,0.000284449326510916,0.0167319372397402,0.0119571782723187,0.00130804062322538,0.00262492803081288,0.000267877137466898,7.13283836177761e-06,9.25379269382483e-06,2.56980866431686e-07,1.18760188434218e-06,3.38449599801591e-07,0.000889364772987351,0.000458342432026024,6.51386288588703e-06,2.77900969822362e-05,0.0130649345211954,0.00210552685779515,0.00229605193595383,0.000318221784376025,0.000215387828373031,0.000391880401274473,0.0120035064264136,0.00874747548505277,0.00207661254014891,0.00386959144873207,0
0.00322992950570851,0.000106024642188278,0.000464393084699963,0.00032711728378619,0.00072152030850523,1.93712561727284e-05,0.0143839565270051,0.0161582059798577,0.000107787702857964,0.000297562764562246,1.04545256807132e-05,1.12975984226556e-08,2.16712020434029e-07,1.07543356632063e-07,5.23205115986041e-07,3.65385691677719e-10,0.000207936071882237,0.000262087794701666,1.13347575471499e-08,8.88386432409944e-08,0.00214151616806354,7.47620055763313e-05,0.000223746238930538,0.000122098572583026,0.000396840815587739,1.35668021751828e-05,0.011190578380262,0.0131944326530961,7.64563273899067e-05,0.000177214366011701,2.08340452086681e-05,2.24815897558565e-08,4.31289394028025e-07,2.12906311018774e-07,1.02339986130551e-06,7.38804246693397e-10,0.000413684972738951,0.000521859052451349,2.28962531726343e-08,1.76627959001e-07,0.00162414713879875,0.000117199639188231,0.000126762187952061,6.64990322584732e-05,0.000234706983618584,2.1337731957703e-05,0.00799537591883933,0.0096950314400193,0.000119606594371959,0.000217247027785023,1
0.0680986113133506,0.0566811160928899,0.0396317661393391,0.0213284860134043,0.0159069305693271,0.00477097450203666,0.0550747911841484,0.0992208156466601,0.0498377896636992,0.020923178180354,0.00466048701495271,0.00322101537980948,0.00156794151168269,0.000455383537184664,0.000253821674395705,2.28576990996152e-05,0.00304652181025944,0.0098166299767079,0.00249625211333714,0.000437667479003806,0.0390587717122388,0.0390785364358618,0.0217920516170528,0.011237048936609,0.00759376932877324,0.00232645016985863,0.0418400684360576,0.0575668748805984,0.035094852713825,0.01540169872311,0.00927460516348566,0.00641728030558707,0.00313066976728614,0.000907975017047481,0.000505578674668603,4.55055592934876e-05,0.00606449466436161,0.0196120097514718,0.0049675470233247,0.000873247509502478,0.0417466913211244,0.0411078251530286,0.0249339081985083,0.0139613659749562,0.0112023484121052,0.00321458668246897,0.0327416730740019,0.0580844489307639,0.0268575096063872,0.0125632587992542,1
0.0476003139842213,0.031944229054596,0.0303619156653134,0.0144139860040017,0.00960645865432236,0.00288168957000844,0.0690584508419087,0.0939771269864344,0.0108666112878424,0.0190672715695408,0.00227694501587155,0.00101916302870068,0.000917497560066191,0.000207225641082975,9.22890291489628e-05,8.32461307230853e-06,0.00479015494339323,0.0088157958491797,0.000118651657719111,0.000364176341802664,0.033378958103909,0.018908678488067,0.0201817854065964,0.00991388601991454,0.00695937630972901,0.00208098417797055,0.0474256601749063,0.0700779735096583,0.00631937045464189,0.0147900815679868,0.00453117146858975,0.00203447021722123,0.0018347273413085,0.000413918276251683,0.000184108598251664,1.65858242113748e-05,0.00953518831263444,0.0176034170173799,0.000236126968045227,0.000725915215681763,0.0293335372377876,0.0203021938854859,0.03022476191111,0.0157159566806665,0.0108616131092992,0.00311833534487002,0.0545014856728991,0.0900575367313875,0.00783404503780371,0.0179602073790788,1
0.00506049886121794,0.0015793193567574,0.00229972816770034,0.00103304820837238,0.000827968143795814,0.000181561551405128,0.0270692852977126,0.0168020264635553,0.000182474065485648,0.00351478503166778,2.57314976865753e-05,2.43856779472787e-06,5.25562560115147e-06,1.06641106710065e-06,6.88354184114229e-07,3.30630859503743e-08,0.000736114300240096,0.000281377607780007,3.27814361734985e-08,1.2264125892447e-05,0.00413452602894693,0.0011556781147483,0.00163182256282987,0.000694410621675369,0.00055159539891732,0.000130095958300635,0.0209129344693452,0.0137650232902502,0.000130934554455738,0.00255096821618177,5.12113184694001e-05,4.92038075085344e-06,1.05168259952414e-05,2.12769210010312e-06,1.37039592794238e-06,6.58603454067217e-08,0.00146517067060158,0.00056227489799465,6.59134026313932e-08,2.45542352093478e-05,0.00389355169311077,0.00175748662565497,0.002429454269071,0.00111519563142726,0.000774211502558726,0.000200980123079051,0.0265541330789963,0.00878303170834899,0.000199530841940994,0.00371942304704724,0
0.00350193621885108,8.97539207469097e-05,0.000643674263111366,0.000332797551236948,0.000641572240148138,9.93606828150134e-06,0.0161005877205251,0.0124254347205481,9.25056627620473e-06,0.000212929169771932,1.23122412900054e-05,7.85615104944691e-09,4.15747431475835e-07,1.11283395192442e-07,4.13642905731698e-07,9.92212165290656e-11,0.000260478397604112,0.000154988034723156,8.52810146341539e-11,4.489429672456e-08,0.00266826296037271,6.37138673107383e-05,0.000365788518697219,0.000136594800058985,0.000323393351459249,7.00228715497267e-06,0.0134615425359915,0.0103929720721704,6.70372899754386e-06,0.0001546377366161,2.45142161612592e-05,1.58726322662695e-08,8.23601518766881e-07,2.20353224287197e-07,8.23173875543892e-07,1.97444013553157e-10,0.000518342362988842,0.000308570374375704,1.7042349289057e-10,9.00071297859552e-08,0.00174983861972734,9.96320934063204e-05,0.000177760768151222,9.08324104412662e-05,0.00021233235808918,1.09829014254667e-05,0.0100721578885014,0.00698913751931548,1.02359181670269e-05,0.000235867635759251,0
0.18426205072239,0.101632765157404,0.0338771514004974,0.0122998595873847,0.00673608114914713,0.00815832710067638,0.0760144414728888,0.0512255130007602,0.234465613284444,0.0298634545042752,0.0336925003933269,0.01033660810802,0.00114747198952301,0.000151868745356642,4.55000432317731e-05,6.60869517802329e-05,0.00579648409069154,0.0026360953629191,0.0542671550008019,0.000887504502675227,0.0845973233716783,0.0543452700226875,0.0164984685922258,0.00524164720576085,0.00292458059689521,0.00295097388552766,0.0561143196038096,0.0341473688998175,0.0929336992061362,0.0175660694027412,0.0674758801142715,0.0206133118045921,0.00228929637584588,0.000302392346947116,9.06472167776672e-05,0.000132314471773935,0.0115456969698032,0.00524696806828555,0.108969537513871,0.00177488688961802,0.102517195218827,0.0469280222292871,0.0164265580194819,0.00638045823507812,0.00309597991190021,0.00340078407069155,0.0517442251581964,0.0275926240854817,0.117194936959619,0.0128070966380554,1
0.349635056061042,0.179811188755754,0.0441485991388366,0.0172331670159788,0.0102022955102745,0.013302592462003,0.0887703631125577,0.0796366442291944,0.309407769752852,0.0437678084098418,0.122315599356958,0.0324825309505748,0.0019562385658652,0.000298445518656025,0.000104546789446071,0.000177087790802946,0.00791097316948598,0.00637248019852401,0.0952215242827534,0.00191493817260058,0.287808493102574,0.147640702335842,0.0328972026761874,0.0126991351543304,0.00626655297694214,0.00743749478746589,0.0602397398126102,0.0625970657844809,0.221080619678723,0.0335829531010104,0.243948260233599,0.0646516372203558,0.0038955546099675,0.000593935320810185,0.000208110868822784,0.000353159038899793,0.0157515041135639,0.0126825797191584,0.190478520412265,0.00382094265985954,0.356267081324319,0.187648447895566,0.0384830873851407,0.0132336228330179,0.00818712232166825,0.00796002748450008,0.0701554112169333,0.0595278795918356,0.30523128153558,0.0431822666627591,1
0.045831630703038,0.0270530531355971,0.00524572677541302,0.00181673839386544,0.000569892013198604,0.000201136957223341,0.02035385983488,0.0256862933712809,0.0264130404459016,0.00622940464744672,0.00210589022653621,0.000726832565063449,2.70644801760021e-05,3.26344416952864e-06,3.21955372205582e-07,4.00585072168416e-08,0.000416361389159667,0.00066297778184795,0.000701041348842775,3.89198718486111e-05,0.0319758937813547,0.017666220558384,0.00378508864822494,0.00127076855757144,0.000381022441685358,0.000139012533929195,0.0149565705169067,0.0192135830130344,0.0148198268194778,0.00374044299852268,0.00419577965641509,0.00145506440901125,5.4445674616205e-05,6.54700052000028e-06,6.44886476272777e-07,8.0313000063387e-08,0.000828557167401732,0.00131937392221522,0.00139518412675152,7.75256046005924e-05,0.0512642496200312,0.0284486480707153,0.00588359226477228,0.00200401319822293,0.000459951864499045,0.000222466603562192,0.0149864360649059,0.0148279415874441,0.017378864316244,0.00339274759928518,0
0.00321755586921513,0.00173376595947846,0.000653399169459821,0.000254446653934595,0.000716141588763488,0.000229027674477495,0.00513275422289843,0.0106084150420117,0.00129923881240088,0.000284838644389868,1.03718809243234e-05,2.96359715254314e-06,4.26929745405711e-07,6.490495085485e-08,5.1537896788555e-07,5.2717106158647e-08,2.64775194483499e-05,0.000112977972474425,1.66598494342667e-06,8.01866897399939e-08,0.00249286047520043,0.0012002428672875,0.00043425365087053,0.000120898199255245,0.000399900896973982,5.30492981506225e-05,0.00403564477490363,0.0084060979518041,0.000879058518248021,0.00019617137779167,2.0669243852412e-05,5.95465196316866e-06,8.51481676045592e-07,1.29032876865601e-07,1.02565702507533e-06,1.04623046808627e-07,5.26900960792872e-05,0.000224948836478593,3.34514573716925e-06,1.60916418966643e-07,0.003258500499009,0.00192336320981938,0.000250918499938311,0.000121877506568271,0.000207011263700867,3.68868072351244e-05,0.00388921127759073,0.00843181173496223,0.00140473731111658,0.000315400949696332,0
0.135998408994934,0.190227122942314,0.0337985648396966,0.00925113413159406,0.00495042796769364,0.00326090034803638,0.0647120911228636,0.116504869189372,0.0923370852081615,0.033919763923401,0.0184670181732972,0.0363028957065903,0.00113805567086125,8.5664430018473e-05,2.46294407998786e-05,1.06868356550063e-05,0.00420788901213019,0.01356266933145,0.00856872353295431,0.00115584191391212,0.0796792418206085,0.134137557473159,0.0226099536343203,0.00511517852320968,0.0028697175650569,0.00173496200201989,0.0510543614117873,0.0676630491428897,0.0670623494737694,0.0243665246656629,0.0368702291840564,0.0723077374334077,0.00227451398190669,0.000170818978178494,4.90075131685127e-05,2.1266870343596e-05,0.00837445977179467,0.0270681705427107,0.0170520101477776,0.00230055684471259,0.0721046961231313,0.144368899264888,0.0174950125400972,0.00499799170653359,0.00316760352392862,0.00183827448784318,0.0589886064193201,0.0642243108944055,0.0681575529204558,0.025319056095455,1
0.135425754428276,0.103804304830754,0.0411136736017779,0.00969586272193481,0.00316956208969911,0.00179650028586449,0.0190678233623376,0.112531622121023,0.0412191843627496,0.018959063840892,0.0183087863324809,0.0107910492254263,0.00169040742885092,9.42343411389931e-05,1.0096594937536e-05,3.24349971124212e-06,0.000362993971957344,0.0126329207759546,0.00170535357905734,0.00036119144186698,0.10551612552776,0.0743161854356044,0.0288157095026688,0.00614222830809705,0.00206813228725214,0.00115340690909278,0.0147354098849996,0.0814680751742232,0.0309793308296227,0.0157183548175279,0.0365573764938905,0.0215122298662597,0.00337228076301775,0.000187770885389107,2.00918280452355e-05,6.45245841899079e-06,0.000724485591559939,0.0252331218793488,0.0033954704763796,0.000718820337134119,0.134660703959362,0.111849615774892,0.0307477835481369,0.0068104644964653,0.00205639177518298,0.00142922883781057,0.0161310897661128,0.0820240618648584,0.0204078214508779,0.0183380141919244,1
0.0138806552098119,0.0402803718088546,0.00286140308056784,0.000754151726046321,0.000546349487116245,0.000144982176089386,0.104575588624038,0.0321035590508158,0.0267236675628347,0.0313169653941589,0.000193618368638255,0.00162550675405306,8.18338582120024e-06,5.6307649729568e-07,2.99822134816846e-07,2.07218427319792e-08,0.0109855707618168,0.00103514877393805,0.000716411326424949,0.000984115226482266,0.0103438096462254,0.0290454065080668,0.00228788415603612,0.000527490554888529,0.000302542366495114,0.000100602464672799,0.0838956200333659,0.0249210345961138,0.0169601464180612,0.02257674305144,0.000385287712508334,0.00323983152591429,1.63294515134779e-05,1.12899146530249e-06,5.96494473191344e-07,4.16375883435577e-08,0.0218666945635946,0.00206060616083835,0.00142698237319072,0.00195993399231305,0.0134131620516334,0.0261834994251082,0.00344782994413306,0.000848235495198595,0.00024329185704224,0.000161162627636504,0.0843683161059758,0.0193564674617815,0.0164915903473037,0.0247144026433592,0
0.00123577238753982,0.00322782355253953,0.000660368751365559,0.000231739236972341,0.000639117439931938,7.57511510645425e-06,0.0118664402591312,0.0165811652785455,0.000994610044293277,0.00181059282349616,1.53338842891982e-06,1.03433279933416e-05,4.35580009191556e-07,5.39711958746508e-08,4.10523224544213e-07,5.62459162298628e-11,0.000139318362231669,0.000276224601785024,9.69389328999252e-07,3.21325232447206e-06,0.000881165662932329,0.00236637212864546,0.000414350977989878,7.06142764217154e-05,0.000337193784526514,5.29905971479418e-06,0.0089105333783589,0.0136843951999639,0.000719478874779145,0.00130542799666328,3.05124998909111e-06,2.07101002977622e-05,8.69336850912128e-07,1.07123737906731e-07,8.15810098873254e-07,1.13346377063411e-10,0.000279427434207919,0.000549769406638449,1.95379026367768e-06,6.47421017663628e-06,0.00108335159364926,0.00361326225517817,0.000225851192489412,4.19456878677131e-05,0.000184390116526327,8.39959359597021e-06,0.0129900188027895,0.0127950817110457,0.00112651633011554,0.00202700268288762,0
0.0594564266461318,0.0512783988771742,0.0103188105870251,0.00372526678312787,0.00183206685969242,0.00195310135258672,0.083395215627937,0.0731201779415423,0.0694855556581618,0.0271176269381282,0.00354680071808497,0.0026352916348617,0.000106982790702592,1.38641024376932e-05,3.36831375060313e-06,3.8249209567984e-06,0.00698845910598221,0.00536734178714567,0.00484697234795265,0.000739037679507539,0.0355296492586869,0.0309118699450333,0.00580779345099361,0.00185901487747261,0.000693955794393592,0.000936342071043194,0.0537252519921572,0.0460385723738869,0.0343905177711993,0.0166498153991669,0.00706378239312698,0.00525153775236612,0.000212897761204709,2.76715836429981e-05,6.70122974993273e-06,7.61959939906683e-06,0.0139078210934622,0.010686278686775,0.0096509707244704,0.00147068898081028,0.0375713426740232,0.0340259813380772,0.00492131726000557,0.0017185477751728,0.000777888548961414,0.000764678016432386,0.0442348853182163,0.0417379370617995,0.0386767529342394,0.015505175849641,1
0.0675921158278742,0.215296462630577,0.0314395273393951,0.0111031067416996,0.00511151043930738,0.0124980360635757,0.0657644276405877,0.225330720875506,0.113172749647337,0.0473662953101776,0.0045785512878859,0.0465854929908939,0.000992028408912513,0.000123550679042709,2.62455206308275e-05,0.000156983790427177,0.00434560716896207,0.0510142574048321,0.0128693347392949,0.00225481920746695,0.0528807685768292,0.176493364337315,0.0262250749894095,0.00885952469751906,0.00352002215819771,0.00934230116147531,0.0438530562642935,0.17471559797237,0.0923143335987938,0.039907849011526,0.00912319698591299,0.0927042580205635,0.00197548965462856,0.00024621120541515,5.22346476844713e-05,0.00031239505999716,0.00864835317537937,0.101533118497812,0.0256127857163728,0.00448710143137911,0.0467731116914804,0.188680899241186,0.0268758335932821,0.00950085068551834,0.00274409464586268,0.00905540887840017,0.0523034902568938,0.145741083615251,0.0847630774651026,0.0469647918636702,1
0.0148092635533742,0.0400286157371015,0.00757655867105842,0.00225767854410058,0.000648232063264029,0.00104522768029878,0.0336431887241334,0.030747636981599,0.0305176066209896,0.0164196894777153,0.000219230633637389,0.00160464740750837,5.67858054425458e-05,5.04114367039103e-06,4.19615731889034e-07,1.0957988529118e-06,0.0011367015180471,0.000948902902929263,0.00093599180313698,0.00027094976975148,0.0100125714195414,0.0318211407319648,0.00512416749798571,0.00158142060857793,0.000403029059132633,0.000769780257849589,0.0252797672019397,0.0246721271859357,0.0232079751791006,0.0117497772279917,0.000437430139120763,0.00319891405790757,0.000113905362620759,1.01122974411797e-05,8.35351739794587e-07,2.18273822848574e-06,0.00226286984443111,0.00188957484144846,0.00186262722676854,0.0005392009414244,0.0160353063962602,0.0459135077757733,0.0082290878361068,0.00254073195528465,0.000260959594730147,0.00114724288421649,0.0173631793940175,0.0336530082788794,0.0209082847424525,0.0144352434698437,1
0.000952179767310455,0.00367726225968907,0.00092215929752941,0.000351420717559223,0.000569671735946045,6.82541362409031e-05,0.00828207205448408,0.0114209532237797,0.00350061978284007,0.000945357510830909,9.04188356095743e-07,1.34736474986866e-05,8.5203198310962e-07,1.23751065067063e-07,3.26112623100336e-07,4.67797818574914e-09,6.85981882397384e-05,0.000130808111077307,1.21092557856782e-05,8.70424094279633e-07,0.000561758101126805,0.00270621629446293,0.000647351591925174,0.000163512700166739,0.0002847184416266,4.74558792778461e-05,0.00595246540038436,0.00923185687313441,0.0025302679889942,0.000652343357542749,1.80611375496039e-06,2.69267954750854e-05,1.69814954336797e-06,2.46628632126937e-07,6.44491936726371e-07,9.31286356079417e-09,0.000136847478535307,0.000260576104555967,2.43021859120844e-05,1.75976765843542e-06,0.00064756028069042,0.00408819118964922,0.000415107537107194,0.000156099504191456,0.000182372758080695,7.2813588874785e-05,0.00496336132035373,0.00744550851336026,0.00393336119749352,0.00102833502524591,0
8.22891944361897e-05,0.000173134470178383,0.000519544707845165,0.000324237084172654,0.000458050729424863,3.29422630811375e-06,0.00123972522931275,0.00971380507512036,0.000226312173949333,4.50160020969174e-05,6.79650930272245e-09,2.99793841525805e-08,2.7127907984058e-07,1.05657920958891e-07,2.10863477931185e-07,1.08934874094334e-11,1.53210067007515e-06,9.44422163628593e-05,5.12643331361116e-08,1.97604999326066e-09,5.64649182100716e-05,0.000127867561926201,0.00025409235191037,0.000105723664766798,0.000215211663993317,2.35083988623866e-06,0.000767624872552156,0.00776119335769542,0.000166221703467403,3.19693198400398e-05,1.35324761092628e-08,5.98033471130123e-08,5.37622847151846e-07,2.09132737005549e-07,4.18525337352014e-07,2.16902562933169e-11,3.06121249160524e-06,0.000188321703436399,1.02224361191332e-07,3.9926088223978e-09,6.25039691503756e-05,0.00019730127085837,0.000149934957443374,6.93826177397835e-05,0.000126482647032693,3.64246374476846e-06,0.00104784759165805,0.00533347605653208,0.000263226154624038,4.99509792584407e-05,1
0.209833338694929,0.292829836780699,0.0569852716759533,0.02695839849042,0.0142696683267161,0.009745027373299,0.164907835780175,0.121182601933414,0.213267267359635,0.123457225443407,0.0442500627545249,0.0861204552030878,0.00326355017578796,0.000729716050032959,0.000204235187366694,9.54104515444254e-05,0.0272339908376673,0.0147586918447641,0.0457108273070887,0.0152794482347673,0.132083304942541,0.2043716101983,0.0366976445508808,0.0171042617977605,0.00886718458206751,0.00546045366303415,0.113793076541318,0.0845658532255368,0.151917047999428,0.0830708347956598,0.0880584003427198,0.171437922259504,0.0064943858791315,0.00145281544674598,0.000406827643594488,0.000189898112200876,0.054291443540915,0.0293694374054296,0.0909639206080121,0.0304447170902441,0.156337218780938,0.259759507597932,0.0426178812750576,0.0200864114924494,0.0104719098561312,0.00662268734564918,0.131896161907727,0.0575852455385048,0.186909885338611,0.089878615735167,1
0.154583883512449,0.119627266893151,0.0221322719054432,0.00826805547701237,0.00571329187225583,0.00255944910537185,0.0814304522766858,0.043644599531642,0.0510929780548313,0.0425378321234875,0.0240124639427521,0.0143087120647078,0.000492298413588044,6.81557768627174e-05,3.23948732081627e-05,6.54224358093448e-06,0.00653507161139566,0.00191314902068302,0.00262358358106839,0.00177769062470197,0.116002838204839,0.0898903394711017,0.0163380592906944,0.00674348072309701,0.00437561570348821,0.00197917778352782,0.066849950405067,0.0320078694088044,0.0416186240761536,0.0306035740166351,0.0477874464149717,0.0285477946282228,0.000979659929859481,0.000136175277512958,6.48737838840589e-05,1.30595386410279e-05,0.0131331645501926,0.00380831250278155,0.00522095556347007,0.00357826919249585,0.172642701083903,0.124876920064039,0.0254806272276915,0.0103612630845688,0.00602450362988487,0.00274672241365994,0.0785456555816487,0.0289906250250282,0.0536739495785829,0.0467860423325325,1
0.00945744503730681,0.0087823314354901,0.00227828751634743,0.000953254540349499,0.000668615160734995,0.000197496486533949,0.0158533881940423,0.0125880869131398,0.0061070115488092,0.00433971125086598,8.92226571462172e-05,7.68893471770537e-05,5.1528213998182e-06,9.07480889071871e-07,4.49284357147428e-07,3.86723362095183e-08,0.000250507983837409,0.000159171125617259,3.66417662284043e-05,1.89047528853451e-05,0.00685023582103317,0.00614326054027113,0.00162349409535257,0.000658737576275746,0.000470383732975247,0.000143556300521939,0.0120868549972353,0.0105266849912772,0.00433693537003532,0.00245652338513442,0.000178209605332954,0.000153629094658801,1.03176405549504e-05,1.81160390035994e-06,8.9275605362514e-07,7.74824263499146e-08,0.000500584753602676,0.000316818749024029,7.37536899282341e-05,3.76427742606396e-05,0.0104412754060573,0.00909239776076753,0.00241722129689112,0.000979846278708619,0.000544886954369459,0.00021889248526908,0.0117569981272735,0.00715159408839814,0.00676988488954987,0.00211746762869847,0
0.0105519038108245,0.00597820413154628,0.000577115999831938,0.000333988224439451,0.000677018189004897,0.000231570293365313,0.0176594812874533,0.0130195042394997,0.000923393804146565,0.00335347241054941,0.000111712750417738,3.58872429390931e-05,3.34137153254333e-07,1.12012168681927e-07,4.60544724866949e-07,5.3892867418516e-08,0.000312883983146127,0.000168960298151072,8.54331893336582e-07,1.12507923434484e-05,0.00457727294720582,0.0022111163909932,0.000292537108538161,0.000128415599338125,0.00038408250231115,6.97301015102273e-05,0.0102137457933264,0.0100874372144059,0.000457123266324213,0.00124504845702286,0.000222495990200569,7.14466083846962e-05,6.65529343348796e-07,2.21940978615568e-07,9.16292522104536e-07,1.0696804128997e-07,0.000623165286202167,0.000337594405006081,1.7024053502006e-06,2.24402438722159e-05,0.00529800451389952,0.00257591627716263,0.000164283509843043,7.76036625624134e-05,0.000191606158357705,4.03034767217216e-05,0.00905422887173003,0.00794043323455698,0.000371674578354127,0.00127871129143648,1
0.138207436042401,0.158830040289348,0.0282161735481387,0.0084662758878405,0.00413714303272675,0.00156180105331417,0.066825140502519,0.126821739941242,0.0765296264950491,0.0345849351790789,0.0191907736598618,0.0252899560676557,0.000800134975101434,7.20132194115008e-05,1.72018911112794e-05,2.4507038179402e-06,0.00448531618291563,0.0161494854258473,0.00588618620477843,0.00120198897752216,0.0964361999909919,0.119559913201967,0.0207387867514113,0.00637064084067765,0.0026922153967494,0.00097775690835755,0.0571657087976462,0.0943297042651403,0.0552528597303636,0.0268168239428671,0.0381930203259319,0.0503903245590755,0.00159226862137694,0.000143330111625991,3.42266551227442e-05,4.87736126393538e-06,0.00892829279795295,0.0321513237907005,0.011713500501351,0.00239209603391228,0.084213555894779,0.16454755542279,0.0146727672383071,0.00400532070161329,0.00236716873284457,0.000634855232063657,0.0557452737055644,0.0787903006265194,0.0455490887445795,0.022709617073078,1
0.0755312874767753,0.0653596842630365,0.00868892652191247,0.00119888160787818,0.00120225307831823,0.000334684372666895,0.0349560849515903,0.0573100247947009,0.0312899400938748,0.0112079891214622,0.00572541914014967,0.00424106355220274,7.58703868514695e-05,1.42523971980194e-06,1.45266928509564e-06,1.1187703356674e-07,0.00122784709425481,0.00328572319751286,0.00098384569423453,0.0001262263258216,0.054283813520732,0.046575534196573,0.00529398089604464,0.000717709241804146,0.000942225312176336,0.000214353288818135,0.029635183534685,0.0394084905037113,0.0185445501997511,0.0085524450306566,0.0114016821335152,0.00849163526847536,0.000150988422537795,2.85543059141351e-06,2.89079717655186e-06,2.23024089210784e-07,0.00244362944115836,0.00655331840192075,0.00195797687278196,0.000251209897247138,0.0645245116286326,0.0565755407862998,0.00528584065220662,0.000959691570186745,0.00111038618358946,0.000291762391405666,0.0357101990849941,0.0336727895628768,0.0167154022603526,0.00886418277148149,1
0.00827864609910516,0.00357956543340646,0.00081222573750363,0.000245338555748227,0.000650318749004179,0.000232085435512665,0.0195095217578411,0.0150727616018449,0.0147666153542935,0.0110549265112613,6.88695213024929e-05,1.24918922329679e-05,6.59511557435911e-07,6.03473495660771e-08,4.25032766673571e-07,5.41272163491081e-08,0.000380976662808134,0.000227221977904771,0.000219137100238797,0.000122713874861663,0.00598738665378438,0.00254648718023991,0.000501419360785585,0.000110675321395483,0.000363399178363061,7.39964071683208e-05,0.0146335287661093,0.0119445433529244,0.0089274989003427,0.00695713843941214,0.000137057147472802,2.52427097490214e-05,1.31347144534383e-06,1.19962280415902e-07,8.44771373177441e-07,1.07447514112175e-07,0.000759688142284655,0.000453262713949965,0.00043609338878142,0.00024431143434044,0.00918890602264236,0.00396569020330083,0.000345296593521274,9.14439748032183e-05,0.000172540066731505,3.73929865898347e-05,0.0164959792974553,0.0103312177260182,0.00587690279407973,0.0056256895556868,0
0.000663705092423303,0.000181669332660051,0.000605935466370248,2.28387652744695e-05,0.000643176210896196,1.27371511919329e-05,0.00471449020747743,0.0115778993882919,0.000691223116525728,0.00130944342187993,4.42705950398697e-07,3.23196553089398e-08,3.68976959837745e-07,5.15719070681658e-10,4.15631382157957e-07,1.60841298560695e-10,2.20560408447668e-05,0.000134623993308823,4.71356107187771e-07,1.71841493593813e-06,0.000454341291088061,0.00013054252911841,0.000329543509900223,1.66580175755809e-05,0.000343537126460915,9.4049719152056e-06,0.00257206021521848,0.00934707451099524,0.000502369681869848,0.000523663605677201,8.80738613008153e-07,6.51614800238889e-08,7.34024884952695e-07,1.0347432900206e-09,8.27228840164221e-07,3.22268214134964e-10,4.41660072527689e-05,0.000267989052635487,9.46777300028369e-07,3.42329366443662e-06,0.000630121703146005,0.00020146431016928,0.000178129036942237,2.59978667823351e-05,0.000217001230947874,1.44515000688743e-05,0.00254653575637209,0.00579181231584437,0.000768839405844296,0.000835550155904842,0
0.103968184034824,0.101716204304552,0.0372613087609681,0.0178558573726926,0.00785625552170946,0.0190881358880407,0.308131731723947,0.0951636112502552,0.106461194747284,0.121339758365727,0.0108621802818933,0.0103346960476441,0.00139536382219403,0.000320381528143833,6.20149711458234e-05,0.000366041135057652,0.095308798352224,0.00908533034009371,0.0113810753813634,0.0146841222421993,0.0716974260095501,0.0723519466867625,0.0248176090200393,0.0118923609540005,0.00536965814021134,0.0126313319086015,0.222269113157194,0.071346889683626,0.0737294571030939,0.091613631031384,0.0216167672134621,0.0206283394543648,0.00277676540416167,0.00063759547210877,0.000123365929010285,0.000728500627537488,0.189751999808458,0.0180957386007548,0.0226578751649015,0.0293340175526871,0.0802947398006276,0.0672976601187812,0.0270470615573312,0.0132628409015578,0.00494886393905431,0.0118085962643447,0.187907408960718,0.0757210553516582,0.0619469638362499,0.0864964246016173,2
0.0598151704702353,0.113990115050384,0.0317524959509769,0.0123296368548694,0.0136252451960978,0.024586371315496,0.257224567190556,0.121876705817029,0.0982919036034904,0.145265353791849,0.00359580573547642,0.0130179107802175,0.00101318214980151,0.000152629795874207,0.000186580100737314,0.000607523520397924,0.066468608487185,0.0149265960021213,0.00969870118320977,0.0211700004299826,0.0472917443538126,0.0831778663685617,0.0207936647332345,0.00806505805273498,0.00905103147766185,0.0170652943001948,0.176057057279128,0.0954130992208206,0.0822371997746616,0.105873412661493,0.00715544777687282,0.0259463425790677,0.00201633719264291,0.000303885138574593,0.00037128967186866,0.0012089455768468,0.132295597943068,0.0297048295009298,0.0193114797346655,0.0421655129407995,0.0482241508444418,0.10948481446985,0.0260523968047792,0.00848611966118801,0.0109215695317859,0.0203846899491179,0.158962268553856,0.0974390114219807,0.115964999470904,0.137663617537384,2
0.01064860398123,0.0148299208198352,0.00230110909200165,0.00140253882092197,0.00118801823555232,0.00221305279343804,0.0586250890407229,0.0277123985854908,0.0147679202860342,0.0311314632010343,0.000112114313853873,0.00021895263427398,5.28799381777905e-06,1.9538850546021e-06,1.40163593818261e-06,4.83405696204121e-06,0.00345213266130738,0.000769564598614944,0.000218924449859872,0.00095525846491304,0.00853969708095804,0.0103040130566168,0.00162239659959348,0.000980425555594489,0.00087707127760642,0.00159274131080685,0.0435625395823689,0.022347094963697,0.0109517591174577,0.0195548094691289,0.000224935764621393,0.000437775607237178,1.05550191067298e-05,3.91116568645639e-06,2.80402066856371e-06,9.70741602109685e-06,0.00687176671385085,0.00153368563620239,0.000435910247911829,0.00191964903265344,0.00936540060790724,0.0166082409435974,0.00245352831517868,0.00157788300574794,0.00117562915002262,0.00249994819834704,0.0341569981066154,0.0203229768934461,0.0124576637274318,0.0293616449852421,0
0.00852476591920826,0.00159652660782193,0.000473292882660623,0.00040459078499526,0.000394563416371351,0.00035201028871729,0.0586143593837836,0.0171450869103876,0.00801089432193894,0.0035249287050715,7.29971169252536e-05,2.51795142737471e-06,2.25105618946806e-07,1.64443960751774e-07,1.56359487875813e-07,1.24051498253494e-07,0.00341092964876208,0.000294344708446353,6.42780270707908e-05,1.2393036047214e-05,0.00429291134662444,0.00077278769901528,0.000244928371410382,0.000171228452299428,0.000144425453538468,0.0001782529411644,0.0426895259764765,0.0139345715266937,0.00367930348560452,0.00179040085959799,0.000145294561685103,5.05244437781827e-06,4.46955170430652e-07,3.24873278830334e-07,3.09024983627537e-07,2.47342364199657e-07,0.00682931877367279,0.000586798811051429,0.000128121288073692,2.47319530676303e-05,0.00387741085741346,0.000982404499227571,0.000129262096581406,0.000100771922498733,0.000105583560956082,0.000175703521723542,0.0372084690857798,0.0133277580548963,0.00326297534214465,0.00140065169257292,0
0.0694516582537629,0.108895449468579,0.0201784287517158,0.00557662288464791,0.0072098990930569,0.0166209685729158,0.323009509206381,0.0754992205361024,0.130185953978097,0.135608810694811,0.00484544771029583,0.0119126029081876,0.000409087618171099,3.12123290263831e-05,5.22426796944822e-05,0.000276700414347674,0.104309629372613,0.00572531902537577,0.0170332833215207,0.0184575498058066,0.0551486947740357,0.0698556750601004,0.0126602766398116,0.00330974446418715,0.0043774115494476,0.0122202419843771,0.253672542934452,0.0627608693547602,0.098168403202505,0.092469335391693,0.00964463586591733,0.0237110313942137,0.00081418576946641,6.21534570766662e-05,0.000103957641081774,0.000551466586121613,0.208123223328854,0.0113964810347094,0.0338941738444784,0.0367549802743262,0.0433133305560686,0.0675362482932129,0.0132853147753052,0.00339551694828669,0.00425319428225633,0.0115672915802286,0.216381710701395,0.0588910500744476,0.115075808946275,0.0831675721459665,2
0.0263265069614959,0.0901337913636436,0.014091725129547,0.00699499961417352,0.00930888750244379,0.0220645517060383,0.216587847831771,0.0653220727056224,0.0646490429157564,0.128417023785399,0.000695530453396632,0.00815719254701471,0.000199166743645972,4.91387692089147e-05,8.70695317232387e-05,0.000488814069335486,0.0467892653472707,0.00428834892140235,0.00420013745788761,0.0165501116261956,0.0190436625935099,0.0582245599591159,0.00907016489726411,0.00537066964067483,0.00660026352018245,0.0150240671935669,0.152011140335042,0.0487289840772062,0.0488464447577881,0.0838308504112787,0.00138513188631938,0.016240503687121,0.000396738314692297,9.78227780617958e-05,0.000173282347546133,0.00097321442976986,0.093459695539397,0.00853385135220493,0.00835840465587931,0.0329577483205564,0.0216743316503052,0.0653532625136215,0.00861375774391382,0.00618080103246722,0.00716255664297775,0.0158033865397296,0.110645628006569,0.0474779734334093,0.0369458232281789,0.105741614645151,2
0.0127679829702334,0.00461177211967143,0.0121543770115784,0.00485502126399675,0.000854552846986161,0.00185803876160848,0.0170215271370102,0.0376029484778552,0.0201850499627819,0.0159006638068864,0.000163811601413861,2.12570150554502e-05,0.000148433065817467,2.36882850764404e-05,7.23596363484614e-07,3.39821246153832e-06,0.000289517701423131,0.00141880017607903,0.000409335194061097,0.00025317800533811,0.00955880186898439,0.00289936765663033,0.00715512577574291,0.00263742020763375,0.00057269811189242,0.0013007727547099,0.013753010852161,0.0299991889625761,0.0141606436002715,0.0129229563150298,0.000326008338297385,4.24176856943899e-05,0.000295410659629819,4.71379626934586e-05,1.44927767124957e-06,6.83347039989156e-06,0.000577782053319748,0.00282565492178888,0.00081467028782387,0.00050472374780251,0.0106182730810141,0.00344307164627122,0.00637536294237167,0.00247707709076791,0.000712183409949731,0.00207608679220092,0.0169839631667561,0.0274994394327089,0.0106986862666775,0.00796365341216902,0
0.0291030515654569,0.0199942153445644,0.0312418537502141,0.0121429130272224,0.000603664215557125,0.000250975651324362,0.0748666728442283,0.0309555568496014,0.0231790634790229,0.0306353865121726,0.00085124359373053,0.000401632856275321,0.000980921547794653,0.00014814836920903,3.66170482406188e-07,6.30201510049661e-08,0.00562720825995096,0.000961639303945432,0.000539768072673694,0.0009429658250521,0.0178124434476331,0.00865737734500987,0.0159604145381864,0.00536650216052544,0.000317909192247708,0.000120603652757702,0.0412933302349796,0.0219828544350267,0.0105884477527762,0.0199066292166055,0.00169396295786885,0.000799383776836256,0.00195207036570137,0.000294842373158141,7.28484842656665e-07,1.25413913066557e-07,0.0112039527917857,0.00191507296153323,0.00107433619904201,0.00187676634347576,0.0239913102043592,0.0082226083310462,0.0152069811944288,0.00542254793096683,0.000179518802463124,0.000119012331735399,0.0418786098222248,0.0230854572588186,0.0125679925085514,0.0156904221150727,0
0.138787172597195,0.0940561067111624,0.0549134106547046,0.0222735534109209,0.00788589815313904,0.0150277502726789,0.234860999992431,0.0650509135654482,0.0754677671619841,0.0976442111905791,0.0192368580070673,0.00886738014803978,0.00302638473938837,0.000498302318834579,6.24976862703959e-05,0.000226940540065414,0.0553485589960422,0.00424677649701046,0.00566686756708118,0.00958056659514327,0.0837947292987075,0.0523113308253938,0.0361468403063863,0.0131761734440836,0.00392524480708583,0.00775847187225875,0.131399688574785,0.0400823502230626,0.0437522550881825,0.0581424723082244,0.0384025001742829,0.0176694904670516,0.00602507977819621,0.000991831889386778,0.000124364071294902,0.000451623879578791,0.110231301835591,0.0084570245524685,0.0113336545433664,0.019066313560543,0.0833053725298055,0.037434062351079,0.0317556337036029,0.0104611103572653,0.00428091421064967,0.00952120496209834,0.098693024918036,0.0354522194573528,0.0378775289239332,0.0424356522207555,2
0.136132231734095,0.177080993312244,0.0575839878869676,0.0306652618405895,0.0136752807353419,0.0241120538283576,0.367854019732765,0.121656997840168,0.0997702981528762,0.163820808378937,0.0185590796703756,0.0315121321576415,0.00333248897700937,0.000943895910954779,0.000187776432246947,0.000583864305982953,0.135930091908735,0.0148731423333324,0.00997831399309017,0.0269708681452697,0.108645898554695,0.122978840156604,0.0449594884472124,0.0242862957898737,0.0113673096781183,0.0189046916753163,0.281670050648643,0.101790982681855,0.0752792822144709,0.127638211807124,0.0369980810861784,0.0627110049030734,0.00663170930460548,0.00187953402785506,0.000373846984080707,0.00116231815014495,0.270566559704109,0.02959904676016,0.0198823179767624,0.0536720346005882,0.160829506892245,0.138220846649935,0.0657959655533768,0.0300830395642964,0.0104243547839564,0.0176313329868646,0.298461187827269,0.0999350880713223,0.0984287078909563,0.0906329407671753,2
0.0142655662597714,0.0172793430059608,0.00978213670739499,0.00454398746782791,0.00224175610998446,0.00353231130914877,0.0239651327491708,0.0247612616102181,0.00934397098952031,0.0415728717425118,0.000197970593043428,0.0002939794036475,9.37333454937098e-05,2.02231180566749e-05,4.91596444907846e-06,1.23122514228731e-05,0.000563499786909973,0.000610339248539763,8.50224490537466e-05,0.00173693554892579,0.0105346706453264,0.0128397720885609,0.00711286692240434,0.00327378279445177,0.00161311916352895,0.00261143493311233,0.0165681450826358,0.0188712601919344,0.00708371006978814,0.0304843721071418,0.00040048422130213,0.000591084973260455,0.000188951783285989,4.07697540559041e-05,9.91684741352525e-06,2.47277388128067e-05,0.001134991522423,0.00122040152633102,0.000171905745278765,0.00345651670350082,0.015281934039807,0.0200799592628996,0.0110990514305876,0.00511694483560335,0.00238817477870636,0.0040254699954842,0.0225309925063384,0.015468784102748,0.0102619288713854,0.0443658529229952,2
0.00263004611920953,0.00105848859132273,0.00075899973584666,0.000324946422603607,0.000702945032241295,0.000203031771139819,0.00697233754488825,0.0135401188993454,0.000553756922979249,0.00576017857015863,6.92718062611396e-06,1.0952224104834e-06,5.71754588932626e-07,1.04685322778547e-07,4.96505537519851e-07,4.07828193467146e-08,4.8835343724084e-05,0.000184090888193175,3.03474790431053e-07,3.33456484585413e-05,0.00178189542802053,0.000767317108164672,0.000504997100568794,0.000206370044061265,0.000384639888573635,0.000147344828737148,0.00501049423528857,0.0107144375743442,0.000401797887332599,0.00386635002350011,1.38096531339407e-05,2.20982158228761e-06,1.14383396896894e-06,2.09480710244906e-07,9.88149131480697e-07,8.17994888013513e-08,9.71765892380452e-05,0.000366478638028594,6.0859407742822e-07,6.63577972517823e-05,0.00153925620046621,0.00115261214515396,0.000564695964250662,0.000269031388635221,0.000236124395627263,0.00022486401359579,0.00340987795042264,0.00747392148219634,0.000612998871117782,0.00389407379163469,0
0.0477907806767892,0.0530926799493128,0.055070884736676,0.0161827369736483,0.00234892446967368,0.00504546635225171,0.0976485062700626,0.0322922208458553,0.0356330088031739,0.045562712500447,0.00229543560609535,0.00280006134172438,0.00304645694332868,0.000262798878957824,5.52701895312017e-06,2.54944801620364e-05,0.00945665654050613,0.00104365976231611,0.00127180683355995,0.00207821947853128,0.0261732786592734,0.0185315504218927,0.0186433581997714,0.00550750457364617,0.00097711803537489,0.001664231025252,0.0522602986569849,0.0238584441255788,0.0137332208214599,0.0145758544901719,0.00456783970730484,0.00560475814352959,0.00606392051868411,0.000523350927811296,1.10149136569449e-05,5.08231954856691e-05,0.018944116263053,0.0020811954971992,0.00253515801388774,0.00414378711189966,0.0243638347153101,0.0217578103959324,0.0229776851675857,0.00833149961446015,0.000874763601950565,0.00236425023517445,0.0516483480161746,0.0188877791452378,0.0158749410502304,0.0167069367016878,2
0.118730325416636,0.242100778799045,0.0417216380150311,0.0166679948264753,0.0123234365750309,0.0287592585948046,0.357237087279899,0.109964905764179,0.161261419724836,0.161746587836064,0.014167611900722,0.058905353617551,0.00174914175848653,0.000279171413206714,0.000152547227511738,0.00083084936577636,0.12825345334579,0.0121500398974504,0.0261359011609863,0.026271763894146,0.09598579515961,0.191919817493052,0.0338977905599714,0.0142723281280797,0.010071525325401,0.0235209571722847,0.287151694170496,0.0879991766915193,0.129323123437936,0.124270570705565,0.028193637223591,0.117222334271153,0.00348102771115421,0.000555596471117689,0.000303651561469976,0.00165379001960611,0.255222412286954,0.0241812467673619,0.0520102664579788,0.0522992819580633,0.0905036899971852,0.218021539267489,0.0417316555075626,0.0185475449947257,0.00957264503916552,0.0189751100500077,0.308028477192825,0.0896743104265697,0.159701211488535,0.0804397387761818,2
0.00523275389825534,0.0700204449484152,0.00793958911178612,0.00380939589746811,0.00292118698352884,0.0062193432726676,0.112364037310516,0.0331908792731901,0.0312586361478588,0.043539900602751,2.72377715808964e-05,0.00488794741349384,6.29192614240822e-05,1.44347573579733e-05,8.4154648378683e-06,3.81311344722335e-05,0.012637700293491,0.00110043048369766,0.000978975632872249,0.00190193556677732,0.00425904044659855,0.0539942359751951,0.0059265214016525,0.00267066832200799,0.00210115811312231,0.00457445262343326,0.0912152486015453,0.0270499120614611,0.0236285614093366,0.0359261607008999,5.44830489278538e-05,0.00976630197694956,0.000125640060327337,2.88724562578995e-05,1.69062961867998e-05,7.66198131201839e-05,0.025200141774101,0.00219656189285562,0.001951173889591,0.00378814502019078,0.00465126245982018,0.0833587653500992,0.00944677954046022,0.00422933671949482,0.00322838610216598,0.00722427967082376,0.14213345963296,0.0345064918183084,0.0371010026469505,0.0521404759875497,2
0.00242055167304012,0.00504616908530689,0.000890330621244725,0.00032739488387676,0.00037166385192658,0.000392210795065949,0.0101945187964366,0.0137978681868079,0.00308114306689372,0.00570954851230208,5.85472264584613e-06,2.49057837668224e-05,7.94144166457598e-07,1.06819119897505e-07,1.38524563749428e-07,1.49739944635987e-07,0.000102602716365408,0.000190320781324196,9.32551365751711e-06,3.27611582270326e-05,0.00182008043400598,0.0036231731749837,0.000658812523939732,0.000181509686318745,0.000209271355605141,0.000267412098729378,0.00811119837730423,0.0112008302465085,0.00222662825241738,0.00408688201594605,1.16823553702813e-05,5.02441656897846e-05,1.58069529305863e-06,2.1315268166481e-07,2.75965828188736e-07,3.02820135109945e-07,0.000205990799728461,0.00037975028151158,1.8772176922952e-05,6.51927863742366e-05,0.00157041833967721,0.00558101647910297,0.000584551832614737,0.000251313425908501,0.000214019537837133,0.00042157382742198,0.0083588742510579,0.00723808190350906,0.00341928167455672,0.00636411342835994,0
0.0451104403750105,0.00855113627191484,0.00257708520818847,0.0023046501411334,0.000499718495399422,0.00108737025727911,0.0816280861217351,0.0186373108112237,0.0101389817224037,0.00744032847910985,0.00204290159154507,7.30350180789665e-05,6.66953673085453e-06,5.29113077021509e-06,2.50973438318573e-07,1.17309350843787e-06,0.00669263685241065,0.00034883843801128,0.000103232387220458,5.52859338077742e-05,0.0306690405925287,0.00223194587872432,0.000780701948304705,0.000694462915659324,0.00020807205201864,0.000257673744864695,0.0554474182992871,0.0141789541314156,0.00536112455679363,0.0025749852814564,0.00406763005933803,0.00014569971709443,1.32709036412889e-05,1.05474956041034e-05,4.96946834741797e-07,2.34942499144524e-06,0.0133222064504861,0.000694442815018853,0.000205504719308737,0.000110327631762581,0.0232910471594463,0.00248442036075052,0.000815071299233873,0.000735091999597782,0.000129420173514617,0.000371945644358692,0.0528848951923918,0.0131047560025437,0.00441199476907113,0.00248094191526636,2
0.0934674800278704,0.150684650013397,0.0350957880944988,0.0108977244845799,0.00430625763802203,0.0145871222051717,0.274448518885072,0.0724718792360669,0.0858426756066686,0.133293824854818,0.00877318768308084,0.0228045133982811,0.00123731996822053,0.000119170539965732,1.86274572236389e-05,0.000213653395657031,0.0756725449225636,0.0052771315282152,0.00740598434394918,0.0178564786591708,0.0727877573618978,0.115802387926309,0.0280698555516574,0.00892969109212641,0.00319416994427835,0.0115820774638785,0.223422333584275,0.0572104029210798,0.0648107315025968,0.107867976927719,0.0174654869608411,0.0453963421853814,0.00246282193757012,0.000237329555356527,3.70771539884889e-05,0.000425347494719401,0.150611225959385,0.0105028004171978,0.0147369664194421,0.0355314525299234,0.0899776965417997,0.0998677445127303,0.0351044816576817,0.0093415151400658,0.00254544569304636,0.0108928211381164,0.179923828459876,0.0529464454356093,0.055493719755636,0.0751349113833989,2
0.0124708253435831,0.0467034539066687,0.00793357388446373,0.00124658297197756,0.000839356511820318,0.00457875119763244,0.167529806564183,0.0339349274991765,0.0396475560775121,0.0836961896972931,0.000155116786121188,0.00218447177659222,6.28362465570634e-05,1.51788431768776e-06,6.96981459033948e-07,2.09394909579727e-05,0.0282065034904987,0.001156610045972,0.00157978816815067,0.00703992753113068,0.00836188880510128,0.0357427906917855,0.00567001445336491,0.000813942106663956,0.000591355977119197,0.00231778843207984,0.120012861137814,0.0270299329490977,0.029666508239626,0.0453157971375613,0.000309853450782402,0.00435462574177838,0.00012545140496314,3.06419944239929e-06,1.39561519631405e-06,4.17988230740409e-05,0.0561308615800474,0.00230240193865532,0.0031436717418285,0.014009552970442,0.00801718243268911,0.0441919713035149,0.00842509615675628,0.00130245293496105,0.000640810471346549,0.0023199162629267,0.134956078450847,0.0296855171295883,0.0305900056426299,0.0496649870560984,2
0.00207040000019883,0.00436519813340293,0.000858975875256999,0.000330665454089488,0.000648330496302349,0.00020338500049309,0.018540142065448,0.0180548125971225,0.00526481769358694,0.012520282344589,4.30809418912356e-06,1.89201796145555e-05,7.39716261670036e-07,1.09840672004534e-07,4.22381381595544e-07,4.04771567584968e-08,0.000339810919445073,0.000327594424141656,2.77053629199227e-05,0.000157543321209546,0.00149983393891353,0.00305808349152694,0.00062375742465685,0.000140976303169331,0.000373056782616212,0.000146085104644893,0.0143127182220449,0.0147355392514699,0.00384727747880906,0.00936110069181392,8.57184935927284e-06,3.7878736153664e-05,1.47009660126262e-06,2.18631110215245e-07,8.36440509569201e-07,8.16399110277372e-08,0.000681841264988295,0.000651928169769332,5.52837790420985e-05,0.000313509420905908,0.00101666077986135,0.00487650925345032,0.000840300435165378,8.43981483212727e-05,0.000227407220991749,0.000225816687404648,0.0177528639098682,0.0165080098920627,0.00588660798026349,0.0101358186024682,0
0.0188374147627662,0.00517833067543937,0.000681474890515156,3.46828991084467e-05,0.000342295396883218,0.000231333007439655,0.0636424723438969,0.0191887203216881,0.0198012125109871,0.00629146436486295,0.000354699936663508,2.694985196566e-05,4.66617520787928e-07,1.20893713734423e-09,1.17684874774335e-07,5.37769344000938e-08,0.004055380904334,0.000369965940148749,0.000390477905489644,3.97421896671478e-05,0.00764282667187696,0.00188437536575344,0.000370635936448733,2.31167424071085e-05,0.000163349608302038,6.91082405565371e-05,0.0419199799147351,0.0155110894579256,0.00785895468456646,0.00500480884956085,0.000707691072925767,5.36298068112221e-05,9.26156436432967e-07,2.40566149179158e-09,2.33206397218579e-07,1.06746486218289e-07,0.00808513699706245,0.000736315895585908,0.000780590435744073,7.91239012525778e-05,0.00740980110002812,0.00205082881127399,0.000188647293475784,2.9072576828337e-05,9.2407917257923e-05,3.87926005679973e-05,0.0299129816371589,0.0135954933544719,0.00812138383136357,0.00378451155371321,0
0.0796448388184856,0.123256239117474,0.0329531192247236,0.00933821080102144,0.00439592977032327,0.0156475270050741,0.289717092641305,0.0556334737412744,0.0738767365082706,0.164235449955771,0.00636864628300971,0.0152590832563684,0.00109067479425779,8.76131359577332e-05,1.94055226813145e-05,0.000245688377073792,0.0842378463727797,0.003098253285494,0.00547179515666236,0.0270918525008233,0.0618839108531316,0.0908291053185982,0.0260194495858793,0.00675517730512764,0.00323159805758795,0.0120296308653638,0.240089289482443,0.0458584906820338,0.0610239322301412,0.126256564103792,0.0126793682294025,0.0303741113041011,0.00217111993789769,0.000174345788996416,3.86201851479145e-05,0.000489304986819967,0.167741299803647,0.00617782416867996,0.0109020882415299,0.0539264046151023,0.0509980449677256,0.0701504358490211,0.0268255474804692,0.00552728582281947,0.00279980066265381,0.012687793450261,0.176877066842782,0.0409547529516373,0.0491019463082935,0.114620912897517,2
0.0333810910563511,0.0750608515613139,0.00890824927263059,0.000703956384762497,0.0009873887201805,0.00644064381403275,0.162810340365022,0.0461158787325119,0.0514469689858546,0.0984917613328524,0.00111732674124321,0.00565984136505522,7.90848928211634e-05,4.69710361838834e-07,9.64189548195133e-07,4.13151026231258e-05,0.0265923740971799,0.00212269052695315,0.00265485291286844,0.00974509675849498,0.0252550023219809,0.0577030374372623,0.00601289295345552,0.000393663938543119,0.000716961768071975,0.00323133701276913,0.103181876752121,0.0360297889702167,0.0418704823019791,0.0802013783999663,0.00222602074538985,0.0112656298597139,0.000158046104046293,9.62764543903826e-07,1.933151799762e-06,8.25824368726742e-05,0.0529638711162621,0.00423874568301082,0.00528836885433622,0.0193961212443183,0.0287241511924448,0.0733741730300281,0.00467130924968962,0.0005216188427395,0.000878636662975575,0.00390934576101908,0.091545306683179,0.0406325496241873,0.0413255814954916,0.0740891715628295,2
0.00453245171065811,0.00786785426726048,0.00054812190515898,0.000234091429785019,0.000603056352061989,4.81653349857463e-05,0.0106524251178132,0.0167333095765753,0.00680287633274311,0.0178709338516344,2.04289040684904e-05,6.01737050079222e-05,3.01668238035889e-07,5.50534740787862e-08,3.65477548215868e-07,2.26544546667423e-09,0.000114036694620323,0.000280677706739028,4.62277975080371e-05,0.000317555216179115,0.00275071350148144,0.00519779738541025,0.000308307225707692,8.42543715187807e-05,0.000327937573759447,3.40927036068395e-05,0.00820706079103631,0.0128515835215945,0.00474299501901063,0.0129915819906435,4.08685128639952e-05,0.000121775188878789,5.99656360617089e-07,1.09295212163107e-07,7.27065115776778e-07,4.57399727696361e-09,0.000226930213156647,0.000559275255225003,9.22746664894428e-05,0.000635320945819919,0.0023996678353195,0.00827295260256018,0.000294987532029744,5.49990724745058e-05,0.000207056203614658,5.28555163552467e-05,0.00721558546353649,0.0104574503596494,0.00735004109380994,0.0154623599497314,0
0.00209140039721225,0.000330845814853527,0.000554908632785949,1.23059903575328e-05,0.000547793801288555,2.39280067483361e-06,0.0089964824817859,0.0135276205064913,0.000362196387633576,0.00472179173470509,4.39340779209466e-06,1.06965217057019e-07,3.09428618156536e-07,1.50003673750169e-10,3.0135647880505e-07,5.62423372428477e-12,8.13418282223191e-05,0.000183832005403716,1.31844402405397e-07,2.23738642966238e-05,0.00136439331818166,0.000233407898490545,0.000282839809767301,9.05800878806858e-06,0.000247999639039958,1.72744476237465e-06,0.00691746504954386,0.0109227408657775,0.000254512802396389,0.0034540642479963,8.73306310487936e-06,2.15888780327331e-07,6.15805049045796e-07,3.00687551589647e-10,5.98751787149963e-07,1.13215134635464e-11,0.000161871805129551,0.000365909358668593,2.62362671698427e-07,4.45519980540624e-05,0.000812598108083815,0.000367092600888053,0.000165290210194974,1.39319308486974e-05,0.000167074678991313,2.65269268375526e-06,0.00481235204176908,0.00611217930471024,0.000400155070222662,0.00216143890914137,0
0.0582526407549684,0.0820333683371874,0.0476888457406114,0.0212323223923377,0.00464719062383091,0.0134576044125515,0.225364173966183,0.0684660538393096,0.0767097900303809,0.0906587567100984,0.00340174311780115,0.00676101982931503,0.00228337565871466,0.000452266014946305,2.1704397146044e-05,0.000181966753770584,0.0510359954175092,0.00471114062027557,0.00591269257985759,0.00825958635522035,0.0371039290412964,0.0510652883909698,0.0303636579334067,0.0137049197162553,0.00284649506947768,0.00789383036216832,0.155456247890784,0.0489874508230664,0.0499441637294668,0.0500598237298738,0.00677779484901783,0.0134566783284078,0.0045461815039562,0.000900812185809423,4.31920810780644e-05,0.000362157857786933,0.101568709685281,0.00937518025818663,0.0117673775893563,0.0164350075394896,0.0287093024374671,0.0443693846696844,0.0333771785318245,0.0157971512183049,0.00237050911860197,0.00816879732752613,0.114172890624974,0.0522267457335102,0.0471174851036442,0.0389411899571043,2
0.0626202465915133,0.0971214916803969,0.0216510743501812,0.00890811879887929,0.00230436178658065,0.0111939030545493,0.295458627223268,0.065851043218493,0.0787375669622252,0.14331885757862,0.00392205507494937,0.00947755281780061,0.000469100619236246,7.90669229373422e-05,5.33653836591829e-06,0.000125918705718868,0.087715923285626,0.00435608281946936,0.00622361794541485,0.0206230770623022,0.0488023511929079,0.0679274623710675,0.0145261567363216,0.00658987988172655,0.00152057437621249,0.00817807682098744,0.24688802025919,0.0549786630403062,0.0565411534183829,0.11368504621817,0.00782340585140594,0.0188621639306705,0.000935473849777279,0.000158019907192094,1.06135488544244e-05,0.000250592398435261,0.174572945216916,0.00867058755196402,0.012392073409433,0.0410596381421653,0.039602565295073,0.0614529897373634,0.0190605339129917,0.00986415503425121,0.00207568753702328,0.0108189360107777,0.302502289116003,0.0748096989072102,0.0592884378545924,0.154035796753492,2
0.018929402640042,0.0292366838005714,0.00219890858677915,0.000568266203207612,0.000640604078349696,0.00063127186148451,0.0436392143474051,0.0182497497435165,0.0156727588737076,0.0293487540312676,0.000358221060518948,0.000859030838247624,4.85054225949082e-06,3.19812809967575e-07,4.12290118182069e-07,3.9089734519521e-07,0.00186880469166764,0.000333673270633869,0.000244930604094172,0.000853197199340234,0.0135202788432997,0.0180096366698547,0.00128512836860787,0.000400395724669272,0.000347357633116752,0.000453621432967756,0.0317820206916509,0.014626638596224,0.00940915773293841,0.0212760651937186,0.000714744178457207,0.00170949395791917,9.66075716031393e-06,6.41136067821521e-07,8.20599807410287e-07,7.87446526543327e-07,0.00376381486870392,0.00066505730818022,0.000489333894952151,0.0017102154751254,0.0214284702314938,0.0169312006772967,0.00149023555186558,0.000513972741244833,0.00022111755441227,0.000718722094792521,0.0479912179833762,0.0127958229321989,0.0136857891856821,0.0293203538165961,0
0.00225289824542812,0.00211771288033663,0.000645363316922649,0.000458534988501635,0.000471462082716313,3.57309540674287e-05,0.00660704735073033,0.0124522069383472,0.00103257513903517,0.00693092954595698,5.0912193360071e-06,4.44039062840837e-06,4.18515793944816e-07,2.112457101221e-07,2.23351626677484e-07,1.24556410896405e-09,4.3661107510182e-05,0.000155694523463509,1.05055429028033e-06,4.82791797218298e-05,0.00144724519509309,0.00145490134488969,0.000352019563489674,0.000201264855193429,0.00022431756442774,2.53406200255965e-05,0.0050814596293884,0.00996100500909902,0.000716153091927077,0.00517899011557932,1.01412648300546e-05,8.90275652257878e-06,8.28714702273291e-07,4.19344224603472e-07,4.43490362750039e-07,2.51603515805657e-09,8.70856906026053e-05,0.000309969111740832,2.11148926563685e-06,9.60456789974035e-05,0.00107167407736351,0.00234388870101614,0.000188089783813664,0.00012677885884701,0.000123739852481522,3.9645454289898e-05,0.00340211529384375,0.0065160799133084,0.00114634730452062,0.00303643679224652,0
0.0657226515311956,0.103408515628025,0.0256041704319321,0.012549145429777,0.00233091516900905,0.00969515982911588,0.22846992160898,0.0526151828860448,0.0699493748114253,0.0409444012166109,0.00434070994513475,0.0107111293550055,0.000658573703038725,0.000158271560270692,5.44082253596479e-06,9.38815144737947e-05,0.0524571340839856,0.00277638845281325,0.00491659513660832,0.00167670756491992,0.0474574589700793,0.0516344090840191,0.0144377397631939,0.00620945537522548,0.00114623981952954,0.0053157195024033,0.150247580499896,0.0374385723963908,0.0431959799904559,0.0243709758854155,0.00863844686407879,0.0213508626353787,0.00131083349209948,0.000314961101028441,1.08467548506436e-05,0.000187403256018006,0.104393005437956,0.00553066421513921,0.00978480317697995,0.00334421574329265,0.049268044028123,0.0550502044317048,0.0122556400995479,0.00654813259583783,0.000960124449187724,0.00591523775578414,0.16295105734498,0.0387732559630458,0.0519183019513921,0.0197678924057213,2
0.0768557160737493,0.140638631716344,0.0235126044987318,0.00551871935595363,0.00200388251455156,0.0113292148491962,0.198685142059236,0.0471272395761467,0.0732361605190994,0.133338917587408,0.00593510502471483,0.0198376451330324,0.000555592516105894,3.06072080705771e-05,4.01443666634462e-06,0.000128061819541842,0.0396075991482532,0.00222395972281993,0.00539043563737349,0.0178616078222254,0.0562581864752213,0.0997756802197992,0.0191011796328897,0.00464937090719158,0.00132635265944059,0.00817538575663976,0.159017874040893,0.0361181038878533,0.0582213392203131,0.100938268762824,0.0118121289446832,0.0395172677755537,0.00110546540381424,6.09094245817112e-05,8.00137317909315e-06,0.000255740139837313,0.0788852941025457,0.00443378661953529,0.0107266685353685,0.0355514133342991,0.0405848396340547,0.089406030394398,0.0171687054560223,0.00440456159199047,0.00132916141311411,0.00644781559098847,0.092876079269992,0.043401126167381,0.0573569144222288,0.0751701733469053,2
0.0117336049468787,0.0226680922700804,0.00470637294653863,0.000747919243015648,0.000469362246519949,0.00151292808321795,0.042892386505978,0.0184912957907364,0.0184778288684426,0.0249044540207905,0.000138051407367613,0.000516213496601834,2.21377924418524e-05,5.57001375363636e-07,2.2133072797834e-07,2.26545117893137e-06,0.0018118012521938,0.000343646150600129,0.00034257586969574,0.000623337376844786,0.00880964951651147,0.017218296744725,0.0033476772409403,0.000530153150457717,0.000222623656482024,0.00111168479420041,0.0288117546590278,0.0147895676425973,0.0105106557196369,0.0185819728754009,0.000275036943934331,0.00102745873618612,4.41747733046496e-05,1.11312223754427e-06,4.39405226242037e-07,4.54303318139709e-06,0.00364248888357661,0.000683855302300963,0.00068228997339543,0.00124044383060653,0.013351133426608,0.0263794907003059,0.0052270193069301,0.000749585828022102,0.000131873308812879,0.00171685671455368,0.042154968643499,0.0136680256610589,0.0101371185301275,0.0174239374019599,2
0.00216357730497209,0.00155513131998215,0.000602196199773526,0.000461515130290787,0.000678637487477447,8.60850893639192e-05,0.00682578118357686,0.0130849292193596,0.000515630104838384,0.00512495327584813,4.69892165822467e-06,2.42919055715166e-06,3.63584548984162e-07,2.13915334968154e-07,4.6285672161689e-07,7.27604361302042e-09,4.68211737501578e-05,0.000171675955545935,2.66870007684979e-07,2.63929529894641e-05,0.00130368553860111,0.00110532457443753,0.000376920376368779,0.000215152144410674,0.000359437847297595,6.21192770108567e-05,0.00532425402501148,0.0106490953215031,0.000342818019271181,0.00391784455550905,9.35622540612192e-06,4.83532085055287e-06,7.21750293929155e-07,4.25841954343149e-07,9.20845237599466e-07,1.46501921181417e-08,9.31758392573172e-05,0.000342022346349637,5.31233889133088e-07,5.25254606556315e-05,0.000834461257690851,0.00171947873799914,0.000336196766967535,0.00012490920684168,0.000198919577058676,9.54476960955456e-05,0.00389270799632608,0.00617246542486799,0.000528350781290234,0.00273583930391786,0
0.0109377113095132,8.49154271365348e-05,0.000648149378043407,0.000235891400809436,0.000466408634019451,4.488356652179e-06,0.0334536398415198,0.0175114863265688,3.17312073425714e-05,0.0059184435988021,0.000119926904628985,7.24470808632082e-09,4.22178924729618e-07,5.58981812484313e-08,2.18584715892278e-07,1.99338084852965e-11,0.00112261311051135,0.000307230856314686,1.00413191889744e-09,3.52027414977176e-05,0.00741812649387329,5.93917782277363e-05,0.000339916834295118,8.54920680151255e-05,0.000220853279243026,3.25766706427894e-06,0.0226474932848688,0.013277544351349,2.18018846450747e-05,0.00417364874132999,0.00023896079437494,1.44186406208636e-08,8.35602635464798e-07,1.10977167064862e-07,4.35028418450263e-07,3.99788350892908e-11,0.00223611459695301,0.000612344524775925,2.00593177530904e-09,7.00461911796906e-05,0.0055275839851006,9.38655806485024e-05,0.000175797270223751,5.24889084619777e-05,0.000126542325782509,4.97102682600663e-06,0.0197740793315123,0.0130375471794899,3.51601787118958e-05,0.00269863533255438,2
0.0629994721199458,0.146149661609022,0.0332997225696185,0.0113449447347025,0.00358547259494502,0.0118386570400972,0.281232495016608,0.0433915765449288,0.0644720954369112,0.113797037056501,0.00398874830214024,0.0214670335671217,0.0011106532509687,0.000129289551698077,1.29198013023652e-05,0.000140855121671899,0.0794580907573222,0.00188825122769213,0.00417267422310545,0.013002848302831,0.049788989966825,0.104668482079269,0.0245735927224407,0.00799788075385731,0.00234477815445116,0.00843604591915846,0.214909742999213,0.0312492882352238,0.0479084583714661,0.0808162470142092,0.00793677525236691,0.0427189065087521,0.00221375466637216,0.000257350237766917,2.57106950958426e-05,0.000280303406724925,0.158145506609682,0.00376162930816754,0.00830844941878522,0.0258867755628446,0.0345661906542809,0.106210496993923,0.0195549047654548,0.00642329022984928,0.00207766864574599,0.00635483893018714,0.172236802953234,0.0224332620408734,0.0418482537948875,0.0593130469676147,2
0.0380002359547316,0.0539065987444279,0.0205078877864868,0.0037773755337928,0.00093821181718904,0.00457177856902014,0.196819584324902,0.0346892827407247,0.0312813072097068,0.0998643562625231,0.00145123081962401,0.00291940437325769,0.000418970200564447,1.42852674623805e-05,8.84274075064923e-07,2.09898068281591e-05,0.0388972518670438,0.00120875148478639,0.000979266959359145,0.0100121655453591,0.0210685353435414,0.0428976775292922,0.0145604451624482,0.00286209628954346,0.000688776669888896,0.00358662415788467,0.147350482725841,0.0257238428815182,0.0209675028366333,0.0645875204684241,0.00288790946846445,0.00581065621858427,0.000837400604011354,2.84818668320906e-05,1.75244237787002e-06,4.17840070814307e-05,0.0774406521384518,0.00240605217907452,0.00195282456000618,0.0199345405060479,0.0261441176252699,0.0474635156276757,0.0159430120851034,0.00434094666542122,0.000726870297583399,0.00315400791720606,0.163161893193693,0.0288567318043491,0.0261138550212824,0.0615288809093079,2
0.0026685973680693,0.00558111166459972,0.00199453441944175,0.000332834697163,0.000501904408074027,0.000406063835982307,0.0146929341727104,0.011883830528704,0.0011063399812163,0.00655614997454981,7.15692683090173e-06,3.05653806024335e-05,3.9979159520781e-06,1.1091102471479e-07,2.53154315735535e-07,1.60854098093581e-07,0.000214204548233402,0.000141909804390942,1.20648633257402e-06,4.315745107748e-05,0.00167313331198654,0.00403210734171,0.00148099218478472,0.000206457118075181,0.000228226021958681,0.00028865511194639,0.0111713888422617,0.0096603911209529,0.000822544972084694,0.00471679116948427,1.42424540651421e-05,6.15609555738042e-05,7.94935169485698e-06,2.20974721047615e-07,5.0130080489029e-07,3.24937510911938e-07,0.000429012157944509,0.00028242202865846,2.42420961389584e-06,8.59216365993579e-05,0.00119615794069277,0.00620372856966328,0.00207265408129251,0.000279462471109412,0.000135059138694728,0.00045117973326995,0.0131237809765144,0.0057354330844669,0.00126257672597726,0.00275055357610515,0
0.0188317340092644,0.0065832323099385,0.000601879679358808,8.59266046611772e-05,0.000509464910236943,0.000319662611828401,0.0444568355956755,0.0157098356883892,0.00656359855252602,0.00778082212853752,0.000356024983084127,4.34592950629798e-05,3.6404146052507e-07,7.42048223973552e-09,2.60847389511282e-07,1.02663075509421e-07,0.00198241878135477,0.000247434930248778,4.31612362939452e-05,6.03785343422745e-05,0.0100207745161776,0.0017201666296914,0.000289123476437762,4.6076959196885e-05,0.000232600654071027,9.50622855310544e-05,0.0200323720931362,0.0122375356364748,0.00160273912460093,0.00388845908730828,0.000708870883311552,8.65647910883487e-05,7.23863955900762e-07,1.47629308281451e-08,5.18752685401314e-07,2.04333942249248e-07,0.00394868475543532,0.000492970968704719,8.60053558513971e-05,0.000120607610899684,0.00876489026035297,0.00233937880114126,0.000168145675584685,4.50729982069313e-05,0.000145909539178264,6.73907094470426e-05,0.0177887707589494,0.00809027409126679,0.00200463546194046,0.0042994126859607,2
0.0912820409308696,0.120783124306259,0.0890435162440626,0.0353175744440099,0.00645917812180228,0.0163943413589277,0.258972277068829,0.0788454675050487,0.0690421333640258,0.15243265903347,0.00837421873742015,0.0146278946541785,0.00796542475204716,0.00125235560125879,4.19252216338996e-05,0.000270103091988408,0.0673539215682336,0.00624588833799346,0.00479017973150847,0.023348263734974,0.0740738754426498,0.0986815755667007,0.0710515776281398,0.0280004440467365,0.00466058428309901,0.0126489548659072,0.214882488567143,0.0604895754990089,0.053808564480574,0.117474267829238,0.0166647573536932,0.0291430460796182,0.0158543152171805,0.00249340683952108,8.34365761381339e-05,0.00053751681889095,0.134080279742533,0.0124312581850013,0.00953304181493816,0.0464669708421947,0.0702202623226709,0.0998612271223035,0.0862156656893091,0.0308774642734829,0.00363306949921021,0.00999507876181849,0.16444062879568,0.057155408037147,0.0499398357423603,0.080087981719969,2
0.0585901737973309,0.0481419112411179,0.0143808338017642,0.00757858400902837,0.00109488575563491,0.00532248375666571,0.212158886859594,0.038228831855197,0.0393867121790879,0.124855475910566,0.00345005532752632,0.00228614087860627,0.000205288558825017,5.66535244742156e-05,1.19997199854987e-06,2.84624975668891e-05,0.0451504514775258,0.00146874484692614,0.00155790995926943,0.0156634343761296,0.0440789481535255,0.0357526949657269,0.0110215513159094,0.00561024664716913,0.000867702079448902,0.00392187095924937,0.17516975754475,0.0301130708016542,0.0264272708353684,0.0901331254270133,0.00686536386177432,0.00459228397938373,0.00041106683701211,0.000113804767755103,2.3915424295955e-06,5.6648963248144e-05,0.0899358213338951,0.00292284136034303,0.00310135621798953,0.0311732674909942,0.0602316965013284,0.0393488254517997,0.0173108996715003,0.0088565472036905,0.0010374807164733,0.00498345936011706,0.186574669213249,0.036389081500662,0.0241425583909574,0.102247250114899,2
0.00526426295165997,0.00666200444052191,0.00110853755862122,0.000458333424061202,0.000564610677386294,0.000378532572886943,0.0278026327356175,0.0146045986044002,0.00451513141036189,0.00842270770480402,2.71673604681335e-05,4.35632953389588e-05,1.20711369997897e-06,2.05377948085914e-07,3.19922394725523e-07,1.4028031128618e-07,0.000759802523356252,0.000212714386247545,2.00803648897237e-05,7.11156603199861e-05,0.00390142729098641,0.00484083849251144,0.000820281086775217,0.000334266628802617,0.000299696337081242,0.000267309462035232,0.0202860748163979,0.0118314143284343,0.00327101527145652,0.00625958455849141,5.47438640665524e-05,8.77277626227755e-05,2.42870943809429e-06,4.14420567318065e-07,6.3710745423629e-07,2.82864772700396e-07,0.00152897045084053,0.000424943870568588,4.03662640949147e-05,0.000141702087070121,0.00558053397182975,0.00762809958223095,0.00113877513340424,0.000520601702467628,0.000158241597648715,0.000421688531998071,0.0301579763493321,0.00860528462877625,0.00519693747041353,0.00745028214994669,0
0.0183915743110586,0.00670775642392718,0.014167735515687,0.00406901533039846,0.000560649636903198,0.00179270300091975,0.0755546187078085,0.0205775809183498,0.0100969141730931,0.011332543142735,0.000339409573063695,4.48276954135751e-05,0.000201471209014312,1.65873972313166e-05,3.15714462984822e-07,3.22986327130168e-06,0.00571671307155675,0.000425055237327937,0.000102177578731509,0.000129069044916466,0.00724395335125653,0.00242559569126719,0.00398543613719792,0.00104870084735459,0.000296609878794712,0.000601005011785028,0.0411609711799502,0.0158309772232234,0.00304125356847214,0.00527479333424202,0.000675962412035352,8.95807320607161e-05,0.000401177511613393,3.30613299728276e-05,6.27417244901145e-07,6.42728186611831e-06,0.0113962090883958,0.000846365902163763,0.000203614265436202,0.000256844549216012,0.00787218604562608,0.00270963530226623,0.00581535255057679,0.00159726942535333,0.000162255834402279,0.000730957002287399,0.0354443436957605,0.011900785857126,0.00404328185005617,0.00425008515421155,0
0.0936003392806366,0.290429502976145,0.136394429524893,0.0419636143756961,0.0173425668661086,0.0392864322145259,0.3831829898934,0.168288796733595,0.23426734566886,0.274214542356818,0.00878857433355495,0.0847440654085862,0.0186911114389142,0.0017695462318606,0.000302269441534162,0.00155069136604477,0.147376338435272,0.0284486775375795,0.05515029465425,0.0755332796944058,0.0711941822546649,0.225205411566628,0.102788771670761,0.0326824810968521,0.0138186867984193,0.0316088942673532,0.304507872476519,0.128907619739438,0.174108691290148,0.213561095813862,0.0175055247559962,0.168669608122141,0.0372010194154145,0.00352163949689869,0.000601522616138841,0.00308628523615068,0.293466434226651,0.0566273841715497,0.109755453194914,0.15034727328774,0.061928383055485,0.17709828914497,0.0697976881679509,0.0274141695851782,0.010536417556443,0.0196246738398618,0.256711334356303,0.136355767829614,0.171361218159787,0.180678998861137,3
0.032043595840528,0.0889785957818714,0.0302124691002786,0.0072457567010208,0.00195784183010795,0.00913871323682565,0.207312509630966,0.0424746239085597,0.0531520693278177,0.0786346423902535,0.00101128888806116,0.00790962725931182,0.000913229526592456,5.26844349879589e-05,3.84831523062113e-06,8.34730234216153e-05,0.0431547156269884,0.00178845550534498,0.00283007671283613,0.00617703032771339,0.021837515753212,0.0579386390262643,0.0207409663239483,0.00579426039765412,0.00141582480187093,0.00507875192789932,0.146903772218284,0.029026280383637,0.0373749230678338,0.0481956212819205,0.0020330211591951,0.0157847390130959,0.0018214362926393,0.000104917409372758,7.65833311916178e-06,0.000166562452006075,0.0859156893727272,0.00358334941743042,0.00564028984533427,0.012329550112417,0.0289028516892796,0.0496362110011461,0.0162769125749101,0.00713656474483005,0.00184680032656713,0.00497416355915074,0.160510186216052,0.0307032823544551,0.0404165057870301,0.0410827473382974,3
0.0012887289388918,0.00556589091355067,0.0011765212070883,0.000683948756758218,0.000665621922236132,0.000265884416223425,0.0241166596487804,0.00851173353096774,0.00688033797916359,0.0102660328162776,1.62473955146094e-06,3.05984995393729e-05,1.3774904024862e-06,4.70061564667545e-07,4.45143309571266e-07,7.08980563024592e-08,0.000575951915842611,7.27608699256221e-05,4.75658357307799e-05,0.000105909804630737,0.000892653076407856,0.00405395033318235,0.000901796889341487,0.000481026416993548,0.000364054438345039,0.000186785653267532,0.0168357858022368,0.00655796526149708,0.00497145386797646,0.00768108234073408,3.27724967447421e-06,6.1424311674351e-05,2.754540899172e-06,9.35467181950836e-07,8.8459012817518e-07,1.41234186484921e-07,0.00115466465940575,0.000144838110234781,9.46644446128391e-05,0.000210770324364044,0.00134787071530662,0.00642093503174463,0.00109703798339169,0.000759303263720901,0.000197810637317769,0.000298259357649589,0.0270365080259413,0.00552148521738998,0.00779395247715082,0.012126813839691,0
8.06737663580967e-05,0.000327397151189414,0.000711032864944712,3.77447348363588e-05,0.000517853560866295,1.50759273019983e-05,0.00670904533378567,0.00806490053687348,0.000471982861455584,0.00071181519948413,6.48697920050775e-09,1.04654362182842e-07,5.07908997602499e-07,1.42766936279285e-09,2.69518657625982e-07,2.26790070241988e-10,4.52372700106947e-05,6.53619450358183e-05,2.23793913886247e-07,5.06626827384193e-07,5.96698665139455e-05,0.0002315208693053,0.000416634732900968,2.60743326567996e-05,0.000258344876916943,1.03487223556809e-05,0.00457501965763832,0.0063379593781309,0.000323742047991639,0.000487571762891368,1.2962568186952e-08,2.11319614376051e-07,1.00637105845875e-06,2.84511061290481e-09,5.36059614841291e-07,4.52928212988362e-10,9.00206996893189e-05,0.000130067120536673,4.45051315862314e-07,1.01074170770761e-06,9.10926039035027e-05,0.000363156860770381,0.000261573448225027,4.17364411595833e-05,0.000146691949141261,1.66791911443392e-05,0.0038760609621109,0.0050983103270057,0.000449796215428713,0.000785474848335246,0
0.0707012831976819,0.184162905474124,0.0417108865717528,0.0133082319324761,0.00550345533935837,0.0149619367904918,0.259378357607203,0.0881272165330296,0.0892265552134457,0.127031886777581,0.00502357945462595,0.0340826953450431,0.00174824136220475,0.000177884447357232,3.04124686402012e-05,0.000224781917132942,0.0676149509347336,0.00780006533019088,0.00800029521826151,0.0162158804732328,0.0582514124598227,0.134614029070707,0.0324325244206261,0.0102675885472572,0.00410852350105385,0.0111425758026683,0.197972469921938,0.0677001689338473,0.0688345614956789,0.0939573056057093,0.00999689739198698,0.0678273238159441,0.00347917236922656,0.000354103528060644,6.05352060812092e-05,0.000447495564288614,0.134549233463293,0.0155273887061423,0.0159211603571734,0.0322715004036009,0.0697103595205443,0.120436423564708,0.0292980418693773,0.00923471285166115,0.00385211164296218,0.00993418346321888,0.157540473269969,0.0514714911670024,0.0679809531263627,0.0737776722023152,3
0.021594976536814,0.0503425565499455,0.0193272468871683,0.0044913522537918,0.0019878445981849,0.0113774912318607,0.173111475436977,0.0414952335776192,0.0319849491989503,0.0799456641893983,0.000468387527624391,0.00253790904216696,0.000375323693038098,2.01800810821234e-05,3.94461149916921e-06,0.000129917302554267,0.0301133061589384,0.00172372930127949,0.00102790346016317,0.00641767497036406,0.0148420559125562,0.0405790912007235,0.015431058158103,0.00324310153256281,0.00139382684932206,0.00652877417973528,0.130130700165887,0.0300309566461287,0.0234446798075913,0.0646570255297002,0.000932321224572313,0.00505951428479707,0.000746983708112107,4.02500564120373e-05,7.87527738641036e-06,0.000258713916897624,0.0599289292057975,0.00343683669376655,0.00204578989817041,0.0127762269836094,0.0195502858644314,0.0350561883745225,0.019122115580335,0.0048467426640609,0.00193334894492872,0.00696121029353785,0.104654699342274,0.035119407609358,0.0180117373024432,0.0411804319166163,3
0.00181446158230342,0.0117357286499589,0.00201020792629034,0.000240853798587573,0.000522936386310615,0.000278909525385937,0.0191929375686041,0.0118263372342487,0.00348692395044496,0.0114792767451053,3.30303110474243e-06,0.000137383460145314,4.01121871181488e-06,5.7303210921187e-08,2.74751541741838e-07,7.77778908316028e-08,0.000363729925844378,0.00014056008031569,1.19828570005657e-05,0.000131824328088674,0.001203698372276,0.00819559557496236,0.00147527239737261,0.000174758553413772,0.000275646915323702,0.000155728006662475,0.0147220996408647,0.00957008318368039,0.00266291486054988,0.00748183453016546,6.57876893134449e-06,0.000274418039449668,8.03199126690258e-06,1.15025591042681e-07,5.46612499415749e-07,1.54886786102898e-07,0.000730279410040887,0.000279718630448697,2.40815257485552e-05,0.000262936079267411,0.0019397486057726,0.0131964994460751,0.00217225827312459,0.000266809162398576,0.000166157895823275,0.000181951795056886,0.0210627644712264,0.00922691070951485,0.00407556969002543,0.0115515754184635,0
0.000253766787036903,0.000729489247800846,0.000646765770816689,1.27473188109773e-05,0.000600620002981636,3.72218588978188e-05,0.00609963149794905,0.00777434886180728,0.000219555546020846,0.000857888571090803,6.45279800973351e-08,5.29039548136715e-07,4.20222664585962e-07,1.61820841331883e-10,3.62439833911665e-07,1.3648204340193e-09,3.7208793410911e-05,6.07033433483905e-05,4.71477032106582e-08,7.30262985649271e-07,0.000117177937323494,0.000508381568122379,0.000340472868040596,9.24159466409635e-06,0.000327276109771644,2.42037908836063e-05,0.00348269057207026,0.006393517307087,0.000157325043940021,0.000575061162675784,1.28342535245186e-07,1.05851980965282e-06,8.35340252834447e-07,3.23498364286282e-10,7.21064504057197e-07,2.74339135296137e-09,7.42236895864354e-05,0.000120832563738789,9.51162491853632e-08,1.46257399055475e-06,0.000132628356240575,0.000712621479150955,0.000216343631745682,1.41067782827055e-05,0.000167490723568154,2.8884106027608e-05,0.00370224605026184,0.00640698560334311,0.00024343534507342,0.000777413858516573,0
0.0412950128187379,0.261565153733789,0.0387511727644878,0.0186738663320946,0.00743731640901205,0.0148318916333761,0.349838765359278,0.101400005831017,0.120528565127519,0.156355152242134,0.00171286801411407,0.0687513642210214,0.0015091959123373,0.000350377277167035,5.53472205575686e-05,0.000220263594999353,0.122514612928338,0.0103035810251818,0.0146001228387405,0.024526725757864,0.0276312607137726,0.159966711187363,0.0224170878587554,0.0111019619217578,0.0039077523791016,0.00840906691751505,0.241206564275562,0.0631940891960353,0.0788231396026274,0.101140457475254,0.00340957711245754,0.13682117862935,0.00300323710387615,0.00069733734307001,0.000110383815027906,0.000439095070452451,0.244284679424057,0.020534024282343,0.02905333141108,0.0488508119469944,0.0318593093799621,0.207657741815124,0.0198039876492089,0.0110609146017316,0.00415533220653704,0.010068669555419,0.192995162776894,0.0681072859854989,0.0848201117298527,0.113138811217215,3
0.0275914211865676,0.157428112526758,0.0297176465132322,0.0124395697030389,0.00523895568299787,0.0170489852887432,0.323279740272346,0.0649260222218669,0.0960490574062285,0.163430622065107,0.000764620391458787,0.0248681410235831,0.000887491408880252,0.000155354533246463,2.73028335465885e-05,0.000291501360741545,0.104902459327209,0.00422085701969143,0.00927119872779053,0.0268405642745628,0.0192894005495333,0.113734268867042,0.0237251440923763,0.00976719493958563,0.00366980335149201,0.0113082680648948,0.267210944994873,0.0452090495914714,0.0695932258473795,0.12115205779187,0.00152205928973907,0.0495270683022525,0.00176619082124531,0.000309318865655335,5.46128021807875e-05,0.000580686643873795,0.208886163368345,0.00841491651489204,0.0184494707226434,0.0534156844372712,0.0243193503664071,0.12622339462845,0.0337051952975878,0.0136596987709419,0.00501694184417632,0.0148431114543814,0.327443855747648,0.0515000725321407,0.101339801496296,0.140410721397894,3
0.00363689369238507,0.0274325942494562,0.00310989856359962,0.000950394653310008,0.000586741418118361,0.00104095948277067,0.0690669035760426,0.0145057653696175,0.0110365286640878,0.036573713531413,1.32228166114164e-05,0.000746724712399995,9.67052210402518e-06,8.96740828212636e-07,3.44135437563111e-07,1.07780915307142e-06,0.00469638119422491,0.00020976788311896,0.000122084382054805,0.00132409843878417,0.00258440918820174,0.0196367209794749,0.00227616104486606,0.000714806116873291,0.000372883686742397,0.000733448035498337,0.0498353269741103,0.0106606770226836,0.00782600870567919,0.0266834903716244,2.63831473284114e-05,0.00149552554530373,1.9293612813074e-05,1.79537684569164e-06,6.86665632031796e-07,2.15553220299565e-06,0.00944309837577101,0.000419113713736241,0.000243272996383548,0.00265511389955856,0.00414977407451047,0.031466326139564,0.00341187236475416,0.00105156747975441,0.000278052323711396,0.00114992909850567,0.078955344321385,0.0125011823029938,0.0125322488193178,0.04160018137447,3
0.00038405491454953,0.00163113034521532,0.000701931547207851,5.4601302681174e-05,0.000584402683661194,0.00024140355372781,0.00476698081208157,0.00657985022514494,0.000648174834331914,0.0023142287703212,1.47671074039114e-07,2.61657297246394e-06,4.9497191445692e-07,2.97247264749741e-09,3.43077638296076e-07,5.83854122573282e-08,2.24354970200133e-05,4.34076289902454e-05,4.17865228936674e-07,5.32776916054204e-06,0.000185646907952783,0.00113742196768163,0.00039462986814491,3.9572880408928e-05,0.000318485097076351,0.000101084423498107,0.00360777803536374,0.00513593983002484,0.000444429352222549,0.00159381129216721,2.93417296570332e-07,5.26352831027279e-06,9.82598727764894e-07,5.93876746873671e-09,6.79037597573226e-07,1.16091083512862e-07,4.50469008559421e-05,8.64840273526001e-05,8.35888238446905e-07,1.06567560110302e-05,0.000210451761501818,0.00178196606120553,0.000252158621041749,6.04332559337519e-05,0.000184134084124932,9.15323684474319e-05,0.00442446464211925,0.0037696792339562,0.00071735993538938,0.00229908340073188,0
0.0242137287591816,0.122119308560484,0.0161112763296649,0.00752380227904535,0.000921638207147357,0.00354243151455445,0.203112375491828,0.0558343378100986,0.0778112376342365,0.131356788527769,0.000589102771151575,0.0149446865309158,0.000260254196575078,5.68743138586558e-05,8.42228326870206e-07,1.25556628522408e-05,0.0414610731773607,0.00313307991562287,0.00605290981244377,0.0172204477298428,0.0129782733934282,0.057361883947968,0.00864254629807303,0.00382581617093048,0.000455133658401249,0.00179411321931258,0.123390358561527,0.0352633013025988,0.0410013500278708,0.0655025570295581,0.00117242328656164,0.0297830815237945,0.000518517139686763,0.000113196060816409,1.68003813385086e-06,2.50358925052164e-05,0.0825083600991033,0.00623487905029427,0.0120771695433648,0.0343882885510595,0.0161687402426472,0.0663621359012217,0.00775193509746635,0.00441648340813111,0.000305127010831246,0.00163411673361427,0.119379931511036,0.0364753865339051,0.0524139883125027,0.0804392623397345,3
0.0225077445628055,0.111744062949436,0.0156393820980456,0.00869950663200913,0.00564077481257546,0.0141402871190136,0.275354167510569,0.0946527715370069,0.094695829697354,0.140208786482505,0.000509108566224026,0.0125129304259423,0.000245372983071643,7.59960885058441e-05,3.19777087967769e-05,0.000200904263456748,0.0761947877115059,0.00900242205748334,0.00897648798734735,0.019616512881074,0.0169562617956984,0.0886505145604722,0.0104337023418027,0.00659002958837491,0.00415836896874661,0.00936421628600187,0.206228219799704,0.0725389114428256,0.0683321115076634,0.100980356908023,0.00101314865295629,0.0249352327447394,0.000488732397806191,0.000151296173109879,6.36358630034752e-05,0.000399846092340709,0.15163304658386,0.0179165265591446,0.017898842037186,0.0391754688979994,0.0163560478372906,0.104070857390409,0.0139009034159754,0.0072523450498301,0.00419303360153166,0.00970318860404058,0.172924183364349,0.078912526978416,0.0812201509196735,0.109863057042564,3
0.00237680108102065,0.0170751286480647,0.0010637625243252,0.000725087285529019,0.00065718694426243,0.000195491599562507,0.0366471190179593,0.0132396911943291,0.00944116112239327,0.0384670228993407,5.64238896201176e-06,0.000292740168641293,1.12480242067352e-06,5.15134353427972e-07,4.26346897106893e-07,3.81426080162908e-08,0.00133974306971021,0.000174938743420945,8.9512202612668e-05,0.00148613849758417,0.00177292242345215,0.012414285875769,0.000729169825545579,0.000503845638700466,0.000435301308974931,0.000139017433265705,0.0272496429958844,0.0095175187953618,0.00707616838683829,0.0270091206201975,1.12633403311752e-05,0.000582820381467818,2.24892528408895e-06,1.03807126093202e-06,8.51507178860133e-07,7.616611829541e-08,0.00267603890208049,0.000349325017599781,0.000178196726277179,0.00295829113004068,0.00275301379321282,0.0192574195973788,0.00106068669019726,0.000763544723442832,0.000501632928012868,0.000199654206586108,0.043667729328345,0.00846624290682734,0.011243330617062,0.0399609538506624,3
0.000288307488063619,0.000999300590178052,0.000547184165042027,0.000233805128587613,0.000564437461398742,0.000326698338491801,0.00280612264439142,0.00876060095194238,0.000718636226138235,0.00162894958554701,8.34546499313723e-08,1.00356581491593e-06,3.00494771043177e-07,5.48517965371658e-08,3.20190374994751e-07,1.07268074357259e-07,7.81978443353787e-06,7.71319740051836e-05,5.15683044249888e-07,2.65567125421125e-06,0.000138200654555129,0.000701580754380743,0.000262144604973327,8.01954717205721e-05,0.000307890222637053,0.000119941681568348,0.00190034549029831,0.00696666549085654,0.000506230417812663,0.001105159838873,1.65834439688118e-07,1.99708351904255e-06,5.97115872194742e-07,1.08970739371641e-07,6.32644925085656e-07,2.13463509405266e-07,1.56550098014565e-05,0.000153467528054323,1.02939786409624e-06,5.29437038324628e-06,0.000174307229886416,0.0011046042528159,0.000171061623410417,3.93626763394823e-05,0.000176268689651539,7.26485502262863e-05,0.00272716651057482,0.00516571134789837,0.000760301889692115,0.00125453340047414,0
0.00894084445480986,0.0435487959695341,0.00650044797352139,0.00424594359581723,0.000647745114362607,0.00187325578169203,0.103633468197537,0.0314295120676946,0.0421286752546092,0.036391247163032,8.031606896917e-05,0.00189645998201428,4.23166588231137e-05,1.81183855812926e-05,4.2167273382991e-07,3.52257015101677e-06,0.0107937360130866,0.000990469459072517,0.00178231984442397,0.00132427354571951,0.00427310630505999,0.0158132132280739,0.00255340231257016,0.00161283761136808,0.000348917370778535,0.000691505850120893,0.0515776157974509,0.0197546650909277,0.0156045067149185,0.0123922643726441,0.000159853152305756,0.00378347389018248,8.43608288169339e-05,3.60525635414043e-05,8.39135668205015e-07,7.01335268132621e-06,0.0214795395230402,0.00197322006116908,0.00354815974560144,0.00264188507654205,0.00432919839880464,0.0166398249041406,0.00267809759402052,0.00212851534579315,0.000181857939436367,0.000710384328754247,0.0609798484141575,0.0211694987906443,0.0196955233934779,0.0119380033088414,3
0.0373444846951205,0.250805436403739,0.0302716947736712,0.00939197467783304,0.00864231108070899,0.0235181144733194,0.332006557289773,0.0891012518386244,0.133948007789278,0.166696631602353,0.00139957975352778,0.063217885611871,0.000920943950831201,8.86513436079142e-05,7.50525412208518e-05,0.00055586940652814,0.110775733788132,0.00797701580441629,0.0180299440243694,0.0279253362247875,0.0307610105362359,0.203816286071981,0.0243242644131326,0.00720738464406896,0.00640062831156787,0.0178342773537638,0.26173101584559,0.0731310153292034,0.105208190356806,0.136145588758736,0.0027871528112778,0.125802468724909,0.00183269296686487,0.000176417274746872,0.000149366535758238,0.00110619089117479,0.220448174865736,0.0158761436165566,0.0358815695868598,0.0555679216997907,0.0320828090003999,0.231574937031991,0.027661407643024,0.008770792852483,0.005753361198867,0.017868777051879,0.232433029474521,0.0757971045243875,0.133445832483166,0.122099259658552,3
0.00794120741378578,0.0647138960847377,0.021678117026014,0.00077515851595126,0.00088042944278859,0.001719474037718,0.0324556509832435,0.02906437984975,0.0301810455088715,0.0522222934428156,6.16163020718883e-05,0.00418521738751932,0.000471757873558392,6.01477019249271e-07,7.67994494838554e-07,2.96590676693585e-06,0.00104802566685698,0.000848678469843793,0.000915326393591726,0.00273896752653205,0.00441913199184928,0.038688952665697,0.0138686656476016,0.000580018135287397,0.000596832096437091,0.00139781047901383,0.0275251609295944,0.0228720004052687,0.0178926322712827,0.03454498394026,0.000124370899566555,0.00835170181518411,0.000939306144840248,1.19932499482943e-06,1.53930049072989e-06,5.90766730009174e-06,0.00209610714973478,0.00168917176426676,0.00182163684783226,0.00545211499899447,0.00580343110448291,0.0344302069953891,0.0121801369425498,0.000839676462188045,0.000837355737138868,0.00219083052137019,0.0339285926000496,0.0237680898432689,0.0219716634071,0.0338757566804955,3
0.000419047308870853,0.00336294732912043,0.00112264582586875,5.99480639298646e-05,0.000672240976446304,0.000303644348268056,0.0225534455980549,0.0135602421782433,0.00194825299375982,0.00532322602019588,1.73681591630132e-07,1.11236320067401e-05,1.24513343066405e-06,3.60964661300517e-09,4.54164310679054e-07,9.18929970198281e-08,0.000509858798102084,0.000184692451259703,3.81130889401007e-06,2.84381229641056e-05,0.000289807781436971,0.00234850889985154,0.000850733604728653,4.24199102597241e-05,0.000361622433433745,0.000187098831423539,0.0168862861987954,0.0106367021754366,0.00134778326706245,0.00309184400030653,3.48173551885153e-07,2.23772353007385e-05,2.49832439091735e-06,7.18512510548068e-09,8.90227695410055e-07,1.83382737422159e-07,0.00101594863914337,0.000367626949727866,7.58692282090785e-06,5.66266236205487e-05,0.000398531443337378,0.00374446024451101,0.00103365367428251,6.57364601831098e-05,0.000199009366831623,0.000228985967330812,0.0124477289219359,0.00784271131766303,0.00213957430342675,0.00376441415078782,0
0.00615113915530714,0.000175475951837743,0.000937079320284887,0.000326507715438059,0.000569106885681405,0.000608272841348587,0.0313132361153643,0.0173390663492401,0.00928571545513095,0.00870752555236079,3.80263392262946e-05,3.01178132952819e-08,8.82260324555628e-07,1.07143003024504e-07,3.25467662782863e-07,3.71783739324731e-07,0.000982980901178513,0.000301945257194805,8.65891403625611e-05,7.5838695507434e-05,0.00153479196002249,0.00012345167315933,0.000440481471302825,0.00010167165380002,0.000291965691572036,0.000193481760068698,0.019133495964719,0.0122788351405754,0.0025035770601969,0.00235843748947292,7.56688194089962e-05,6.07588106406487e-08,1.75443368965686e-06,2.13214575931602e-07,6.46659942854033e-07,7.38969389390504e-07,0.0019583989591353,0.000601070501949753,0.000172375976088032,0.000151276597715078,0.00233010569065411,0.00019462460763115,0.000297478863830666,6.64900716461542e-05,0.000178699825833216,0.000191311317383282,0.0146631199705101,0.0088711156104755,0.00386033120113149,0.00292789438394143,0
0.0418374912447739,0.193415535623253,0.0218373006964678,0.0102451430588735,0.00558023589417904,0.015878941462007,0.200847669427357,0.0530140212830564,0.0800746489188185,0.15079088635463,0.00175841101619099,0.0375472780058699,0.000479199336370375,0.000105447546330186,3.12932107373315e-05,0.000253406761137982,0.0404664298396702,0.00282139812295678,0.00644178055237644,0.0228515049402214,0.0325088158616108,0.153284309976366,0.0169839451855853,0.00802001165606192,0.00407765396832007,0.0122403110566927,0.157254790184634,0.0429161046023198,0.0650044310072353,0.121548332674013,0.00349998926837447,0.0747684399401228,0.000953658236423713,0.000209878337587542,6.22684268100237e-05,0.000504275665864519,0.0806034911096232,0.00561777547890822,0.0128214125262538,0.0454750697443969,0.0265724461333927,0.126504617491542,0.0142677067181172,0.0057120556513791,0.0029965603717973,0.0103994192290097,0.111915393670971,0.0271285297363312,0.043732087463617,0.0725060724253227,3
0.011279430798886,0.0780858803427441,0.00202901547290595,0.00180092086611735,0.000919307893714676,0.00267064246147099,0.123799116992951,0.0449922238717628,0.035224204449861,0.056709825977361,0.000126941987376262,0.00607381955030165,4.04428441697047e-06,3.22165690015716e-06,8.47223676022366e-07,7.15792648045614e-06,0.015356134318261,0.00202946477503021,0.00124257391282693,0.00323214697595862,0.00790093551236052,0.0613514872959108,0.00136857961991035,0.00133173565123104,0.000676460993050521,0.00220241927347188,0.0954046950167021,0.0361453503478119,0.0276703105619345,0.0477213380469729,0.000253532674775399,0.0121406933020557,8.13956631264075e-06,6.44881334357463e-06,1.68808108302364e-06,1.42540843471439e-05,0.0306054175411058,0.00404350286402169,0.00247704261459812,0.0064319872606303,0.00954385843073599,0.0824522913209637,0.00172918472332111,0.00204289512185053,0.000846721309486313,0.00294369209552365,0.116047469302915,0.0373572318354713,0.0372715902007085,0.0506296313913775,3
0.00857193150342701,0.00705868511049895,0.000601410247186688,0.000258384198708185,0.000602725654252161,0.000320621096351006,0.0216478958424588,0.0148233524265743,0.00340189869940658,0.0102626022734957,7.38438304398462e-05,5.00004025790775e-05,3.63405421173847e-07,6.69722448775655e-08,3.65094859284295e-07,1.00261534248057e-07,0.00047093913452233,0.000220687235415994,1.15552512409685e-05,0.000103838527278896,0.0057367587375519,0.00505934888956444,0.000297606466073301,0.000121012360374754,0.000332326619044907,0.000227855489400292,0.0161706078188158,0.0116712464866655,0.00246543207608868,0.00749388390460376,0.00014694908887539,9.95723736387419e-05,7.23060458871636e-07,1.33100667636839e-07,7.19627924951787e-07,2.02558025920762e-07,0.000937214075457484,0.000439313728193801,2.30698027319526e-05,0.000208635545569069,0.00419177252295353,0.00783013641623496,0.000206055497684831,0.000138064357839539,0.000198789300460471,0.000355967899309682,0.024218747138915,0.0127996029828365,0.00377347139875974,0.0113741147087046,0
0.00155733837059184,0.000513898457604464,0.000604769498487101,0.000230738900189672,0.000550619823386006,1.63063143083814e-05,0.00479545431668771,0.00934654365320611,0.000185838129931354,0.000568258439026417,2.43373171969827e-06,2.65399736787308e-07,3.67583941240152e-07,5.35063165810972e-08,3.04701724798342e-07,2.59329432461768e-10,2.30539608975725e-05,8.7445304879339e-05,3.46598786922739e-08,3.15195149377733e-07,0.001120530595887,0.000339662878584433,0.000308632315392905,6.09464168914713e-05,0.000284768831884239,1.16032861347926e-05,0.00168645162995897,0.00708031651710917,0.000132754147607433,0.000339970453738315,4.84411041995774e-06,5.26837062991436e-07,7.28974234256345e-07,1.06201266239374e-07,6.06360357251744e-07,5.23928382966181e-10,4.59267676662889e-05,0.000174292926063665,6.90202070035064e-08,6.35492355203043e-07,0.00174863621069926,0.000454982083808609,0.000176926043197274,3.54829018676902e-05,0.000152859977240514,1.80921737374759e-05,0.00132992588962753,0.00527564533156197,0.000205454850076199,0.000455392237583245,0
0.0464229331332075,0.288144977712043,0.036660262106808,0.00801505753371531,0.00763369931206392,0.0143699718248586,0.284635813053909,0.0879589943389082,0.119250520091868,0.261943285580893,0.00216579725528453,0.0834443409096765,0.00135060568260549,6.43726992126614e-05,5.85317304195018e-05,0.000207518961644343,0.081333669801851,0.00777554897749694,0.0142874490058373,0.0689037017054162,0.0356178960704753,0.20415616346639,0.0255145158210157,0.00580466292925376,0.00498283833247619,0.0111580513461718,0.225695798954582,0.0691285033557829,0.0911448993220764,0.195298445153338,0.00431005646344367,0.166054003818935,0.00268782016085009,0.000128272587428893,0.00011651216931592,0.00041297408091568,0.161944472269335,0.0154734558395402,0.0284365638416331,0.137172933846778,0.0425078326847129,0.20207309616052,0.0309173240301661,0.00630382180096971,0.00620558607357262,0.00873046760815218,0.18471373080514,0.0537743521161428,0.0894574596953877,0.224161348864724,3
0.0170362386043831,0.157816545819193,0.0228619577947247,0.00388348946453128,0.0020262117976996,0.0067433007860313,0.163418388378915,0.0620457281922674,0.056919616608784,0.123976691774994,0.000291634106797139,0.0250289353241963,0.000524946234161472,1.50108453755211e-05,4.09793096697497e-06,4.56774475814382e-05,0.0267743826867097,0.00386877626172362,0.00325283426876165,0.0153983377540781,0.0125701146594642,0.121371632321887,0.0142923231043913,0.00306550488490861,0.00157879332629738,0.00444908038892418,0.103642561325895,0.0468597871600243,0.0354730594790883,0.0854304171563332,0.000580407250953152,0.0498095283684058,0.00104498545193348,3.00158504449672e-05,8.18096686301191e-06,9.09211557761988e-05,0.053345534353821,0.00769908451185389,0.00647639100176559,0.0306899787113964,0.0129224318159925,0.119902590895993,0.0144026268574633,0.00451330858235514,0.00244940525765966,0.00647886740093608,0.133889961584328,0.0505238185731679,0.0343059950213846,0.0899433181927307,3
0.000566472341629483,0.0131156491827381,0.00165248172463355,0.000357164936109111,0.000582125412174014,0.000265096859407743,0.00756479761731748,0.0104655286564313,0.00291259578620392,0.0101900183900674,3.14358017468823e-07,0.000172165851799353,2.6938038307046e-06,1.25320382857917e-07,3.40373009937272e-07,6.97396986266088e-08,5.61479744640699e-05,0.000109907190573369,8.41530076846332e-06,0.000104184139212945,0.000417001604330732,0.00950957608054359,0.00113599844327176,0.000249002599771797,0.000321883145013611,0.000192821316596392,0.00548211380859525,0.00796476004270579,0.00201245468994328,0.0073704347734725,6.33668600920953e-07,0.000343315882510077,5.41096876444985e-06,2.52258525015317e-07,6.77540068928329e-07,1.3966461402413e-07,0.000113090087895269,0.000218883963207625,1.68564384351547e-05,0.000207493013188503,0.000615620798188617,0.0145803489915388,0.00178516028647827,0.000396440443769238,0.000179546577437423,0.000293926641198765,0.00843791678705045,0.00794947073904317,0.00324191646221583,0.0113325776856448,0
0.000231650847927481,0.000724326422168472,0.000569613032443285,0.000327848432567652,0.000505333857786074,0.000227798655793236,0.000736984284276851,0.0093838937095734,0.000147035951768444,0.000594687517114359,5.39317712470784e-08,5.26697252015606e-07,3.2579085891428e-07,1.08006283311394e-07,2.5658760078306e-07,5.21437330203703e-08,5.43616182916465e-07,8.84141792038233e-05,2.13166791920459e-08,3.55129022360095e-07,7.02515163685538e-05,0.000516579663524523,0.000313035776685525,0.000118242901899195,0.000249081388615491,4.99285104693942e-05,0.000519121380472549,0.00770562151226769,0.000101502002068264,0.00042341725598551,1.07047084266669e-07,1.04867901900893e-06,6.44222484778037e-07,2.13834867997443e-07,5.08183420022979e-07,1.03479509417006e-07,1.08368050932733e-06,0.000176028223228265,4.28291189537239e-08,7.06983848370466e-07,4.00480698477517e-05,0.000800777733834204,0.000162289629064806,7.0318933336319e-05,0.000136875642638314,3.87628558910994e-05,0.000508889084554389,0.00550700890809529,0.000162658833149,0.000657544947647858,0
0.0242584388342032,0.128973800394426,0.0175348551285262,0.00635598244029956,0.00359267875522025,0.00935561919838351,0.161754184290936,0.0416270732329225,0.0844974663947353,0.123155070734492,0.000590955471877488,0.0167164843036603,0.000308706094801277,4.05971254596344e-05,1.29233558112172e-05,8.77599300847669e-05,0.0262951145398768,0.00172908913288954,0.00716910777172108,0.0152403246769707,0.0154573354933168,0.0763806707229555,0.00966845489600202,0.00279145927491002,0.0017831797990477,0.00588896239166409,0.107662089133188,0.0258016033992203,0.0544257416967882,0.0745048145562665,0.00117646435480035,0.0332627286908174,0.000614503097839066,8.07722687703935e-05,2.57658824656728e-05,0.000174845193731164,0.0523251923387973,0.00345322024714626,0.014272867799436,0.030329517264691,0.0151496545296643,0.0773301769500472,0.00994154802722264,0.0027768458334923,0.0019242876665093,0.00607651831737533,0.0947778695486157,0.0185886011523324,0.0723299944745436,0.0729201123844097,3
0.0212797310260912,0.128855810329329,0.0169882142924306,0.00531231412063612,0.00243179029680083,0.00883137035730244,0.170967572828068,0.0727646963785342,0.0633976989690643,0.116337275666556,0.00045411644027267,0.0166794592273163,0.000289743985612896,2.8361745624223e-05,5.90498644718486e-06,7.82358161764412e-05,0.0293759770644486,0.00531402574464174,0.00403651370384814,0.0135953469054134,0.0132366955614777,0.0912270729142246,0.0125276815182229,0.00354660849943098,0.0016136473443482,0.00548675336838278,0.13050881251626,0.0564349295416368,0.0492694504287627,0.0886468948587076,0.000904662181588635,0.0331968240798527,0.000576873408495056,5.64372294948139e-05,1.17803265609631e-05,0.000155836215415923,0.0584584680744943,0.0105821304363935,0.00803559099129034,0.0270614014083578,0.0102420380622552,0.0822378614520904,0.0108266929923917,0.00259985005809499,0.00165846667182366,0.0046817594063939,0.094427206337686,0.0524166203021989,0.0333411587728811,0.0559656854339408,3
0.00206359387349354,0.00930158141564982,0.000673530167327827,0.000499607010621955,0.000443589020457906,0.000785591108927726,0.0309660446630457,0.0114081265209432,0.00814540887032026,0.0121083349225373,4.19974011986306e-06,8.45908469562115e-05,4.55922496926822e-07,2.49572606465152e-07,1.9736342747472e-07,6.15091467524807e-07,0.000960792430789539,0.000130532294225371,6.60765502413524e-05,0.000146531091876612,0.0015506263608616,0.00655329035783367,0.000443742776475182,0.000338345958231925,0.000242881281142286,0.000544931396668297,0.021558903499925,0.00929628549071683,0.00602173642211887,0.00957560012690728,8.4369341069595e-06,0.000170687227521262,9.03107975896688e-07,4.96976378591081e-07,3.90515984413163e-07,1.22914743340195e-06,0.0019148155588534,0.000259997414153933,0.000132091529803826,0.000292409973309813,0.00232033247335003,0.0104082128474823,0.000511082842655137,0.000427274739721666,0.000180075250275108,0.000818015043369893,0.0340292734222903,0.0105576118374527,0.00914833821832302,0.013938396800547,3
0.000136087135851482,0.000579096172020727,0.00065335026687197,0.000399736818882917,0.000515627654581793,6.98946939885649e-05,0.00176572697429257,0.00790277764096463,0.000521030046885365,0.00126748123594612,1.81763187677449e-08,3.29238536667741e-07,4.28868418732031e-07,1.60585285022261e-07,2.67192071978229e-07,4.90889332824709e-09,3.12917641870339e-06,6.26740640680058e-05,2.68154557966562e-07,1.61458155482337e-06,9.8833880955255e-05,0.00041178812036333,0.000387692368186664,0.000155383972663892,0.000256094707940301,5.17709757978421e-05,0.0012119830490688,0.00631616672930491,0.000351729395284702,0.000893105695360699,3.66050458089146e-08,6.62698074016721e-07,8.52497817873149e-07,3.1926691311802e-07,5.29225133776751e-07,9.76961448519949e-09,6.23046032537059e-06,0.000124814564445256,5.37933149501777e-07,3.21291132729854e-06,0.0001540222801359,0.00060099872945095,0.000244466365883515,9.94863143624008e-05,0.000154898379329519,6.14443330458787e-05,0.00184692559161018,0.00549875222449447,0.000504188537792727,0.00140208691335113,0
0.0153288985603423,0.119974100939776,0.0207332933576118,0.0119900190067961,0.00199364815148302,0.00378679960105983,0.109134003374013,0.0391217221953519,0.0818327239222818,0.0719284237046071,0.000236120029855191,0.0144616112184921,0.000428512458198279,0.00014408038836609,3.98065186281998e-06,1.44100890693506e-05,0.0118906589271444,0.00153577601635123,0.00672788364534691,0.00514818388382476,0.00781267296812331,0.0599355735407032,0.0104481673282045,0.00537985819441104,0.000716155327425284,0.00187311873076362,0.0635460852106595,0.0247790652887586,0.0466409163725235,0.0375066486143322,0.000469894357386379,0.0287830349251077,0.000856239345053989,0.000287075748990337,7.93351427411422e-06,2.86759386462637e-05,0.0237373124098974,0.00305858948379141,0.0133908333716953,0.0102946164209295,0.00808295610301824,0.068565216386781,0.0111601083298484,0.00544978186165692,0.000721118309192364,0.00151146720329679,0.0498716738250974,0.0215845100457291,0.0429311974811055,0.0260605651614689,3
0.027845937719396,0.165997784238561,0.0733783627961156,0.0314885126562698,0.00410697790859361,0.00950979535227205,0.186604037942049,0.112849123005563,0.121048386197493,0.125722592565478,0.000778547638598128,0.0275859560099889,0.00541081682384514,0.000996286839464555,1.69385437498055e-05,9.08721731997364e-05,0.0345484230185586,0.0127549068703131,0.0147095343358606,0.015814866809918,0.0215254974993152,0.133108617633376,0.0607220005222757,0.024561344596316,0.00274113772361432,0.00677309508190544,0.156226946514345,0.0903434933976067,0.0949262700853675,0.0997060028811863,0.00155005069912553,0.0550032189735258,0.0107678721187108,0.00198279628049731,3.37204733934751e-05,0.000180848514245945,0.0691948786927661,0.0254250099869684,0.0292886984410941,0.0315380833103641,0.0251112022325352,0.114284494815787,0.0711805509724075,0.0265866031822681,0.0022037500230204,0.00648105489298171,0.0940199439749669,0.072310038922689,0.101646777873547,0.101091428051599,3
0.14166922533201,0.113527564239962,0.100872643300637,0.0283100960176234,0.00256451093091498,0.00102540851223375,0.138734096566881,0.0877640094798747,0.0453522865652534,0.0746232089021411,0.0201379274142568,0.0129453820862056,0.0102135917748702,0.000805435024611979,6.60955988624096e-06,1.04809780695939e-06,0.0192095318594756,0.00773499679443604,0.00206354044077118,0.00559332808931026,0.112501357266223,0.0811300366422017,0.0716943111852192,0.0207655190067575,0.00122855384269682,0.000482203079178511,0.0932246787155498,0.0714802159030555,0.0375572389475875,0.0638577373598323,0.0401071594871218,0.0257689077337104,0.0203378052435695,0.00160286792750145,1.31529687010585e-05,2.09427438148288e-06,0.0383602022020701,0.0153988199747057,0.00411004175088143,0.0111339624159163,0.0917120399006565,0.0803993050296383,0.0779604974379457,0.0191199573539931,0.000895790369001073,0.000657805571737933,0.127106693962486,0.0687752580588434,0.0340135343419767,0.0761390178185229,3
0.0704272040634387,0.0512734308763824,0.0101787620772455,0.00124636192343933,0.000492112929268655,0.000231351669934245,0.0155726082731833,0.0455684356857431,0.0099781277981579,0.0217296058654016,0.00492101057189589,0.00261182822154652,0.000103464083126736,1.55530691949776e-06,2.43376199496994e-07,5.37920834990891e-08,0.000243470737249925,0.00208021301404108,9.95921833530861e-05,0.000472987303978864,0.0579135212813193,0.0360793489436163,0.00733458251702197,0.00099611969552688,0.000201003149648982,6.89796282492838e-05,0.0124198724883758,0.0373234843054919,0.00713922800581609,0.0173945235718974,0.00985611890172479,0.00522765233197747,0.000206552922981451,3.10006387005046e-06,4.83976982722874e-07,1.06770864353692e-07,0.000484744737889673,0.00414590969101031,0.000198652626716844,0.000942788684139297,0.0696533900132786,0.0541213699439799,0.0117316302526454,0.00149255703709586,0.000128415174138828,3.43240290271691e-05,0.0113483157732743,0.0336579077288599,0.010763153748317,0.0211561405872398,0
0.0370223421686259,0.0814147788573254,0.0273356598758316,0.0124012845971048,0.00266736071153304,0.00796139305016231,0.123266883193433,0.0367687521904807,0.0346352214435855,0.0470427097719085,0.00137363161030483,0.00664740576157783,0.000744699055266334,0.000154470083512842,7.14674488109436e-06,6.3642047100085e-05,0.0152707209637935,0.00135811509657645,0.00119965453555284,0.00221897820783896,0.0291885230481348,0.0263687194607776,0.00952439356022989,0.00498329389156299,0.000973998728479466,0.00442197799735018,0.0587783973318703,0.0258598527821012,0.0123671514884335,0.0307903809056176,0.00273741430165878,0.0132425241470334,0.00148820373259105,0.000307456473755947,1.42258017929797e-05,0.000126705092577832,0.0303888598294287,0.00270326467799486,0.00239320757804741,0.00442030140563001,0.0209579293675352,0.0326884312920314,0.0119320209918955,0.00654560909111599,0.00101933709351152,0.00360964222944426,0.0686317933008951,0.017283903353626,0.0150239308656251,0.0219177102800533,3
0.0653990779036094,0.275962772007493,0.0786966679602869,0.0218239750047468,0.00466083060598287,0.0132951537653629,0.176185487088369,0.0727240576232715,0.11660166298856,0.170943779714237,0.00429627356251686,0.0764737024259362,0.00621409921736548,0.000477933459734715,2.1825855039116e-05,0.000177320134650774,0.0311549066273971,0.00529275530540802,0.0136577613644634,0.0293163548894595,0.0531526490577659,0.212433808363829,0.061299146936123,0.0169581730522426,0.0034021499344755,0.010864738602213,0.13753332670396,0.0584351988881668,0.0930304160589884,0.141749443622804,0.00855183158388622,0.152246785447852,0.012376156150906,0.000951829672091259,4.34394139380629e-05,0.000353185054433232,0.0620393019301,0.0105548047266795,0.027185411784704,0.0583781562180425,0.0647436432030157,0.218059133743068,0.0591826754452295,0.0161138144340509,0.00363820347494404,0.0103166707347598,0.102458454638084,0.0514313622078696,0.0849840798324222,0.156792151081438,3
0.0409720835985494,0.0677766914448908,0.0103357017739702,0.0052045384369756,0.000694604879130284,0.00279428824466719,0.0786693196764337,0.0555801550252951,0.0343614039851271,0.0424755099937872,0.00168488534956028,0.00460473105096412,0.000106789327441436,2.69678063346118e-05,4.84320270568546e-07,7.73491437275564e-06,0.00620468961254378,0.00306899529295086,0.00118657867283891,0.00178232605169931,0.0333803760424548,0.04514034794964,0.00674086430788809,0.00366803204962578,0.000455505627430347,0.00154340400723121,0.0659620944984418,0.0394990823421437,0.0254185450138772,0.0285730346862851,0.00335493306488673,0.00917530738474659,0.000213078270145676,5.3919250197969e-05,9.6401874071929e-07,1.55024027945099e-05,0.0123624431487464,0.00614278585517927,0.00236125791126967,0.00357744156944521,0.0235257863035121,0.058468121696877,0.0107498061191061,0.00590242323322704,0.000425132727428812,0.00235752808165432,0.0753099495545102,0.0537416885696441,0.0265615468232128,0.045050661911312,3
0.0284348481488285,0.0069255709522997,0.000737042753058988,0.00037588948143821,0.000753208095379136,0.000326170644140344,0.0179217759288205,0.0127746931345544,0.00241022358510915,0.0047119003089127,0.000812599455708288,4.75971960479525e-05,5.44530960446355e-07,1.40551026056863e-07,5.70165127015365e-07,1.06861300621054e-07,0.000315204634669869,0.00016398392332097,5.70743871070032e-06,2.2297488381606e-05,0.0224735873374396,0.00478352215119593,0.000476305398715744,0.000229617468913222,0.000455839654870903,0.000133729921319374,0.0118462470021966,0.0098520364733169,0.00174600519979073,0.00342110895207834,0.00161705749306757,9.53210138144786e-05,1.08289118533353e-06,2.80810473183722e-07,1.1320824566755e-06,2.11621120811437e-07,0.000634818155827285,0.000326354419636821,1.14879958038313e-05,4.43740377155614e-05,0.0140820546456692,0.00770851632770597,0.000497790808934348,0.000327740507936421,0.000223889531412287,8.63356524077948e-05,0.0110605086777166,0.00765915113436984,0.00268595899180818,0.00341344804379626,0
0.0273816967626877,0.000369325745605748,0.000743060340994311,0.000399947150226062,0.000515751223551019,1.21416688064128e-05,0.019267256249535,0.012383302897393,0.000817197758222604,0.00463365247226721,0.000750805861207879,1.34431738057894e-07,5.54855671104536e-07,1.60754545946274e-07,2.67334322372361e-07,1.45124892572806e-10,0.000370912042193417,0.000153770586339353,6.70731572316246e-07,2.15662758717135e-05,0.0220794803473366,0.000255402733479641,0.000390491481499681,0.000157614075567335,0.000241550952562179,8.69425094405343e-06,0.0155654811074379,0.0101162930036209,0.000344295008614013,0.00338082543602004,0.00149659872861532,2.70157865337958e-07,1.10393620635162e-06,3.19626942100905e-07,5.29536703348795e-07,2.91818421892443e-10,0.000740282476895161,0.00030634507959159,1.33495271230001e-06,4.29236048525953e-05,0.018323559233957,0.000409239859791429,0.000256933982928915,9.87232752155863e-05,0.000145857565131659,1.38694912005294e-05,0.0101832882362727,0.00576400123365184,0.00020718428078072,0.00239940572432238,0
0.0335319677106376,0.182017450245566,0.129427528681867,0.044570757685619,0.00885171037590934,0.0163673277570732,0.223598454611604,0.0976753603505639,0.21245795374171,0.11804370025241,0.00111494149613825,0.0331429593466099,0.0168329702422639,0.00199636424068038,7.80256106569473e-05,0.000267778116892513,0.050236217387924,0.00954143371728437,0.0453651184963241,0.0139731107704258,0.0280322788892642,0.120354920769867,0.0884198526179156,0.0331508101869461,0.00521457389436351,0.0106510331161179,0.149633583673111,0.0725045313513984,0.120086824873912,0.0897994651220952,0.00223372834767693,0.0661046322812592,0.0334976181735472,0.00397292267924035,0.00015598711697923,0.000534249903839703,0.0999801298633817,0.0190337072706885,0.0902766613292021,0.0278374737359247,0.021425078492149,0.126734612564137,0.0918413448157945,0.0415638092621838,0.00425655923482521,0.00786286941518278,0.164503254525744,0.0447405750259553,0.128255917207495,0.0714974237399216,4
0.0275860438592277,0.107712914344534,0.0991830799866718,0.026924845010376,0.00982064577250664,0.0125664858023484,0.15641580335441,0.0734097239517558,0.153384496269863,0.0595991842986871,0.000757520130776199,0.0115304044648234,0.00988363020502344,0.000728517242455429,9.63303244917361e-05,0.000157496974555665,0.0245799719069212,0.00536501331962757,0.023643373849814,0.00354330006813106,0.0185136290477548,0.0799281408716782,0.0599851254230572,0.0179859005771466,0.00774025165749325,0.00949201667588923,0.108280207371864,0.0559791034531056,0.110671636859941,0.0440742070774141,0.0015147047622159,0.0230747715561949,0.0196714920637422,0.00144981890055687,0.000192293340644997,0.000314625489971968,0.0489229291309297,0.010727102334843,0.0470493417196982,0.00707761156879143,0.0279097720126729,0.128280456070678,0.0687996585267414,0.0157328453522278,0.0117144297493289,0.0150023454872251,0.142788301800057,0.0757806594148847,0.147403682485194,0.0703003441739093,4
0.0279407391188359,0.00780605524652311,0.00210408469714746,0.000799599297538851,0.00101029849650398,0.000955196979819933,0.0129018080899163,0.0177395027740013,0.00524286585405087,0.00919255328543101,0.000784416844784884,6.03586965762356e-05,4.43529246266486e-06,6.23932148872852e-07,1.02028409282003e-06,9.07455711988794e-07,0.000167171934987495,0.000316059308006677,2.6713226726003e-05,8.47630601006415e-05,0.0233424906212757,0.00536656136171969,0.00154285281297365,0.000520291197583911,0.000730620242561872,0.000669930601443852,0.0104501675710813,0.0141028858102251,0.00363910487720016,0.00734235636536393,0.00156116220088918,0.000120989302865322,8.8391416649595e-06,1.26015581032905e-06,2.03520362350403e-06,1.81483433007133e-06,0.000332732777439689,0.000629122017330349,5.4067298609894e-05,0.000168842275294973,0.0140227020572072,0.00864722528119671,0.00220342302853415,0.000837664989352764,0.00100374691336363,0.00102567311329844,0.01205233534688,0.0135910805091386,0.00554037271030279,0.00641593017435924,0
0.0301816518704764,0.000408475287308516,0.0005423270266637,0.000230696687729625,0.000454322988510305,6.21216601653296e-05,0.0104873842107334,0.0155653146869694,0.000218500442592934,0.00837041381680677,0.00091534925735544,1.64278481452837e-07,2.9555920118477e-07,5.33928872012448e-08,2.07437935908952e-07,3.81984179336331e-09,0.000110516749355525,0.000243412614081517,4.72679256835828e-08,7.03870812605273e-05,0.0243191779559168,0.000283023246268602,0.00030478637511635,6.59170199934969e-05,0.000222396109711631,3.01340433783596e-05,0.00762037124261761,0.012757065581068,0.000158184518460749,0.00676787701361046,0.00182169572707987,3.30305571449496e-07,5.8558657098754e-07,1.06066728536362e-07,4.11704577576788e-07,7.65897626200017e-09,0.000219927665761732,0.000484472918605593,9.47723475755793e-08,0.000140094160375889,0.0180582377480486,0.000452682613990639,0.000241916015206831,4.55243971545297e-05,0.000119654149654456,3.10608153510874e-05,0.00498290942440322,0.0138426127494997,0.000241058975650201,0.00514903901959564,0
0.0246919833818001,0.147811276455568,0.0878635114781158,0.0278101725135324,0.000585648421523508,0.00397137155435177,0.187849572635327,0.0514209065683591,0.137769810724362,0.0792639775114762,0.000611815664143588,0.0219449790582357,0.0077586637849867,0.00077721990873233,3.44605179412447e-07,1.58505397910963e-05,0.0354603687162576,0.0026563766690131,0.0190700172921116,0.00630390416716743,0.0200568282906844,0.101155363336133,0.0562242168566751,0.0187469852686681,0.000266843181441003,0.00231737454849365,0.133209281049079,0.0419373320790262,0.0852467704402546,0.0577359364437998,0.00121843960484376,0.0436825222276439,0.0154398460905166,0.00154673898908447,6.72680061760152e-07,3.15417087874682e-05,0.070570469275027,0.00528720169636602,0.0379551773728947,0.0125551307635299,0.0181933699744673,0.0857369462723628,0.0654098901809586,0.0168497672507642,0.000155096182475837,0.00198936555153022,0.10054081865149,0.0404287068881121,0.110793865339008,0.0495142963779682,4
0.0123598965604497,0.0418313336583842,0.0701936705800138,0.0126623377443303,0.000686554086821463,0.000953654297859859,0.066015875287493,0.0496311062664757,0.0728047920964309,0.0527839099144815,0.000153048089204207,0.00174490466401158,0.00495158790121943,0.000161138475489943,4.73618648545845e-07,9.13917128078026e-07,0.00436830439798442,0.00247527209769094,0.0053268324770073,0.00278814818718917,0.00966107352290172,0.0233504504433416,0.0518536366006423,0.00990549259113078,0.000367113494270249,0.000757918158993859,0.0520702538525958,0.041397572864703,0.0604052168646943,0.0413276043699769,0.000305049881826526,0.00348595032940817,0.00985383094672087,0.000320667551025879,9.42375111078697e-07,1.81877903412551e-06,0.00870392279138107,0.00492612390511866,0.0106006342832399,0.00556027530310134,0.00718095397976905,0.0294450173603424,0.0487458333993485,0.00976613050979499,0.000183969043869711,0.0010203899226687,0.059565688095215,0.0460931491364422,0.0694567133328719,0.0520639017568796,4
0.0271687423688211,0.00069584094477701,0.00557424231717529,0.00171254857193866,0.000584522526730628,0.000241928064146246,0.0212519412198455,0.0271847776143451,0.0123474815552783,0.0122006328041172,0.000741697389818303,4.76174037418518e-07,3.04743893870718e-05,2.90404143595995e-06,3.43266380450924e-07,5.87789883430866e-08,0.000450349698386696,0.000742239956410222,0.000150290983978354,0.000149531377669166,0.0197864278014237,0.000507227083023345,0.00391509549870738,0.00128462574406164,0.000271735485002308,9.65578370831926e-05,0.0160955963877224,0.0206133892881591,0.00878372272967948,0.0101262580727856,0.00147612908855403,9.57983106142843e-07,6.13941927804597e-05,5.82067307946406e-06,6.81124493374905e-07,1.16737347184606e-07,0.000899741299134367,0.00147752638314776,0.000301998796530003,0.000297607000980666,0.015700983619069,0.000786519118634176,0.00612359439427986,0.00180229416508951,0.000162353076625309,9.86767630483351e-05,0.0105009135235117,0.0178873086168746,0.0138160131983302,0.00961762046798023,0
0.0328528799495883,3.8350157606431e-05,0.000750352033230874,0.000244570659342289,0.000533444335046067,0.000238635567293983,0.0185366778667573,0.0177154538650457,0.000750190713662301,0.00989293809230141,0.00108384378617901,1.44576092621507e-09,5.63268541582188e-07,6.00196188939123e-08,2.85862357161749e-07,5.72006481710391e-08,0.000345121960264488,0.000315387070814096,5.51194004099747e-07,9.8184260314581e-05,0.0256221529053203,2.77008670965713e-05,0.000487840573886422,0.000105575373749461,0.000252772123194102,9.15459509901976e-05,0.0145289076933418,0.0144684237052423,0.000540657736740624,0.0081489096003559,0.00215773086725691,2.90924020358621e-09,1.12115895520782e-06,1.19241509676566e-07,5.66910132679206e-07,1.1356150730076e-07,0.000686990642750224,0.000627644816605508,1.11098321013212e-06,0.000195522804733044,0.0187454069761147,4.25094896600075e-05,0.000303613367932041,9.73102014852972e-05,0.000145575810317339,6.12728515600277e-05,0.010029341422129,0.00970337227614941,0.000806227020008102,0.0051180146313949,0
0.0204963167254839,0.0516736801937831,0.0162984046588162,0.00583320397309485,0.000675952219293483,0.000295236368934242,0.0430191857445167,0.0240316436139812,0.034711840502786,0.0192538242174648,0.000421506202792835,0.00268324040333427,0.000266278908343693,3.41939757791325e-05,4.59176916213071e-07,8.75184727616475e-08,0.00185991562417862,0.000580318216250403,0.00120908796628238,0.000372219630051683,0.0151352563514465,0.0210459822474161,0.00626566514492345,0.00218963062214987,0.000376645621131538,5.59961532517638e-05,0.0293094321993187,0.0186515722037798,0.0150883724644542,0.0126286474780047,0.000839497533814885,0.00533991077736013,0.000530521747738674,6.80492643313355e-05,9.11293907978281e-07,1.74242076692383e-07,0.00370123265328483,0.00115492089156107,0.00240739865931457,0.000741010738498241,0.0126906891695609,0.0287808105103886,0.00783554458025266,0.00290269104353546,0.000198133244198109,6.42399067967935e-05,0.0256860889533735,0.0198587194859089,0.0170041325369637,0.0104428807872762,4
0.0128236238150739,0.104284536236582,0.042755126057638,0.0191735688458616,0.000514326813423504,0.0032773239156556,0.112024922584776,0.0472952726523596,0.0547208330649507,0.0495030916726265,0.000165256498851944,0.0109223450578969,0.00183655626881282,0.000369464071727458,2.65829216665009e-07,1.0793537131987e-05,0.0126050277393984,0.00224730531778983,0.00300189712713057,0.00246244376788231,0.010141279920459,0.0784849159707921,0.0313852553686785,0.0153283366171781,0.000246283354141459,0.00169778724950588,0.0881881689255676,0.0381525697117589,0.0450210615612783,0.0374383569764534,0.000328843505357323,0.0217429848620473,0.00365533528811973,0.000735242058188362,5.26580856536378e-07,2.14800674903287e-05,0.0250913446886391,0.00447291109158935,0.00598108313650112,0.00490061003606336,0.00847642644100661,0.087727194274412,0.0183057526319421,0.00977654222686981,0.000137841987759465,0.00123743310228445,0.0550964214813705,0.0290010981135681,0.0352462731351867,0.0206265518719657,4
0.0100464198254848,0.0252505337153572,0.0124886186182197,0.00450021456714966,0.000403872419043822,0.000300987315080334,0.0375594710505531,0.0388046870812469,0.0190856169334097,0.0141039563000606,0.000101393799465925,0.00063686098550111,0.000156748299647568,2.03527589284751e-05,1.63932587487966e-07,9.03786426927702e-08,0.00140629776193834,0.0015129835992485,0.000364501886120476,0.000199797336559793,0.00679682795529667,0.0182728980606545,0.00952503645893388,0.00326378860628915,0.000179470925085483,0.000172789065313081,0.0302364559521849,0.0300595899271283,0.0138144151877433,0.0109621349597336,0.00020181365440789,0.00127124093508276,0.000311927906934737,4.04983146277388e-05,3.2593586949724e-07,1.80217018403663e-07,0.0028099077988145,0.00301111621107487,0.000726931512639548,0.000397707437080723,0.00627118339511095,0.0292767627978889,0.0142670799119626,0.00500275261658514,9.79727835220257e-05,0.00021118363822335,0.0386910650874748,0.0227542339090614,0.0220108768169246,0.0106615376127098,4
0.00770710072634726,0.00159798785226173,0.00115369846438057,0.000448771284127592,0.000601687773334188,0.000231928666762554,0.00846985697664279,0.026158840658708,0.00122090481762389,0.00959897980400052,5.96973294298276e-05,2.53837224648881e-06,1.33757882192492e-06,2.0232080064228e-07,3.63845655747187e-07,5.40611329594475e-08,7.15240673508059e-05,0.000687511220204378,1.48641392776809e-06,9.24851561037616e-05,0.00554198416073038,0.00110511503761248,0.00077918774023232,0.000243755182345367,0.000305372227152482,7.29143221677849e-05,0.0063869094897345,0.0212547952819494,0.000840616771458881,0.00774241830776115,0.000118791811249209,5.07914380836899e-06,2.66032178475721e-06,4.02358291422546e-07,7.216029005975e-07,1.07308285401785e-07,0.000142884334344486,0.00136835134124914,2.96896595916143e-06,0.000184159890272193,0.00360902193589355,0.0017819323438751,0.000936876126749628,0.000201869204116895,0.000183275418802492,3.46621857343882e-05,0.00783048964788735,0.0139127626461594,0.00131487719657715,0.00911608842921989,0
0.00593139680163775,0.00993967799733703,0.000569570863091201,2.0768488115223e-05,0.00051754642699526,4.00915914162306e-06,0.0179499060843183,0.0266139104420696,0.0152912608680339,0.0106156984801941,3.53576858910154e-05,9.90745215380649e-05,3.26006447592736e-07,4.24337809702451e-10,2.69190520164274e-07,1.59821595740591e-11,0.00032365537962183,0.000710569275607972,0.00023464118071761,0.000113033764771432,0.00416814600579042,0.00178353938639944,0.000299846797173453,1.52523837362537e-05,0.000272213411073618,2.91960220283008e-06,0.0101409159576503,0.0203142792786324,0.00666610661409477,0.00811830909865545,7.03471708955579e-05,0.000197360591381963,6.47694893914912e-07,8.53546190893879e-10,5.35436754809854e-07,3.19749448946394e-11,0.000644224888590909,0.0014153108657946,0.000467287282776638,0.000225161275230422,0.00338985754552556,0.00283994786186083,0.000159887424106615,2.40460335744016e-05,0.000149814196192358,4.45389084691599e-06,0.0104456999592534,0.0151026627367484,0.00692494795588276,0.00655240652323548,4
0.0156332773162808,0.123122287410285,0.129944525673976,0.0511683877028469,0.00536756180404674,0.00822496396095023,0.248594506459847,0.0877306962204288,0.0592184296027431,0.0670234573137607,0.000245554297751936,0.0152328755665854,0.0169683017532241,0.00263034699964753,2.89403482871278e-05,6.79828421026336e-05,0.0620924319289803,0.0077351921736441,0.00352443404019257,0.00451362901929809,0.0128345324836646,0.090051441125318,0.0838687736209119,0.0388466465975479,0.00345307151458411,0.00522060718176933,0.178591569889838,0.0625984941285256,0.045779084760248,0.0545561865078846,0.000488724734896682,0.0303147504642818,0.033767414033131,0.00523539713596928,5.76040750302445e-05,0.000135290104845415,0.123580978879603,0.0153931841428051,0.0070136068332801,0.00898297476696507,0.00945577893627759,0.0837550776053272,0.0774933862720036,0.0310058733557841,0.00279223081541734,0.00401129650895791,0.133287144943607,0.0589713533835802,0.0331938258489658,0.0420988924628542,4
0.00544411658894232,0.0102750489081228,0.0226810580459942,0.0173365948302967,0.00111183441165666,0.000939422285968909,0.0497677333186593,0.0275570844531886,0.0162338287764062,0.0249111868740378,2.97713344182789e-05,0.000105018723961747,0.000515443826876844,0.000301261534113592,1.23197490864122e-06,8.79757876351023e-07,0.00246885517270369,0.000763202801544786,0.000264449835561256,0.000621881356276782,0.00427772695346705,0.00723055989344148,0.0165777509953099,0.0114182762641394,0.000761535327797234,0.000714808849083813,0.0364458123051921,0.0229216704293655,0.0120782238688453,0.0192302426746035,5.92603483777728e-05,0.000210064331424011,0.00102726169196788,0.000600309834085227,2.4617552939785e-06,1.75737350313768e-06,0.00493329414494026,0.00151877792991177,0.0005266521549069,0.00123928621971071,0.00261203710638139,0.0109633966472016,0.0242575992665356,0.0131008336309582,0.000949377652271542,0.00105043140564075,0.0428116023037921,0.0160009580942708,0.0172415663532437,0.0263104586231201,4
0.011817311210855,0.000535865690572721,0.00124623459705207,0.000646300929132736,0.00042571465778135,0.000331378658482541,0.0193116030225693,0.0201713849178181,0.00104955627966977,0.0079125030403817,0.000140287750448217,2.88039221191181e-07,1.51883490165891e-06,4.08753798535022e-07,1.81805178632718e-07,1.10363443168974e-07,0.00037479185160863,0.000408898575808192,1.08944663970751e-06,6.27581303931982e-05,0.00924881070494987,0.000383095183210426,0.000912921400663945,0.000446440157731676,0.000208796467533088,0.00014308042501173,0.0161008092519191,0.0158196578267918,0.000747047702897292,0.00638553108926697,0.000279221999282917,5.73337461339799e-07,3.06432559872624e-06,8.24092047133883e-07,3.61830265786957e-07,2.19623375532117e-07,0.000745813585294918,0.000813718825930806,2.18507528231409e-06,0.000125052042002675,0.00526353015404545,0.000549012626770374,0.00132838603629531,0.000661593058781621,0.00013922682381383,8.23163707751318e-05,0.0124348454287331,0.0179590688912711,0.00113169316457262,0.00480744524280384,0
0.0279055539778223,2.93718015032799e-05,0.000561742980276655,1.86256389865293e-05,0.000442172635304657,0.000231921019123143,0.0165498357114785,0.0207791346986981,0.000237280331860026,0.00889200744027639,0.000780336649045042,8.64637108927257e-10,3.17139814170523e-07,3.37176427814217e-10,1.96473087983326e-07,5.40482888229422e-08,0.000275273429185075,0.000433837226305925,5.65647510976831e-08,7.94254764474756e-05,0.0224849857468388,2.10701234354187e-05,0.000287429354883753,1.32944358626397e-05,0.000160951471381098,7.1948549675697e-05,0.0135065958704593,0.0168954113746628,9.28898831451623e-05,0.00752137642719723,0.00155511868213554,1.72296386389799e-09,6.29985398252967e-07,6.82404907603743e-10,3.86130861478381e-07,1.07301331752371e-07,0.000547703559785909,0.00086339469605758,1.12300307945301e-07,0.000158092643270527,0.0201481674334566,3.23971957321391e-05,0.000187167517271653,2.03987580192427e-05,0.000123377949716194,4.06608678773356e-05,0.0124921965228386,0.0149984473481182,6.35612065980144e-05,0.00638218404596666,4
0.0276226415860917,0.0917624659954412,0.0701098559251452,0.0311582901999182,0.000806743479247035,0.00220438472643396,0.117080861239208,0.0474201790035145,0.044433929256634,0.029971925396857,0.000757153498189576,0.0084612119268461,0.00492799079353819,0.000971364847993823,6.53964182401679e-07,4.88347001217079e-06,0.0137502985895469,0.00225603146134797,0.00198325855852333,0.000902805743057404,0.0219086107669899,0.0714269238930716,0.054584158813585,0.0241951981259022,0.000464863660665116,0.001053537953196,0.0884449087052989,0.035712420165019,0.0352052708055056,0.0225691933833874,0.0015163750731559,0.0168392518016627,0.00981859166836195,0.00193734635434388,1.30135909398525e-06,9.71408644302711e-06,0.0273894108353411,0.00449304761287128,0.00394769593383712,0.00179649703292405,0.0213255111226154,0.0484306993597483,0.049335221143733,0.0163230043656281,0.000231087518850664,0.000954009937371639,0.0746567338302189,0.0301221010237768,0.0230396620034505,0.0187259285658347,4
0.017366096383069,0.0185209339575006,0.030720896625739,0.0172279965999406,0.000595414825098961,0.000271553989057318,0.0515907473382128,0.0519491263406667,0.0173190956347083,0.020650693212409,0.000300402509711205,0.000343386023261288,0.000937064299513677,0.000294734386572223,3.56299205563389e-07,7.38820873174318e-08,0.00265740207059274,0.0027004236945504,0.000300743871918781,0.000428476598720652,0.0124291052276439,0.0135063055425849,0.021304516517697,0.0111364053251123,0.000301124005060335,0.000157502207899198,0.0410392341928855,0.0393712550533989,0.0103534278859325,0.0151561621181476,0.000600480899979433,0.000684680898744821,0.00187615229898509,0.000590064575901855,7.06894942050718e-07,1.46978295811118e-07,0.00530569426412608,0.00538560544730681,0.000599178896072709,0.000852780191750905,0.0132682576051583,0.0211147626875482,0.0327934086021944,0.0114675609994618,0.000158412934763043,0.000180093573219022,0.0359041053585166,0.0509660534309803,0.0100223524916588,0.0126271686385035,4
0.016714945847721,0.00118255063472357,0.00179423113571147,0.00139025003617012,0.000575438054196145,2.78358334649264e-05,0.0194285843444101,0.0147975876225984,0.00127734446946926,0.00998022179916191,0.000280512659919487,1.40436441138372e-06,3.22875933903042e-06,1.90855594569021e-06,3.32686269774644e-07,7.63735767180726e-10,0.000378352148046344,0.000219558472813409,1.6134605172396e-06,0.000100093302614593,0.0135703116008692,0.000824359772596164,0.0012484619515219,0.00100812651283771,0.000305809367957633,1.81254579146328e-05,0.0152948621012419,0.0115723181114682,0.000912480726255405,0.0084106977111804,0.00055848234636144,2.79567851177898e-06,6.43187007146912e-06,3.83161270647137e-06,6.62141637701952e-07,1.53472519279479e-09,0.00075390083105182,0.000437350929467861,3.23651829706701e-06,0.000199091908232708,0.0109655121133274,0.00130792117969513,0.00186435989109692,0.00158539798731001,0.000165578976506961,2.79675492468368e-05,0.00911585961210044,0.0070080185193652,0.00143506225993596,0.00874671080349682,0
0.0129304912124936,0.00024063461030377,0.00221724714780043,0.00134716034814908,0.000804849294080171,1.23466134726777e-06,0.050122611552183,0.022827429050859,0.00168930355129133,0.00960243313239258,0.000168010528987157,5.81735662641658e-08,4.93926508075325e-06,1.82396061989034e-06,6.51034972407369e-07,1.53188585059975e-12,0.00249831756623376,0.000518635185016225,2.86303711738645e-06,9.25962649921561e-05,0.0102764230632041,8.59640388819311e-05,0.000756075134170122,0.000342042834516486,0.000492999309436777,8.66919462790739e-07,0.0283297034082572,0.0169526616356147,0.000450325589340014,0.00767580170929311,0.000334349519987667,1.15494220266569e-07,9.83071482413749e-06,3.62900597601367e-06,1.28857709785612e-06,3.04851511874301e-12,0.00499802011624648,0.00103712981659113,5.70246170534142e-06,0.000184313819775197,0.006984323137523,6.67229563086956e-05,0.000700235620907914,0.000384902890116875,0.000277159048841705,1.36635809234598e-06,0.0233656044600268,0.011168859961874,0.000582934323346837,0.00611529284247366,0
0.0142338338922087,0.0548347832882952,0.0213818079266053,0.0116877513503654,0.000682809891309657,0.000483466312402464,0.0931886939061685,0.0649780311743006,0.0383359503054122,0.0401497691086894,0.000202923775427411,0.00301723638436347,0.000459423976004813,0.000137286790189548,4.68550829710849e-07,2.34910913170824e-07,0.00870008024590626,0.00423443252247502,0.00147698974618302,0.00161966108846943,0.0111708970956943,0.0432042319838499,0.0156390173825237,0.00884022754491084,0.000364584550122204,0.000220473558923227,0.0753330718788217,0.053213872701467,0.0306660152290848,0.0284287563031271,0.000404510040854629,0.00600846506800747,0.000914248607093758,0.000273201178850552,9.32145294523825e-07,4.67211775859577e-07,0.0173404599859901,0.00843540069693562,0.0029392350027231,0.00322355292700546,0.0103265201225347,0.030822561495246,0.0113311622912342,0.00794474158411905,0.000211132729716674,0.000153514130787532,0.0775648400737601,0.0587170496751593,0.0228380280223809,0.0255324933886971,4
0.00660724853029181,0.0231333794904256,0.00619732092692337,0.00328787678370742,0.000601108258645323,0.000672608996106298,0.079203925998955,0.0394785679693081,0.0243653800787835,0.117830550404102,4.37381305826382e-05,0.00053606291719953,3.85678141305649e-05,1.08627392304017e-05,3.6311735942031e-07,4.54673383458213e-07,0.00630425723249323,0.00155910450253087,0.000596649182210455,0.0139521351395454,0.00477817479557918,0.0166486316071248,0.00448436610198132,0.00242621354529325,0.000288124185586704,0.000273181702516493,0.0645763954834279,0.0310448133672894,0.0180413303969336,0.0885954306407596,8.71714089717687e-05,0.00106852806588806,7.67798188698929e-05,2.16184857109952e-05,7.22339718011611e-07,9.04506928263629e-07,0.0125456468658336,0.00310986630883403,0.00118730146066942,0.0277654980770039,0.00461783283511127,0.0195068172820005,0.0070487062270555,0.00369945081894001,0.0001799090651328,0.000160281054440034,0.0696003333280507,0.0267341496460233,0.0157487984726732,0.0833362859820054,4
0.0162746317023096,0.0426799100006835,0.000806565626675068,0.000433297623185794,0.000461531280684947,3.9447563912511e-05,0.0365742274592619,0.0298702804481408,0.0232348516807802,0.0271941959033732,0.000266112019649225,0.0018286372437558,6.53026150840044e-07,1.88676520999999e-07,2.14042110411232e-07,1.5533905577838e-09,0.00134356305033486,0.000895755673191345,0.000542465866818239,0.000736192890473506,0.0124879515920206,0.0288114333379824,0.000541683428548875,0.00021648865312581,0.000227725155509293,2.85333656263869e-05,0.0290402828725141,0.0230553249476034,0.0145441986760881,0.018573178449345,0.000529597776299305,0.00364104353889793,1.29287188176127e-06,3.75165306843243e-07,4.24906698287918e-07,3.10168886381623e-09,0.00267451551934821,0.00178350423022101,0.0010796089182191,0.00147203490213454,0.0124208795223075,0.0233592850836116,0.000471841222041195,0.000211102305115283,0.000129236905032601,4.56331278815554e-05,0.0288066208634108,0.0211259486357082,0.010592270391381,0.0265054720186066,0
0.012258573662893,0.00447267514309948,0.000465512054946853,0.000514137712134529,0.000676077517816835,2.49684320695715e-06,0.020707159047977,0.0195341350848275,0.00168486130910905,0.0124075496573473,0.000150850665152497,1.97835329180407e-05,2.17789987919152e-07,2.65665764431036e-07,4.59367231048707e-07,6.20357080521325e-12,0.000430880662131131,0.000382940745945798,2.7935292023425e-06,0.000154719899708903,0.0089352595048788,0.00312180964487401,0.000227622980414122,0.00023409338630429,0.000357278646931306,1.71241172594045e-06,0.0166565266404587,0.0155601812158759,0.00118922553635461,0.00994426869577475,0.000300364248084536,3.96889243710353e-05,4.33401938561837e-07,5.26204981733516e-07,9.13882104403431e-07,1.2406501985924e-11,0.000857512406793566,0.000762600004462719,5.61827889419002e-06,0.000307892648089374,0.00701178740552742,0.00501116698721932,0.000125157407901373,0.000148736579092367,0.000198222091654492,2.76395783550997e-06,0.0115042178945263,0.0156890236363317,0.00189215727503479,0.00812376622805232,0
0.0162197910219553,0.0891257525332531,0.0729321284300986,0.0368943820226389,0.00184848271777081,0.00735066124703778,0.15266933737272,0.0551130993596887,0.0450203638942232,0.0638328610316342,0.000264342176199962,0.00796901801870094,0.005345557937067,0.00136739522144919,3.43395359987378e-06,5.42868884201294e-05,0.0234105109737752,0.00305261880783433,0.00203482538182771,0.00407882693720484,0.0119429234250382,0.0589742091680396,0.0455435591133035,0.0246826906929177,0.000896265399834724,0.00387227358584437,0.112185711889965,0.0413570459182412,0.0300097588978741,0.0436421802549098,0.00052601403998622,0.0158719902783436,0.0106379103596747,0.00272172418634084,6.82920896209322e-06,0.00010804662717135,0.0466002500095604,0.00607415536329466,0.0040514743638316,0.0081318998783666,0.00812778864443407,0.0519956761404877,0.0392139261935495,0.0234661416768802,0.000611651154611782,0.00387860092317622,0.0905436220656569,0.0278417842323068,0.0247736629246849,0.0367899479854649,4
0.00799972543853891,0.0270468667768378,0.0439013198783561,0.0265553095789178,0.000625409021951013,0.002682699150297,0.0979250570476206,0.0294562924322614,0.0202970725311853,0.0734569857049822,6.43113101076058e-05,0.00072385451303772,0.00193597998026866,0.000708085822474663,3.93016425320837e-07,7.20884414290186e-06,0.00962953790755616,0.000871856522330342,0.000410839200492975,0.00538710836308117,0.00636788390595638,0.0202687410633792,0.0344758995152176,0.0207250515294608,0.000358316739103319,0.00205698727986204,0.0765614483591774,0.0241421344641691,0.0145623820735086,0.0609880328848708,0.000127982236149082,0.00145176413325539,0.00385344124126283,0.00140971311873793,7.81931678966166e-07,1.43696706547613e-05,0.0191701648934996,0.00173511826415452,0.00082074531797631,0.0107560808919337,0.00437720920852096,0.0316648159629815,0.0477409588641409,0.0224222555580253,0.000187909851148793,0.00287990351668236,0.067511354300398,0.0168337147407041,0.0100272335827777,0.0602002447079893,4
0.00268249608244659,0.00209508999578525,0.00540473195497384,0.00280181838159895,0.000752990879974407,0.000193547174194262,0.0274484336564696,0.0234386665693572,0.00380969088165536,0.0202333849902549,7.20423986955149e-06,4.28379385742076e-06,2.91366113963741e-05,7.88962233017222e-06,5.69774180445221e-07,3.70342179288486e-08,0.000757098065385045,0.000551952558929108,1.44963351667964e-05,0.00040747178732003,0.00193971180730157,0.00149847012574822,0.0039457463998172,0.00197206543244767,0.000430912334185582,0.000140561364106459,0.0223986727635091,0.0180713229879059,0.00267904963522924,0.0154865564597065,1.43533484367107e-05,8.65159504155641e-06,5.81942453907023e-05,1.56988151764559e-05,1.13364851946907e-06,7.43084316172203e-08,0.00150666936975748,0.0010985188002477,2.89375306927584e-05,0.000814823275440769,0.00151637444122242,0.00230198539304949,0.00599280782750491,0.00309659098615468,0.000199353338602662,0.000214541034236754,0.0188381003853536,0.0186947503888963,0.00430586921796365,0.0137726368190688,0
0.00454068745010603,9.84530005857909e-05,0.000666139604770791,0.000280239682534184,0.000808111002961936,0.000231551935925922,0.0200299784433288,0.0128499696622208,0.000313167156820416,0.00862416694815599,2.07141446529298e-05,9.52101956451024e-09,4.44540692049489e-07,7.8894493965317e-08,6.56278735327747e-07,5.38852067566531e-08,0.000403216023416956,0.00016595145299678,9.80799114825266e-08,7.46876165626976e-05,0.00265518518860796,7.12018807110714e-05,0.000445394303770312,0.000159201305744637,0.000470949952773415,7.10409946864638e-05,0.0165714748570094,0.0106854193731115,0.000172313048016264,0.00696733598133728,4.12270854560319e-05,1.91662507483764e-08,8.8339664322337e-07,1.56717525117982e-07,1.30357496049492e-06,1.0695741110742e-07,0.00080239051594902,0.000330181466770041,1.95433369873654e-07,0.000148685518904258,0.00224530074477735,0.000109219021468604,0.000285457618393713,0.000188721024845445,0.000241093417793503,3.42655544786431e-05,0.0134527024085561,0.00802645027414283,0.000218879468878217,0.00470149285524811,0
0.0165258906738283,0.0366519169857577,0.0348352910852227,0.0309778890001953,0.0013774838415075,0.00791978288719528,0.169334833017796,0.0626814095789603,0.0326460988476674,0.0710283909248917,0.000274371515879958,0.00134912529246236,0.00121954052067507,0.000964451861316234,1.90609372972877e-06,6.2837859905496e-05,0.0287131770360098,0.00394537979687623,0.00107100893324238,0.00506030028630774,0.0116810529803128,0.0200290898999477,0.0222984100384802,0.0200059557349684,0.000727319512878668,0.00496751877362289,0.115102308608488,0.0441026494836402,0.0191834366097522,0.0496952515783269,0.000546090008738165,0.00268572734284165,0.00242693810315026,0.00191920968614874,3.79283393977759e-06,0.000125244046339742,0.0572429204540883,0.00785449699103696,0.00213137145960996,0.0100799054921046,0.0106256816956673,0.0193992389821451,0.017301152401498,0.0155367333674252,0.000414053147222714,0.00468811276333642,0.124034624771537,0.0414726433894627,0.0176689085479907,0.0403842432421722,4
0.00690785943925512,0.0137409488296163,0.0265572665272702,0.0179878092766465,0.000385515677242801,0.0027000000955447,0.0947511387890263,0.0305525330058612,0.0277750166340744,0.0479452074738764,4.78564643655733e-05,0.000187697558158944,0.000708116875304015,0.000325059993269371,1.48736340975418e-07,7.16433559301459e-06,0.00893300061930802,0.000936777056623486,0.000774493411760097,0.00230001697689935,0.00405196006185095,0.00778257107114688,0.0205307775988377,0.0140236945621583,0.00023442251991806,0.00206659201387842,0.0731422585014373,0.02336889052614,0.0210222999862672,0.0341758813864471,9.53331622696559e-05,0.000375546974278115,0.00140986292899803,0.00064699585526867,2.95599791357593e-07,1.44175262640948e-05,0.0178658632956239,0.00186542225723754,0.0015420600126709,0.0045871097760856,0.00448415736448917,0.00763929228411406,0.02181203739314,0.0154907154295379,0.000253002128700259,0.00313948443772683,0.0808301561720886,0.0189605054787674,0.0228901915661448,0.0338480243213189,4
0.00189572181659386,0.00623081334560669,0.00376567229064933,0.0020738090237931,0.0003988266775921,0.000421007317381664,0.0322832038230565,0.0195185313630311,0.00958893608999194,0.0128900230465213,3.59940045157761e-06,3.87898510145698e-05,1.39137900906014e-05,4.19981919960649e-06,1.59861984258577e-07,1.76279680283046e-07,0.0010474339660033,0.000382177906277707,9.2190974758822e-05,0.000166910190688864,0.00135231108442177,0.00446655978738588,0.00275561876071387,0.00144333209172994,0.000179283953018145,0.000235650361739069,0.0255227834282658,0.0159645156773688,0.00766670547498724,0.0105619918952517,7.16098496283454e-06,7.7415876878519e-05,2.80239867428293e-05,8.47940150640305e-06,3.17874794135435e-07,3.52645298560091e-07,0.00208429404701997,0.000761063689955398,0.000183676142956109,0.000332219582122039,0.00114270702934197,0.00483140961792678,0.00421580024383992,0.00216404198952156,9.64818998374064e-05,0.000272931055320364,0.0197914679272445,0.0115578064681627,0.011016696030029,0.00959739672222867,4
0.00105989005981604,0.000363996002343373,0.000503201323952477,0.000240185758384319,0.000557821409953112,1.85881419781379e-05,0.0277601980133994,0.0151596477426541,0.000841630423963911,0.00889493298189515,1.12899619457213e-06,1.32049523159218e-07,2.53344851116307e-07,5.79338796256661e-08,3.12686432514938e-07,3.45739669025449e-10,0.000774303777619843,0.000230962215916172,7.0079789153073e-07,7.94634493646393e-05,0.000650324066808319,0.000264205367769805,0.000298142922714452,0.000104359204177991,0.000267808848772538,1.39884333835432e-05,0.0225433135441443,0.0121970485344863,0.00061126049336814,0.0068595939368596,2.24617942025076e-06,2.63876123578289e-07,5.04144342969913e-07,1.15050201912224e-07,6.17916395865843e-07,6.89517145430457e-10,0.00154104283957693,0.000459621243931758,1.40561334438821e-06,0.000158178223097033,0.000416517107240162,0.000403509423528354,0.000235024775938369,8.65017369050357e-05,0.000170007780689875,2.13805697511899e-05,0.0191703253096094,0.00789307927846086,0.00093298200958414,0.00545057391224009,0
0.00605081895733397,0.0219550882516132,0.00356346897310995,0.00271152130212647,0.000516999035875643,0.00262498959010313,0.0753492286546241,0.01800015563335,0.0116440356740357,0.0304070399791143,3.67962665062901e-05,0.000484411548638066,1.25951975227923e-05,7.37623375105457e-06,2.68621242118076e-07,6.91574327001628e-06,0.00568528373327239,0.000325311166876284,0.000136157462319389,0.000927431848724735,0.00227100777444543,0.00580092651383838,0.000936878790094933,0.000627528600878061,0.000253018968613649,0.000633709638974156,0.0414279211742736,0.0142494938406318,0.002956742829194,0.0163828986043607,7.32128010998293e-05,0.000963797990464521,2.5230343933507e-05,1.46884775908166e-05,5.32074007455081e-07,1.37712992001245e-05,0.0113343469624028,0.000647678975543004,0.000271052678089006,0.00184735214236143,0.00219494962603587,0.00916443201439105,0.000946973373410275,0.000751276892205685,0.000141898137511278,0.000888535374481149,0.0315107193671768,0.00733473239735497,0.00426680499519823,0.013027337865972,4
0.0196014512042255,0.0572547674713408,0.050897566903709,0.0286366980186845,0.00156305493107943,0.0146155856496981,0.274569959431014,0.0418840621580284,0.0583601445992898,0.101404773676903,0.000386143024583638,0.0032945768649537,0.00260097734711862,0.00082336492839212,2.45541664297268e-06,0.000214681155440196,0.0757664932250784,0.00176274020472736,0.00342255227785906,0.0103345546933047,0.0146585285270038,0.0381650243110312,0.0404610904668807,0.0234745138139864,0.000904787459223729,0.0103780440215042,0.190513519132124,0.033990802405836,0.0407586105919718,0.0739141845559774,0.000768427870581849,0.00655608309780955,0.00517823367878932,0.00163930519587278,4.88596630442173e-06,0.000427222031673459,0.150775741566106,0.0035081934182552,0.00681126270613639,0.020565709960255,0.0121808416176935,0.0291031000698308,0.0356538784888099,0.0165272296525952,0.000643965971788785,0.00995557784403032,0.199017200155448,0.0288034480056713,0.0391720800090803,0.0767107069376227,4
0.00367988809464442,0.00307788586911649,0.00785373658744991,0.00530560320710391,0.000562753353321717,0.00149783056873599,0.0507796785498743,0.0211578723257612,0.00379326543511493,0.015663430070255,1.36078299177652e-05,9.50846980733894e-06,6.07000172014736e-05,2.77412153171579e-05,3.18231592948315e-07,2.25414908709604e-06,0.00257671411004387,0.000449888022253368,1.43486188894286e-05,0.000245766805612928,0.00273561811998015,0.00216295330267932,0.0055884673017483,0.00376651688892095,0.00027979969426117,0.000869327824244826,0.0373424300975293,0.0157059079949816,0.00278094658189767,0.0122284490112551,2.70813460471225e-05,1.89337586455344e-05,0.000122076294326273,5.57519335986953e-05,6.33331683210526e-07,4.4860248670139e-06,0.00514239631258677,0.000895287411123572,2.8665111489286e-05,0.000489880592436716,0.00211975382570566,0.00344189542351778,0.00878266276446734,0.00599023522319681,0.000152479241440415,0.000560901266229322,0.0298897219102751,0.0157395699385686,0.00424222292607578,0.0136558634252381,4
0.000923561763385042,0.000287167277914391,0.000745344184352894,0.000306338731472814,0.000827418240158559,0.000244048494648695,0.0231204228204352,0.0177383674790503,0.000211350314923677,0.0103682232782456,8.56980646479548e-07,8.27736084301586e-08,5.54412608311997e-07,9.20323628307443e-08,6.87848984604029e-07,5.95302226014099e-08,0.000537080012432439,0.000316122505843796,4.4594651971222e-08,0.000107939901100076,0.000553938430898475,0.000162275126546098,0.000501211440813596,0.00019510148298112,0.000500516651756646,0.000103430289126769,0.0186999124404844,0.0145629083697139,0.000152871098306694,0.00833561691125249,1.70528955372844e-06,1.64595489209535e-07,1.10240323033254e-06,1.8541434566796e-07,1.34143833371215e-06,1.1851338470818e-07,0.00106893687018594,0.000629169500562794,8.90383286718744e-08,0.000214900251304571,0.000462981315812114,0.000181231954016208,0.000415765955264717,0.000309876036180855,0.000210982228458633,9.1756009710157e-05,0.0122142737535447,0.0150341873411321,0.000233839803942048,0.00588267788663532,0
0.0132287554564989,0.00327053098918663,0.0204028182633669,0.0161528647421751,0.000846619339487949,0.0025480769424321,0.0747659850389766,0.0212443692089056,0.0107747729524987,0.0409613711910867,0.000175877771244025,1.070972023869e-05,0.000417899251738589,0.000262207996910706,7.20148585104811e-07,6.5133856113324e-06,0.00558428900604811,0.000453590447227314,0.000116295052455365,0.00168327101296426,0.00698169361300236,0.000684001647801707,0.00802622239548732,0.00647820704274077,0.00044333815889335,0.000753436548590703,0.0469590514989625,0.0171749695746536,0.00229846601829436,0.0209841872178342,0.000349996683837242,2.13491040964253e-05,0.000831679314601286,0.000521733753220714,1.41929591012974e-06,1.29724957296373e-05,0.0111462859964151,0.000902576036273155,0.000231790616032974,0.00335261103740213,0.00729664188736151,0.000988345269521696,0.0106080212410358,0.00855941345756569,0.000254299829326466,0.000817583682358707,0.0416730933912939,0.0111543067849849,0.00342154392930536,0.0204547736586767,4
0.0268996885941182,0.0498663925671833,0.130497838206223,0.0443836357839531,0.00939948376605311,0.0152122957238344,0.231098955011321,0.119816567047146,0.0653602392736975,0.0559087604490208,0.000726663784024564,0.00249864718973818,0.0171131855889539,0.00197958661564728,8.8793506668289e-05,0.000232558138918256,0.0535311311227437,0.0144138779167135,0.00429089169727084,0.00314090885285737,0.0216256564564223,0.0368594447716161,0.0994110378733724,0.0327577056602463,0.0071493267865464,0.0123276954697447,0.177390622554122,0.0946188699532948,0.0437930496954752,0.0402613068435853,0.00144657969472126,0.00497279949054682,0.0340565753613353,0.00393938094955924,0.000176695013151086,0.000462808813663687,0.106666382257115,0.0286976786331866,0.00854139707066228,0.00625056280353524,0.0226991300796996,0.0344444359011904,0.0890843696432653,0.0285036373964282,0.00790852862158667,0.0115429544560204,0.163655743637854,0.0996049505580443,0.0341991615567483,0.0353294308240079,4
0.00732080675200028,0.00379286790579972,0.00492641406224271,0.00242323273490851,0.000820296057822236,0.00199687524437953,0.0721652743287473,0.0377044757852188,0.00625844563251846,0.0163378860169313,5.35063157436251e-05,1.42219700233461e-05,2.3885870274513e-05,5.80445355912766e-06,6.75828620994993e-07,3.95592944248966e-06,0.0052071829880691,0.00142461449731939,3.85328041216688e-05,0.000267594351430058,0.00553145331615612,0.00275734111251459,0.00357554534731955,0.00171828885935906,0.000564475163255584,0.00150600195417348,0.0586389088330664,0.0293077238621595,0.00464660129649695,0.0129706216225262,0.000106822201610353,2.85362894657465e-05,4.80357970014749e-05,1.16474307360875e-05,1.34494465386342e-06,7.92300013182225e-06,0.0103885383562082,0.0028391185585796,7.75082425180881e-05,0.000533172976113914,0.00764245936943785,0.00421192145215886,0.00558055712626506,0.00273202528917111,0.000562709745922765,0.00216436902557231,0.0458576295525558,0.038325186076286,0.00724305752696746,0.015045183163417,4
0.0310176881942032,0.000202237211890687,0.00166181092067419,0.00359696011257116,0.000752845056187458,0.000674605675434307,0.0359355239693889,0.0210785899974257,0.000434286179269709,0.011672985518725,0.000963141342552284,4.070536048284e-08,2.77433567784787e-06,1.29958214609349e-05,5.69590639842199e-07,4.5677547772198e-07,0.00129646806919421,0.000443426983947708,1.86170569162988e-07,0.000136609090433219,0.0200841930735908,0.000146702579613196,0.00092601730399938,0.00163585021508637,0.000464156137999652,0.000379902318571724,0.0257637483165295,0.0167149092834695,0.000280833955595474,0.00884621199024369,0.00192042260608718,8.13998886499741e-08,5.52178007412363e-06,2.58665584070246e-05,1.13307608366811e-06,9.09314281142489e-07,0.00258117041240022,0.000885471225727672,3.73524663059283e-07,0.000272133182223328,0.02018171955301,0.00022382571300123,0.000514363385434899,0.00122562789530339,0.000246906164756421,0.00023353803532015,0.0227980499213572,0.0150050785618286,0.00041509803594693,0.00688062163660333,0
0.0146323171471605,0.00023102290193951,0.000685941752888482,0.000421358500307806,0.000687672004320917,6.3171328192248e-05,0.0255232147407619,0.0148224306745234,2.26504463498016e-05,0.0272774601523962,0.000213701097364745,5.36380222949771e-08,4.72586162314656e-07,1.74696790499169e-07,4.75243160993021e-07,3.99976528525108e-09,0.000654353301188575,0.00022076266725284,5.07723954496304e-10,0.000747783770011452,0.0109885072255658,6.45488641415751e-05,0.000383794982747145,0.000307195576300881,0.000374251306082776,4.81095708564276e-05,0.0193194931569589,0.0114235812301901,1.64512701082838e-05,0.0150375321079991,0.00042673327386878,1.06471368049793e-07,9.40478308824418e-07,3.51366027517758e-07,9.4366806231256e-07,7.9703780153667e-09,0.00130247371988462,0.000439360108336307,1.01821153646844e-09,0.00148807394293455,0.0151504663966158,3.8686882821371e-05,0.000200797553943446,0.000485980710162924,0.000204310660221843,5.18561254130512e-05,0.020052171380568,0.0093724096111564,2.51048166752109e-05,0.0150250575123892,0
0.0140947112346974,0.0033934316383252,0.0376657163290082,0.0199438134950687,0.000640153174568779,0.00861299198280354,0.217019614662138,0.0519585419285694,0.0172271315730556,0.0810744099378956,0.000198646286759382,1.15730641971178e-05,0.00142465381142187,0.000397784993522557,4.11814196178984e-07,7.45521689350195e-05,0.0473118651606256,0.00271141663809663,0.000297913110485882,0.0066056093469013,0.0107812575716207,0.00166295061057166,0.0278886315761191,0.0148823832228278,0.00032278679997782,0.0059960091579322,0.152736838193848,0.0399805609523026,0.00934058827920515,0.0662671743441309,0.00039630847168571,2.30302406639585e-05,0.00283619405149056,0.000793528145766821,8.18401679312422e-07,0.000148358197173496,0.0941673402309636,0.00539751707363775,0.000593186532857296,0.013144173507516,0.00778873013710861,0.00142373601925136,0.0212230546541202,0.00993714804287723,0.000195838864656932,0.00454502642649079,0.148337596197785,0.0356580192967798,0.0102387968994373,0.0553713560206873,5
0.0044797369122823,0.000507380058392176,0.021170586006671,0.0115855463611819,0.000515579781781706,0.00165456935990553,0.118004419570446,0.0262409718561711,0.00690132733092046,0.0535071781488496,2.00334950326948e-05,2.58578106044272e-07,0.000449088913863861,0.000133023215818015,2.67156460036817e-07,2.74834073553211e-06,0.0139503125720729,0.000691300073470157,4.7530028865166e-05,0.0028772767367413,0.00300318484888545,0.000354065427616305,0.0126079914418077,0.00580205689668502,0.000249129821821474,0.00118380305589559,0.0945031719273091,0.0201652108408838,0.0043634153969077,0.040050082102578,4.00012840647084e-05,5.14716068892319e-07,0.000895014953270065,0.000266582943020848,5.29109303288737e-07,5.4721743948526e-06,0.027805385088869,0.00137642762627784,9.4920549568403e-05,0.005725036701852,0.00384247495400761,0.000429526306094575,0.0134598721945869,0.00873225664511905,0.000148662041775612,0.00129066459078109,0.112895788578414,0.0224565579196402,0.00686800377945141,0.0407732047415025,5
0.00104178554049704,6.07712542848333e-05,0.000874915579367884,0.000176497018384697,0.000515513156984452,4.88054087877048e-05,0.0333092742917748,0.0124505759841342,0.000312124339541667,0.0121282111819504,1.09075639315669e-06,3.71045036194165e-09,7.62723337068651e-07,3.05536183037016e-08,2.67066412858446e-07,2.27593864079099e-09,0.00109765565492018,0.000155624272279315,9.77833462189431e-08,0.000147694611441709,0.000630173783730618,3.99407935325472e-05,0.000570644675781578,0.000122501249616314,0.000245202618494316,4.06807901081979e-05,0.026343343245345,0.00949856126835248,0.000216698408821863,0.00977393315659735,2.16824654390957e-06,7.38473191814461e-09,1.52403341984176e-06,6.15515376598694e-08,5.28926996844326e-07,4.64647973369706e-09,0.00220150024438751,0.000309861488463343,1.94709819319409e-07,0.00029404945024034,0.000489686893212876,5.73933939402318e-05,0.000609024786558154,0.000194388784805768,0.000150909224822441,4.08622787435615e-05,0.0182585903922834,0.00659205282857932,0.000344824782716851,0.00617186971035621,0
0.00560979673210895,2.34142846469278e-06,0.000639625631133572,0.00290287841727168,0.000459906564280925,0.000321249779982242,0.0248954328054788,0.0167163769322204,0.000231115828861947,0.0129029074484398,3.16241110232022e-05,5.41090975629355e-12,4.11172871885238e-07,8.4690445231284e-06,2.12436472174479e-07,1.0371001460897e-07,0.000620374339257576,0.000280819157194473,5.36825605272091e-08,0.000167267232384024,0.00404087930663048,1.69868384823169e-06,0.000358308750508347,0.0015063564041234,0.00020431956543614,0.000112612807596055,0.0202934252797072,0.0135476561026077,6.62430410326926e-05,0.0102885876540033,6.29357301606751e-05,1.08659984570936e-11,8.1379429091482e-07,1.68508980749335e-05,4.1848667498543e-07,2.06392861807338e-07,0.00123685679603734,0.000558819245898106,1.0654418484335e-07,0.000332911945742653,0.0031478202000248,2.59651922102336e-06,0.000192283205078813,0.00115415510577405,0.00012910680573697,7.33253913512594e-05,0.01072698965407,0.0120114312851109,4.04307752911664e-05,0.00755529763911411,0
0.0129787024644175,0.000611304434620018,0.0630266867274695,0.027038647043832,0.000741084303385707,0.004937626716941,0.0663650467646001,0.0562941944442599,0.0235678435405625,0.0558448482504781,0.00016907355190111,3.75195223581991e-07,0.00397996890767473,0.000731733016041671,5.51952076282004e-07,2.44378604932925e-05,0.0044099068903296,0.00316967862481695,0.000552179608862183,0.00313143028071554,0.00765272027139553,0.000237407388893126,0.0391622191897127,0.0164795169748044,0.000400154135375521,0.00293364280539753,0.0520641612739564,0.036772537368986,0.0130152028450936,0.0385367345767518,0.000336673834516151,7.43699728419685e-07,0.0079324122047454,0.00145915638978806,1.09812469307081e-06,4.86675813319951e-05,0.00879197891383926,0.00632284960702608,0.00110484101096942,0.00623419059016511,0.00785199593469815,0.000170634565651581,0.046582949783168,0.0179565995403654,0.000220585885981365,0.0022185513919052,0.0366824475477225,0.038896360558199,0.0130222176532436,0.0330213323188753,5
0.0159874605410519,0.00251021370681745,0.0377422250262697,0.0186718072207078,0.000524234150097043,0.00593241824978284,0.0996391856368473,0.0357435435357686,0.0300972822206632,0.0568285994073715,0.000256799514926732,6.3131539233929e-06,0.00141905126764042,0.000347409960526603,2.76201872679057e-07,3.53527735546432e-05,0.00991362846728694,0.00127461026946387,0.000901254932263082,0.0032441626134548,0.0122623290745264,0.000620484406747737,0.0228510585776289,0.0124212470345032,0.000269358816043254,0.00452144976984541,0.0756240106582671,0.0271809429179282,0.0203680771153698,0.0462311119196711,0.000511113175164178,1.25825982673473e-05,0.00283633923846176,0.000694307513022941,5.49369107484679e-07,7.03529011974809e-05,0.019791107356504,0.00254578119056082,0.00180257667893693,0.00645588466467078,0.0133868458644727,0.00074487034931526,0.0254550778745485,0.0159427333372783,0.000160749035413147,0.00336494092462593,0.0667270609534342,0.0230517095973292,0.0264439261199855,0.0410936671732521,5
0.00521832495241325,0.00139686517803648,0.00101033005490833,0.000734819733868389,0.000646189041201633,0.00342491062825296,0.083645493878243,0.0276871136481006,0.00572373596916704,0.0229326377016693,2.73502637265508e-05,1.94575372431345e-06,1.02449266076627e-06,5.42425660976045e-07,4.19640649922323e-07,1.17815766634537e-05,0.00701599958974775,0.000770348951395216,3.25707286864148e-05,0.000528541961594424,0.00364273410013734,0.000854285677064038,0.000777724973936977,0.000519646014841528,0.00034929927541053,0.00232214838912026,0.0648853966002289,0.0210268993780104,0.00415220869969203,0.0173228222880059,5.44437383126931e-05,3.88711430950048e-06,2.03913920825663e-06,1.07964077320217e-06,8.30630859707296e-07,2.34513590474018e-05,0.0139774786624377,0.00153307080799354,6.51690284177976e-05,0.00105179989622905,0.00409179109072987,0.00105421570477729,0.000780268404836355,0.000821279236228552,0.000191674697117494,0.00196555295403112,0.0664228416288761,0.0210651987068171,0.0043622589743545,0.0155364967226126,0
0.000351898186101065,0.000333151293563814,0.000657002400798401,0.000235391886285557,0.000512071958507696,0.00021741695639169,0.035505755811197,0.0157508497084259,0.00224718167299845,0.0171001656138694,1.24448474460547e-07,1.11543406313041e-07,4.33795364977762e-07,5.56799816268011e-08,2.63502372789863e-07,4.64917628322598e-08,0.00126697081052251,0.000247264977602693,5.07374823843395e-06,0.000293884479619434,0.000169115559599963,0.000137536913296978,0.000362595030829031,7.77354509755469e-05,0.000255904252260121,0.000150395414521486,0.0273226644905876,0.012134304569361,0.00143082132248563,0.0137987084516269,2.47656161098814e-07,2.20901450394758e-07,8.62442172844911e-07,1.1054653688161e-07,5.24110692349385e-07,9.35287075121572e-08,0.00252104069445168,0.000494091633515386,1.0098180061346e-05,0.000584807015351853,0.000130375677276266,8.00684588376043e-05,0.000217541093617851,5.56349834090892e-05,0.000153384064776256,0.000241304729145449,0.0162426931143374,0.0106017186325367,0.00103607456629078,0.0109398874528245,0
0.017992635499602,0.0369360486577086,0.0656427069558993,0.0243052213687494,0.00385541803845372,0.0114933173585877,0.225213633648005,0.0645160013306536,0.0336398024899282,0.0680883396818243,0.000325243785883482,0.00136678136419746,0.0043028901586359,0.000591483127300799,1.48807897261199e-05,0.000132436665051017,0.0506650041203487,0.00417408190104061,0.00113607708589225,0.00465669697614766,0.00919864498514421,0.011378344472449,0.035055280717087,0.0127940144839584,0.00225414784955564,0.00608166111581796,0.139069371828972,0.0396302774225727,0.0165938808359559,0.0495476694885703,0.000647348991135196,0.0027241288670348,0.00859023918930418,0.00117926909496958,2.9662620260571e-05,0.00026386558255915,0.101132199715806,0.00831552116872224,0.00226198785378214,0.00926910573574113,0.0113522421558557,0.0134256782628513,0.0471231832846446,0.0153500733640978,0.00211697058721918,0.00672088966820748,0.150164249156824,0.0471649126638031,0.0213663415285723,0.0351493269279035,5
0.0417717791518772,0.19730296954974,0.114955486696221,0.0437744506541001,0.00908955809661749,0.0130851304530827,0.229506090085338,0.167490516806078,0.0946206339976741,0.101556589717151,0.001752904407915,0.0390941385187452,0.01322380845832,0.00192326483591871,8.30160384216239e-05,0.000171740834045258,0.0524071820309488,0.0281891485099445,0.00898380722285336,0.0103501363755273,0.0301587754959347,0.165391268214682,0.0889797123235624,0.0335559154188983,0.0075236939094188,0.00995044222603336,0.167274699225054,0.122967213673699,0.0691884577121478,0.0771143426401495,0.00348893193345038,0.0778268167341921,0.0263717835862298,0.0038297584161559,0.000165207270097046,0.000342102739114018,0.104817953263866,0.0561010831926945,0.0178914654304466,0.0206117334944739,0.038589754197995,0.179001759186243,0.0682240052988723,0.0236197009500315,0.0048874865908709,0.00743117491942415,0.154149799909638,0.156604879785049,0.0541004457408198,0.0665808296127274,5
0.0042058009996745,0.0461902407876971,0.0159481659779637,0.00112401526756707,0.00198732732849892,0.0018588035169309,0.0540313133855604,0.0225686054273196,0.0177930587761878,0.0236104339175024,1.75515704469523e-05,0.0020940377660646,0.00025096526629435,1.25919576485606e-06,3.95755208506652e-06,3.47231623144983e-06,0.00291208801100629,0.00051189882096974,0.000312549516198638,0.000556982958390019,0.00316657814459609,0.0330886329256785,0.0112936747315644,0.000749234521791683,0.0014078742363422,0.00132997492058836,0.0409914972964954,0.0170724649141725,0.0131867374711888,0.0180080907079711,3.51513899709064e-05,0.00421710232472801,0.000504054229903231,2.5126595899089e-06,7.88703512322032e-06,6.90916675712109e-06,0.00581690756172094,0.00101860495008661,0.000627577934078542,0.00111164974621339,0.00486388983651898,0.0525529768050805,0.017419552875561,0.000964842884857762,0.00212671752060638,0.0020673955411339,0.0472029477379029,0.0156942117949914,0.0207941423289376,0.0243017645540282,5
0.00079275652145433,0.002661010691482,0.000870837112553949,0.000244923576823437,0.000554652016605816,0.000248748349700544,0.0259651037498457,0.0145172194646168,0.00113112215476791,0.0107975424641004,6.29925141728855e-07,6.91877789017988e-06,7.40907931190413e-07,6.02535910812205e-08,3.09168935070928e-07,6.21856764029059e-08,0.000675958901852832,0.000211608843899564,1.24369107148007e-06,0.00011707285761771,0.000451920846651632,0.00186575345181578,0.000640230481119677,0.000100228809358873,0.000261992118215035,0.00011531313411877,0.0209899775919049,0.0120684535097704,0.000795025073118001,0.00868195288862763,1.25490094163744e-06,1.39650392828208e-05,1.49452718133614e-06,1.19644442368638e-07,6.15260630970133e-07,1.23503106330962e-07,0.0013465470629793,0.000421294391617883,2.51662441018238e-06,0.000233069621268128,0.000313591283758721,0.00294936901799725,0.000796634233021541,8.53495965085412e-05,0.000151799823105409,9.20003015851852e-05,0.0154148707421435,0.00730964698556445,0.0011983033450095,0.00579782081338212,0
0.00977212918726905,0.0512630536992463,0.0543366617819589,0.0157444586467224,0.000849788537727227,0.00271602899830568,0.083995089773205,0.027670700988077,0.0364439288610401,0.0530046464162125,9.57477066847074e-05,0.00263691285254426,0.00294804935780284,0.000246142145459923,7.16552740819325e-07,7.4082827298688e-06,0.0070656217761292,0.000769275674013137,0.0013330770004206,0.0028138910834407,0.00375864153182737,0.0203434295715905,0.0212964408533015,0.0065728846376699,0.000322972121154647,0.00113651575909588,0.0499807697672938,0.0179742393286931,0.0166180528411929,0.030356607140127,0.000190763370881873,0.00525143859356154,0.00588578083966321,0.000492770589282201,1.43430675028673e-06,1.4744662040303e-05,0.0140852775851698,0.00153099449354302,0.00265456291197754,0.00560900130722706,0.00419693284181018,0.0249236693277003,0.0255270149627069,0.00593317227179047,0.000276031076370406,0.00131713799890182,0.0435730345499368,0.0143693479178875,0.0153347771575072,0.023162518654444,5
0.0367687668511857,0.169506929289959,0.0983701784094472,0.0339802160169356,0.0130371108191878,0.0194300987613875,0.300577439146306,0.143957998826671,0.0649505760687848,0.157871439195743,0.00135758222276043,0.0288768156359833,0.00967626893092387,0.00115612410603456,0.000170819734514534,0.000379425838001538,0.090727273857425,0.0208185775748209,0.00423311608693877,0.0250257045459416,0.0279436516747212,0.130133029145619,0.0800752699025777,0.0263080172267167,0.0106930924823261,0.0160636353497637,0.230078608480956,0.113381988998054,0.0513851618316876,0.120782896330026,0.00270270931810834,0.0574632427018693,0.0193041127223715,0.00230498676244681,0.0003399078005427,0.000755010989503111,0.180593510837612,0.0414383102012833,0.008430501335857,0.0498210994933648,0.0251295552347262,0.132389712077793,0.0617259980244583,0.0239366768332573,0.00808503223965562,0.0152647019155464,0.195834325744978,0.107528168401617,0.051909908224053,0.11381345619341,5
0.0118371023947776,0.0274739213296054,0.0601209285094485,0.0223414181406404,0.00339793705008954,0.00610899940055129,0.0616153118387156,0.0496891510198367,0.025392596097082,0.0382588441840879,0.000140453663443233,0.000755009151722392,0.00362151412024287,0.000501352022576589,1.1598332277361e-05,3.75015438706019e-05,0.00380554775797048,0.00247106518306872,0.000647278875831774,0.00146793723238244,0.00970112552615538,0.0223518317020663,0.0438650886001979,0.0137170623767102,0.00247283417613339,0.00477996728343643,0.0449136916885582,0.0397744020188909,0.0201452214866699,0.026232231138614,0.000279866324121957,0.00150604954182071,0.00721789837739682,0.000997981352539054,2.30856213287933e-05,7.46331838806743e-05,0.00758282548262604,0.00492772148786718,0.00128881864134624,0.00292421592531229,0.0126583637174195,0.0348987027957522,0.0463000725465762,0.0109367011861724,0.00373355726569023,0.00738490190835401,0.0590827724890952,0.047124190350329,0.0277154527182365,0.0373462071125661,5
0.00114947852180726,0.00312409162286045,0.0042900053052074,0.00115908497636595,0.000403823773418915,0.00046734944654009,0.0198511407709845,0.0107408123185836,0.00246750269776667,0.00694652203464293,1.32789966046153e-06,9.76179081317949e-06,1.80300155562705e-05,1.31640143013852e-06,1.63606672736409e-07,2.19507697688537e-07,0.00039602300269521,0.000115240022521283,5.98871802989227e-06,4.84963534631598e-05,0.000705351200004682,0.00214988515357305,0.00307316629328915,0.000822163361067103,0.000192954468755279,0.000329984263135446,0.0166360012046116,0.00848118150949799,0.00171370753778901,0.00571290271807535,2.64253760411048e-06,1.94723863757987e-05,3.63431859774466e-05,2.65236925261558e-06,3.25635832836742e-07,4.36811264236247e-07,0.000788084854440723,0.00023002879953186,1.20467995450083e-05,9.6508039842212e-05,0.0010170183468034,0.00345555418195515,0.00475475767007336,0.00123322989155132,0.000107417161461816,0.00051699520994741,0.0117017819226033,0.0079585527986291,0.00270319122104131,0.00431783397969237,0
0.00253515180231461,0.00835102315121728,0.0167203146253919,0.0102013592702976,0.000407041046863761,0.0010112692313634,0.0712034901962972,0.0157640209836097,0.00810997992470884,0.019579269597004,6.45928050072125e-06,6.84071933104244e-05,0.000280925189853863,0.000104446291245433,1.66329212451674e-07,1.01702002910728e-06,0.00509523920524225,0.000249612276927133,6.58543577275748e-05,0.00038527312961554,0.00116574375367161,0.00179219912289215,0.00630610350032201,0.00326410792312816,0.000179790319519737,0.000355238308131856,0.0389889614347657,0.0128806738045644,0.00262395408277124,0.0118586566506133,1.28539112202733e-05,0.000137799080483996,0.000559079439298728,0.000207984256459971,3.3091473654857e-07,2.02926241355034e-06,0.0101347122410493,0.000496862217997225,0.000131291692917252,0.000766667194087162,0.00097048459270587,0.00256607221996886,0.00583949425858059,0.00442528323567273,0.000113662005706009,0.000413159270228388,0.0331653385175179,0.00942411121738987,0.00295559986302856,0.00788255659012928,5
0.0346453210025371,0.240392447111706,0.0918352900310537,0.0298431619318773,0.0116049867833632,0.0257938266798321,0.384529074282832,0.0948581612398226,0.0773206654260023,0.127980190698567,0.00120509854927622,0.0580581002808223,0.00847291674920943,0.000894103383512692,0.000135091960129745,0.000667983528448425,0.148467934688296,0.00903755127986081,0.00600560244936255,0.0164053134819602,0.0291131660101648,0.201234829123479,0.0713196768689475,0.0219269661459506,0.00901752156122813,0.0213414625352553,0.313856192428736,0.0764329000747014,0.0608143181237324,0.106694371517977,0.00239936831490716,0.115552310120715,0.0168635584513004,0.00178022817980766,0.000269091341679106,0.00132996450699359,0.295587324863907,0.0179899483910403,0.0119535915711774,0.0327020842675081,0.0282658893839848,0.183090507949156,0.0459874763170351,0.0219242456273824,0.00963800994521347,0.0180332563638669,0.326502609187221,0.0732491967439282,0.0477792316527941,0.0850398356628898,5
0.0136979828733507,0.0714183890772126,0.021137604335542,0.00650381607778131,0.0036038983930348,0.0073200766292185,0.145047141113033,0.0417651935905424,0.0217630777122638,0.0590119288507794,0.00018758655071293,0.00509766199694897,0.000446847047756497,4.21949807381161e-05,1.283354971938e-05,5.31310084076224e-05,0.0210491697961185,0.00175162630839608,0.000475023920878852,0.00345317206871087,0.0109649208161849,0.0505604463459222,0.0144112335378498,0.00464902679236204,0.00258938413180525,0.00519692416991285,0.105995912134908,0.0355391965070401,0.016453081417794,0.040571466317205,0.000374283277182222,0.0101727070071992,0.000891407207220514,8.42813526580983e-05,2.57512350131827e-05,0.000106445202345915,0.0419816654394609,0.00348709642722608,0.000946271673226535,0.00691829876784327,0.0134267101723142,0.0787528450115537,0.0234411539742918,0.00749690584302099,0.00405667511361539,0.00794125874387846,0.130939810297965,0.0376157814791427,0.0228133452473454,0.0587237494097074,5
0.00821468873281547,0.00611277780790376,0.00155656998108609,0.000478285308991222,0.000659108370786254,0.000535956272753323,0.0181934940815938,0.0162481360308027,0.00201179239030457,0.00683775792522128,6.78177955192347e-05,3.73080948929795e-05,2.42146296602672e-06,2.27243941907092e-07,4.34712504941333e-07,2.82920394489134e-07,0.000325799872860778,0.000264324505743191,4.01630550331038e-06,4.64324747722987e-05,0.00633874276812698,0.00421078814074623,0.00114008188500285,0.000315582345995693,0.000390998426947132,0.0003717698181454,0.0120835973072319,0.0123945327071267,0.00140316101585113,0.00477869844959331,0.000134947902434401,7.44857188351197e-05,4.83069039614823e-06,4.54487764198794e-07,8.62732522611878e-07,5.68748726981092e-07,0.000655138658503145,0.000526999037107045,8.04338112354484e-06,9.29548858466976e-05,0.00502267571271676,0.00678208511769636,0.00160018280042661,0.000444346155895175,0.000203943747730801,0.000594779319685268,0.0173396350992632,0.0105973066940243,0.0022580236930221,0.00388645563144414,0
0.00452920235532232,0.000328929127957779,0.000597953257177427,3.47508116347861e-05,0.000486767543526243,0.00037703499343227,0.0269761659536791,0.0150824562134938,0.000257629730604576,0.00622503539262615,2.04931716414904e-05,1.07396496701352e-07,3.59331851154102e-07,1.19249757248903e-09,2.38130656095784e-07,1.42776748287761e-07,0.000731366635201448,0.000228601837527813,6.64661949763445e-08,3.89401425606549e-05,0.00303042549792853,0.00022566663427472,0.00033105930452998,2.56252287359643e-05,0.000257542173011699,0.000107509801869154,0.00859425967032473,0.0122745392954489,0.000128446796579924,0.00376187029162318,4.09025460949016e-05,2.15049652663411e-07,7.01718493094135e-07,2.3941525882496e-09,4.7388141827144e-07,2.83838863417227e-07,0.00145529269206749,0.000454938265383836,1.32214410819136e-07,7.74798845168606e-05,0.00220734577305004,0.000364156107820255,0.000169041875150038,4.06299464716088e-05,0.000139855695081942,7.9844958566867e-05,0.0114848495914486,0.00838663043705045,0.000138710462155479,0.00298037133417002,0
0.0244298046945984,0.170383813790622,0.0396092478876282,0.0166653503101648,0.00877514148508919,0.0175189757416417,0.256881329884656,0.0841192555401931,0.0686967775955765,0.108318181181711,0.000597075594458042,0.0291052020077434,0.00157651612940665,0.000279117744179275,7.7167902228333e-05,0.000306260041749787,0.0663195839122854,0.00709590622943622,0.00473166752915465,0.0117917264903557,0.0188283850548734,0.114825335951144,0.0256217503117706,0.0107929870984415,0.00476360968276389,0.0123512149285166,0.189603082906892,0.0573151359076344,0.0496728083066376,0.079891523925941,0.00119084880194235,0.0579881454319389,0.00313752605124554,0.000555451143152788,0.000153778462719091,0.000611628095097075,0.131975009274752,0.0141364758237565,0.00942718734511618,0.0234655253098709,0.0113787233684315,0.0754685006950472,0.0182653513224134,0.0116713154333423,0.00456052321944023,0.00778567569967758,0.170342803469121,0.0437971890719676,0.0380770032934678,0.0768859585062437,5
0.0272799268304012,0.12333077053788,0.0235108148520712,0.00656752712612814,0.00470402241672029,0.0147632016664523,0.232853594997404,0.0625543480635926,0.0488801799102309,0.024267203955427,0.000744042505689973,0.0152230299368264,0.000555431532982973,4.33124857636381e-05,2.20372402935193e-05,0.000217216273750824,0.0544781255555658,0.00391915430779969,0.00238859944699174,0.000591779209435995,0.0222018619284585,0.0991305474748044,0.0190504412981129,0.00517674798991812,0.00321600411454506,0.0114226737496396,0.189745877195599,0.0434532300063399,0.037402913681381,0.0182774316739541,0.00148448892203973,0.0303567713751494,0.00110539864923612,8.62265970782121e-05,4.40527033069827e-05,0.000434082127024755,0.108426529445359,0.00781260499774245,0.0047658034414022,0.00117771330521996,0.0242820812707437,0.144728745286874,0.01985262970003,0.00555057831166057,0.00450033773276864,0.0164552241815082,0.216770531945558,0.0535019393873439,0.0553590958119189,0.0262062840127979,5
0.01449446164119,0.0210714038607146,0.0023340419300461,0.000565501557881766,0.000639628120896418,0.00137811591372318,0.0340325929530842,0.0159044118252154,0.0105874711216642,0.00857512524370624,0.000210998746070899,0.000446118508846604,5.44425727097205e-06,3.15013578798334e-07,4.10913874377179e-07,1.89018261232464e-06,0.00114851712802097,0.000253794093483947,0.000112587591317615,7.35237655671206e-05,0.011309430897965,0.0129587501991945,0.00166367811462951,0.000397400361360696,0.000373644090438465,0.000964824381375044,0.0217262949901041,0.012045401885777,0.00540611025336893,0.00669928875294964,0.000419972282167488,0.00088788037629785,1.08636752408759e-05,6.32885241189304e-07,8.17674590775222e-07,3.77988136364571e-06,0.00230096959652098,0.000505405147638661,0.000224119146561664,0.000146680986569937,0.00868191522116804,0.0174661730769213,0.00233324677150833,0.000560438760625718,0.000246624112552028,0.00150737902761031,0.0353248761306111,0.0127538685163128,0.00490502979108444,0.00659756044354752,0
0.0125978740220903,0.00133336692870768,0.00060637721785904,0.000232861034852571,0.00067176102470129,5.30870484123276e-05,0.0023944248087412,0.013336065171863,0.000471450844268,0.00782204392300934,0.000159457341813967,1.77549536768029e-06,3.6952681052339e-07,5.44847092869271e-08,4.53509258934319e-07,2.79096018792236e-09,5.69510846129953e-06,0.0001783434303386,2.19578686923732e-07,6.14914038544471e-05,0.00995103736200771,0.000940437784943751,0.000299163925739052,7.74577965207918e-05,0.000353000071535676,3.94044670885071e-05,0.00173736801249419,0.0107513265164785,0.000326341788919199,0.0064972234328493,0.000317229393016004,3.5438672021604e-06,7.28635686599019e-07,1.08152191315854e-07,9.00027990286248e-07,5.59516675164119e-09,1.13985940255879e-05,0.000355288429000667,4.40740640479879e-07,0.000122361311902954,0.00702713746391975,0.00146255432248143,0.000170532496400088,4.22190146655853e-05,0.000216431027302135,6.17623105260151e-05,0.00192005069445176,0.00740461246667149,0.000524009027307882,0.00479121459014439,0
0.015147393756191,0.125696088591393,0.061784749043562,0.0232967917036842,0.0036229545019431,0.0103940242678307,0.237247508246382,0.0525922621353912,0.0587869313462132,0.0545378440206104,0.000229833315435197,0.0158600006969383,0.00383533730487783,0.000544297622138699,1.31841112009996e-05,0.000108346701526258,0.0564334222034196,0.00277135199675013,0.00347245404304126,0.00298912197994527,0.0120823211471211,0.0812198096014543,0.0360320375383799,0.0137080185518463,0.00187150593915695,0.00596475548565989,0.148478823441386,0.0349713195547483,0.0341497067186296,0.0367901716351325,0.000458121430863997,0.0315800683850593,0.00763348482883616,0.00108430750606516,2.62371262773156e-05,0.000215840506446692,0.112435218154088,0.00552328703919094,0.00691095509997633,0.00594772425145734,0.00745112452344202,0.0764802176652779,0.0382113524577767,0.01233855384482,0.00152435116894946,0.00639214431360496,0.190144366120179,0.0384507478332707,0.0390412286143078,0.0321110527174752,5
0.0139643633833813,0.0524720990693089,0.0275466726592908,0.0181609727905304,0.00345224603674355,0.00749085126115769,0.148670754312825,0.0435207433895724,0.0254255231492968,0.0354327003908922,0.000195443235724844,0.00273818867141569,0.000760725201438505,0.00033033386042215,1.19627668015003e-05,5.60931068156959e-05,0.0220681234744896,0.00189619854280066,0.000648547934072487,0.00126125717008277,0.0106935896537979,0.0410020901891191,0.0189760427345238,0.0110587078387197,0.00260986321879502,0.00478404222810349,0.0953422172586662,0.0325073423430395,0.0153466430869589,0.024983317259568,0.000389458855576922,0.00547779167255475,0.0015157407493192,0.00065849074801481,2.38196813631837e-05,0.000111899351634304,0.0440590903646482,0.00378076063722876,0.0012916990424385,0.00251041117162428,0.0105328454374023,0.0392870833810387,0.0157586301967458,0.0148326129109746,0.0029776969383495,0.00539041861512559,0.0771763591963423,0.0319489934975976,0.0143655061774505,0.0283964995446495,5
0.0112229623494651,0.00757764767920879,0.00276535379274314,0.000343745790327017,0.000564998352092218,0.000509461526278003,0.0178805324245906,0.0117262873829339,0.00228978931127776,0.00934351552195479,0.000126586274331451,5.67872444637224e-05,7.61439356515071e-06,1.1868153271215e-07,3.1965347904982e-07,2.56914566015688e-07,0.000321295968885949,0.000137625913705087,5.24563236647395e-06,8.7672282661712e-05,0.00877255354069769,0.00531872788003549,0.00195046306097917,0.000230634938753702,0.000351954650804849,0.000354210533256492,0.0141696689962292,0.00969780024938869,0.00160159561008755,0.0074110965900246,0.000251890831229127,0.000113922698961969,1.52231811195957e-05,2.3590660850773e-07,6.37032731239219e-07,5.15173483637411e-07,0.000639287687646871,0.00027440999222489,1.04622811411249e-05,0.000174524385455294,0.00644925039050393,0.00853031099562904,0.00301855014779898,0.0003046625453849,0.000306626838261093,0.000569306338567076,0.00894606207842112,0.00652748870740462,0.00257176862299188,0.00687537945092835,0
0.00818851353294629,0.000415381662952262,0.000812729948008236,0.000227324667672491,0.000601093112684229,0.00045370307400303,0.0190001063852262,0.0131404772896518,0.000351247420377475,0.00731527350696694,6.72720865632667e-05,1.69364353286784e-07,6.63818846362465e-07,5.19004338445777e-08,3.63127653175708e-07,2.06878156996307e-07,0.000362414629881616,0.000172985007510945,1.23853573665943e-07,5.37644906887386e-05,0.00543269497712306,0.00028959423251858,0.000496276650487796,5.59672194569389e-05,0.000313174521428796,0.000197777676811608,0.0152672056600523,0.010123211370699,0.000182376597470881,0.00617731601471201,0.00013398585313508,3.4105688936342e-07,1.30779295426241e-06,1.03062314259489e-07,7.20114980435945e-07,4.1168891087766e-07,0.000721606544153781,0.000344791178620478,2.45455143968904e-07,0.000107008808646738,0.00445507794896491,0.000460501686041793,0.00026953917632627,3.84459719053331e-05,0.000180195641645308,0.000127627028437858,0.00885088743534124,0.00809553658338493,0.000135645397858125,0.00465258148200168,0
0.020367037566954,0.110050228739617,0.0480070049780174,0.018443310382156,0.00435968780880999,0.0119757431506999,0.189159288666539,0.0549946636175416,0.0444186601586311,0.0527090389864384,0.000414557571475384,0.0120795072390466,0.00230005438822103,0.000339636379672343,1.90279948548929e-05,0.000143856761460136,0.0358988063919798,0.00303840178632422,0.00195709192866357,0.00276529232369406,0.0130967871363004,0.0540226733903138,0.0212852391056137,0.00894846709546126,0.00208788509454729,0.00443028942542004,0.101610188057552,0.0318619493814451,0.0195438466982671,0.0274496483398137,0.000827300990525855,0.0241297106534993,0.00459318737516894,0.000678093838225999,3.79149474920912e-05,0.000286531257498522,0.0714999977902875,0.00604759325329485,0.00391997632092846,0.00552968406656074,0.0114847017234861,0.0682996081616388,0.0289373233206245,0.0118751328706861,0.00199047449608545,0.00534143446718806,0.126090700755018,0.0314701413879415,0.0220396147293139,0.0213950809359891,5
0.0394077971028563,0.215028404263026,0.0863440226658924,0.0281898230319765,0.0161971314055103,0.0291715384653359,0.384970279278819,0.0877151648134575,0.0629444112397752,0.102993765192726,0.00155890918390686,0.0464113275104946,0.00748466238320646,0.000798037916953455,0.000263368504291667,0.000854149674483623,0.148833991620641,0.00773058468156662,0.00396551783692693,0.0106472451924694,0.0318058794400811,0.174397678504426,0.0697035252504551,0.0237353873754313,0.0119735391071351,0.022017876995357,0.316256730315725,0.0641832020812711,0.0504624036229005,0.0815909371366387,0.00310408088456894,0.092416484160529,0.0149025196564848,0.00158871050516883,0.000524396389360618,0.00170085729228444,0.296289294036208,0.0153848319355392,0.00790750065962483,0.021201643232719,0.0280738878421273,0.169625795316691,0.0718413965446893,0.0216284387680476,0.0119857727428585,0.0229964744079972,0.323139052212477,0.0560240460829326,0.0572767002275541,0.0751248680810618,5
0.00472839184729654,0.00907748102790833,0.00697661033074708,0.00563873088618188,0.0017842320480751,0.00382438952401875,0.0483731083146891,0.0255945498947339,0.0071757306712703,0.0105281772669399,2.246976841304e-05,7.90214114244271e-05,4.77045025458694e-05,3.15229391724067e-05,3.13606505208799e-06,1.44633514018131e-05,0.00234109807328831,0.000658153615267236,5.07549354483496e-05,0.000109470712985709,0.00336037279008881,0.00563879751220991,0.00502480727790388,0.00390954982011115,0.00123868397840097,0.00263783379788521,0.0378509952901585,0.0188999988291006,0.00452448902930734,0.00835599522262098,4.47119050752004e-05,0.000161023170187619,9.61379188428776e-05,6.31595786436726e-05,6.30380251003301e-06,2.90165562478194e-05,0.00466934075687417,0.00130994034718034,0.000101990992245365,0.000219765535632806,0.00285387516877999,0.00782594435250169,0.00784613921658243,0.00629631069052843,0.00194309422084834,0.00424305546152705,0.0347833671720727,0.0196435287366434,0.00734277603662034,0.006842642065387,5
0.0034385229734455,0.00036057473957527,0.000813923718871337,0.000439080264676008,0.000682805534120259,0.000199992627929363,0.0197852618129769,0.0127023899779457,0.000332836172433434,0.00643183699851473,1.18827324652551e-05,1.29807269988849e-07,6.62058857982927e-07,1.9195072854021e-07,4.67974858866837e-07,3.9321824968837e-08,0.000392024454556371,0.000161692756919034,1.10437701398681e-07,4.15578140691489e-05,0.00236812925850197,0.000219482627605655,0.000523634234219219,0.000268240331864933,0.000382175820484617,0.000138936987829021,0.0156040551126533,0.0100234645384763,0.000206954710124618,0.00498481750618383,2.3645966847728e-05,2.58832888142681e-07,1.32121989668711e-06,3.8253525537902e-07,9.31580759572372e-07,7.91215375602846e-08,0.000781518231320595,0.000322224784273498,2.20435205966579e-07,8.27061188058855e-05,0.0020473545562889,0.000312111514070229,0.000393738991431009,0.00031736588667984,0.000218586533913328,0.000221679444672485,0.0100631946345782,0.00695316446543735,0.000257613814926111,0.00389871207733734,0
0.00480400487437737,1.8874812354033e-05,0.000560692656657728,0.000328469253756473,0.000518365863818197,0.000231728225458944,0.0196314259532814,0.0133514387353411,3.04256324721983e-05,0.00913319245674195,2.31943451302365e-05,3.57320873894026e-10,3.15908637863722e-07,1.08433420919767e-07,2.69957533314943e-07,5.39628526314059e-08,0.000386721952835495,0.0001789845257914,9.10621747431982e-10,8.38098488722435e-05,0.00326906623970024,1.35310362546805e-05,0.000274390583225749,0.000130281606413741,0.000229168104368745,7.15285826146601e-05,0.0158059427118468,0.0100540577431024,2.18618381427316e-05,0.00739962819327793,4.61495948990202e-05,7.11771001851819e-10,6.28705347755744e-07,2.14622545443124e-07,5.34840959308002e-07,1.07114589122008e-07,0.000770109512789676,0.000356349111671961,1.83178674050432e-09,0.000166800217302672,0.00207916103836668,2.08979335143803e-05,0.000155517300899195,7.35727566864138e-05,0.000161349511454495,3.47096998494342e-05,0.00887570556409691,0.00828107368319011,3.48239885078138e-05,0.00565991721651526,5
0.0254827672530858,0.182719698451897,0.113669159843666,0.0453384978066913,0.0128245437873106,0.0277189520510699,0.236609999025837,0.0534898488780217,0.061073680284451,0.0851453789027262,0.000648362558048579,0.033423160802692,0.0129019087460106,0.00205686463537742,0.000162996618499733,0.000769009742555119,0.0559286386953157,0.00285104863485431,0.00374257459001174,0.0072422937575287,0.0158078447710059,0.111931423758392,0.0691482385789428,0.0269364956446673,0.00744824626711115,0.0155496024125159,0.150354400198166,0.0371967250027437,0.0385428845671,0.0557130175438865,0.00129437373576439,0.0666416701779003,0.0257579900314035,0.00410210099942311,0.000326632182860405,0.00153346883157276,0.1116329543915,0.00569767429760831,0.00745375215955648,0.0144554975321229,0.0142820231946317,0.116120599360693,0.0670298379324173,0.0287045570825308,0.00851125864524243,0.0170199326874675,0.125486276038969,0.0288565810452887,0.0511128055532377,0.0446417528727363,5
0.0209812867827438,0.13333714735747,0.086540575664393,0.0361290752002281,0.0131605126404528,0.0185565410710844,0.200892623244436,0.064249157684173,0.0343264741347673,0.0671840602106548,0.000439264916957387,0.0177793282568785,0.00745772046957438,0.0013044037019034,0.000172271234683712,0.000343791907214845,0.040318369957918,0.00412716593533078,0.00117934948200345,0.00450464311189296,0.0163467874312278,0.105317646466311,0.0654487332238697,0.0278628828704962,0.0100283870567679,0.0146023525061112,0.157727274392964,0.0497642640169016,0.0246394238774669,0.0524692908116942,0.000877280850097337,0.0354691657561447,0.0149096455484779,0.00260316605502136,0.000344608298072314,0.000686416002963924,0.0804744447500256,0.0082344796454506,0.00235175079405704,0.00899576543304108,0.0249846476133209,0.164378960783709,0.103343895330053,0.0436617264200526,0.0158850516659972,0.022971941067649,0.246957333779041,0.0745662991594703,0.0387854090140678,0.0822250902263061,5
0.0186635959973166,0.0124413020478595,0.00648971028117089,0.00281618146896837,0.0011149278932898,0.00164018611264703,0.0217780739839917,0.0180707950229505,0.00227970209884322,0.0136314014059499,0.000349115933241569,0.000151903085028943,4.17203980124856e-05,7.9041956385017e-06,1.22017010889832e-06,2.63668578452619e-06,0.000468276058445153,0.00032794648017852,5.15718148982179e-06,0.000186193989991635,0.014669365421703,0.00868236625576511,0.00444868514042989,0.00192917654681972,0.000777797414315517,0.00117087878568389,0.0146106831256242,0.0146546973456417,0.00156306097957022,0.0106174120216346,0.000695693147852355,0.000305927350536074,8.36251802772088e-05,1.57927927632287e-05,2.45711710728546e-06,5.31324296933734e-06,0.000940213675462464,0.000652833015091856,1.03282350759669e-05,0.000371077654298094,0.0119203005756192,0.0137969808565669,0.00714865501221218,0.00307807829689547,0.00116727635343883,0.00181329607948118,0.0228410813602969,0.0141858390252712,0.00252182003955628,0.00970521436584689,0
0.0100079207657723,0.0193674176512023,0.00103625174929361,0.000441712795213401,0.00070757910366932,0.00271939498823286,0.0258616086002775,0.012495342709571,0.00931342886764004,0.0144283037525776,9.9960968973139e-05,0.000372619755909569,1.07920036537765e-06,1.96089858027382e-07,5.03153583730236e-07,7.42720107804371e-06,0.000672098275431378,0.000156917081108547,8.69284212133123e-05,0.000209188511330803,0.00625468358106626,0.00306593918913416,0.000529846909217121,0.000156628096403855,0.000413195938232124,0.00110798148743078,0.0125473823980606,0.0100367890204999,0.00197870499660209,0.010833011133677,0.000199609402755514,0.000745785675972216,2.14728387652228e-06,3.901452653564e-07,1.00018260349113e-06,1.47838459470628e-05,0.00133749218742449,0.000312229876937012,0.000173233528952915,0.0004163037290067,0.00423805480475982,0.00449655973605326,0.000371264925291753,0.000128896586285937,0.00018968552149933,0.00106381827390768,0.0104703239170507,0.00643660934940769,0.00295578732257023,0.00978510010862161,5
0.0429647140850183,0.333573167266983,0.095484231849143,0.0501274819597276,0.0156383020482265,0.035451534930821,0.34127173838136,0.125059078734352,0.0913732128943241,0.0829113609189112,0.00185495769937817,0.11159737354862,0.0091562719584311,0.00252481174802323,0.000245776698019332,0.00126288644940796,0.116964092157288,0.0157073393275108,0.00837577853723458,0.00690713135176989,0.0315772614313537,0.269006248073983,0.0771175934866313,0.0409123809640763,0.0114022777946409,0.0252379639388426,0.281951900136657,0.0951029561811491,0.0702712849551917,0.0660665874137622,0.00369155151075916,0.222310271969437,0.0182276926916176,0.00502494811987783,0.000489101303864063,0.00251338313229521,0.232845665231392,0.0312685034433718,0.0166829569504079,0.0137468838901553,0.02504970945893,0.216381585980205,0.0664990891419635,0.0302877641648439,0.00880399154277261,0.0252174478569101,0.250836447746964,0.104268135253141,0.0637921862481683,0.0565714537926675,5
0.0224770376800247,0.113409502951185,0.0259674000822466,0.0126503709859356,0.00240243885393296,0.00414259043854269,0.123052737001587,0.0537821232510758,0.0304983101442026,0.0385854478123123,0.000505910395880864,0.0126695497443441,0.000672020290471703,0.000160372242197892,5.78779965028104e-06,1.70748547955e-05,0.0151340140936338,0.00289838263348682,0.000918633788638358,0.00149472281336833,0.0175040500682075,0.086431364193671,0.0195423438213676,0.00919610816583792,0.00172728811085447,0.00304520074954863,0.086399503539514,0.0368257066172089,0.0231892201664933,0.0305400476514089,0.0010085778100355,0.025467916966965,0.00134295275032488,0.000319598377161037,1.15258686956793e-05,3.41505188436454e-05,0.0301997638304815,0.00577627294202529,0.00184418172647048,0.00297605643041125,0.0160154502111929,0.135557015024919,0.0297875204898754,0.013630455547836,0.0026274739394537,0.00465479853672712,0.116989241305356,0.0431644757272975,0.0366248094439235,0.0448602784621579,5
0.0234714311060876,0.00790588734092019,0.00184471274213244,0.000789531815484515,0.000623547699860444,0.000233808444188692,0.00889736707371933,0.0125528846340943,0.00219923656302347,0.00787572006445984,0.000552154126728442,6.09488577091162e-05,3.35805078767638e-06,6.1780654349466e-07,3.90608733673649e-07,5.45657559980163e-08,7.95604942913559e-05,0.000157883474277646,4.72033595931405e-06,6.22150237500973e-05,0.0187395352230241,0.00562610685476004,0.00137905289980736,0.00058556897396789,0.000367233672140729,0.000169209458154637,0.00641909842545832,0.0100070418547378,0.00155735433314359,0.00623794863616756,0.00109982625091268,0.000123147120399513,6.74353719788292e-06,1.23786900770698e-06,7.77175142844012e-07,1.08956519840564e-07,0.00015830455500844,0.000314654927282317,9.53336305105418e-06,0.000123925421903992,0.0116839911766111,0.00877127177048287,0.00185174326459123,0.000762964825839166,0.000212712858523934,0.000258735078288056,0.00935634369232661,0.00581316608990141,0.00243940951324079,0.00467442669875771,0
0.0220600574544853,0.000402902961976184,0.000410721755028958,0.000334018091791879,0.000642491422782046,1.26562029838012e-05,0.00216814079533499,0.0135370430227475,0.000111571265873288,0.00902325333834126,0.000488895576457447,1.58861360730732e-07,1.69014042462214e-07,1.12051694931232e-07,4.1485615402314e-07,1.60707237619815e-10,4.72382341998525e-06,0.000184158693227657,1.21350061467598e-08,8.18230398202783e-05,0.0182207792195463,0.000289086614521401,0.000175607448352291,0.000104291430924937,0.000351297439880846,9.05168193714906e-06,0.00145267580534338,0.0108271805835357,7.92633539939461e-05,0.00724549371357534,0.000973072374168849,3.20396490192483e-07,3.36566257703495e-07,2.22025548850423e-07,8.1580398382392e-07,3.2007315634408e-10,9.39365829297968e-06,0.00036644010733236,2.45224775667441e-08,0.000162816272978004,0.0162242242909177,0.000446842973214062,0.000105539455485081,8.18030039483712e-05,0.000217406309734842,1.39927615031675e-05,0.000890107123240089,0.00943011242861024,0.000123798075572433,0.00482922512115976,0
0.278409999758949,0.171942940514912,0.0556873887180944,0.024426741968109,0.0192368340935331,0.0224910168452519,0.210129860821696,0.0604909801317778,0.0950588660469403,0.0533696687537689,0.0774690746910249,0.0296229726334424,0.00310579678053966,0.000599159777400665,0.000370535871610107,0.000508075467343012,0.0443017547938769,0.00366892147335484,0.00907974809725839,0.00286250126904671,0.165679542105815,0.093429407347572,0.0353207351915197,0.0139971408483575,0.0106186406938481,0.0139042607539119,0.152717529316748,0.0422442835294845,0.0666865837676177,0.0376806534284022,0.154590507720594,0.0590344793978429,0.00619125539631829,0.00119264864386341,0.000738670467938601,0.00101136119750567,0.0882346643148423,0.00730968651942324,0.0180701856548549,0.00569645212016111,0.125325046784696,0.0986391558185707,0.0407451001935042,0.0183457099010514,0.0137288324642384,0.0125338820786022,0.118192320474115,0.0327838994936843,0.0614241286144521,0.0435449414444757,6
0.294959304719485,0.159297972670931,0.0339997682659324,0.0209686720987426,0.0163819972696833,0.0286159741850654,0.189737760919328,0.0566786779067349,0.0487365876731367,0.0379507725085035,0.0872172225671969,0.0254544108590594,0.00115684649667599,0.000441890456487298,0.00026873974985195,0.00082298654062556,0.0361738145205336,0.00322847929714264,0.0023831913703848,0.00144749638484752,0.214262219294136,0.110638672664932,0.0259537967245285,0.0171404436324639,0.0115813910125895,0.0227902047810035,0.159200669582467,0.0450030802832199,0.0355835532344413,0.0301252881952908,0.173769853890231,0.0506976600500359,0.00230703363944808,0.000879360744616653,0.000535738608440203,0.00163769391072427,0.0719923290953405,0.00642475788283589,0.00474617360798593,0.00288050661308671,0.30385232392641,0.148433170202309,0.0309644189200163,0.0139669084309705,0.0153523834780363,0.0258788626376911,0.193140929379587,0.0480846191522536,0.0403735635041319,0.0372742720207344,6
0.0532148433356072,0.0150746657971728,0.00808953494738282,0.00633136292428611,0.00120603817271605,0.00290363074539182,0.0669384456686814,0.0304600409411027,0.00426861620672413,0.0106825448762111,0.00280722698005458,0.000222887018817333,6.48173080366249e-05,3.97722277330113e-05,1.43347459061097e-06,8.23981272976745e-06,0.00447722778487618,0.000921688714940244,1.79501734271089e-05,0.000114683859290699,0.0393194703656169,0.0106130988962145,0.00578663110309276,0.0043606200302341,0.000868979137716974,0.00204721598165666,0.0530861680038674,0.024536904961785,0.00296727794337972,0.00876703492211568,0.00562500891012712,0.000449016556119589,0.000129933738082975,7.96574733123426e-05,2.88057923699861e-06,1.66296349401181e-05,0.00893546395671227,0.00184489345506047,3.60811287485919e-05,0.000228223172922897,0.0369756409862801,0.0168543045610979,0.00891749030937674,0.00630355206495943,0.0010977749329539,0.00321386724454481,0.0623314378593787,0.0219221142609387,0.00475017862003823,0.00756093201953147,0
0.0468937974804198,0.000790594728146328,0.000802923507961161,0.000325693238673552,0.000507508661859175,0.000357291989175133,0.025632152236635,0.0150346453408348,0.000223887676791,0.00902926412741423,0.00219066162694575,6.10504615807718e-07,6.38932660414269e-07,1.03722727770025e-07,2.58848522885934e-07,1.27883140896671e-07,0.000659039977326523,0.000227155550886104,4.91232786483773e-08,8.13915032148727e-05,0.0366569813278172,0.000558605704407596,0.000546829541332434,0.000232220550241817,0.000237616545309334,0.000197866827467721,0.0200239945027079,0.0116346057204204,0.000156702610475726,0.00752471244395704,0.00437857136119111,1.23248949263356e-06,1.27585344563851e-06,2.09278122701524e-07,5.14823409213889e-07,2.53794341211723e-07,0.00131274829781375,0.000452049880228168,9.90027829536257e-08,0.000162498346438872,0.0284541923650742,0.000877114527305202,0.00056294658532473,0.000362181990345206,0.000139617716637123,0.000178161444697372,0.0165085960002402,0.00769230309951433,0.00024826492566589,0.00662066510801394,0
0.197874318506646,0.12883841664092,0.0336189679477184,0.0152436559914854,0.0104257946705257,0.021049175866301,0.109802994285079,0.0509022420687348,0.0949269383301326,0.0469789035769984,0.0392975132447095,0.0166784672197258,0.00113249445536997,0.000232417738677134,0.000108970418002771,0.000444106884749445,0.0121159247688193,0.00260255631537605,0.00902237385496784,0.00221467629594808,0.140065877225718,0.0919307678237796,0.0245950550436741,0.00975430500319131,0.00647212515174705,0.013208841166297,0.0774631425005901,0.0379955661651099,0.0684828805842724,0.034529274017986,0.0782481495167641,0.033194098441386,0.00225706640290123,0.000463623291460464,0.000217117635408928,0.000884901064287982,0.0241118727050991,0.00518049873404865,0.017988200691965,0.00441061735788752,0.108568363606507,0.0852835073373783,0.0181535771225065,0.009156087898185,0.00739375803359404,0.0132149891549828,0.0582287205880756,0.0298148289362592,0.0487260665653191,0.0306959835547488,6
0.174967180731707,0.0639379850134096,0.0205314767322908,0.00718279682168006,0.00565150155223284,0.0183439659419253,0.138076397777534,0.0436343530655715,0.0555414040112495,0.02697071027814,0.0307412978553099,0.00410166466157456,0.000421811604214288,5.08467507175032e-05,3.17767809574751e-05,0.000337183687801336,0.0190815279689908,0.00189831110628365,0.00307106657225706,0.000725054051221539,0.137751219623818,0.0427284809170609,0.0164382032252495,0.00446972397704616,0.00316678752907053,0.0115685820843519,0.113365307163804,0.0340793262228842,0.0401592786916359,0.0202427896456239,0.0612008725334163,0.00816903524238926,0.000841232862228874,0.000102180569254875,6.35568883083802e-05,0.000671991864370737,0.0380510711451122,0.00379273790354432,0.00614052013172278,0.00144882437361651,0.17106970735664,0.0409730743991922,0.0167438219680584,0.00530655523608769,0.00311629368593122,0.0116411013729586,0.11340145256713,0.0282165935889659,0.0408242575652402,0.0170853993781138,6
0.0449427947295352,0.00486473989523428,0.00350337573650879,0.000557968011404154,0.000823968224301734,0.00102975530194672,0.0888766761825879,0.031855208327434,0.00629193104461661,0.016828191285028,0.00202679361096894,2.35085206332298e-05,1.21264560839029e-05,3.09910112503379e-07,6.8129609980954e-07,1.05869257374334e-06,0.00786870525286609,0.00100903332534203,3.96309373100662e-05,0.000282502563012094,0.0363085925109909,0.0033765234458554,0.00250377927604428,0.000391543297601769,0.000549519139928627,0.000724614179113375,0.0671008463322697,0.0263342740151639,0.00449901214562664,0.0134719398169793,0.00403651158238663,4.70563220359627e-05,2.43291352383709e-05,6.19677805650194e-07,1.35648365570987e-06,2.11375000100469e-06,0.015728421784537,0.00201872747402688,7.90112585083293e-05,0.000564269892984784,0.0203881902068188,0.00541636870685422,0.00390743004498548,0.000630345372293968,0.000403205726946445,0.00116547029064847,0.0975378131823745,0.0335969870015745,0.00423789776221916,0.0162564147101533,0
0.0392900759290676,0.0002535910940094,0.000552961523263611,0.000233222584680853,0.000329005773346102,5.90177087624391e-05,0.0239347889016545,0.0170725701618275,0.000425758805419124,0.00748854885834614,0.00155100374667729,6.36960015649198e-08,3.06742820541682e-07,5.46611665614172e-08,1.08687907314358e-07,3.44492669196157e-09,0.000575752025818898,0.000292935534721923,1.81371624135593e-07,5.60837047306952e-05,0.0314417062246304,0.000174251448335818,0.00030910380878105,8.02329858843247e-05,0.000130503405788252,4.06176966481852e-05,0.0191440643762736,0.0139090264362679,0.000308554171363232,0.00612554235292868,0.00308693279365547,1.27683749793917e-07,6.0853781373529e-07,1.08500243354309e-07,2.15277531617122e-07,6.91068298076509e-09,0.00114572379861937,0.000582938253470891,3.61725568542294e-07,0.000111874995579876,0.0233950370629713,0.000280800795393701,0.000209092159599689,4.14554077067542e-05,6.64747858673642e-05,6.53617403334218e-05,0.0127749564582579,0.0102127427850201,0.000474047789408951,0.006824395688584,0
0.137780856332036,0.0781171499492346,0.0375321583107374,0.00649484622589615,0.00448310871070279,0.0126104409609359,0.108324246296374,0.0408019956913986,0.0590613103275383,0.0403534453728147,0.0190636826164744,0.0061245877329943,0.00141331638589718,4.23863564656848e-05,2.01430680891881e-05,0.000159815150057663,0.0117650266705738,0.00167189666885917,0.00350493095744859,0.00163643802371822,0.091770018470851,0.0496875275901527,0.0265346886804452,0.00301047927571066,0.0022811967861357,0.00767888514343628,0.0762486583925472,0.0296042731573209,0.0409999032040998,0.0269721946215423,0.0379471997170257,0.0121961125671585,0.00281491210644298,8.4348203766534e-05,4.01337629750928e-05,0.000318036070909045,0.0234401814756688,0.00332832580262932,0.00697554012554511,0.00325649064937893,0.0657426122500295,0.0496620354928403,0.0248719061571047,0.00303903765858412,0.00190542489689169,0.00660224178490996,0.0575386875006362,0.030039239415824,0.0308977678269947,0.0214166250998632,6
0.241437080140859,0.0805108751101507,0.029356950443401,0.015721741660768,0.0118559813059321,0.0190483717551953,0.128996230159274,0.0604777830403315,0.0943082990248977,0.0400607020864515,0.0585212479805558,0.00650423789541861,0.000863005284239029,0.000248415187707718,0.000141252737331009,0.000364640941656648,0.0167105011324995,0.00367589544266428,0.00893789302118334,0.00161218049543903,0.180040302042808,0.0581320026555739,0.0207558083669875,0.00963472930455829,0.00693912507705055,0.0133180285562235,0.103910479172029,0.0481667596368844,0.0675736534477035,0.0290217596535059,0.116516198299815,0.0129534982494956,0.00172051478771078,0.000494332770911685,0.000281098318752913,0.00072561798154552,0.0332665391167732,0.00731506109784552,0.0177872548146418,0.00320897643961007,0.153791432784444,0.0441516031032047,0.0209275377355616,0.00924832363146817,0.00657451390686086,0.0105617481620514,0.0980501986494049,0.0449978991464506,0.0529845896449004,0.026063281071887,6
0.0513602821034792,0.00907681729680534,0.00147814581103564,0.000568236282424026,0.000833245643344271,0.00050656618274001,0.0222434467372339,0.015423842343882,0.00419295996761973,0.0103059695771992,0.00263445724688299,8.27139326854881e-05,2.15015989230818e-06,3.15081822899317e-07,6.88647083113644e-07,2.53954852216787e-07,0.000494445259266918,0.000238719458931918,1.76687290436644e-05,0.000106683671644884,0.0407618007600139,0.00666306326344336,0.00105100619530835,0.000411381262294472,0.000631257718427524,0.000259295724487833,0.0180523084994146,0.0123555228457145,0.0029790360886248,0.00804578082307351,0.00525897297426633,0.000164684372238863,4.32380822877373e-06,6.36398875748219e-07,1.37928675117012e-06,5.08161041237923e-07,0.000986724767754042,0.000475295233652138,3.51601913358885e-05,0.000212355168672769,0.0284587828214161,0.0101947782557932,0.00130184747323112,0.000632017823697799,0.000757712089689953,0.000190892571761902,0.0147570460340506,0.00985673824949611,0.00467438867547213,0.00895570000583156,0
0.045498551573541,0.000531096130787666,0.000499616070264864,2.95025681604227e-05,0.000563612482857189,0.000458025966699696,0.0272269425703016,0.0204373251470459,0.000235346174882862,0.00826611477298054,0.00208008102377098,2.82775400994655e-07,2.50447961868203e-07,8.545981864971e-10,3.19236319843586e-07,2.10835612637813e-07,0.000744823214271929,0.000419477525970898,5.55501309059171e-08,6.86268674172094e-05,0.0366836427500797,0.000380942890753531,0.000223969754604179,2.12851102750792e-05,0.000266720357022026,0.000214918033212907,0.0213677235779462,0.0167528723230021,0.000162975768561997,0.00675438442837696,0.00413921226226413,5.63407479149007e-07,4.91387754246797e-07,1.72071321914324e-09,6.34236288826156e-07,4.19569213327334e-07,0.00148240492608866,0.000834990603207635,1.10656780031658e-07,0.000136609066440081,0.0295166741862389,0.000587338687019455,0.000148611764225989,3.27017929355249e-05,0.000175839374657436,0.000134533362032419,0.0171665069665058,0.0128700824779978,0.000260190791322946,0.00640560164609136,0
0.0784443412873488,0.0624871376439005,0.0411277189471563,0.0160403869910234,0.00294811878442836,0.00589658331393882,0.0979947965199002,0.0418210591773443,0.0473804243713978,0.0416693175507277,0.00618262877407262,0.0039140184993447,0.00169970809381517,0.000258536229408845,8.72346680564366e-06,3.4938875594774e-05,0.00964463282962888,0.00175775707304606,0.00225332922184687,0.00174460278451046,0.0515924541043919,0.0354828436979156,0.0248439244184517,0.00942711269731925,0.00130555682417928,0.00293641704057415,0.0562448410942186,0.0283044873752722,0.0293212864284736,0.0283686044082996,0.0123052272323389,0.00779886211579453,0.00338259775552902,0.000514513919697421,1.73659165938634e-05,6.95336120154357e-05,0.0191993862613578,0.00349794492013749,0.00448694881495242,0.00347220293366945,0.0363741132878698,0.0313177963975653,0.0306907636563675,0.0105125513785997,0.00123601391549173,0.00262631411414125,0.0500037347537306,0.0279239563236172,0.0335209614031571,0.0302409595306787,6
0.189137362954125,0.0875891366286827,0.0258515244376984,0.0121570048971062,0.00903130626535771,0.0172366181488154,0.127588507489244,0.0512177726658281,0.0773765859118075,0.0372401679369792,0.0359526762659781,0.00770451799793904,0.000671631566517139,0.000148510840111191,8.1968870398523e-05,0.000298593322467277,0.0163461723922011,0.00263630845908111,0.0060164552145989,0.00139379685504184,0.129303438715148,0.0699879517524155,0.0180974961157597,0.00956875927322875,0.00717170668840161,0.0132650880499703,0.0988994816758624,0.0400088039388011,0.0622136368861069,0.0289707845464721,0.0715454336657151,0.015337836785119,0.00133653374391723,0.00029556015095899,0.000163114873027481,0.00059420025634614,0.0325430843963998,0.00524584170881666,0.0119734755918814,0.00277363509375937,0.151346491415064,0.058542304799965,0.021424249245956,0.00814802789039818,0.00489134418517834,0.0084618814509389,0.113149350722147,0.0359130943552098,0.0671202291203806,0.0289645897795818,6
0.0533707096689294,0.0630130960443655,0.0030797590307053,0.00251240291762784,0.00189655330474962,0.00105532689779515,0.067557756971956,0.0298985120246601,0.0222279962263765,0.0104169356568449,0.00285814266061472,0.00398811095259326,9.41316867048401e-06,6.21261950985035e-06,3.58611908438062e-06,1.11654001490276e-06,0.00458539817932749,0.000896055139129494,0.000495176600242797,0.000108426110159159,0.0429480957856931,0.0413181704511775,0.00232047189646816,0.00183174981843796,0.00133874856934933,0.000830039478120573,0.0483978421240665,0.0227513468260752,0.0159904322095741,0.00761419682870981,0.00569228321061278,0.00793881458558368,1.88490913764915e-05,1.2493642533765e-05,7.15942965613055e-06,2.22450906306644e-06,0.0091264966782183,0.00178549455236114,0.000986782181102139,0.00021637906873211,0.0345307126265645,0.0385038788037889,0.00346287192515641,0.002866543742587,0.00203219067159163,0.00125296035311468,0.0480237420741836,0.0210910464394277,0.0155617089126235,0.00548882476162289,6
0.0419853270553177,0.00464096273163381,0.000637951161947142,0.000365209896253197,0.000690463619791486,0.000286524757840695,0.0208977263438179,0.0179709831580442,0.00207380670065927,0.00645916670383586,0.00177145874000688,2.10650039981488e-05,4.08634925594307e-07,1.33711060409938e-07,4.7912514233829e-07,8.25063586857692e-08,0.000438909383929056,0.000324443587079421,4.20408367326419e-06,4.19297794724109e-05,0.0333459513446612,0.00333415804132022,0.000387061968878821,0.000176745957927282,0.000396656548413626,0.000124628727528161,0.0166462961720814,0.0146620756863116,0.00148810974982419,0.00501981034601082,0.00352535772859938,4.24981848153035e-05,8.11236002375815e-07,2.65304948089006e-07,9.50684819760243e-07,1.63768105117679e-07,0.00087341884711481,0.000645689223311077,8.48373693503994e-06,8.34356769346586e-05,0.0240757945395308,0.00521022831418378,0.000243384470584339,0.000178034556289291,0.000210753745193057,9.68623195087158e-05,0.0134533955541147,0.0100117300266689,0.00232934829530129,0.0049750328386153,0
0.0625816729313757,0.0198151529867724,0.0784830083595318,0.00824541930157552,0.00104875413938272,0.0107950349091788,0.135983965442036,0.050072476881191,0.115105468518179,0.0363600972227729,0.00392741066961058,0.000394192716358568,0.00616938576436782,6.83087549473942e-05,1.10540510027836e-06,0.000116882442461913,0.0184334980367956,0.00251041593442544,0.0132815302513034,0.00131023753208527,0.0474490535354311,0.0103889455741803,0.0408839771977916,0.00400337619595202,0.000548112253322236,0.00561327513992999,0.0777845660546727,0.0328249624926694,0.0537094494723641,0.0204093595081558,0.00782418325321766,0.000784844127031471,0.0122979977149331,0.000135946630204946,2.19975932932919e-06,0.000232829625378628,0.0368328490347782,0.00500504375149909,0.0264642444764488,0.0026257419426094,0.036541037798742,0.00883023815060521,0.0443649235785492,0.00355767325631555,0.00032577409223161,0.00602404785097856,0.0780051411291565,0.0272439746307874,0.0636459373272694,0.0180980199759604,6
0.191611617594779,0.147486331887173,0.0637216491475093,0.0197994562003617,0.0186915953760092,0.0210267863189951,0.126506298635039,0.0752266981715074,0.134816239782627,0.0660591885409432,0.0368961523862913,0.0218587326136196,0.00407468801031139,0.000393410469810522,0.000350963894505966,0.000444091147505544,0.016043797406395,0.00568591631734433,0.0182610433395026,0.00437080900840795,0.143327758557088,0.113278300443855,0.0503746357400022,0.0158233368520437,0.0139696702903027,0.0173813010480329,0.101413173315067,0.0607635705844945,0.100673491676508,0.0540577217160106,0.073426341864195,0.0435016265082471,0.00811472443660293,0.000783418264309743,0.000698566669716467,0.000883989509570472,0.031965681187278,0.0113165306836513,0.0363451517277644,0.0087127568758565,0.110433417425963,0.092129877645775,0.0609153555658017,0.0172356771603965,0.0164798201276655,0.0130600844368701,0.112205185334744,0.0697342473180503,0.121941078333179,0.0544095171072126,6
0.108595878608283,0.105478523289537,0.10887799197231,0.0684603518368403,0.0150068254618656,0.0374250092860011,0.190686087206374,0.172715157762081,0.123929200379848,0.0539573000455151,0.0118310002585421,0.0111455113507118,0.0118422342712278,0.00470756505968425,0.000226336484900787,0.00139845350087218,0.0365263051137315,0.0299710576873257,0.0153806382519603,0.0029253058702487,0.0862827868698921,0.0869778927649431,0.0683628148773697,0.051626863572688,0.012178010220327,0.0268449464725696,0.14582318286048,0.123304565480535,0.0959789715579517,0.0418360527258872,0.0235636758180562,0.0222150626373748,0.0236344671213504,0.00937070441352732,0.000450402544442859,0.00279196331245239,0.072704435033142,0.0596515969175208,0.0306594972158838,0.00582206780028078,0.0821326675119615,0.0794367882299762,0.06569402088041,0.0465581552486511,0.00997389832331311,0.0231290388907165,0.121906288034458,0.100204606720038,0.0739676353934879,0.030382236834924,6
0.0606343623526015,0.0577707422622747,0.16770347739571,0.0232832674216535,0.0127968678919762,0.037219345786644,0.164460720251386,0.165420851678566,0.215241798493319,0.037233885488707,0.00369497852315228,0.00333186148188476,0.0282074247936293,0.000544735419621598,0.000164252291683386,0.00138034244202743,0.0270530958453627,0.0275007630970289,0.0465213691448507,0.00139081658086975,0.0476936552444959,0.0458584930156701,0.128367446352538,0.0199668793651057,0.00978275443233564,0.0268772813025453,0.125568830739672,0.130613800493849,0.170742339047859,0.0289742488062517,0.00735302940912438,0.00665234418136252,0.05618975243984,0.00108412194705748,0.000327177166435288,0.00275867033971658,0.0539639293798731,0.0547264747706307,0.0926160421820175,0.0027701561339652,0.0534971526685886,0.0530259621168935,0.145276909016136,0.0279503601558343,0.0115832098331662,0.0324369035876222,0.157794207187826,0.159270472911748,0.18486464036057,0.0341907018852509,0
0.055703014519043,0.00723230272253615,0.0193367341277969,0.003969534048563,0.000969704648081347,0.00240474823388564,0.0221862203099739,0.0270049518179491,0.0254391488831759,0.0159998603511761,0.00311610207101008,5.16926302124365e-05,0.000374310024607731,1.56557406595296e-05,9.23620161515706e-07,5.63989768931747e-06,0.000491607334142091,0.000731928821641805,0.000645432681001309,0.000256440944237845,0.0439336373041379,0.0050112078940119,0.0138891533280879,0.00281882240431244,0.000719195934318335,0.00171143643574854,0.0177546407949016,0.0220775199182741,0.0174433885460262,0.0104097895351708,0.006203113442575,0.000103738938177255,0.00074633684688708,3.13316954506589e-05,1.85864482886336e-06,1.13945066692633e-05,0.00098135637576172,0.0014575243164564,0.00128932384596226,0.000511143095955836,0.0358662710894815,0.00804885098356252,0.0217475057816796,0.00250960038193328,0.000844226547633078,0.00266771514824907,0.0184416009317044,0.0148032226036298,0.0281295386979916,0.00871187564279636,0
0.224507559829634,0.0940600186330453,0.0552504083969471,0.0186532525182215,0.0133099701431402,0.0216528476591082,0.134348256620111,0.0668205194094213,0.127051786347865,0.0455037572611975,0.050451943571741,0.00888133877573433,0.00306787391487462,0.000349441259131931,0.000177954069950926,0.000471042639853062,0.0181282909429838,0.00448066234159294,0.0162229547501567,0.00207549433240714,0.135232669822129,0.0602530245020654,0.0392990077991043,0.009861007976932,0.00735493140062195,0.0110790168793356,0.0919834956770887,0.0501373883871959,0.0875720277437421,0.0355411358777238,0.100592955671705,0.0176823797804517,0.00610495057443736,0.00069560871955239,0.00035421792126446,0.000937526363463695,0.0360865648432549,0.00892323973494564,0.0322837821414808,0.00413570863625303,0.155178418673391,0.0609898990566242,0.0417832448415558,0.0122620827104415,0.00861897844017056,0.0144055655477919,0.0816257947276054,0.0368299494965033,0.109325253786901,0.0248890887518346,6
0.219698276609799,0.0877067889225497,0.0288314973277569,0.013863157344622,0.00815941134544122,0.0130630201663241,0.0897551520437163,0.0628983241457124,0.089858123458089,0.0278599169960813,0.0482260734482699,0.00773080410776238,0.000834901940348046,0.000193152700994425,6.68008427553563e-05,0.000171345018437528,0.00809320656282575,0.00397280996246879,0.0081087210139295,0.000779069336404983,0.138567909546815,0.0602490541479297,0.0203796446415546,0.00872632273990815,0.00408826015284577,0.00672885063759011,0.0679130792290528,0.0433680452824106,0.0662323406705733,0.0193709319485361,0.0962477541165609,0.0153838075295814,0.00166192079321319,0.000384349431891496,0.000133006395497756,0.000341118806261754,0.0161082597509315,0.00790910547688661,0.0161417875734166,0.00155128942794368,0.164158581692438,0.0596078287610562,0.0231397505839091,0.00822774020889562,0.00563105999348693,0.00733894179138574,0.0474080314385187,0.0423318734563861,0.079617082144929,0.0198199553142255,6
0.0283624658395896,0.0618078506013457,0.0147895360923251,0.00712549810032053,0.000696643408482812,0.000839301363103019,0.115471307777843,0.0415334965783384,0.0589279133086785,0.0163216074585479,0.000808111352756503,0.00382286612485128,0.000218813513437638,5.06933636390072e-05,4.87696535945099e-07,7.07077006033036e-07,0.0133994446404767,0.00173074222061362,0.00347926522375042,0.000267731374180112,0.0236746897380754,0.0409824695733321,0.00956110984949984,0.00458653518824182,0.000399817078763731,0.000522180644232908,0.0871014000130291,0.0324212862925179,0.0393936663311642,0.0117690521669314,0.00160845321831362,0.00762386635475364,0.000436424967703856,0.000101212382153511,9.70400655284472e-07,1.40794838506586e-06,0.0266659444070507,0.00344711222188935,0.00693427167149732,0.000532786438390943,0.0211648078809357,0.0490687805063315,0.011604864867621,0.00557594960392022,0.00019060930707734,0.000654339110023571,0.113133113085272,0.036653666203313,0.0466992456769952,0.0149087882605532,0
0.0249928025189469,0.00341751780624173,0.00413097092611053,0.000485147643686396,0.000508361852692769,0.000231720504057455,0.0163240759059514,0.0242257628314291,0.0126619529697154,0.00721286801325341,0.000625613210800714,1.1646357870943e-05,1.7128822540698e-05,2.3569023632194e-07,2.59602256540093e-07,5.39377169796119e-08,0.000266714488282683,0.000588853767012593,0.000160718011052758,5.22563701789961e-05,0.0195459302032174,0.00235356128330335,0.00226065323867347,0.000313327510515108,0.000229117327553116,6.93283593991355e-05,0.0127280365850338,0.019121817470208,0.00818577484954681,0.00604157331043995,0.00124709535170432,2.32670002516296e-05,3.41076393848472e-05,4.6894668619001e-07,5.16463743325842e-07,1.07088671118602e-07,0.000531844498062651,0.00117269600673491,0.000320238596723073,0.000104017459312592,0.0174717730349496,0.00379485977176999,0.00144189279771385,0.000392718101858958,0.00015127978174922,4.33576731063969e-05,0.00811122972096098,0.0160031334483333,0.00560921069083803,0.00547554608388881,0
0.146399301460651,0.0940798558999675,0.0255816569359761,0.012763211796006,0.00888554553238179,0.0127425796517495,0.0939921323048448,0.0323982678310052,0.120091259009596,0.0358274292672652,0.0215348018350342,0.00880843850735134,0.000655175964123589,0.000162655631913957,7.91601609542532e-05,0.000163188367240056,0.00885596844491374,0.00105479958011266,0.0144772533812864,0.00128897629753457,0.0890824072596387,0.0639656195517392,0.0185983933255369,0.00774499666347995,0.00520920989093785,0.00750144192211854,0.0705908214027113,0.0253821584209736,0.0862036920303653,0.0289265892132682,0.0428589286137872,0.0176144545060843,0.00130625291705132,0.000324728509078416,0.000157716275856258,0.000324741560738305,0.0176461633779141,0.00209899347501852,0.0288266320690286,0.00256612819354941,0.0634064694539383,0.0520347850563109,0.0173751063869465,0.0092780504686731,0.00465724292784349,0.00806120357551966,0.059520294601876,0.0262582452843697,0.0859569182820506,0.0215856378440941,6
0.198325471059258,0.141634960875665,0.0277053802124144,0.0147482837021801,0.0138152083745891,0.0230246546435641,0.0791525465381529,0.0324981779788877,0.0653221229875776,0.0294413438218967,0.0395145221408058,0.0200325953698684,0.000768178063000492,0.000217414547517316,0.000191629494997467,0.000532793231365729,0.00624949369612435,0.00106001557928896,0.00427005531731372,0.000868702498641038,0.149011054907794,0.109262529000625,0.0205134749760261,0.00878357409104334,0.00859209199695761,0.0161674090836218,0.0603340701855019,0.0258195559602192,0.0445347416443449,0.0226416514638341,0.0786479454308007,0.0399927852123554,0.0015318947643665,0.000433831462423075,0.00038153119925389,0.0010602637690524,0.0124831741388023,0.00211075062535229,0.00851568036890287,0.00173115074144572,0.180771005443038,0.134931271834115,0.0225175427201319,0.00911968736772169,0.0106658874300096,0.0171319016896349,0.0449359240126621,0.0231071701686916,0.0467375391660868,0.0270772750548853,6
0.021359723773428,0.0245353034090821,0.00202994081022028,0.000572351693176538,0.000546097886429658,0.000658355146838672,0.0764332773893783,0.0330733332990184,0.0133666205024896,0.0107123619420677,0.000451851520759026,0.000601451468518107,4.06461790930922e-06,3.25672568973003e-07,2.99660796757578e-07,4.25865306844304e-07,0.00587130141657296,0.00109928181879445,0.00017928816078357,0.000114605000038597,0.0173546620553893,0.0167364768742183,0.00152049464982403,0.000408611754078795,0.000285103976140159,0.000474163241933324,0.0596583744897946,0.0262040153643527,0.00726764544081614,0.00840461913447012,0.000905686151304755,0.0012004189197888,8.16486448109616e-06,6.50691713208481e-07,5.94368655975394e-07,8.57165653936552e-07,0.0116837086037172,0.00218751547030245,0.000357049858438899,0.000228779403608357,0.0113376076698948,0.0158210154272017,0.00209131837038947,0.000525818259703311,0.000229404125858919,0.000747775518648875,0.041121490384397,0.0185310657930623,0.00643599123791595,0.00826202700502645,0
0.0242970620960184,0.00189685806746806,0.000555187425279788,0.000238609889272423,0.00075086024376905,3.79178485571817e-05,0.0324466547302082,0.025992255384078,0.00051619006435953,0.00888799939213457,0.000593310043175088,3.60548259539721e-06,3.08785363526624e-07,5.72207640546724e-08,5.66609388500967e-07,1.40171270470377e-09,0.00105279638077684,0.000678364119354701,2.60578077093745e-07,7.93061031350888e-05,0.0198540375377807,0.00135334822807004,0.000290372724853039,9.09693971594152e-05,0.000435044915348296,2.695259919378e-05,0.0263356210404287,0.0211390413847364,0.000366021656385274,0.00682540673697945,0.0011806471757055,7.18457724701188e-06,6.14471042901775e-07,1.13602057958079e-07,1.12716364834971e-06,2.83246711943566e-09,0.00210030742903702,0.00135056748660546,5.2572609834144e-07,0.000157891011993082,0.0198625495494893,0.00208243458688777,0.000173746677744415,6.48338592137823e-05,0.000259313084704126,4.20796144859205e-05,0.023281051287489,0.0137348248730565,0.00057517939919722,0.00611613236524023,0
0.11720684551806,0.0371630983210512,0.00865755204967611,0.00287231571274881,0.00243174261675696,0.00807879994188531,0.0459049157069224,0.021122661819327,0.033952064715203,0.0341489926766092,0.0137980536629527,0.00138476702119649,7.53288948566141e-05,8.281864699178e-06,5.94308613113821e-06,6.55870227495678e-05,0.00210730114197424,0.000448373380708458,0.00115670055266375,0.00117193403848206,0.0682821716631098,0.0253054868519738,0.00484338519447587,0.00125268650240665,0.00122054651706569,0.00433850935206067,0.0348150441825819,0.0175359038509878,0.0216175192265607,0.0237861065866911,0.0274664644520085,0.00275889020235765,0.000149889257782573,1.64891354682053e-05,1.18265952758733e-05,0.000130506823015242,0.00420398704151694,0.000892250317193507,0.00230361714097621,0.00233222453412937,0.0583317196044225,0.0230413302068193,0.00506642153052312,0.00108908208973808,0.000978152158469151,0.00536339112959875,0.0297269025964221,0.012262531401025,0.0211739704011565,0.0247647373763909,6
0.176426577580589,0.100119859858745,0.0179398158694118,0.00623122385563023,0.00665969444705927,0.021339079850273,0.137769934695847,0.0550067272384026,0.0856127639355244,0.0363114428709738,0.0312194324468149,0.010036536343078,0.00032332203651369,3.90231840697798e-05,4.45555371858921e-05,0.000457596019804644,0.0190691257273441,0.00303451300391717,0.00734026297437182,0.00132440118738909,0.138015998082942,0.0732521350583983,0.0140865694827365,0.00424775197070885,0.00497387042367435,0.0154739566154287,0.103972373553135,0.0429047265762207,0.0548308117238474,0.0293747581727278,0.0621895769677336,0.0200103335332435,0.000643532135381976,7.76554135308116e-05,8.86835446727941e-05,0.000910661497403018,0.0379542894655507,0.00604497302013128,0.0146329751077252,0.00263625844545211,0.148351296824421,0.0688799368970214,0.0132176717337994,0.00329870192080432,0.00437877312373978,0.0166465229208855,0.0961308842932434,0.0353807783718824,0.0588788165745205,0.0219909066451041,6
0.0483066068689656,0.0315297365749906,0.00369397838589854,0.000693609140944719,0.000917369197419602,0.00238437746522114,0.0761644203686428,0.0371673594185353,0.0388938943825247,0.0114571146232147,0.00232769872426033,0.000980380212640957,1.36294926939135e-05,4.73367784841838e-07,8.30054045889079e-07,5.63475330460381e-06,0.00579566418352273,0.00138022556241361,0.0015058052400717,0.0001314612380651,0.0378352863819253,0.0206332972352442,0.0025474924338844,0.000474070832078241,0.000642328798207434,0.00176701070231357,0.0598020428960326,0.0305670344459656,0.0273929398718286,0.00890392540164414,0.00464957947555336,0.00196957835934759,2.72049808136161e-05,9.51744277435464e-07,1.66714330166567e-06,1.12917959524631e-05,0.011567703527605,0.00275467137672296,0.00301096055652448,0.000262069245963564,0.048564835187573,0.0318373592670397,0.00398816138233762,0.000728600892918203,0.0007323060058734,0.00277196013362548,0.07361242721315,0.028377746583984,0.0411858237141646,0.010070487506351,0
0.0274513575668519,0.00136237050503483,0.000598640950838218,0.000226267306370503,0.000405932880049614,0.000157537442931047,0.0336504334949038,0.0282834942809681,0.00215729896485605,0.00872709667562547,0.000756296195667733,1.86527114948941e-06,3.59824785620801e-07,5.14541609487548e-08,1.65495331153053e-07,2.4202183505021e-08,0.00113800799464334,0.000803877700161001,4.67342512595415e-06,7.65438118816852e-05,0.0229584245829707,0.000952978935114508,0.000340350305601072,5.84285816619456e-05,0.000191914268898636,0.000111920962990034,0.0264059787212197,0.0230871094833675,0.00153625696149817,0.00707395416700279,0.00150609173521886,3.71187248611552e-06,7.11892955190483e-07,1.0211413798411e-07,3.26980096967658e-07,4.88992018257205e-08,0.00226460898302069,0.00159980336884498,9.30399637583182e-06,0.000152315521802552,0.0171724517404104,0.00150056515973354,0.000256655690447865,4.42218164193149e-05,9.67356258599861e-05,0.000174852666504529,0.0256372337648445,0.0207935334524312,0.00237261642241713,0.0079571418831019,0
0.0426726796490538,0.0251296724334728,0.00187257931782673,0.000466930278377683,0.000506301621928419,0.00392537429049522,0.0749272060132643,0.0200847944831465,0.0153599630885268,0.0191525502216014,0.00183002252436271,0.000634025054637519,3.52169320304708e-06,2.19069643740972e-07,2.57582063386973e-07,1.5473946218294e-05,0.00564044523750888,0.000405393585842791,0.000236376834566052,0.00036771834116619,0.0320671686330217,0.0158756322188548,0.000972135720816869,0.000231248168886979,0.000250964879708103,0.00197574287073922,0.0550665591458418,0.016175300470634,0.00777721347414384,0.0134580165911341,0.00364179799974175,0.00126235500861818,7.00763056792108e-06,4.35998048493486e-07,5.12345148228525e-07,3.07950239550408e-05,0.0112259979998702,0.000806765283732131,0.000471121072595899,0.000732647292813041,0.0273799077540056,0.0181478860905724,0.000948099474253518,0.000130386447494561,0.000153359223614315,0.00226844209634116,0.0507298805170269,0.0143424450707686,0.00903797205255456,0.0160666814316017,6
0.0741916680328692,0.0458063270710999,0.00763800754966402,0.00106344656120627,0.000921845249154616,0.00732461572673752,0.0540048661497964,0.0368684699971987,0.0376324239366593,0.0262653935528233,0.00552698441739244,0.00210853539636237,5.86189718009699e-05,1.13657061615379e-06,8.54062981467438e-07,5.39030426182198e-05,0.00293117763913154,0.00136336547484219,0.00142307572559102,0.000690605307874141,0.0589160966931425,0.0380559957461039,0.00517308420906272,0.000525860855722755,0.000505957994899708,0.00577532058297403,0.0448556288391416,0.0292751786129838,0.0263089436033931,0.0218765998382516,0.0110036927962949,0.00419620476639384,0.00011666487481969,2.26180556708147e-06,1.6992677276568e-06,0.000107279831609694,0.00583296707882161,0.00271583256588046,0.00283214091224219,0.00137702312840279,0.0510906538433439,0.0310168844734203,0.00490709839282724,0.000340616225860791,0.000256310255935801,0.00458351434253722,0.0549210913738234,0.0252664798350667,0.0248956541434872,0.0211798205842285,6
0.0316448641396748,0.0132564779682197,0.000828486884093169,0.000327711845778059,0.000563816083465503,0.00198234650476473,0.158514863122728,0.0469135795575836,0.00519016626181856,0.0145665176503258,0.00100444628515705,0.000176584663174457,6.8687821159865e-07,1.07909123696943e-07,3.1948377799681e-07,3.94673638456859e-06,0.0251822228520358,0.00220008634854895,2.69561831798121e-05,0.000211338365221127,0.023718973965201,0.0085472234840802,0.00054268038134383,0.000112131049978368,0.000267754179361576,0.00120990275297308,0.121590262724124,0.0353859321004566,0.00359590281846148,0.0115454930266867,0.00200066416254347,0.000351403631572657,1.36516277512482e-06,2.13662805003014e-07,6.31495856025691e-07,7.8566763246497e-06,0.0501830784237884,0.00438994992942433,5.37576499915507e-05,0.000422430532740506,0.0253774054178767,0.0084564922274284,0.000522041298446927,6.64038000416494e-05,0.00019825676941337,0.000755115089807975,0.134824288037778,0.0319727386824473,0.00570930294426926,0.0081595205996532,6
0.00469067255868216,0.000918149337521568,0.000682142709747176,5.84868780505189e-06,0.000397280173677933,0.000240295442355608,0.0636476572029763,0.0240854469186089,0.000308961473403506,0.012130326391435,2.19792457925629e-05,8.26378926515589e-07,4.67604549523529e-07,3.39924460351612e-11,1.58605145796222e-07,5.69981990126691e-08,0.0040336095615943,0.000581805227110303,9.5263536166496e-08,0.000147764716215012,0.00347079187058599,0.000638852153177099,0.000350629847012564,4.1270988893575e-06,0.000168942674006545,0.000177471225897243,0.0470772954335076,0.0195992751368622,0.000210450926949573,0.00889656382512497,4.38662575951648e-05,1.66488379879145e-06,9.28255509981928e-07,6.80286093265719e-11,3.15370086589024e-07,1.14454584684115e-07,0.00806443527630447,0.00115900430388491,1.90239429738216e-07,0.000294167139498594,0.00324264121012019,0.000982888867498174,0.000217626091673721,6.64071140782249e-06,9.83060309080927e-05,0.000276674279426675,0.0470207890325137,0.0205813518934136,0.000338890370058977,0.0115582408920256,0
0.0312195622727524,0.0151474880012743,0.0024304307993092,0.000879857533719579,0.00109906312909364,0.00366191951202102,0.0687992526441364,0.0235670021091145,0.0081082558072963,0.00910563693616829,0.000974311091419396,0.000230309529652229,5.93317376716181e-06,7.75164495822725e-07,1.21386760437359e-06,1.34749792131071e-05,0.00475249971329089,0.000558135508911493,6.5944666056077e-05,8.32935150461094e-05,0.0166202532534332,0.00581831199531517,0.00101120328596184,0.0003601214426171,0.000445795615145086,0.00117160381947138,0.0414417910980998,0.0188143452630314,0.00261605106041885,0.00656345925438324,0.00194400105565868,0.000458604348760349,1.18103016382755e-05,1.54506773504027e-06,2.41474011009563e-06,2.68171898950142e-05,0.0094619818701413,0.00111072775302066,0.000131353024902496,0.000165738029781539,0.0135230230310899,0.00605185349418309,0.0010763200316444,0.000320731678659553,0.000353260588788792,0.00142706881353478,0.0296294836805454,0.0162920132892032,0.00321351114881268,0.00652807077301972,6
0.145517910134496,0.0672505184498281,0.0212288915738034,0.0112066822286191,0.00634982220555399,0.0209204851797793,0.0737749765413079,0.0505426189879171,0.0803051823715114,0.0312642657761058,0.0212557704793162,0.00454520113940301,0.000452833438241022,0.000126185579836168,4.05228052963283e-05,0.00043954250658727,0.00546794003040414,0.0025665543634103,0.00647922917130929,0.000982358504341979,0.116102306824038,0.054210380008113,0.0164757578446637,0.00901792429066227,0.00511366480386035,0.0163996984379112,0.059623955580077,0.0391748415869601,0.0663023133004959,0.0258211168208945,0.0423245527098956,0.00904510231247452,0.000901226087008933,0.000251143681657768,8.06403722911467e-05,0.000875002575858819,0.0108826756148619,0.00510801999352629,0.012895721692534,0.00195473872455839,0.103531500749226,0.0562413985743454,0.0134779029292366,0.0079478204949512,0.00422414426787308,0.0121452764397665,0.0616502170859606,0.035593762094767,0.0777945363982147,0.0203154609299728,6
0.0372600811106447,0.0202429177830859,0.00440821605604909,0.0018211906499967,0.001251005475375,0.0114730931513375,0.165458779645073,0.0329880711461023,0.0196359277086937,0.0179181768351456,0.00138646355681327,0.000411407202502916,1.94687457699217e-05,3.28782319872658e-06,1.57261376613159e-06,0.000132081053149168,0.0274937493141439,0.00109361415860955,0.000385078341886647,0.000322284017754719,0.0259013413963705,0.0154712349439266,0.00356010717691176,0.00142911010128287,0.000928641409892504,0.00785253157414709,0.127422787240451,0.0261645301500019,0.0147244294207039,0.0146483336072861,0.00276775978687633,0.000819092235659651,3.88032345606622e-05,6.58802395464023e-06,3.12962835549448e-06,0.000263037673878233,0.0547328408159091,0.00217633215756521,0.00076871261875081,0.000641732448091907,0.0301674053919626,0.0208407747417597,0.00443462340698149,0.00221734378497823,0.00128325495402813,0.00930797608388652,0.143039381110124,0.02370276789049,0.0214485241731739,0.0159893320528933,6
0.00674780768649933,0.00176817974267392,0.000693249993109732,0.000161152115809928,0.000678102696571611,0.000475667007882109,0.0548904902283033,0.0185702687079383,0.00145428908686234,0.00589763101695021,4.57605112745303e-05,3.06800071951287e-06,4.83002476249282e-07,2.5405760838957e-08,4.62127875021246e-07,2.23765416093172e-07,0.00299966769494601,0.000345920358223262,2.0686345809417e-06,3.49535827185466e-05,0.00557174862377645,0.00123288787580675,0.000461362717147055,0.000115863738160261,0.00039174904996941,0.000323475238217569,0.0426405163095376,0.0147364997788182,0.0010258201551977,0.00465132056644023,9.1057542409541e-05,6.17907492157443e-06,9.61024172521652e-07,5.12487357505537e-08,9.1742633798525e-07,4.48570714161803e-07,0.00599738877542184,0.000688954844918175,4.17323455349555e-06,6.95598783130293e-05,0.00701301876028976,0.00195910639038027,0.00051060480976028,0.000181882895397602,0.000226057166344845,0.000478564542262851,0.0398162959539808,0.0116682462602939,0.00161574456032554,0.00402844099413141,0
0.00258393885984593,9.03322721088791e-05,0.000640524387433333,8.72252076311136e-06,0.000524542066095852,2.76573045128774e-05,0.0339416764023252,0.0183498732586776,7.4425225139315e-05,0.00897344038684812,6.67969898144331e-06,7.9717539080889e-09,4.12294726786523e-07,7.42325820613734e-11,2.76482752519123e-07,7.47680400035805e-10,0.00115585880445744,0.000338182423996101,5.40116657081527e-09,8.08133510296815e-05,0.00172437730628619,6.37728304145685e-05,0.000323672460073897,6.21618662253318e-06,0.000255415461308437,1.9544448947229e-05,0.0263445940478703,0.0149006980568016,5.28586213933477e-05,0.00451436724323931,1.33070882101352e-05,1.60917763613158e-08,8.1647389764017e-07,1.49943642743139e-10,5.49818300280241e-07,1.50886475681575e-09,0.00230208184395289,0.000673204296550465,1.09132714016967e-08,0.000160931838970867,0.00122268722791934,0.000100204978165853,0.000196037626444535,9.67782951901728e-06,0.000169787500787883,3.07389339366884e-05,0.0172555613752696,0.00892911681671811,8.25784773027372e-05,0.00385341790175488,7
0.0609043020482007,0.0453450204688793,0.0136620470116829,0.0012593767618907,0.000593069772557637,0.00154750268689593,0.0387527831793879,0.0306601194685292,0.101007270739576,0.0935064084772595,0.00372753706582871,0.00205788501679247,0.000186912457060035,1.59392844793038e-06,3.53486718477057e-07,2.40677398466324e-06,0.00150678544121703,0.000943247627540061,0.0102263284200584,0.0087740538447398,0.0477874128492549,0.0324538683444321,0.00976175893663127,0.000685913636952029,0.000302365687630949,0.000690560822460069,0.0313821271632165,0.024212153630337,0.0742595066078763,0.0734496803218991,0.00741823087045167,0.00410375353961985,0.000372615211378115,3.17089845468545e-06,7.00926584964897e-07,4.78711733648983e-06,0.00300101336296596,0.00187852331259021,0.0203773726691393,0.017473630224384,0.0319365388632819,0.0235389274346682,0.00706069040321873,0.000513936406017826,0.000200303835597781,0.000686125785428053,0.0280714004851383,0.0202177865833919,0.0641923103425928,0.059019065037816,7
0.0370655720252638,0.0311606492351883,0.00545020371811471,0.000253243018014101,0.000604436460118292,0.00124076706661749,0.0753136767641718,0.0387034142329732,0.0599007874381224,0.0519978822322881,0.00137995555278471,0.000966896584681906,2.92047767797508e-05,6.43493442093788e-08,3.6717474917293e-07,1.5471421973502e-06,0.00569986245660725,0.00150543236731367,0.00357947932212062,0.00270345064428287,0.0262626037052819,0.0218086022658431,0.00364919007249387,0.000114321528465619,0.000314931202869882,0.000605564230231888,0.0490655127509468,0.0312043488345492,0.0353402718228367,0.0343099863523846,0.00274683916544353,0.00193300313723933,5.87571909519269e-05,1.27916371110657e-07,7.28198918481444e-07,3.07890910864141e-06,0.0113434917757396,0.00299585117361479,0.00714955655805626,0.00539331505121666,0.024017092393022,0.0250794408468003,0.00568192664203452,9.30334363426627e-05,0.000173407568640352,0.000437654259881966,0.0484330904945281,0.0316396814344996,0.0421841633679698,0.0476238413913024,7
0.00276402881854592,0.000635307017903254,0.000507978700560885,1.62662721409985e-05,0.000741129976636,0.000233409357834317,0.0575449987555728,0.033748937548936,0.00632965234429643,0.0095419247864938,7.60834507156076e-06,4.02872815385153e-07,2.58856273949276e-07,2.63379228162083e-10,5.52013748291108e-07,5.47317399040152e-08,0.00332784206742694,0.00114357948660902,4.02396946369571e-05,9.15058563384848e-05,0.0020197910074925,0.000453527041266785,0.000274762556593927,1.20877992779691e-05,0.000424741927992028,7.32039662890406e-05,0.0472632014377472,0.0282464928758013,0.0048563726015634,0.00764332162345842,1.52086670100881e-05,8.04181338909744e-07,5.15603030306712e-07,5.26645316356259e-10,1.09823882857601e-06,1.08668117877387e-07,0.00662251306554782,0.00227685237442523,8.01019504980168e-05,0.000182084296016481,0.00152878165142654,0.000687050652815427,0.000242199381421091,1.84534131942341e-05,0.000206659076008462,4.87191033233487e-05,0.0400649957401807,0.0183394789977194,0.00605025335358901,0.0059239162063777,0
0.00216646030118284,0.000234195505301189,0.00064168350430862,0.000324584802083062,0.000512719604776883,0.000228799979247257,0.0362011728111261,0.0204494849754692,0.000503396008376459,0.00636661185685235,4.71706910040035e-06,5.50706174278096e-08,4.13671728427799e-07,1.05883697488738e-07,2.64189700431588e-07,5.2609031239724e-08,0.00131710853675851,0.00041994522782892,2.47421600876649e-07,4.07102639980222e-05,0.00148914917402103,8.36764772963245e-05,0.000351224639696743,8.71894645220136e-05,0.000259878350132783,4.88728151664521e-05,0.0296344614886484,0.0164204830157635,0.000356907757412954,0.00505781754354895,9.38679304825848e-06,1.09364853057616e-07,8.22208704818875e-07,2.09609387480162e-07,5.25461672210869e-07,1.04407495747261e-07,0.00262068412933992,0.00083602606158414,4.99591331502988e-07,8.10403747580885e-05,0.000996356598569778,4.13269037959111e-05,0.000221915994739824,6.79520975010002e-05,0.000129579712385004,3.8405813417374e-05,0.0242020238640672,0.0122778396317027,0.0005592772619651,0.00394007874146273,0
0.0281563724015196,0.0744031723437576,0.0114447242006714,0.000941765449402334,0.000603257729726639,0.00210181654482565,0.0748048380290606,0.0353944963483092,0.0500382776913626,0.073401376181249,0.00079548338839531,0.00556146956212626,0.000131493753075875,8.91320095111452e-07,3.65739316580686e-07,4.43758219082119e-06,0.00560601698905015,0.00125600639748151,0.00251629927903422,0.00541331868206472,0.0188806465161686,0.0458299199442073,0.00596830946150774,0.000353000609694047,0.000293375095940492,0.000891819724237322,0.0572077839417811,0.0260791378801611,0.0316451961528081,0.051974790528785,0.00158425217453229,0.0110694940269609,0.000261804238161306,1.77378512774239e-06,7.25374286748231e-07,8.83222676996443e-06,0.0111737458041354,0.00250247573453822,0.00500701713675859,0.0107738981976513,0.0131513610444493,0.033814115417706,0.00599889472052923,0.000300741321663373,0.000172972404824507,0.000855495600119214,0.0520590951243236,0.0259026705463767,0.0316292231845181,0.0395134639301948,7
0.0280601678626566,0.0596715890176596,0.00532335647092461,0.000370655426176791,0.000594171571500409,0.000658476407120479,0.11441299647329,0.0324886537397983,0.0471176520832908,0.0581731399774922,0.000789440392747436,0.00357716694102018,2.83902082628864e-05,1.37994223420553e-07,3.5465939802968e-07,4.33782868944398e-07,0.0131553850552883,0.00106071184262025,0.00223121212263308,0.00339900455555344,0.0208287725734958,0.0423829454288935,0.00415430197874108,0.000193584319253622,0.00027367832401262,0.000468290942898934,0.0716249639135801,0.0268134099414459,0.0325241759310085,0.0433782217317958,0.00157286445699202,0.00711966896336439,5.6584898896288e-05,2.74688034691918e-07,7.03160398219837e-07,8.6479594905611e-07,0.0261789523793931,0.00211086565991696,0.00444004053905448,0.00676612295061822,0.0145971038184704,0.0576906359373013,0.00641586763670097,0.000216392176651169,0.000192548038779163,0.000652731577848355,0.0764170686957688,0.0216644116998417,0.0337378165281586,0.0327347645768994,7
0.00706364642337314,0.00199684145848832,0.000824447842112076,1.84863563415804e-05,0.00047331552484598,0.000239963095211325,0.125316396322221,0.0322905129296724,0.00296621087654229,0.00766940074739167,5.01381473322153e-05,3.93198513754244e-06,6.78161114683417e-07,3.43400223542061e-10,2.25007678846734e-07,5.78679661597064e-08,0.0157743337098529,0.00104728196705515,8.80580289096631e-06,5.90547535755001e-05,0.00569996246525799,0.00142408910423127,0.000578368045855845,1.31304563295505e-05,0.000229109551946152,9.67823281945771e-05,0.0966383399640592,0.0267126385932618,0.00197394983551762,0.00636919159486357,9.97783030845647e-05,7.89956505308575e-06,1.35425685274224e-06,6.83406700412322e-10,4.46970112266196e-07,1.1487486067916e-07,0.0313996608353094,0.00208472065039313,1.75599106857258e-05,0.000117568794025725,0.00728570613235698,0.00216684064017325,0.0004954071106686,2.05179970687538e-05,0.000132779198996144,8.47991874712326e-05,0.115391120147083,0.019410810287437,0.00235748063030703,0.00462610709914184,0
0.00185100325057725,0.000249301550696103,0.00045184655784102,0.000326505059925404,0.000511031092409817,5.79823726197393e-06,0.0348761112396858,0.0260986323479967,0.000266947590370001,0.00547078895064704,3.43825414466207e-06,6.23826367059569e-08,2.0518622931779e-07,1.07134065693598e-07,2.62464949658742e-07,3.35835502631786e-11,0.00122059417404224,0.000682343675577027,7.14375009743155e-08,3.00797003581191e-05,0.00123653094884909,0.000104337794768934,0.000172483965034948,0.000118626266742588,0.000235859289569647,4.19867648496885e-06,0.0268202887798718,0.0199218090943812,0.000146619319295545,0.00405672968197623,6.84683008348622e-06,1.23968109882001e-07,4.08321720573582e-07,2.13203948829869e-07,5.21987598240042e-07,6.70334369176654e-11,0.00243070744557949,0.00136007056375679,1.4209158933731e-07,5.98588313066381e-05,0.000786667497288284,9.79569661028862e-05,0.000131793229702148,6.64219559101334e-05,0.0001618112056464,6.42586522264526e-06,0.0181057224847719,0.0178497047788837,0.00016519383484562,0.00444348588677096,0
0.0321713475106541,0.0259243644520673,0.00572102860831621,0.000231688159707576,0.000605687246909552,0.000618255593799548,0.0289689076071758,0.0213787254027282,0.0345667236082325,0.0534870252968263,0.00103866554299395,0.000675422912852986,3.26457977870202e-05,5.39461492324964e-08,3.68686230909297e-07,3.84134449628032e-07,0.000843400653885655,0.000458302503998043,0.00119930454504105,0.00287503378446873,0.0184365796824846,0.0133608860997392,0.00254884558738003,7.30568925426156e-05,0.000327526650832854,0.000241641666543724,0.0224582198485215,0.0168297369836225,0.0187348206642397,0.0361539836778033,0.00206841285335832,0.00134411796526834,6.52125712665137e-05,1.07077893934795e-07,7.3346338812806e-07,7.6423968665518e-07,0.00167825981989266,0.000912888656059322,0.00238816240527286,0.00571970494170378,0.0155277083923091,0.0100587406294117,0.00284259478170356,3.55725738277331e-05,0.000167898020503179,0.000250260725489698,0.0173797584310812,0.0158095068414677,0.0172793111243225,0.0245096867498766,7
0.0435310668068901,0.0279642249203516,0.00461442365157815,0.000230705196539649,0.00045612007134879,0.000995712213400586,0.0602517725838643,0.0319956039849473,0.0333225690491616,0.0575018038933671,0.00190334832108523,0.000785913708239471,2.11299814303011e-05,5.34822885782222e-08,2.09009713161224e-07,9.96109684104391e-07,0.003639362478391,0.00102744047288277,0.00111529580890553,0.00332051421475147,0.0322816894941069,0.0204353402967261,0.00301588271568146,6.01900539370745e-05,0.000201913279664899,0.000596689448495747,0.0333214275789909,0.0256971607152493,0.0241386524577285,0.049328943376653,0.00378878314794568,0.0015637820002334,4.23167971685742e-05,1.06159972880868e-07,4.11520235103481e-07,1.98146882922809e-06,0.00725109701703108,0.00204586031310413,0.00221975105990537,0.0066099177732145,0.0283385760331938,0.0188214321682774,0.00321579610579332,3.73787804546179e-05,0.000129070789660967,0.000349954100917332,0.027520662942621,0.0223594497778539,0.0182100032527445,0.0486040151546059,7
0.00259408579742848,0.00194058532664106,0.000493952913604967,0.000231669645342029,0.000516867899355286,0.000329488636853706,0.0797006541169258,0.0153213065145066,0.00281684221329631,0.00743158165809073,6.72510742879063e-06,3.7827494140905e-06,2.44293231750286e-07,5.3938534537568e-08,2.68428429634703e-07,1.08967630242921e-07,0.00637348788354294,0.000235191572728533,7.81938334180443e-06,5.35221858033523e-05,0.00195998311530391,0.00137072336879314,0.000288354045511134,7.17332865579217e-05,0.000263538632707906,0.000119123750414023,0.0533047955784403,0.0117893178674011,0.00207232789450864,0.00502418516890813,1.3420760559197e-05,7.5297062274462e-06,4.87060051906644e-07,1.07066305041119e-07,5.3172413366638e-07,2.15877912950324e-07,0.0126929952774317,0.000468742800358263,1.57147790473721e-05,0.00010847344670755,0.00257021499804047,0.00211223943255195,0.000173999709880553,3.48936465286159e-05,0.000148672934356125,7.41240595630416e-05,0.0585905225502561,0.00834169842476338,0.00322907327244621,0.00426924156065987,0
0.00238919576730727,9.80090082647149e-05,0.000645177992995044,0.000231409358548983,0.00055551044052466,8.27386274593877e-06,0.0267055571141761,0.0142160097905278,0.000165303158393735,0.0120966959414848,5.71572040201826e-06,9.65237368601889e-09,4.18337194873971e-07,5.38193531552816e-08,3.101151204095e-07,6.82347629252348e-11,0.000716767623660693,0.000202965503380967,2.67352577989706e-08,0.000146912491261877,0.000903351290857768,6.92993537903325e-05,0.000353493087694249,6.95965172111386e-05,0.00025778978053896,6.01207968812389e-06,0.0209628247763195,0.0118161340822065,0.000118559176597986,0.00925435689954311,1.13952879813479e-05,1.92092411876181e-08,8.22486520167109e-07,1.06824446808118e-07,6.16104304522932e-07,1.36347192595081e-10,0.00142612477881616,0.000404007776998651,5.39264985133199e-08,0.00029249931598792,0.000822615708423963,0.000108273902488749,0.000172806109925524,3.33418068399448e-05,0.00017178064391395,9.18318377224722e-06,0.0192488567585713,0.0108224398502044,0.000183323513137932,0.00739584601449399,0
0.0364901343062423,0.0415969265202259,0.00642803262464777,0.000436580877646532,0.000671814305495134,0.000900399643758802,0.043185816449383,0.0193421298056768,0.0422492490870014,0.0654497622631331,0.00133710785548348,0.00173695346095979,4.12338679438833e-05,1.91530906584383e-07,4.53602373531847e-07,8.09721862595359e-07,0.00186700553670719,0.000375712962529667,0.0017859245446537,0.00424171989577979,0.0245055474718556,0.0207078902221328,0.00242586280233538,0.000130897188948882,0.000360970372385217,0.000279716089663237,0.0321635534290937,0.0149273560964977,0.0169526155104144,0.0439148297166983,0.00266194860549397,0.00345849008969694,8.23317094163336e-05,3.81175140672841e-07,9.02479575402591e-07,1.61595761614022e-06,0.00372254665199561,0.000747951058014367,0.00356167330219085,0.00850323988919818,0.0223720171532468,0.0208149247167857,0.00263250987931696,0.000117363419350212,0.00025370151219377,0.000334026962965672,0.0246011987717427,0.0106828322780047,0.0161521145044341,0.0300009271183185,7
0.222486539348067,0.0438327083436787,0.0213373295898792,0.00664480907761894,0.00142019527924934,0.010867742608981,0.0621493585394149,0.0351993668756399,0.0889439764251078,0.127081061713361,0.0497324730837648,0.00193090878696223,0.000456453162710823,4.42440178084972e-05,2.02697406341357e-06,0.000118297413003826,0.00384782726198424,0.00124233500151104,0.00790123936417898,0.0161570872830647,0.170784717093059,0.0343543764212145,0.0173733327610535,0.00526960328526913,0.00091566039833542,0.00849025206094581,0.0521973067598408,0.0282198738771929,0.0670853172193941,0.106721246826583,0.0989840375176596,0.00384252124553692,0.000909399881657904,8.81753453393763e-05,4.02897922122073e-06,0.000235813538114173,0.00769106342123442,0.00247499795158503,0.0157720500862846,0.0322258890247546,0.177909227314379,0.04089344262047,0.0118895836504375,0.00372583168812112,0.000600050019182927,0.00537381187152203,0.0569319408432499,0.0292884992957716,0.0393045708626268,0.102071194097415,7
0.068245144077,0.0107135041193945,0.0101212643015764,0.00275601759283579,0.000467689665273483,0.00591942655181817,0.0738628431063433,0.0217971529728314,0.03349651610112,0.0311088341485074,0.00465682993552629,0.000112874783025571,0.000102790057362732,7.52279262817614e-06,2.19829496623915e-07,3.49764461015622e-05,0.00547945774779258,0.000475814184315992,0.00111099907072951,0.000972505150953181,0.0464222840730073,0.00707787484289996,0.00795198056359676,0.00204112766383565,0.000251603925280419,0.00451585191565277,0.0509924315836092,0.0170586379536447,0.0257872365189973,0.0212774918219981,0.00929094353628653,0.000227088849022346,0.000204715744972216,1.50807436295792e-05,4.36319711156029e-07,6.98396803638805e-05,0.0109076818295464,0.000948508870549295,0.0022274353705024,0.00193535847278288,0.06238856780835,0.0113811866791345,0.0119544819963746,0.00316637168441836,0.000172126586217004,0.00678874568450929,0.044137632482663,0.0174250610904644,0.0372415055398186,0.0283160177876616,7
0.00453473214632319,0.00048459355836071,0.00100754251233637,0.00038116166002048,0.000640261000966919,0.000419092475767365,0.0118033646077615,0.0182446070400089,0.0024337348522197,0.00585168298863426,2.06671301818991e-05,2.29720782847332e-07,1.00436008597874e-06,1.4499717536444e-07,4.1187317096218e-07,1.71376402149663e-07,0.000139625076308501,0.000334521888917999,5.93892852120613e-06,3.43475554052037e-05,0.00278441173734275,0.000340057547666906,0.000743887125857169,0.000209820389568346,0.000321683983003614,0.000298878824331322,0.00919744600331299,0.0147816155257043,0.00177491807302673,0.00439973173505144,4.11266711664833e-05,4.63401156951757e-07,2.01078124285239e-06,2.8955629717602e-07,8.09750988102714e-07,3.46157642674875e-07,0.000278244814243336,0.00066571489527991,1.18322931301036e-05,6.84179837126623e-05,0.00332009495377163,0.000536647392628463,0.000829946591370833,0.000226045859494139,0.000184154902142899,0.000464852030537655,0.00846472937928218,0.011603249653911,0.00268858323287086,0.00341001346385054,0
0.00746147110418628,0.00460004138327653,0.000532832948885068,0.000230570628976443,0.00077931207840135,0.000230751124374303,0.0176663514063443,0.0169264361247846,0.00167846104888042,0.0330886114297416,5.5805134818353e-05,2.12578415973649e-05,2.85266163888484e-07,5.34299345574325e-08,6.10370737148789e-07,5.34660904769986e-08,0.000308908477918115,0.00028778259635036,2.81533496444641e-06,0.00109920413249655,0.0031121451686535,0.000995405020761353,0.000283991404825055,6.65926966977976e-05,0.000475926583227498,6.4783154368081e-05,0.0107001462256581,0.0133763121583214,0.000406025849386877,0.0156415436077189,0.000111149693726865,4.23068600817621e-05,5.65391322208233e-07,1.0606375303696e-07,1.21464600614586e-06,1.06170868731854e-07,0.000619459641941391,0.000572832803037479,5.61782097231504e-06,0.00218848316285957,0.00291057474519206,0.00160390414082038,0.000162009696590566,4.41843718197153e-05,0.000224982768106848,3.69134239545433e-05,0.00922632770949456,0.0120011387614505,0.000489819265846523,0.0144725807118173,7
0.0466922315794817,0.0637865117328806,0.00879164096511063,0.000329347223993679,0.000516469805193077,0.00133831894728388,0.0314010900405221,0.0240706891045217,0.0738456493929578,0.112258842336666,0.00219098358592362,0.00408916025333548,7.76758407351905e-05,1.09011639071985e-07,2.68078826389246e-07,1.8000979003291e-06,0.000982879270084272,0.000581901505239761,0.00548027076907706,0.0126653099502297,0.0357628613225107,0.0448773322620652,0.00607265573995417,0.000134265422809737,0.000247680449367167,0.000772419636560135,0.0246616200308694,0.0194552805055601,0.0578212444289513,0.0898091536912162,0.00436003319533344,0.00813737674483248,0.000154572144351038,2.16936161247465e-07,5.31006584814937e-07,3.58217833169543e-06,0.00196391647238563,0.0011583147708599,0.010906006780285,0.025203045323247,0.0285294156753771,0.0377339864456152,0.00575977020395238,8.66403123535827e-05,0.000141745315848974,0.000915640769419243,0.0228777933930727,0.0153237621948815,0.0571399769441957,0.0627237368430777,7
0.0139074245592365,0.013203068631916,0.00335534471226301,0.000326751792807045,0.000779461699422491,0.000423469815297583,0.0646401345540235,0.0262287392984019,0.0165656340833646,0.0290871152049868,0.000194382908143988,0.000175195969740508,1.13128013953118e-05,1.07302982743451e-07,6.10540007352614e-07,1.8022109450004e-07,0.00419911821656894,0.000690760609112443,0.000275484117952667,0.000849507969142033,0.0100611248013265,0.00978309975315915,0.00233211327092898,0.000120652906008963,0.000462801743773364,0.000309959381781176,0.0426689814897158,0.0211466017002653,0.0130499690155834,0.019067548821217,0.000386764230352823,0.000348632977164877,2.25039259132497e-05,2.13533123836354e-07,1.21396114326727e-06,3.58636469747234e-07,0.00835624086657205,0.00137525304073609,0.000548519877765076,0.00169127561630669,0.00791283745918478,0.0111920124902713,0.0024258691579087,6.72712643664538e-05,0.000247602632572052,0.000473317940356657,0.0459614341359303,0.0207479818755272,0.0181130031462681,0.0160002201510761,7
0.00194321351777548,0.000772357046741241,0.000733215137158718,0.000327100419582317,0.000456984238683502,2.49107839981974e-05,0.0177767090011122,0.0241919773701972,0.00161120178966708,0.00419428730200585,3.79206685959898e-06,5.85102179832657e-07,5.39734096082355e-07,1.07512282887e-07,2.09874318053266e-07,6.22150401068841e-10,0.000317597530703175,0.000587681951557201,2.59418024663433e-06,1.76598968462287e-05,0.00136921189647813,0.000557217997969509,0.000454068760064964,0.000122531272840351,0.00020239436740363,1.78654095243135e-05,0.0138258149883444,0.019989188787124,0.0011659440643472,0.00316525464915074,7.54837570382991e-06,1.17870513133161e-06,1.07463966345709e-06,2.12856874506455e-07,4.16545420772399e-07,1.23954904521959e-09,0.000631985941327071,0.0011699809621346,5.17704333872041e-06,3.51469749100391e-05,0.00142107667488648,0.000859227777363422,0.000219425613769264,6.64105209647864e-05,0.000123204591960352,2.75520126866652e-05,0.0174921335973275,0.0155231653441808,0.00178586153136585,0.00219810640735544,0
0.00501103011071198,4.05051242772248e-05,0.00060049841515444,3.26046254000838e-05,0.000560859765479735,1.35836453873117e-06,0.0111363979566646,0.0191350628291746,0.000245429349062985,0.00902942801219003,2.51968895520309e-05,1.61986194543395e-09,3.62343983522727e-07,1.06360538133897e-09,3.16143790495838e-07,1.85432963773089e-12,0.000124208100983597,0.000366327354434505,6.0526793654989e-08,8.1470269603133e-05,0.00256903456409649,2.93785267779425e-05,0.000314589532258304,2.24864912699889e-05,0.000269597330394329,9.59224200237647e-07,0.0084985668043599,0.0151552390633378,8.82570511095729e-05,0.00594418771810131,5.01727566801713e-05,3.25238265778494e-09,7.20819318177661e-07,2.12128748119249e-09,6.28083446623336e-07,3.69008999706528e-12,0.000247587014806919,0.000730631760739889,1.20207001934314e-07,0.000162566379064698,0.0023408354283766,4.48732469475832e-05,0.000164646271849177,3.42975701704147e-05,0.000167127369505895,1.50149211131071e-06,0.00768168929126473,0.0111701370507234,7.66990340215824e-05,0.00365721905324293,7
0.0386589307682394,0.044729378125822,0.0104105068726271,0.000661245647944974,0.000580113550136377,0.00117407626270903,0.0378874587430331,0.0229183685117398,0.0498503839207304,0.0907807180898115,0.00150201496162019,0.00201055147894005,0.000108653583959431,4.39435359361977e-07,3.37737135324498e-07,1.38509000872816e-06,0.0014416587134994,0.000527748331375398,0.00249023193652731,0.0082810535402184,0.0285187467025112,0.0323568958825877,0.00661578292242158,0.000231609046631497,0.000274883165417081,0.000556300825057386,0.0312890322211729,0.0162447368700493,0.0338512047078388,0.0690851161146047,0.00298900528463382,0.00400118224239999,0.000216487496294415,8.74099098479836e-07,6.7043844967405e-07,2.75562967174907e-06,0.00286990177232987,0.00105036060796908,0.00496283563907518,0.0164807857624924,0.0213427318092555,0.024744740843721,0.00676372215043471,0.000150859323603462,0.000167372023569789,0.000450282514885121,0.0292337693577668,0.0141576405600109,0.0286565797926776,0.0400180253521919,7
0.042169076591658,0.0181633206655455,0.00397739155717919,0.000407369233943526,0.000535651584915265,0.000292765059693039,0.0899520108619833,0.0279720798229664,0.0294945843240533,0.0522362050633427,0.00178702108884404,0.000331013897368243,1.56586789841359e-05,1.66689965138539e-07,2.87962536180584e-07,8.5896276799395e-08,0.00809474459781531,0.00078242766454862,0.000865548136015206,0.00273953889666621,0.032454787581562,0.0139360356646781,0.00303072387176873,0.000165148387530027,0.000255165592056123,0.000157403749764478,0.0603751396904716,0.0220615901123523,0.019724230146406,0.040200240834445,0.00355631545665576,0.000659262080898819,3.13939926976391e-05,3.31435578841512e-07,5.73014213149121e-07,1.70936833649431e-07,0.0161455633502097,0.00156095143381347,0.00173113204670147,0.00545421152457392,0.0267217602940876,0.0163876175796601,0.00465840767152284,0.000109182845061724,0.000147168077211658,0.000198346636795488,0.069367325986621,0.0150854871286795,0.0164179777292125,0.0476187170880392,7
0.0049054159019501,0.00263293111691745,0.000799382118944003,0.000241165148220706,0.000556093440845694,8.08230655262827e-06,0.0794724109096609,0.0274030080096349,0.00561497327789069,0.00979689219143927,2.36978479924287e-05,6.90221638100118e-06,6.40455394651074e-07,5.83803698470851e-08,3.10792141808007e-07,6.38502527203236e-11,0.00630843612663723,0.000752421829660381,3.16353294960096e-05,9.64405609103272e-05,0.00372118930198435,0.00186458873609794,0.000530131654435423,9.94855876704788e-05,0.000268610569337635,5.77904577014202e-06,0.0551382191923577,0.0226881031767942,0.00411082246568716,0.00711346408760117,4.76285115090265e-05,1.37998186617659e-05,1.27488518610788e-06,1.15983906873978e-07,6.17306498940576e-07,1.2885427165791e-10,0.0125923945434561,0.00149956385871765,6.30039109798154e-05,0.000191923245280139,0.00338509872251444,0.00299353542032888,0.000272411197739419,7.6594389490608e-05,0.000163752915576523,8.95536913471685e-06,0.0693875396924938,0.0187250014384781,0.00649918372563211,0.00762026696869496,0
0.00242743537448611,0.000155597315258577,0.00052627205546342,0.000231352964097176,0.000604060600359797,4.14168765649057e-07,0.0208546078278742,0.0239878563437888,0.000390365831091808,0.00458782570808513,5.91945340078595e-06,2.4048856407173e-08,2.78341389128717e-07,5.37914610336781e-08,3.66664340973062e-07,1.68659468300283e-13,0.00043679744258154,0.000577213555958742,1.52440180764552e-07,2.11538755342718e-05,0.00174425179648758,0.000106778965697893,0.000254281654150772,6.97606934191169e-05,0.000299193708572994,2.99256603163593e-07,0.0166789749659927,0.0188233820832091,0.000263353673866996,0.00341720351435684,1.17817828147557e-05,4.81381549145041e-08,5.5371011913805e-07,1.06769648042018e-07,7.23073258591364e-07,3.39348766082503e-13,0.000869470866268274,0.00114969963419012,3.04054333123694e-07,4.20892318867577e-05,0.00135831649869765,0.000172285096528694,0.000153315194937733,3.65577609475162e-05,0.00016635269168339,4.59075470394911e-07,0.014803696637152,0.0132989662251338,0.000422382794562038,0.00313576301474003,0
0.0219343795987942,0.0425942424973479,0.00544595972632919,0.000231591554052686,0.00056280333876284,0.000843396211116951,0.044917890619895,0.0264522346385931,0.0376725712181711,0.0676647634624613,0.000482912885249107,0.00182338611183121,2.98074665585797e-05,5.39037368300744e-08,3.18318564926481e-07,7.14881666286261e-07,0.00202764851739502,0.00070123706744958,0.00142628946437613,0.0046015276055082,0.0145787406137742,0.0243309960821443,0.00285928177980268,7.0259491523039e-05,0.000281529601401775,0.000378601809182313,0.0343081646860362,0.0218732548387765,0.0210059768157621,0.0478079592125548,0.00096159811357796,0.00362852845850817,5.93169009692038e-05,1.06994828782541e-07,6.33474569886854e-07,1.42262432277005e-06,0.00403332702865465,0.00139739564721353,0.00283801810670565,0.00915431805104868,0.0119468332897553,0.0202945469214647,0.00323265538729657,3.45101251141815e-05,0.000157850058924009,0.000340332127635782,0.0273181812410263,0.0156488742841599,0.0205544551748246,0.0371840571961183,7
0.0683945874704688,0.0512966791067795,0.00550977133905613,0.000326907836504285,0.000462628570794135,0.000260810533346079,0.0491514109874308,0.0315201639242979,0.0351568638949348,0.081931058506839,0.0047012139027868,0.00264400611759281,3.05101090312853e-05,1.07405342771765e-07,2.15059515505262e-07,6.83507559822949e-08,0.00242712303178555,0.000998104252238455,0.0012419265188969,0.00674416401510459,0.0531015128183014,0.0398017338000409,0.00358853799193265,0.000121571966212436,0.000223889251670782,0.000130740461476464,0.0318674391456335,0.0255504481929343,0.0240627720345875,0.0635252950032424,0.00935551045697389,0.00526213363061491,6.07108554266544e-05,2.12631647904525e-07,4.26934720269462e-07,1.35783840040173e-07,0.00483075595783961,0.00198660020437534,0.0024717206014192,0.0134230875200489,0.0432934535373424,0.0459014243827926,0.00255061653938225,6.64887656121705e-05,0.00012528167835347,0.000149584650794339,0.0318153050271444,0.0181354591903943,0.0191348466709524,0.05998905603748,7
0.00728434229041552,0.00450823260630261,0.000729430481004971,0.000228296703371444,0.00046125276369622,1.18702539315766e-05,0.0590339669802641,0.0321831812565226,0.00516157004932752,0.0146606433017866,5.21352218501208e-05,1.98992804732723e-05,5.34648300166299e-07,5.23442514862441e-08,2.13820636640077e-07,1.41382573463277e-10,0.00349997824245744,0.00104096006455284,2.62245435520972e-05,0.000214194233018557,0.0048899028831438,0.0031876170500262,0.000446356197174298,4.9961091866389e-05,0.000199441640250986,8.52188506255419e-06,0.0406898954512559,0.0261158059881858,0.0037215422807268,0.0114932174120677,0.000104932867380261,4.01238856697834e-05,1.06372858666559e-06,1.03927001562443e-07,4.24406165240998e-07,2.81569956715209e-10,0.00696745376532941,0.00207150574677711,5.27350137413669e-05,0.000428015371274362,0.00644052312533199,0.00503482296227864,0.000270880690061262,3.55234991330114e-05,0.000130953520748597,1.31652151110044e-05,0.0437450981101872,0.0243959431030175,0.00589122517155619,0.0144892107382771,0
0.00195188801943702,0.00023383401146591,0.000462294661690714,0.000328881262823246,0.000676237864458467,6.54334274687218e-07,0.0214384063342325,0.0221522790261003,0.000291790807692018,0.00474896384251335,3.82249103421724e-06,5.30645622524943e-08,2.14780982527454e-07,1.08680384002835e-07,4.59533200213731e-07,4.30296126332376e-13,0.000461402793775807,0.000493026503420793,8.30990932163448e-08,2.26009340872379e-05,0.00136161248396369,0.000157673028243219,0.000210557304590423,0.000123163424341272,0.000364531042593592,4.61617036253415e-07,0.0174833050715563,0.0186125188128991,0.000206585443403785,0.00380505176546465,7.61202120496489e-06,1.07477182690326e-07,4.22910797613199e-07,2.15195927938796e-07,9.10771182551959e-07,8.56269603977276e-13,0.00091861056158247,0.000981226526250273,1.67825246508433e-07,4.50398780169945e-05,0.00089999189596059,0.000246582427015913,0.000130829503052885,7.43410199129009e-05,0.000198076082262841,7.23291299363546e-07,0.0107761569046207,0.0147824874571206,0.000323697494546408,0.00298955718425756,0
0.00816260351700305,0.0424360616962162,0.00642666672014216,0.001915321285742,0.00058228414681943,0.00179587793679693,0.0958571184261579,0.0300745047912976,0.0261679408244939,0.055374009727608,6.68641687212742e-05,0.00180954835643428,4.14821932741733e-05,3.6860864296187e-06,3.40688348114705e-07,3.23818017198618e-06,0.00920811759942978,0.000907908298700203,0.000688172739889164,0.00306660509305252,0.00477787555687291,0.0173990068801008,0.00240851637817981,0.000736910513274409,0.000303330911281069,0.000700154882656701,0.0529939092256515,0.0230203409911299,0.00990109615071282,0.0295660739113953,0.000133157688156629,0.00360115466843586,8.25763484175106e-05,7.33593975179607e-06,6.78015067336387e-07,6.44592617423183e-06,0.0183503649255215,0.00180767971462685,0.00136947994002159,0.00611685843799309,0.00395800777925342,0.0187820636748024,0.00282578055388359,0.000759221384078284,0.000191270453455549,0.00067525584362069,0.0598238095735811,0.0186026320063013,0.014346824652903,0.0262828941812959,7
0.0394711566092703,0.0860301513480115,0.00582137640540307,0.000489734432346963,0.000778021072604649,0.000490060749256248,0.0989644325051287,0.0376505164897874,0.0522108964938046,0.0657595896608561,0.00156580096241991,0.00743837764765152,3.4014611513842e-05,2.40483047968212e-07,6.08353356950022e-07,2.38199397425703e-07,0.00982818852655305,0.00142364206885292,0.00273895272905027,0.00433124484963524,0.0319186979025701,0.0674319471968285,0.00429757929092487,0.000367090833003821,0.000461024373206958,0.00035146769989404,0.0786956387925976,0.0295204697325182,0.0435869822961074,0.0461860952691121,0.00311589527426043,0.0148021496132112,6.77328278065272e-05,4.79106744272024e-07,1.21062799357576e-06,4.77164900104783e-07,0.0195728406362376,0.00283407869804222,0.00545120232725918,0.00863381591699502,0.0296203295586897,0.0668395259450554,0.00495714459220196,0.000487050470125711,0.000226580163982602,0.000531976335268872,0.111206887151163,0.0293387971784329,0.0356129330662105,0.0397734058295076,7
0.0226580779986221,0.00815997303867428,0.00583684193525563,3.81994254099503e-05,0.000461054010851467,0.000662791912194783,0.0821273861000255,0.0249754948666407,0.00848678908355095,0.0204414978003539,0.000515708538019433,6.66286596447143e-05,3.42335848474075e-05,1.44253603647765e-09,2.1363891862269e-07,4.41450130924857e-07,0.00676638242463782,0.00062581154578916,7.16451498241001e-05,0.000419945140627181,0.0128901678923449,0.0059765677969916,0.00304679057792112,2.63565662876021e-05,0.000206235141318324,0.000279555826887431,0.0573437867761423,0.0196921148581192,0.00678454071708624,0.0146827165857105,0.00102649862463658,0.000132876007980778,6.81252712475974e-05,2.89447631723177e-09,4.24029187019636e-07,8.78266808792276e-07,0.0134773800100871,0.00124638009022244,0.000143309751119909,0.000835636572565152,0.0101954428836577,0.00946545553746261,0.0025331091374028,4.23746479825727e-05,0.0001256908515308,0.000171604159565507,0.0429560878878548,0.0126777396935637,0.0105254027125177,0.0163542668434573,0
0.00233034792672147,0.000514315642427863,0.00126151351431964,0.000322878070719556,0.000515295806439072,4.03707490832324e-05,0.0266938482569957,0.0148423619836826,0.00087078478249872,0.0081142110075499,5.44348926961022e-06,2.62795947286076e-07,1.58718357773179e-06,1.04756651949766e-07,2.66841251917641e-07,1.59728491945614e-09,0.000714462410653522,0.000221355108422672,7.39586190288376e-07,6.61693627056332e-05,0.00180900301871089,0.000352935512073667,0.000902589600336054,9.32357262479016e-05,0.000232350011579307,2.91554934321823e-05,0.020535418521979,0.0124022065436152,0.000607275778570765,0.00653817124354711,1.08466925164067e-05,5.25991731004844e-07,3.16929267320377e-06,2.07414843688156e-07,5.30755677565556e-07,3.2190943804893e-09,0.0014231881409754,0.000440478124203268,1.4939185097351e-06,0.000131676390947856,0.00126006878999237,0.000569465182962552,0.001297507930366,6.84671726049596e-05,0.000154077243053266,4.58060795889124e-05,0.020551651753065,0.00983861985106007,0.00090565102603125,0.00509471967573067,0
0.0102470573894108,0.0365847139579787,0.0017873847914306,0.000235172781621656,0.000833819707986255,2.22982686369614e-06,0.0428924951586257,0.0170764421795827,0.0182872558032478,0.0340619718799466,0.000104989480070011,0.00133992559974306,3.19719696873805e-06,5.55839602615339e-08,6.98674142662017e-07,4.85419191356982e-12,0.00184751516167788,0.000292543810730013,0.00033553436587405,0.00116284015099704,0.00544437662544294,0.0127116159792013,0.000687601646340806,8.04529746812366e-05,0.000497720434610295,1.59143850627267e-06,0.0287147047663662,0.0135503346436442,0.0060213865312633,0.0167329934728062,0.000209465703650214,0.00267154563872179,6.37563288454659e-06,1.10323439171684e-07,1.38596693883257e-06,9.80203276508656e-12,0.00367774365094676,0.000582685560124638,0.000668245842750617,0.0023168677062381,0.00583204059435719,0.0188603805160485,0.000746092602188733,5.23106565053155e-05,0.00031566959732002,2.47377073584818e-06,0.0196237555523956,0.0114869292541843,0.00695247168780769,0.0120344093251973,7
0.0470633277777658,0.0514235975615129,0.0142056248930592,4.15495696913505e-05,0.000519355726129478,0.000858133963785282,0.0601168096814069,0.0265017786863901,0.0536643235181344,0.101933961475495,0.00222461274389791,0.00265613978485537,0.000202744103713978,1.7144180997173e-09,2.71083269486956e-07,7.40092532650276e-07,0.00363184370064943,0.000705873521274055,0.00289427831521729,0.0104372770548986,0.0350860077380687,0.0413849375366046,0.0111962717819347,2.9106025946327e-05,0.000271184861480706,0.00036490438895961,0.0491574257841586,0.0217027428186968,0.0426955143788197,0.0803038216741118,0.00442834664655132,0.00528650716032013,0.000403527960415873,3.43217746437829e-09,5.3918073896426e-07,1.47278596377982e-06,0.00722751182490871,0.00140468790502329,0.00575960941990187,0.0207754355324023,0.023972372092592,0.0399593683542603,0.0128641141634512,3.59273939804123e-05,0.00015804750117552,0.000286413805052289,0.0498452542129226,0.0175014950530085,0.0395293513924397,0.0658253182936168,7
0.0169989338930289,0.0211156137816534,0.00119430127595373,0.000391018018040867,0.00056483109455977,3.43188949977073e-05,0.0746196460017938,0.0319642611650437,0.0219706324493915,0.0228193389041408,0.000290307289642754,0.000446483808200173,1.41153275741028e-06,1.53656266765098e-07,3.20518741969782e-07,1.1800863153605e-09,0.00559539792221951,0.00102654097905557,0.000483175997232938,0.000522332599792999,0.0124294792146957,0.0142024026484089,0.000878259541738264,0.000141371034866054,0.000280847300655988,2.73383640818112e-05,0.0539445351591529,0.0257001845322416,0.0166541052960386,0.017237010480546,0.000577808333094706,0.000890120403158854,2.81696628807811e-06,3.03483989175949e-07,6.33373701213508e-07,2.35196679490088e-09,0.0111354747236827,0.00204303246739474,0.000963436922607595,0.00104044315876628,0.0138155974724566,0.0111068354957893,0.00109150462971839,0.000103109480305846,0.000159397460124574,3.52232120993577e-05,0.0445228418964941,0.0253333958612903,0.0124578229151288,0.0152714511772846,7
0.00231534431274572,0.0013210916613281,0.000756056401658129,9.19880404893984e-05,0.000404500830051674,2.90406930031798e-06,0.0278544447394543,0.0174838156417773,0.00256368158033403,0.00962906895511408,5.34803754228989e-06,1.70760614924356e-06,5.74263479320258e-07,8.49328491803383e-09,1.6442832730676e-07,8.22383263264913e-12,0.000778206641218397,0.000307133541935427,6.44910606024248e-06,9.31359745159094e-05,0.00167648310561505,0.000947164423874845,0.00045836627931095,4.92400647841117e-05,0.000175244998890019,2.06661723506221e-06,0.0209079101138857,0.0144128547092668,0.00185814124334057,0.00746630639026909,1.06820076876468e-05,3.44435005604267e-06,1.14274051110961e-06,1.69090071455971e-08,3.26985083446561e-07,1.66163296543785e-11,0.00155018167504811,0.000611278779325926,1.29891482436744e-05,0.000185366090549228,0.00143384741670792,0.00148738915479926,0.000284750405846119,5.31293021971963e-05,0.000103512974709908,3.22518683981467e-06,0.0135795625617805,0.0128273549905145,0.00292112324894474,0.00652262115247557,0
0.00600151135926194,7.06616859347671e-05,0.000550588296733569,2.58580227668714e-06,0.000822423398466629,1.48275852443205e-07,0.0248655850336666,0.0157479444488139,0.000273166721616965,0.0271057593639339,3.61224525140404e-05,4.86761955781253e-09,3.04575153667283e-07,6.56616232896389e-12,6.79767230505724e-07,2.14962723398961e-14,0.000620936518195214,0.000248010491058139,7.43429699916185e-08,0.00073620400246217,0.00372385997974366,5.02134288371428e-05,0.000263069394844317,1.81009002842227e-06,0.000481422593944572,1.06205413624653e-07,0.0199656128122666,0.0122728486899034,0.000148752691061722,0.0151722907237327,7.19513182508054e-05,9.83635463764048e-09,6.05073685362277e-07,1.32196114329587e-11,1.35130443384233e-06,4.33743780726815e-14,0.00123610319332101,0.000494766120988625,1.48303985848537e-07,0.00146722370758462,0.0028144910360243,7.84057682034686e-05,0.000161759776456659,2.87779006551944e-06,0.00024381690379136,1.64464764541748e-07,0.0114591911048325,0.0087730900393626,0.000151618605903028,0.0168538407786361,7
0.0614076981100185,0.0976499179593194,0.0141832584371498,0.00136521956706825,0.000538448993100126,0.000766690378037214,0.0347690058894361,0.0228499700190575,0.0597427178917714,0.13409631383122,0.00378891867263993,0.00957900665704288,0.00020204848285716,1.87304452337602e-06,2.91377221112794e-07,5.90754557093152e-07,0.00121404866501929,0.000523789350602605,0.00358647562026585,0.0180720333294468,0.0470955481730299,0.0735761370128071,0.0109068723848314,0.000620005265679909,0.00026329228499317,0.000345874404668354,0.0283184329143559,0.019102687588025,0.0427361429033362,0.100355105244613,0.00754079511658473,0.019066561826407,0.000402202477842964,3.72728109724544e-06,5.79702562424272e-07,1.17561464086786e-06,0.00241673786826844,0.001043280712449,0.0071377346654668,0.0359534381383914,0.0447595644379843,0.068026884916169,0.00928623347371628,0.000428932765254203,0.000168804090087973,0.000261324674275045,0.0300010027748788,0.0146982880590863,0.0311621776127971,0.0946228158181949,7
0.0132281001117377,0.0160058362115466,0.00318037710125583,0.000282735833298362,0.000563703737003677,6.74483062850047e-05,0.131785038067647,0.0211233020364345,0.0280737656760453,0.105873192787031,0.000174658551470261,0.00025311333960409,1.00584536548522e-05,8.01950238728787e-08,3.19182283139072e-07,4.55893650995584e-09,0.0174520595814751,0.000448239872770893,0.0007907234337262,0.0112525826709465,0.00864131655399452,0.008489639141165,0.00211073194186925,0.000122631279645176,0.000301367639658985,4.7880600352209e-05,0.103520928719206,0.0171534181748691,0.0220624670759571,0.0807270677005667,0.000348752321199422,0.000508026549611079,2.01223991437891e-05,1.59398866655376e-07,6.35347979497238e-07,9.08517041603797e-09,0.0347311717863735,0.000892154093357412,0.00157489474729629,0.0224054525831686,0.0109308934015717,0.0126037353271051,0.00222197722491473,0.000136008138211254,0.000169787359677885,7.44328596378309e-05,0.0801902873784453,0.016846681332805,0.0230489972917238,0.0973642297909115,7
0.00307062243668758,6.56920734401441e-05,0.000593069553991913,0.000324416077411243,0.000464370400317358,3.84874913699421e-06,0.0347117288431074,0.0149719034616955,0.00233196212014893,0.0113257453482487,9.47391109718039e-06,4.18655471776973e-09,3.53317009572126e-07,1.05745361517851e-07,2.16641717521698e-07,1.48869472257851e-11,0.00120963576431377,0.000224950559767329,5.34299197377017e-06,0.00012578970963321,0.0021757826963701,4.54834299552119e-05,0.000342213895295614,0.000106196541875521,0.000215210687660521,2.70548557376988e-06,0.0270417360068462,0.0121223952432797,0.00168662584098764,0.00849321985259783,1.88534654835266e-05,8.48105287248875e-09,7.02402799071347e-07,2.09365910126937e-07,4.26764577598556e-07,2.96244032916188e-11,0.0024083832638449,0.000447976616347692,1.07542372714456e-05,0.000253431981619797,0.00166979467175971,7.06393744360506e-05,0.000241660423879379,6.76302976046591e-05,0.000117455254376443,4.2560955539654e-06,0.0356050757419565,0.00800819807229827,0.00259020339485847,0.0114603722562299,0
0.00133039459403933,3.02434371281982e-06,0.000565594292988076,4.51517829837944e-05,0.000601498443724079,2.09952658811192e-07,0.0193491406872539,0.015275758226454,0.000122554698755821,0.00466061563925031,1.77337506594242e-06,8.96858742299156e-12,3.21497930703651e-07,2.01663692531332e-09,3.63599684018065e-07,4.42180147754976e-14,0.000376165343398562,0.000234029315341083,1.48732857640924e-08,2.18259380341627e-05,0.000839593705461379,2.1771915201277e-06,0.00029557941855458,3.02294784648295e-05,0.000320026768685772,1.45516840744777e-07,0.0158185149353401,0.0120279866164523,8.8980471456784e-05,0.00368001315766168,3.53408493255173e-06,1.80702848543227e-11,6.38531987675758e-07,4.0452287049292e-09,7.21072411707645e-07,8.80743025601703e-14,0.000748596300916693,0.000466206744939843,2.98180641083146e-08,4.33898401901073e-05,0.000577058030202411,3.35365669471473e-06,0.000175188831221065,3.99940742683105e-05,0.000163431436333363,2.32129185763152e-07,0.0103941681888549,0.0119003717029097,0.000135720364706831,0.00288063961386555,8
0.0164751720485232,0.111078579889447,0.100607539336604,0.0256239277839451,0.00633349741140252,0.0110344751178649,0.185154715300932,0.0420954946016156,0.0414273945845152,0.0419200934589057,0.000272657407492122,0.0124004507222525,0.0101666295689616,0.000659104521968906,4.02481173252519e-05,0.000121983740082642,0.0343824363968838,0.00178082615671302,0.00172413261096315,0.00176608005932029,0.0108495460795072,0.0617328488336178,0.0597403103757072,0.0153533743877459,0.00359949710966694,0.00609461266237626,0.123613419516068,0.0310196127644693,0.0242035668200561,0.0270823145554304,0.000542722505321677,0.0246764863845681,0.0202366837885117,0.00131236968167814,8.01558832105363e-05,0.000243133072590998,0.0684927286445883,0.00354388688314731,0.00343153940287805,0.00351424104159011,0.00881062119704807,0.0510022981221287,0.0505021276717021,0.0165463872128906,0.00358334261179576,0.0054771028075137,0.0796798856663584,0.0225394176887754,0.0197419330229296,0.0192257634753962,8
0.0342190797157644,0.0976294627834285,0.102664642177922,0.0261535325475901,0.00771708027822931,0.0166146481946388,0.294856035505912,0.070642053913699,0.133826208714507,0.0640151993796477,0.00117211199850272,0.00957377132994275,0.0105902473762008,0.000686847908422909,5.98211372702954e-05,0.000277000273878602,0.0872115051254167,0.00500543834809674,0.0179887617717807,0.00411807998059579,0.0254102332293355,0.0733940816216439,0.076812774775914,0.0195957327611773,0.00540422336248435,0.0121348695069729,0.238972451117535,0.0577991000885858,0.098706257137285,0.0490021487651757,0.00233702878963828,0.0190569896486958,0.0210724002508278,0.00136740620704349,0.000119067746618553,0.000551625136336043,0.173709517972125,0.0099707108871965,0.0358077453064111,0.00819542919880552,0.0199062869072931,0.0758371248253409,0.0512014546324429,0.0196911850265299,0.00360776906194744,0.00874319931052276,0.195870151099275,0.0585248917648863,0.092359912539301,0.0402641913617965,8
0.0450684487081525,0.021006538861477,0.0216803231587892,0.00385848974428698,0.0014811763840058,0.000660318154511409,0.0687282253080285,0.0271317381456145,0.0378506147247288,0.00910759742055142,0.00203353323656618,0.000438182332602687,0.000471852673629332,1.49525269166419e-05,2.19854286753291e-06,4.37154973444958e-07,0.00473725819390654,0.000736112101794291,0.00143306949615055,8.31308180950527e-05,0.0287413816926372,0.0121702590609349,0.0153269234288821,0.0028440821990328,0.0010445510690732,0.000470263185845944,0.0513496945127419,0.0212044605548343,0.0223163471753459,0.00609860376631597,0.00405434689705173,0.000877265772749181,0.000939504051018782,2.9763839276034e-05,4.37547259783149e-06,8.70506385573996e-07,0.00943678003188499,0.0014685614446754,0.00285856315183862,0.00016566209732825,0.0340233624993037,0.0189488500293336,0.0240989023676979,0.00444534206295688,0.00108806601551375,0.000452621313496962,0.0744420138369896,0.0265301556284777,0.024049620284535,0.00830486441514583,0
0.00425855659686815,0.000724482401481433,0.00135148412266394,0.000217433254764834,0.000495873499828936,0.000235189765898097,0.0201349326700388,0.0166453297742798,0.00206956875913624,0.0037498842737214,1.81420573141405e-05,5.14727164662369e-07,1.83170829832811e-06,4.74396774411195e-08,2.47065644048267e-07,5.55905421462726e-08,0.000401131112494609,0.000278045101516618,4.27505645604475e-06,1.40820926907954e-05,0.00312079131241245,0.000504680512608852,0.000945250886140943,0.00015645366884809,0.000180234358014428,8.91672216356777e-05,0.0131472167884612,0.0128192542440421,0.00144408858976045,0.00284779384956153,3.61836933214209e-05,1.03702091008706e-06,3.64902884249036e-06,9.44768843034497e-08,4.91536221296e-07,1.10341877972519e-07,0.000804513855066864,0.000553714473636071,8.53660700453785e-06,2.80677350732762e-05,0.00273117735690671,0.000801320222182543,0.00131494919978472,0.00025049403475387,0.000142791714143576,6.12883678727759e-05,0.00905570990189313,0.0102465502555579,0.00232488137372529,0.00177652852841095,0
0.0135660210351191,0.141339083732915,0.0492116100150112,0.0211907734154021,0.000567508891520558,0.00477852217025769,0.159530322879572,0.0371362529874309,0.0638078897842178,0.033557191744878,0.000183986680197212,0.020060139980419,0.00243393606505398,0.00044974182333736,3.23621495803467e-07,2.29420834309085e-05,0.0255737982255949,0.0013820473987657,0.00407606492682328,0.00113169767088695,0.0100959451075077,0.106343254365377,0.0366200072754611,0.016458316977552,0.000290172490175643,0.00287202995232187,0.119814455906233,0.0305593065184012,0.0459350109414328,0.0254659782294272,0.000367102840281863,0.0399360903383743,0.00484350929147746,0.000896518884466447,6.43144159266382e-07,4.56598201782707e-05,0.0508948507163915,0.00275412692233676,0.00812685822965928,0.00225211311983449,0.00736217956078622,0.109262945848306,0.0241968153928699,0.010120763099397,0.0001860042302294,0.00233902760188818,0.0763510134106916,0.0275771622473727,0.0362008957614125,0.0208133762788124,8
0.0176293263558589,0.0762615113506031,0.0342068391860451,0.0116653321673817,0.000598669504390616,0.000998368592160071,0.0593177791237416,0.0237072930397721,0.0424169742527059,0.0307588680394174,0.0003121102129802,0.00583799349737172,0.00117588030188068,0.000135530772648081,3.60203286322364e-07,9.95988703015486e-07,0.003535792419602,0.000563564943383747,0.00179879277531719,0.00095085768860075,0.0131541852049405,0.0575793694206605,0.0214427363841242,0.00868892376063887,0.00030506436439964,0.00075587023672818,0.0448275852121278,0.018991042418407,0.0319239135022403,0.0233475852345814,0.000621331425798716,0.0116246216398526,0.002340108500171,0.000270925030833559,7.10171733463411e-07,1.98729768606854e-06,0.00703669140796464,0.00112277981772591,0.00358899799278782,0.00189221083831499,0.0116597101999495,0.0546345416148067,0.024002274416642,0.0131844667341251,0.000156472574219605,0.00115496655489327,0.0323200873855016,0.0168949732352389,0.0443718010315941,0.0295113178111841,8
0.009285705141105,0.00880602510494941,0.00110345345975662,0.000830677007105959,0.000567608891708351,7.10851624957803e-05,0.0114051450595148,0.0175168190070084,0.00560803167776392,0.00166338112226442,8.63149104167404e-05,7.60665881657508e-05,1.19047036029608e-06,6.76212928452342e-07,3.23763240263384e-07,5.05244305616661e-09,0.000130632004738896,0.00030591369305212,3.08491220077926e-05,2.77986207026119e-06,0.00732247975667414,0.00631830885478728,0.000751521409186771,0.000597490340793063,0.000295566365656929,4.89311355212374e-05,0.00851881609005469,0.0137016568100848,0.00401277054086895,0.00114591133553751,0.000172106221449704,0.000153232326983429,2.40186829973662e-06,1.36252297340466e-06,6.44323506695854e-07,1.00800044557294e-08,0.000260048890915532,0.000611186102159518,6.21426280486645e-05,5.53242544457885e-06,0.00768557733707702,0.00999433964755633,0.00113786588270989,0.000904053638920037,0.000185967008435053,7.86700181514053e-05,0.00662868000193597,0.00880357694625928,0.00630641933127735,0.000721672562933756,0
0.00160999325894906,0.000513021818516275,0.000765552583435395,0.000331427345290844,0.000324981198007298,0.00032264180299956,0.00898332406659202,0.0134605575447766,0.000429641006328274,0.00200129246959707,2.59398719937422e-06,2.56819189348908e-07,5.88996119272866e-07,1.10330665438141e-07,1.06090587910898e-07,1.04618264923911e-07,8.10036112641169e-05,0.00018133713702888,1.83071375954603e-07,4.02367506213398e-06,0.00111987272193097,0.00035345867393015,0.000420179480500643,0.000138273181261559,0.000121072000492913,0.000101108771990938,0.00703118206897354,0.0107586035390774,0.000260454542918595,0.00147796284831712,5.16749227017253e-06,5.18726423117e-07,1.16166069489619e-06,2.1962304275196e-07,2.1003129540539e-07,2.07099505046536e-07,0.000161296890006208,0.000361605712236156,3.65667710067309e-07,8.00622575935758e-06,0.000882210839495093,0.000558969560705899,0.000215024467289743,6.71864922276407e-05,6.73319069006782e-05,6.72438893014849e-05,0.00506332324704822,0.00782943675731962,0.000317572282649139,0.00113528167199257,0
0.0160998658033387,0.130229082523532,0.0711319148801832,0.0196687681621177,0.00204098283534956,0.00929886989305751,0.174979073597723,0.0371287328959366,0.0547106738060514,0.0415718417345401,0.000260269319512512,0.017044803393453,0.00508517430898282,0.000388180030217993,4.18541012905538e-06,8.68674963092509e-05,0.0306893018408036,0.00138387613789089,0.00299760933464578,0.00173517825503834,0.0110402522794017,0.0812111513694998,0.0457205532727385,0.0124536837478246,0.00119668956084276,0.00562500082097402,0.122558773812543,0.0271935334330198,0.0330249863019955,0.0273241426844983,0.000518170427860218,0.033918890184764,0.010119434329856,0.000773082145633298,8.33008757750172e-06,0.000172901737107969,0.0611530693281815,0.00275546242770913,0.0059758416553575,0.00345440168679341,0.00856639475196342,0.0711757248931648,0.0371269608483915,0.0109408285738041,0.000894343414954014,0.005112274404526,0.102582313374344,0.0282060533995016,0.0293734127867066,0.0229267542243564,8
0.01549481361111,0.105462849555368,0.0449289084752684,0.012281117113631,0.000660565136588754,0.00170718303399712,0.134171598314464,0.0307104421369733,0.046926483999882,0.0335432763942097,0.000241195961479451,0.0111769788422665,0.00202867875561021,0.000151067781316882,4.37329863293559e-07,2.89796476495783e-06,0.0179809331774632,0.00094778051551714,0.00220017432419486,0.00112900482845394,0.0113970059008846,0.0666619503990217,0.0330871577799762,0.00873633555815029,0.000398790833268937,0.00115818679985056,0.101725454634391,0.0250713513192317,0.0354478918702948,0.0217032055643857,0.000480060652317984,0.0222433473445118,0.00403709241180501,0.000301138275411414,8.71218522120109e-07,5.79791475919477e-06,0.0358925122292864,0.00188617193691791,0.00439124608154021,0.00224837030240316,0.00916055261830857,0.0590674432802492,0.0429324995549329,0.0112176868262575,0.000300723602304965,0.0016237507850575,0.0852610227401567,0.0166398253350348,0.0322830405379021,0.022459112085975,8
0.00578933396553856,0.00711970550247642,0.00252763039208974,0.000493873718927685,0.000519062123653307,0.000261148632320761,0.0163262148508919,0.0162311293071991,0.00441113868762746,0.00585007336014022,3.29553154616557e-05,5.01515356965846e-05,6.36818594187984e-06,2.40124222642641e-07,2.70773469995326e-07,6.83080659062467e-08,0.00026690267758258,0.000262388819218182,1.94593734367937e-05,3.43301662693695e-05,0.00388490494914268,0.00539991737028067,0.00189483284564286,0.000336015273721997,0.000263677998396121,0.000140478108335789,0.0114808183496518,0.0127964500477945,0.00328019234678539,0.00461536854408291,6.63060959126775e-05,0.000100590933507451,1.27184338450325e-05,4.82608552734587e-07,5.36181780244809e-07,1.35880106087395e-07,0.000532113421882207,0.000524522660541344,3.88193622769984e-05,6.83806022958935e-05,0.00464705764517528,0.00845204358148272,0.0027496191983491,0.000480568483584585,0.00016452231152162,0.000153174871108225,0.00933277754219202,0.0116063480720125,0.00499571308957793,0.00394869870759424,0
0.000928052897407686,0.000517083726523637,0.00077131176498252,0.000322078063853899,0.000677186418986909,0.00032586784678657,0.00660633343736204,0.018038082850248,0.000260010312254766,0.00457952598817377,8.61811104707506e-07,2.62952678093685e-07,5.9787070906628e-07,1.04236051546727e-07,4.60860795399895e-07,1.06719187016648e-07,4.3533871981416e-05,0.000327006822547531,6.74265691544448e-08,2.09330959067746e-05,0.000374171204306047,0.000338758751824384,0.000480335523615563,0.000124290875317792,0.000367032447339229,0.000114188633648516,0.00486757625607946,0.0133999664211801,0.000188341927510642,0.00340386511237886,1.71853114286031e-06,5.28781762301447e-07,1.18271911861393e-06,2.06335476096139e-07,9.14624703005746e-07,2.11292425382054e-07,8.69544140138409e-05,0.000650659833404895,1.34691455025988e-07,4.17751266053275e-05,0.000277812010417182,0.000500619582256218,0.000274208105024589,6.76787734851502e-05,0.000194921886470773,7.02581961812514e-05,0.00466998128137462,0.00962192007106083,0.0002877158321086,0.00259155954700728,0
0.00834154959150905,0.145738502471734,0.0245408563249485,0.00591906627486018,0.000636739021350569,0.00130277783728485,0.0700757789790841,0.0358021624933049,0.0805263538556351,0.0125125655550893,6.94531920206738e-05,0.0211570137515706,0.000603368935361297,3.52113927406273e-05,4.0747101695945e-07,1.70219057388978e-06,0.00493527639561386,0.00128307582283121,0.00643902994974984,0.000156229418727483,0.00330320356816595,0.0612548834330417,0.0105614174945255,0.0023350675624018,0.00030059729588986,0.000419467970857632,0.0392671610670775,0.0186693571665923,0.0301559897278593,0.00865010061718781,0.000138675185284389,0.0422909397851648,0.0012026052055779,7.00687040107814e-05,8.09766070464829e-07,3.38948270689195e-06,0.00982121162500123,0.00255844595047348,0.0128913197021586,0.000312009549562999,0.00347268453811086,0.0776977908962047,0.0107356224047857,0.00268826230615598,0.000227536535922124,0.000457047999360295,0.0363129700248028,0.0188050095810913,0.0388011626924539,0.0083623276369539,8
0.0293401116108839,0.214461233623058,0.0839693026869597,0.0212501966165792,0.00447659292346275,0.0143096559494293,0.251668012837131,0.0667168236575186,0.11778096369152,0.0557751228116192,0.000865044657771879,0.0461288832976483,0.00708536803426431,0.000453633834126506,2.01400339279976e-05,0.000205795066610174,0.063649604239626,0.00446691555935541,0.0138893615839353,0.00311852563099369,0.0224281655327956,0.168532083274511,0.0675495215317472,0.0173505675954103,0.00341472028843851,0.00973330833122084,0.169380098905251,0.0511242027486659,0.0772215756793731,0.0429889074496234,0.00172154198592578,0.0918912601079365,0.0141006119722877,0.000902936504787388,4.00790541820302e-05,0.000409524305748059,0.126664550313487,0.00889466090385293,0.0276922174217215,0.00621348938569268,0.019068688772372,0.177787439902352,0.0817279958489165,0.0184227490231507,0.00333286870149986,0.0108375351286865,0.171795437663633,0.0413572655739468,0.0864055652312272,0.0371049428754537,8
0.00567375716504583,0.0470139978994982,0.00184330170904845,0.00271816992027952,0.000646379671887513,0.000530202188314819,0.0614200612437916,0.0169917194390355,0.0152210959848132,0.0126065685094154,3.22498603505555e-05,0.00220643741420536,3.21403370711733e-06,7.23969918429466e-06,4.19053877726257e-07,2.77795428350159e-07,0.00378470258822455,0.000290153363661883,0.000230545298180626,0.000156623133153703,0.0040649603459118,0.0349225668689869,0.001505515794462,0.00195025467182027,0.00041502762130154,0.000383146933875042,0.045053806134798,0.0123781421863417,0.011006185924952,0.00874548900117528,6.42796648857646e-05,0.00440566147636118,6.59530063503001e-06,1.4590349564087e-05,8.3474829756057e-07,5.57511869255021e-07,0.00753807744443937,0.000577316500811076,0.000461071191392256,0.000314765525973382,0.00627301511601305,0.0541093760308414,0.00130895370930092,0.00301453088629387,0.000493815010278345,0.000584310194371119,0.0599673755177884,0.0133553678202244,0.017253805845036,0.010636922202783,8
0.00293612649965787,0.00322252928616298,0.000686622281775771,0.000429054637122069,0.000564099490650823,2.76949859935596e-05,0.00535104477112266,0.0131837518515161,0.000985649541856751,0.00462700233130086,8.65932334034803e-06,1.04284968838377e-05,4.7320023496538e-07,1.84612646551946e-07,3.19775735054755e-07,7.65002623215902e-10,2.86954990268919e-05,0.000174683663198052,9.73514607741632e-07,2.15116350827788e-05,0.00169394851525015,0.00224627570702066,0.000430812386357395,0.000213927621990918,0.000285120810630575,2.00590556983474e-05,0.00419135320415982,0.010743189608116,0.000682701916846394,0.00338936802623908,1.72357341842519e-05,2.07603817956834e-05,9.41098556717629e-07,3.67524922999845e-07,6.35216655591184e-07,1.5281518428719e-09,5.7182779670763e-05,0.000347617979706366,1.94009507329259e-06,4.28107163662641e-05,0.00138393835254774,0.00356471086387508,0.000269377567118382,0.000207819872043599,0.000173403565181884,3.06423834288282e-05,0.00331583719492921,0.0109452656581086,0.0010927550277888,0.00237582165024167,0
0.00816824328512985,0.0294569875657579,0.00542324302894479,0.00179131407168134,0.000384321956268652,0.00188911901575511,0.0944504980362278,0.0162875024602671,0.0157409571753187,0.00879415996218411,6.69290253576856e-05,0.000863485452147248,2.88961102374585e-05,3.19206403268335e-06,1.48443213178506e-07,3.58636462272784e-06,0.00896299985906868,0.000266217928261611,0.000248693231805884,7.74989017516717e-05,0.0054845952484874,0.0106407354978812,0.0010690809324572,0.000259630662857377,0.000158770042716149,0.000621776512858866,0.0473413823474107,0.0127281567704544,0.00579792515722009,0.00517835930000551,0.000133309912607233,0.00172686815606572,5.81628755933834e-05,6.38419168678575e-06,2.92547428761889e-07,7.13717396009651e-06,0.0178369633616304,0.000530169508172821,0.000495210526614753,0.000154448490923835,0.00371014304461347,0.00948693025194412,0.00173228357128461,0.000386970647490548,0.000104593578128015,0.000702383405366906,0.05547137854245,0.0101435820255644,0.00685700952596161,0.00421955942180706,8
0.0223685945070645,0.20993604532075,0.0527275698955327,0.0149434670273822,0.00121106678295934,0.0126512344841093,0.261536625896064,0.0371424142452921,0.0643673437014789,0.0395259342075597,0.000502831870432002,0.044257263565386,0.00279416514314173,0.00022437459555122,1.47405172720172e-06,0.000160799987307356,0.0687442781602337,0.00138582570971889,0.00416302843382758,0.00157002239838581,0.0185262239082953,0.159155998007254,0.0406660663301473,0.0115497042951074,0.000659152589276331,0.00946367111060703,0.206392158141343,0.0297404074174742,0.0471792297763429,0.0304411543904748,0.00100063852679978,0.0881091174346618,0.00556038697442023,0.000446558323197452,2.93335924949436e-06,0.000320049147100277,0.136801765775661,0.00275840864960635,0.00828527550094028,0.00312442387290021,0.0133016622626472,0.188487230561954,0.0386295889560562,0.00711327009929078,0.000525697661817142,0.00970152743432656,0.244888835047991,0.0250022560906713,0.0476650612978245,0.0198434214173673,8
0.0146897368624513,0.0380689948452137,0.00782021846786035,0.00204103474000619,0.000670261100178803,0.00167917781463069,0.0815485501388442,0.0193889744493339,0.0073713035811862,0.00800013231012331,0.000216872726877996,0.00144441181458733,6.07456951427167e-05,4.18476518875271e-06,4.51311384208188e-07,2.77611441505559e-06,0.00667291510759692,0.000377292878748806,5.4367503147062e-05,6.36427846142088e-05,0.0105410704458532,0.0293441541435848,0.00565930116530573,0.00144228882258355,0.000374180895209699,0.00113225988855096,0.0613088311765879,0.0154477827376502,0.00591839682289831,0.00607375380033826,0.000431571776189822,0.00288642537027059,0.000121597782769012,8.3286625671769e-06,8.98061991231259e-07,5.58060491672854e-06,0.0132896831311539,0.000751338708262883,0.000108431202746534,0.000127324096766167,0.00811799839293766,0.040160639332099,0.00652534945510453,0.00227419684524412,0.000185222175647891,0.00178855689129732,0.0730624302607895,0.0151294319675509,0.00790829137664254,0.00522153332777279,8
0.00205863585129399,0.00280461461519008,0.000780725966125514,0.00025577341739145,0.000648021903974058,0.000105395657900936,0.0058488581211701,0.010594853597419,0.000633966573363731,0.00403199322084238,4.24654327984499e-06,7.81519131672012e-06,6.07201928960563e-07,6.57425270942187e-08,4.21970646326936e-07,1.08363708962479e-08,3.37763642726987e-05,0.000112812618380333,3.95121883335317e-07,1.63386614560755e-05,0.00151542549115559,0.00204428279903898,0.000538755573768767,0.000124735629295422,0.000367902939156379,7.46957096932866e-05,0.00440167971992469,0.00833938896858907,0.000458322300736729,0.00321217844849097,8.46328907098867e-06,1.56419771321275e-05,1.21136969825619e-06,1.30582572117156e-07,8.38598168586843e-07,2.18904097433621e-08,6.78165841588075e-05,0.000224472757189024,7.9505269629945e-07,3.25139241027245e-05,0.00228608317592349,0.00311272033577795,0.000585968417961866,0.000117915825248095,0.000186163831647003,0.000116793091822769,0.00491195127337308,0.00766242790807415,0.000703211055390204,0.00224284441318641,0
0.00233887693580174,0.0315023604609404,0.0107119815607954,0.00430757241385005,0.000564529667968296,0.000727677300182113,0.060831116896423,0.0136404403834019,0.00818150777579947,0.00780933767324765,5.47210023420079e-06,0.000996856033230894,0.000114799500610264,1.86159326773365e-05,3.20295123648015e-07,5.27182723292823e-07,0.00369393372757313,0.000186966872700588,6.71437395815725e-05,6.129178905878e-05,0.000997461264610014,0.0105441471024388,0.00364643010640434,0.00127118451259369,0.000273469346469074,7.33372925642795e-05,0.038264509499492,0.0108637455078209,0.00274811016889845,0.00571320514602355,1.09009330291807e-05,0.00198421796911711,0.000228970838136183,3.70632194362068e-05,6.37386644100475e-07,1.05360396949002e-06,0.00737588421401238,0.000372076437079008,0.000133741973351238,0.0001219681749202,0.000792674312365827,0.012648976021632,0.00473824926420194,0.00158915908918748,0.000169625724307185,0.00014185101511815,0.0288179689030235,0.0080344149703559,0.00297772995793612,0.0044926364897711,8
0.0219207970926202,0.178540838542557,0.0878927336965445,0.0239326036760378,0.00634729793632559,0.0156903123361043,0.309084150187091,0.0846817695387665,0.137216786184411,0.0727852013436884,0.000482882702965207,0.0319716889303562,0.00774396784882431,0.000575368866971192,4.0486155191486e-05,0.000247179670211445,0.0960117527020745,0.00720591057784001,0.0189097325720361,0.00532136338597108,0.0175796776958984,0.142557606430997,0.0666685509643566,0.018947195703777,0.00423645936201248,0.0127224994540136,0.245295536389494,0.0630163699816054,0.105447329212074,0.0555171949267558,0.000960955555014169,0.0636867468802543,0.0154302354335372,0.00114525898209853,8.0568654833308e-05,0.000492123979186576,0.191055527128422,0.01434081233399,0.0376427217465869,0.0105923792172144,0.0112209989840305,0.124227910220073,0.0470107234734322,0.0131985566666599,0.00376193784320909,0.0115233369020016,0.246704156250676,0.0727394895569358,0.0959629059885196,0.0361033925823012,8
0.00788158176490835,0.0593233142719537,0.0431791003239798,0.0107238501210684,0.00138554488072905,0.00307748814378194,0.150812653254001,0.043787722953411,0.102318019662142,0.0219231553676225,6.22560365305157e-05,0.00348109000009976,0.00186214898996965,0.0001152240722947,1.9257347770737e-06,9.22549241909336e-06,0.0228355672317847,0.00192100367173704,0.0105098339264839,0.000478870508076404,0.0060401943921606,0.026906185480711,0.0263268751579621,0.00819918019064686,0.00106500518781125,0.00228668071689217,0.112372590143799,0.031845329741819,0.0601055604494985,0.0148206557590533,0.00012406395335251,0.00698205999980944,0.0037172682285764,0.000229648908197313,3.83529027045301e-06,1.86501825290149e-05,0.0454634475032995,0.00382875342879738,0.0209255768253688,0.000957088689730922,0.00638339391850296,0.033679340041779,0.0253769949885513,0.011853234554759,0.00156021934252519,0.00312880782848911,0.101678632089554,0.0331170923723164,0.0598227164530603,0.0164406526311289,8
0.000815821297171252,0.000909012521747053,0.0020806737234563,0.000884322904102124,0.000871817024981134,0.000324206344340536,0.0247269337315237,0.0139652363433643,0.00334502371273912,0.0061412726941892,6.68899747117448e-07,8.19732147680275e-07,4.2560421245168e-06,7.74142870040731e-07,7.63759044219152e-07,1.05119696724015e-07,0.000614450589025417,0.000195735103983508,1.09370919736716e-05,3.78909641152198e-05,0.000482171048892467,0.000665052771543215,0.00146089801445432,0.000609918416903202,0.00056627335674519,0.000197932007459089,0.0196812530069243,0.0111933249644065,0.0023833904464356,0.00484321946235183,1.33111937602315e-06,1.64190875397784e-06,8.55838504276675e-06,1.55226809905856e-06,1.51971648084526e-06,2.09370986701298e-07,0.00122265398495824,0.000389771382335822,2.20715655762437e-05,7.54119905003111e-05,0.000416816286758679,0.00101457720901922,0.00223568193972684,0.000981036092909442,0.000278310621739254,0.000241371412110681,0.0120396433668878,0.00837749067074612,0.00373862037015852,0.00331447907061624,0
0.00120265320708317,0.0330293740897462,0.00650607014501676,0.000688952301046139,0.00046773418957425,0.000322051628545725,0.0300539877546355,0.0135249392748984,0.00857395329784426,0.00882934844645172,1.45362150540729e-06,0.00108694245844954,4.21630167839269e-05,4.76873315892783e-07,2.1978396198721e-07,1.04235220556688e-07,0.000907158447383937,0.000183834980485688,7.3833701801058e-05,7.82991610539766e-05,0.000699766807503527,0.00746019958343269,0.00172214438191824,0.00022419761458182,0.000231516566712057,0.000123697270925602,0.0220139157955664,0.0110313356960835,0.00178066581051549,0.00670472781753557,2.89257299247926e-06,0.00217239980232295,8.42694101619576e-05,9.46407502958072e-07,4.36308465625686e-07,2.07431284635152e-07,0.0018058196731783,0.000365839675664266,0.000146963926917716,0.000155847306083202,0.000515755061734662,0.0108063762509899,0.00215051621291956,0.000201814467372436,0.000137017172908934,6.87327784934418e-05,0.0172663233977293,0.00727308169823222,0.00273257915566672,0.00504107601808008,0
0.0217652898770024,0.167966273036474,0.0400534126609287,0.0160300784419088,0.000676933103067254,0.00981481737882109,0.206706195867796,0.0350935783318455,0.0654471926177361,0.0466496103425647,0.000476043839212992,0.0283530226515426,0.0016116475318107,0.000258056636060899,4.60528930937386e-07,9.66548647070281e-05,0.0428676809365354,0.00123481402789209,0.00429488184412802,0.00218703822725434,0.014976226498878,0.134389781792147,0.0311819099781266,0.0120492890938815,0.000344015809736725,0.00691478210731448,0.162664300172166,0.0286722280285189,0.0543969612571707,0.0355244832899302,0.000947366831725055,0.0564232626765806,0.00320780898258327,0.000513726964378476,9.16210042976286e-07,0.000192500963043984,0.085380542820873,0.0024601682415989,0.00855660602594335,0.00435218775725431,0.0110969761263129,0.114731852494724,0.0190022427479996,0.00714031447626949,0.000203878246132416,0.00568996608045374,0.119552792034297,0.0225938783334209,0.0404022655782384,0.0343488264000575,8
0.00971786297278906,0.0534357614652095,0.01488953862249,0.00320024233324043,0.000640389963783095,0.00199224290181678,0.127036045580205,0.0325971492283936,0.0295946676582301,0.0285972288987343,9.47976416155636e-05,0.00286204725634117,0.000222784409859676,1.01218423110044e-05,4.12147209139875e-07,3.83699622171366e-06,0.0162017807668194,0.00106789908681662,0.000872480068625867,0.000821464424470197,0.00678619739433484,0.0408032094646364,0.00897074287303295,0.00246972839365373,0.000328346848962203,0.001266621840653,0.0989262388675683,0.0263459510007236,0.0190441932205345,0.0226763203757006,0.000188754317992356,0.00570309194937907,0.000443367038437725,2.03127175211888e-05,8.19258121220456e-07,7.78679067037417e-06,0.0322587948487224,0.00212503878070701,0.00174395000282406,0.0016351080195153,0.00591203908475597,0.0372812061912041,0.00952160536022342,0.00376438925382904,0.00018557180120351,0.00182785242271882,0.0837113831817676,0.020634207576572,0.0253930005948505,0.0221649963671826,8
0.00188691680677006,0.00724744796138648,0.000849672112823015,0.000244710772213336,0.000614169624913925,0.000102921650161765,0.0179893276027731,0.0153215792436009,0.00166897921255962,0.00620299400738455,3.57659771291553e-06,5.21120519198495e-05,7.22650850180301e-07,6.00666011850141e-08,3.79085496921573e-07,1.0545246940884e-08,0.000317913039877338,0.000233470025560966,2.77010806695192e-06,3.85436238417063e-05,0.00135896893940553,0.00501315396470391,0.000610839664745823,0.000175106765328599,0.000322368807365716,7.04879216389329e-05,0.0140063595121284,0.0126189051003339,0.00115249378164418,0.00465350592243507,7.11591079066818e-06,0.000104375149321949,1.43959627754347e-06,1.19645914207147e-07,7.52132333592848e-07,2.10849162058375e-08,0.000639938469945486,0.000467014568451881,5.54163687997237e-06,7.68110130176501e-05,0.000918051451475592,0.00807428624377629,0.000715573970557837,0.000270561418796684,0.00020209250243075,0.000113570502153631,0.0172542866504943,0.00907402029972072,0.00185849891083023,0.00343437810158278,0
0.00379510493979643,0.000387084796212872,0.000716157946188835,1.33389614880237e-05,0.000512754295885903,5.45972773516591e-06,0.00799438369189317,0.0148529968085691,0.000812951019825724,0.00450054969138597,1.44735766917493e-05,1.47593251977048e-07,5.15411697182006e-07,1.78821632893339e-10,2.64233278026402e-07,2.96284581050057e-11,6.42153416086304e-05,0.000221702807291236,6.61118466064933e-07,2.03218080572262e-05,0.00237153634674071,0.000267936168958808,0.000394207119409376,9.3986826537889e-06,0.000216371863338912,3.74561830660404e-06,0.0065458837074687,0.0124104435855072,0.000197481770974138,0.00342625842375877,2.87970821970698e-05,2.96686557661141e-07,1.02571653564361e-06,3.55843613479786e-10,5.23351892371785e-07,5.92876918552369e-11,0.000127803390179335,0.000441198832385904,1.31848698628114e-06,4.04738897884843e-05,0.00208327595511947,0.000428943568010007,0.000218969597772012,1.47443195808494e-05,0.000144947580478808,6.04444359670036e-06,0.00441214084862161,0.0134994383913115,0.000196936249651205,0.00237689419898818,0
0.0280386603726233,0.181233850595118,0.057774428186591,0.0254781383701181,0.00815610573550459,0.0108682798019412,0.241618036647577,0.0486885341805728,0.0961149645104811,0.0604735026999358,0.000789128169381824,0.0330065296386047,0.00334294019895177,0.000651418218143856,6.66221592733327e-05,0.000118438966643074,0.0585883238957988,0.00237258799429592,0.00928367139839722,0.00366597819354219,0.0201817105912074,0.129069921179898,0.0397409146880608,0.0182437729285502,0.00547877865783065,0.00730929070237241,0.170289890258007,0.0379549449348412,0.0688630524932934,0.0396553853077887,0.00157133659507499,0.0656860462390001,0.00666410979085179,0.00129729585377264,0.000132802612838363,0.000235912028978065,0.116671966596482,0.0047310398735234,0.0184737131185167,0.00730467387971452,0.0156754029067751,0.103955251225368,0.033139018757916,0.0162136278899878,0.00542220130724468,0.00613609467436538,0.134067967966273,0.0291796852171227,0.0746769588929196,0.0316621829469346,8
0.0209113311280009,0.170064847755407,0.0394915116861912,0.0101107039687859,0.00373541841947219,0.00704895638365937,0.163559080308535,0.042048998178613,0.0819397227313331,0.0418241717662592,0.000438116052472661,0.0290291586953919,0.0015544398636034,0.00010191897640195,1.38373640329136e-05,4.97340740047042e-05,0.0268054275126689,0.00176502660626792,0.00674055710019304,0.00174985408868421,0.0139304173630253,0.138980079427597,0.028700432632321,0.00751775858788519,0.00279271710198291,0.00507644472217994,0.109650028587275,0.0311599264989566,0.0677713267186223,0.0329696888179839,0.000873203472097595,0.0578060200754504,0.00310624553787998,0.000203633490345479,2.77210305030827e-05,9.91730533177631e-05,0.0534229435131978,0.00352429250331762,0.0134208587063163,0.00349035636495515,0.0145848943586633,0.148594380808543,0.0351641788677789,0.00981625454963245,0.00437907732556293,0.00711674119791192,0.127061540753838,0.0288028758129901,0.0740247004021186,0.0384820188323611,8
0.00112943831173108,0.0260329125476154,0.00150189477854573,0.000658780169979904,0.000738946052980587,0.00042951904947669,0.0106669923221394,0.0135050411985469,0.0108739990840156,0.00562499040787838,1.24421156003449e-06,0.000665788937517648,2.24032055150219e-06,4.30037446440982e-07,5.4493919692455e-07,1.80705394419781e-07,0.000114272301254056,0.000181990710523153,0.00011581896624135,3.17977459430321e-05,0.000769759111477496,0.0189093038747785,0.00108475434617543,0.000451705268615608,0.000479692462241097,0.000301644710111883,0.00847823258012694,0.0110948516947085,0.00784820231374681,0.00467602562318937,2.51329509930241e-06,0.0013401654872722,4.48473815951862e-06,8.61862922807671e-07,1.07446023631085e-06,3.64286719912325e-07,0.000227475285204654,0.000363444829038664,0.000233483678457101,6.32783369948158e-05,0.00112315655510954,0.0292501015207557,0.00153664177251436,0.000728217087624576,0.000326742066072891,0.000477117687005938,0.0118549570455035,0.00869974706964959,0.0121889839682954,0.0047182360915142,0
0.00103033197778461,0.00140775568261176,0.000507992552587362,3.42837017163997e-05,0.000671791227611997,2.20414637303594e-05,0.00426908055429806,0.0158271801850412,0.000579172819620261,0.00564945664066748,1.06688266569131e-06,1.95222531959244e-06,2.59267066724469e-07,1.15800888839913e-09,4.5355395069207e-07,4.74050769982558e-10,1.82888959790305e-05,0.000251758418679929,3.2931748172063e-07,3.19711586315911e-05,0.000631382772110328,0.00101942434151971,0.000242902262556602,2.3723256832794e-05,0.000381475557451999,1.56211349236412e-05,0.00346698023514709,0.012878369964572,0.000417874532052055,0.00402574038379826,2.12313222016424e-06,3.9241955263747e-06,5.15737976080044e-07,2.3275641652755e-09,9.02284354669845e-07,9.5750562418093e-10,3.64188702199859e-05,0.000500806182546715,6.63106949176411e-07,6.37152362368301e-05,0.000438878320933274,0.00156001470664643,0.00014065186919809,3.79912299823505e-05,0.000208483409497457,2.44540805381425e-05,0.00266879449062366,0.012810955536679,0.000642119769369351,0.00268998259501766,0
0.0326592694914752,0.180334524957458,0.028068503227923,0.00891548382449294,0.00181036999472459,0.00641310955093847,0.205666028572629,0.0526242184790915,0.0916291117129033,0.0502595778330832,0.00107050229352069,0.0326311384625135,0.000791421230908322,7.96915104971874e-05,3.28036772480692e-06,4.12500720217807e-05,0.0425106755271432,0.00277745190161439,0.00843113656034827,0.00252634537103792,0.0182747860390351,0.113444372265782,0.0180753930309298,0.00513350534855555,0.000915325304346796,0.00382581466295079,0.137430554844978,0.0402675135885649,0.0589365744087743,0.0311257266109806,0.00213170180489324,0.0649781804524587,0.00157529951648893,0.000158778642901204,6.53844827282329e-06,8.21716964873503e-05,0.0845961562564066,0.00553245859609577,0.0167845119016915,0.00503973770303645,0.0181771727651707,0.108998430760225,0.0140309050153174,0.00464661512367905,0.000701481669189574,0.00296628322729524,0.139079047148792,0.0276903466365232,0.0599107169193083,0.0283681788335692,8
0.0433608340597448,0.174662364677631,0.0220801030972598,0.0061674570684305,0.00245928418589314,0.00900523181325978,0.180065390537057,0.0522606333149628,0.0620077180751214,0.0396834914621967,0.0018849467456526,0.03060684268603,0.000489314531050557,3.79842565893071e-05,6.0705098575957e-06,8.13489573909285e-05,0.0325858820532597,0.00273923644698901,0.00385981163944017,0.00157649771491438,0.0317075996854937,0.12137375412068,0.0160580668772318,0.00349979296748619,0.00145944811117312,0.00633229738667451,0.141026977531802,0.0437866413806555,0.0402532176514487,0.0325460529090871,0.00375567908198725,0.060960749424798,0.000974392232609734,7.58295382374405e-05,1.2088213083049e-05,0.000162032204746225,0.0648464188148951,0.00545659227036008,0.00768455686751023,0.00314334626295246,0.0388326731015276,0.0940707478286879,0.01648836782229,0.00341136083942367,0.00118363710154969,0.00603318144260822,0.100102905199499,0.0425933834322103,0.0375009008546577,0.035142948941066,8
0.00909153960035737,0.0296149313228774,0.00165753920749174,0.000404530888558753,0.000530660790989219,0.000874470217957406,0.0195167964927783,0.0527067742706592,0.00676510667411782,0.00656920421590265,8.23762614772276e-05,0.000881441106193202,2.72696285674718e-06,1.62116700140623e-07,2.82895893195137e-07,7.59635266470277e-07,0.00038278475447441,0.00279176188860713,4.57736114651003e-05,4.28485451864099e-05,0.00664810723727926,0.0224402238027286,0.00128646637103434,0.000277650163378719,0.000289772958654425,0.000568616016460334,0.0133707937525691,0.0397019330901217,0.00509504423684086,0.00450078282266623,0.00016461687540099,0.00175404708848112,5.46027352384452e-06,3.24695479486457e-07,5.62796272287147e-07,1.52051113677414e-06,0.000761754628555409,0.00555580694208068,9.13092649385814e-05,8.57704419678426e-05,0.00633692977606982,0.0350773029684269,0.00189813299096214,0.00037548861244479,0.000197262318225312,0.000875103513236237,0.0153677864511916,0.032767932504773,0.00810367896365446,0.00474528378855472,8
0.00107019755189967,0.00208227003769533,0.000472011262354835,0.000233884794718802,0.000401215622614032,3.6226589875898e-05,0.00306994681493664,0.0200992705666225,0.000508591366607118,0.00369198056192608,1.14231723544551e-06,4.35377219928194e-06,2.23778541544446e-07,5.4951739471098e-08,1.61747534996432e-07,1.2884314044867e-09,9.47148149161095e-06,0.000405995767986271,2.57436969112781e-07,1.36927467204451e-05,0.000762255651150488,0.00144990000553693,0.000233693337890718,7.72821675528139e-05,0.000161105830232049,2.52128967429652e-05,0.00237158793853564,0.0154715528101082,0.000354727542179716,0.00281191531700585,2.27763714696219e-06,8.66757275325802e-06,4.45454005639114e-07,1.09103920504774e-07,3.19343351135193e-07,2.59433416656052e-09,1.88463659741938e-05,0.000807946115985041,5.14805270100671e-07,2.72537745660439e-05,0.000857830469535192,0.00230207534155625,0.00012702412325425,5.53896650707922e-05,0.000103427514568459,4.01065535761746e-05,0.00143448189831213,0.015438657819289,0.000571493078425701,0.00235220832227922,0
0.00894524217376453,0.134595474260448,0.0189849228996791,0.00496689226158204,0.00109800640387433,0.00456416610010241,0.143967819385579,0.0317349789691418,0.0864043622021449,0.0360215503891605,8.02444469663283e-05,0.0180328825383929,0.000359740302295191,2.45822528030216e-05,1.21160139697616e-06,2.09291060690815e-05,0.0208269855848638,0.0010121548406145,0.00743645319699747,0.00130407240581455,0.00439318635114845,0.0555949271672439,0.00807886155151121,0.0016073572413216,0.000546731244109928,0.0018891272740005,0.0767748042309959,0.0214388224915389,0.0378577703512804,0.0161379041255923,0.000159858331987834,0.036058309476107,0.000718285626413691,4.91235989812975e-05,2.4045809482367e-06,4.16550748371844e-05,0.0414470517466506,0.00201401579803051,0.0148648600388851,0.00259510248748038,0.00419605545295024,0.066238422999513,0.00803400953283265,0.0020469466064577,0.000342106376025336,0.00186463628361445,0.085212026894484,0.0173486047216513,0.0527634311537977,0.0156614759555209,8
0.0273413242118832,0.165498940863641,0.0714968246249807,0.0286821012435767,0.00751734325366868,0.0122412857316561,0.198546668187168,0.0542131253485573,0.0871964447595726,0.0476455543609109,0.000751189312458479,0.0273455701945765,0.00511946791508151,0.000825007376060271,5.67916567101137e-05,0.000150597240459206,0.0396181485274427,0.00295268894992482,0.00754202769460409,0.00228043128852095,0.0219721290628634,0.129980854727779,0.0594129250775156,0.0230804687068873,0.00505450361394907,0.00904750187349857,0.159645686235197,0.0438752449537892,0.062205568202547,0.0374186683316759,0.00149497084751555,0.0545985973933192,0.0102055047785586,0.00164353918926971,0.000113017849104018,0.000299670895773781,0.0788397073027033,0.00587695000281907,0.0151073586655425,0.00453840737335259,0.0193731691942067,0.122860538460967,0.0579059561074623,0.0229310433602971,0.00382777451329477,0.00713064894205133,0.119386322159606,0.0427285479219229,0.0720765302872918,0.0337356163044421,8
0.00656214542991187,0.0245465214277777,0.0180795905566917,0.0054192407931923,0.000672502847672674,0.00113660098667992,0.0545109623414127,0.0202725744786856,0.016825140696578,0.0130495170053591,4.27659915347793e-05,0.000605559449620941,0.000322436024219928,2.8830409407344e-05,4.51406917522365e-07,1.27680526100075e-06,0.00298207413537649,0.000412019731211318,0.000281959598271127,0.000170191382046913,0.00491643997516647,0.0180838246866174,0.0130670342767689,0.00389325939703787,0.000438805134393792,0.000737457471815651,0.0443183358837385,0.017207483963607,0.0123859015806285,0.00951280643556891,8.56130899393162e-05,0.00120502346746667,0.000647680678956775,5.8053529305644e-05,9.01137868255865e-07,2.56216263444738e-06,0.00593860571703924,0.000820918018694142,0.000563624865321089,0.000339603161628203,0.00651104535208521,0.0246210139268887,0.0204381475176625,0.00614099106419956,0.000311272531880686,0.0011967631417288,0.0602264636664504,0.0195838771706606,0.0185025783334497,0.0121780602799607,8
0.00327756966560661,0.00163825718061766,0.00126738861854194,0.000464037672375001,0.000807571834223051,5.17238103609585e-05,0.0137868999212035,0.011697270849881,0.00108579143491497,0.00538931180861137,1.07948683288583e-05,2.61848655129975e-06,1.57569324953145e-06,2.14146806589191e-07,6.55094957602927e-07,2.63295722340912e-09,0.000190701726599078,0.000137494894566411,1.14941877134658e-06,2.90459467049861e-05,0.00248724014051756,0.00116766043123224,0.000953121509900108,0.000313707418214075,0.000489161604757648,3.58784352240703e-05,0.00981226633457988,0.00882490191165642,0.000772163289212244,0.00330832590025233,2.14692339402378e-05,5.28927682788437e-06,3.17408561749023e-06,4.28405444253961e-07,1.29699056056875e-06,5.29509045445024e-09,0.000379826820779706,0.000273558323672499,2.32261467070731e-06,5.79387655985186e-05,0.00204400116039504,0.00181909512279954,0.00113152276199283,0.000393897539037101,0.000273547638133465,5.73395784851341e-05,0.00764867867985786,0.0080902703246767,0.00120552299271912,0.00309200845730422,0
0.00198133078893915,8.38736884039555e-05,0.000605686074998128,0.000233966673785768,0.000701930436030573,2.66766590685969e-06,0.0236690196283471,0.0146478460912874,5.52686553030397e-05,0.00707573261672178,3.94534256982437e-06,6.89110149134733e-09,3.68676839938127e-07,5.50013032149017e-08,4.9518153924929e-07,6.96763518236399e-12,0.000562404063800966,0.000215481980738313,2.98205473414342e-09,5.013004715918e-05,0.00117850891751766,6.03005710392915e-05,0.000317928531915653,8.30195485011397e-05,0.000372892825613405,1.87113965939466e-06,0.0148013529167877,0.011929533426819,3.94422502696288e-05,0.00522688576362178,7.85128563386902e-06,1.38913680028732e-08,7.33453319610103e-07,1.09197180504892e-07,9.85410468921161e-07,1.40491715368394e-11,0.00111981193206487,0.000428963961295824,6.02175911337813e-09,9.99402024394412e-05,0.00077258575903557,9.30095180506804e-05,0.000206050935620275,5.12682934266473e-05,0.000202428513103512,2.95843395990085e-06,0.0132140416942444,0.00968179906845139,6.13145758927003e-05,0.00427998209409968,9
0.0491710226488828,0.123352310316217,0.0287711161242971,0.028645904620368,0.0204626182643681,0.011815368920935,0.124513665820535,0.0715149001914238,0.0773476724858507,0.0494217954933115,0.00241424628771628,0.0152922536230042,0.000831833185924342,0.000822490037575183,0.000419277176054794,0.000140103904871654,0.0155670097173928,0.00512711679785231,0.00599199152986577,0.00245373281943292,0.0293737619817947,0.0927465085597661,0.0222597671179249,0.0203933206965472,0.0150457807037705,0.00811496414633213,0.0926382104304622,0.0510776037905863,0.0507872771395465,0.0371337384337175,0.00481982753425358,0.0304303692265348,0.00165534551693965,0.00163895998504553,0.000835892362692661,0.000279006056962863,0.0309927998659252,0.0102157707731035,0.0119444063085066,0.00488387301358086,0.029123597207899,0.0704240944242988,0.0140499447148586,0.0187882129092189,0.0118876919336581,0.00854211601406716,0.0921594402548701,0.0499376580560925,0.0319293303900716,0.0386062693172538,9
0.0653069694689869,0.0806644013356458,0.0418266641769545,0.0493156111569848,0.0206108383439014,0.0157081772389694,0.115241228582107,0.106494630697462,0.0643658893293882,0.0295814575093407,0.00426898595627821,0.00653654720540329,0.0017556914111478,0.00244207285907352,0.000425161241669332,0.000247710139702275,0.0133134771168745,0.0113859827775119,0.00415529830316927,0.000879080095611295,0.0483167224934051,0.0650180604917824,0.0331361931861559,0.0326557939926939,0.0168298598962295,0.0120593134052556,0.0965657260041232,0.0840734156762641,0.0452947292060923,0.0256425572433044,0.00851244792638159,0.0130105483859593,0.00349635707671306,0.00486189094897333,0.000847836924908088,0.000493218355344193,0.0265273902638877,0.0226697826740329,0.0082771947994542,0.00174974727983675,0.0403261104139949,0.0694490883328301,0.0318639746065039,0.0398731430789145,0.0172843677014992,0.0139772739504201,0.085066012930649,0.0983935661986044,0.0558782177137266,0.0264863140998637,9
0.0128016778274143,0.0123403233174961,0.00696950593837182,0.00204249385680435,0.00270015083180066,0.00162479088712248,0.123208470278718,0.0353508114972139,0.00925012727826836,0.0225750144524612,0.000164705227713928,0.000150343724812033,4.73039412425817e-05,4.19271468674211e-06,7.32104898788872e-06,2.6473070698745e-06,0.0152500522969642,0.00125595964108791,8.35564111056519e-05,0.000510896578410414,0.00820136929487509,0.00899547077657831,0.00478444134571675,0.00163966205113708,0.00195760976785881,0.00118717418844633,0.0968369457505069,0.0269251090307694,0.00662890031402402,0.0174118985097434,0.000327745977198798,0.00030187187059563,9.56401469422715e-05,8.3430055416451e-06,1.45752420952717e-05,5.27397138240445e-06,0.0303541269852793,0.00249923054198425,0.000168703363508485,0.00101795864186996,0.00891305827201861,0.0137578421256291,0.00752245114133689,0.00257641342813843,0.00296105597048175,0.00167032446765054,0.107268159885313,0.0249944048006232,0.0103137182629694,0.018263361103744,0
0.00292583565583596,0.000666095314052112,0.000540740228505777,0.000375695214201172,0.00128213664542537,0.0001075309945766,0.0335382461142836,0.0157690520824438,0.00053354043562193,0.0079741613112006,8.55773434928779e-06,4.4159091303277e-07,2.91027926186738e-07,1.4148600283622e-07,1.65023947308617e-06,1.16188617532501e-08,0.00113001029904614,0.000249724565539827,2.80766785987609e-07,6.38638214501725e-05,0.00200533866405603,0.000483149977465139,0.000330035461310283,0.000218370675465828,0.000605678245515334,7.61699017471701e-05,0.0261275776472743,0.012702343499769,0.000385629941004728,0.0064681189269686,1.70730618297995e-05,8.83045975173601e-07,5.81972441598235e-07,2.81924343666891e-07,3.28047792723007e-06,2.31229238557432e-08,0.00224900101805283,0.000497129492508343,5.63803492610388e-07,0.000127112528898603,0.00221972066171537,0.000737176481216262,0.000329397826904952,0.000219572513082338,0.000391720029524539,0.000118949876697219,0.017903633947216,0.0102097503099836,0.000538296219972114,0.00575373252542834,0
0.0975719565330841,0.210646364304151,0.0420121303580103,0.0341767291084988,0.0235043174212885,0.018910780672845,0.146932460764236,0.127702047965727,0.195030659689627,0.0652337084366112,0.00956372644644637,0.0445568719258718,0.00177382037899472,0.00117376704894494,0.00055521851701914,0.000358817464705623,0.0216898313849282,0.0163856185280982,0.0382224344962433,0.00427331265343308,0.0615824327477115,0.152974579186203,0.0306640154453663,0.0244732121060076,0.0177003777575312,0.0126468171808278,0.110952799013748,0.0892148412270838,0.140119066918614,0.0456357468809044,0.0190359338440436,0.0887003701731557,0.00352995416842678,0.00233592963903926,0.00110489075671651,0.000714630624081596,0.0431702510816499,0.032609659680358,0.0760657369111258,0.00850734244564411,0.0449970637905698,0.117391706499596,0.0252602126782001,0.0208319943289677,0.0117126468022663,0.0119113989870872,0.0985243597493105,0.0869560284954555,0.148729813210534,0.0471956936570992,9
0.0874142903304323,0.106480406697724,0.0395089857157892,0.0390369508247713,0.0140657321660878,0.012791411164233,0.0603652509648602,0.0638608702381057,0.142808764138795,0.0258317761846232,0.00766731197759302,0.011351686454762,0.00156874031217953,0.00153055886185692,0.000198825480922824,0.000163932465617209,0.00364228372350881,0.00409401977260808,0.020491634922032,0.000664076797923089,0.0606038648530286,0.0607214028893889,0.0286691663767136,0.0322634221461966,0.0104418438137649,0.0078721870722418,0.043327691036328,0.0495981512638655,0.0812815327437207,0.0204690724296302,0.0152700832932384,0.022632780524141,0.003121844047819,0.00304676001371457,0.000395675323077683,0.00032672902731399,0.00726789215468997,0.00815168727301437,0.0407835071569774,0.00132797151270766,0.0652131267259207,0.076459555225672,0.0251721103096452,0.0261233778673873,0.0112464038621326,0.0104884880820282,0.0449852867676971,0.0352066031507684,0.0982007335147105,0.0237748606419333,9
0.0201167636653511,0.0028736960264346,0.00460715604871151,0.0113517870938208,0.00134449888106239,0.000599504396757505,0.0194517934735016,0.0362977844329394,0.00722476255740657,0.0081680955569794,0.000405355535803463,8.14770126514556e-06,2.11235270922225e-05,0.000129224531593522,1.81632513590571e-06,3.58101888626328e-07,0.000378591732065046,0.0013241336780661,5.24549954630772e-05,6.62034407097778e-05,0.0146103445144688,0.00208089146346642,0.00347960162654588,0.00844757473759979,0.000963106314126623,0.000423811445663333,0.0152772674868242,0.0253459675738568,0.00511154601103621,0.00632138330511089,0.000807973924684207,1.63650119441844e-05,4.22403044168243e-05,0.000257437875846801,3.61339282922291e-06,7.15543786031559e-07,0.000755070652946748,0.00263504215360034,0.00010438461335958,0.000132543553854606,0.0209930773887229,0.00329617709357654,0.00539770252394417,0.0127919539730147,0.00127230857716977,0.000625146067844059,0.0102814774835704,0.027246058364869,0.00808180478788097,0.00707046428971789,0
0.0021593494109361,0.000164892689843504,0.000728918973653573,0.000723414671480785,0.000418707850451632,2.69741379914573e-05,0.00978939377281824,0.0127911394093224,0.000413330472252454,0.0073901698400332,4.60211071237674e-06,2.65427169133014e-08,5.30154131940713e-07,5.22072516115417e-07,1.76045075521255e-07,7.24086775478933e-10,9.62820953956194e-05,0.000164432300418714,1.71022853644616e-07,5.48212042357351e-05,0.00145807494736043,0.0001166454990931,0.000451746559215857,0.000533659650105557,0.000200912105372888,1.95059596206944e-05,0.00754856550216064,0.00996488501690122,0.000284802539254194,0.00590738937889553,9.24184307993873e-06,5.35995177691153e-08,1.0575880214767e-06,1.04264204465566e-06,3.50207839319741e-07,1.44803672864945e-09,0.000191619309301726,0.000327220663655559,3.40999977085504e-07,0.000109159543890542,0.00181450541048637,0.000182914052322159,0.000370984309168269,0.000767004294575122,0.000116380066201097,2.97410262960089e-05,0.00577456580514493,0.00974138790780301,0.000457142212900143,0.00486895891478601,0
0.0544253133321962,0.100121776702735,0.0249338885617058,0.0230924465955849,0.0132189569540491,0.0102169150892114,0.0333165103155429,0.0603593626422867,0.0916288555684338,0.0112281827035622,0.00297699941237311,0.0100619192571618,0.000624058894362635,0.000535151624233156,0.000174866904744186,0.00010445182167004,0.00111493353583053,0.00366133293348321,0.0084064562310523,0.000126210799941061,0.0247200310354454,0.0604072281462979,0.0183973290635395,0.0176569115262991,0.00803922681420562,0.00583593440063724,0.0248498534497769,0.039529365465821,0.051452738368812,0.00870045117305915,0.005923489964988,0.0200356841720773,0.00124258337841652,0.00106573212863823,0.000348706221006222,0.00020830990161782,0.00221927673695568,0.00728537047249302,0.0167599509535691,0.000251646172022792,0.0242102704615118,0.0636581146956476,0.0173357831150421,0.0130764873683018,0.00734236018564182,0.00655392654472513,0.0192847383585575,0.0356340277971989,0.0453601224776789,0.00548881109209163,9
0.129567200918493,0.16509327951548,0.040136224807928,0.049009463845336,0.0310159209383069,0.0232978820457757,0.0759124221910977,0.146254751920503,0.15074121954266,0.0273735734106467,0.0168700286984373,0.0273916264501366,0.00161681507929366,0.0024062682809098,0.000966315047890522,0.000545448664000328,0.00579149106104894,0.0214970776065096,0.022823037687621,0.000753060417201052,0.103463613843373,0.138967820201951,0.0326257357045293,0.0395984442853942,0.0244757725797825,0.0191402777871576,0.0621885155214109,0.124207984673538,0.125899764205824,0.0213534398766025,0.033573279898981,0.0545078661311769,0.00321962594683433,0.00479611398732135,0.00192347079780704,0.00108551253528345,0.0115250391092825,0.0427792052778622,0.0454318269601451,0.00149860445845067,0.109328437914983,0.153053471064962,0.0251987047292231,0.0323883409550569,0.0240797661485796,0.0224323967186817,0.0674963586972731,0.117236690263235,0.103697587593633,0.0232832052032165,9
0.0354311402271595,0.0403695731393013,0.00870877616652481,0.014798668444408,0.0036788232540141,0.00381460259948663,0.0824981996354367,0.0498712732325432,0.0268622387075739,0.0107856902337944,0.00125884414311785,0.00163070772531335,7.58565223479659e-05,0.000216817669759585,1.35798760963045e-05,1.44625234702457e-05,0.00683056651331764,0.00249884143936434,0.000722130154991104,0.000116878295917053,0.0210471342667001,0.0258057786845248,0.0062418630372219,0.010880430104251,0.00273728829605421,0.00258198614343751,0.0606195217475941,0.0342291134235987,0.0197845393388394,0.00873092714305084,0.0025079109211856,0.00325221705736197,0.000151319987330719,0.00043473165131646,2.70456447815364e-05,2.89411216711773e-05,0.0136023632385932,0.004973171387863,0.00144005266906155,0.00023262495857417,0.0287299771151582,0.0357396259613777,0.00950194535527263,0.0158821143508323,0.00414202916941369,0.0035066720398506,0.0636212670870443,0.0310844699142848,0.0302276695306835,0.0105693044510822,0
0.00195876453812423,0.0018901946235805,0.00560413297831211,0.00115894142305264,0.000596275792775209,0.000291403090972876,0.0229717326595868,0.0170275267293955,0.00540485068371245,0.00462424656590441,3.82133902874058e-06,3.56831366348844e-06,3.15536998775553e-05,1.34472867628152e-06,3.57256670984829e-07,8.5233935890939e-08,0.000529244688881834,0.000291363049614171,2.93589246649763e-05,2.1473298906207e-05,0.00139140027686542,0.00131002353219562,0.00254773232264582,0.000825448877149387,0.000318447877384477,0.000151887943399915,0.0172910040739803,0.0113294852997079,0.0030917756344476,0.00380400404368809,7.63758606301523e-06,7.123133906563e-06,6.27888908597561e-05,2.68053688394367e-06,7.10039618392795e-07,1.6939863575959e-07,0.00105429704399374,0.000579837062561812,5.84237713888517e-05,4.27424735907194e-05,0.00167330019004607,0.00210921367900188,0.00184705926960595,0.00121608425421111,0.000220591770161806,0.000181165717501245,0.016819371735557,0.0108597207419862,0.00215767859297311,0.00259225555166268,0
0.0298483376319018,0.0755047256847468,0.0179983297735678,0.0190152882422948,0.0091690283659362,0.00627695589010711,0.0542249202854008,0.0397137809028921,0.052444539987243,0.0114474919637313,0.00089219533265508,0.0056950899387818,0.000324878874801338,0.000362001984718615,8.4357318717249e-05,3.95915969920273e-05,0.00295410750176423,0.0015835197300576,0.00275510390280016,0.000131656691355221,0.012556215090348,0.0329332389141146,0.011243804861211,0.0112619785410598,0.00568601251684173,0.00404030310518424,0.0399384495315389,0.0257129326294714,0.0247449749475507,0.00815571889702358,0.00177865669383538,0.0113670827727622,0.000647107328907344,0.000721761961385113,0.0001680057464171,7.87904373768306e-05,0.00587965708078482,0.00315273883836739,0.00549091204726015,0.00026201567972912,0.0145667065622127,0.0316206748213688,0.00763419702379501,0.00978173142181803,0.00425629313335008,0.00404868479929066,0.034464283887511,0.0234479671003704,0.0263814623569345,0.00665691907415411,9
0.103088448228807,0.19277934119549,0.0418518078839029,0.0405806341559062,0.0266416013382856,0.0179253460123482,0.061709691556067,0.0881172489941077,0.188076829686538,0.02223962563995,0.0106766739652671,0.037308923744364,0.00176005924699907,0.00165493086164456,0.000713189605957625,0.000322485752566657,0.00382325521947045,0.00780280547520231,0.0355503278985462,0.000497086376510241,0.0807583520435785,0.156391181054455,0.0342318073369194,0.0321385193712082,0.0224549079913693,0.0154512490283997,0.0514041496987932,0.0717837081055971,0.156137954927446,0.0172668854184684,0.0212501499903699,0.0742849804850515,0.00350265961245933,0.00329341970887445,0.00141926947895733,0.000642128847595438,0.00761072867477095,0.015527239166319,0.0707448714097938,0.000989158494603918,0.0619201004489616,0.13724024002459,0.0414051741564836,0.030150568953712,0.0256404857433044,0.0169508637147674,0.0623239608077939,0.0561306717966538,0.104752803761551,0.0205719589533184,9
0.0454728259549848,0.0432964228781662,0.0203185858323937,0.0191795492650968,0.00869006489273608,0.00552864564051096,0.0309012243243874,0.0618090194214624,0.0575468376083541,0.00779540518241466,0.0020781318140249,0.00188321420406784,0.000414892511166656,0.00036758941437711,7.54373962779236e-05,3.02413235967285e-05,0.000957265477904309,0.00383492746526609,0.00331887210245457,6.10624811002827e-05,0.0349272238018553,0.0324353229386964,0.0117185951319665,0.0129798148246166,0.00656229064184433,0.00426067211166517,0.0251325164101166,0.047874607754159,0.0465133584179978,0.00557261377157688,0.00413535687748529,0.0037483686790639,0.000825593361774976,0.000733594057206417,0.000150570575757685,6.06548301384443e-05,0.0019073570663592,0.00763607366502527,0.00661385011330162,0.000121513260732942,0.0356742860854548,0.0325913884927283,0.0115284232485502,0.0112346257767407,0.0100099083642829,0.00649090561762633,0.0246504086402945,0.0416596472477065,0.0668300101891448,0.00471682137809968,9
0.0405248460684583,0.0179140269183978,0.00080797283135779,0.00172647567403609,0.00074584172002821,0.000389366871722984,0.0109377230880841,0.0254255358609808,0.00805035437020507,0.00754923392037865,0.00165014305875798,0.000322506897787572,6.5610057770187e-07,2.9870727697328e-06,5.52857020804215e-07,1.4918304935303e-07,0.000120166515343559,0.000646556012983546,6.49998101568074e-05,5.72721918218957e-05,0.0326451886378763,0.0123910203206537,0.000470786176104843,0.0012577869775051,0.000486516707045945,0.000281804317836026,0.00839696102688229,0.0204647490308867,0.00534300725168569,0.00596358362718654,0.00328404503137885,0.0006417687573026,1.30534903652844e-06,5.95201325078965e-06,1.10417102199118e-06,3.00040663299828e-07,0.000239198845937184,0.001289771365643,0.000129479275986733,0.000113976707875104,0.0222769942724714,0.0156428049811874,0.000267637463419971,0.00193328425545253,0.000592673779049645,0.000431756370401451,0.00564270424064819,0.0265085883790407,0.00750845958382182,0.00399956288364737,0
0.0347134087480682,0.00104965212956842,0.00307362692396749,0.00311755278597233,0.00256839408136577,0.00182254745888528,0.0137122264115296,0.0164411859396426,0.000331620096075826,0.00621484576642798,0.00120924174014592,1.07735864245195e-06,9.48920721527864e-06,9.76732199682448e-06,6.57436605843472e-06,3.31297166410167e-06,0.000188729367662625,0.000271261624869224,1.073402743026e-07,3.87405493956781e-05,0.0279347635323397,0.000738355478497396,0.000654690515965577,0.000746706542018964,0.000921483823350286,0.000384448947979889,0.0102244394940274,0.0130666211558664,0.00023663949291646,0.00487979874325657,0.00240820447058283,2.17373526745867e-06,1.88876421403412e-05,1.9431707685221e-05,1.3131029120906e-05,6.61772626738407e-06,0.000375795037667875,0.000540205650996807,2.16775224013258e-07,7.71709276780487e-05,0.0185383806609215,0.00116442337042626,0.000806115221968579,0.000931640968152635,0.000973465895406427,0.000565135282654649,0.00616901278541025,0.00739643987591805,0.000368379861579813,0.00434176238120811,9
0.16417385312236,0.172904503849084,0.0431544795696099,0.0455948345903312,0.0236189252616506,0.0170638114352888,0.0634164661500658,0.138990118944885,0.206499414399857,0.018599668459179,0.0270883627271214,0.0300104804208402,0.00187003149475347,0.0020888564947106,0.000560518209582025,0.000292608430615289,0.00403945727109276,0.0194152741581215,0.0426650585870769,0.000347517069677633,0.126384375822544,0.133450228541356,0.0334728866383976,0.0339792276603573,0.019065066690467,0.0132785449341454,0.050063784815229,0.107265911328302,0.160089424722066,0.0140876651282953,0.0539050066097187,0.0597558699494931,0.00372299035697745,0.00415725109569836,0.0011155114453352,0.000582279910088984,0.00804030370789283,0.0386364207417663,0.0850936854542875,0.000691719490523224,0.137305838736102,0.141212900980373,0.0244530203905128,0.0307578702719563,0.0197954031590327,0.0121634873356836,0.0610490421672864,0.102341928962513,0.126219605674707,0.00936383377956845,9
0.152221904125663,0.0864776986344771,0.0336738646862708,0.0390889672255162,0.00820360704129161,0.00562206939412505,0.0408000919878301,0.0720125276468215,0.0979197110932692,0.0197909788082559,0.0232876105121212,0.00747943154628401,0.00113646317970904,0.00153376893648246,6.73577763024607e-05,3.16787819366123e-05,0.00166976111669555,0.00521122339405645,0.0094622999980945,0.000391630837945509,0.127409995857998,0.0654911267894066,0.0266345930082923,0.0319316493882224,0.0062486785701901,0.00315136598085822,0.0290872740376875,0.0568270501361623,0.065603042528297,0.0152784752722653,0.0463426458298137,0.0149199582200954,0.00226468783345362,0.00305404682910538,0.000134318964665991,6.31240400641597e-05,0.00332563950244079,0.0103703406890527,0.0190029800716695,0.00078135431831532,0.148613269062301,0.0776185772279883,0.0228241459043559,0.032026083378261,0.0100020270524449,0.00468334105955421,0.0216270802807845,0.0545850818085528,0.102471183212247,0.0118416721550498,9
0.0542219044696307,0.00727576302802589,0.00606390119790033,0.00558680158950689,0.000878763981762545,0.000224979885739856,0.0121900518344,0.0241833008996786,0.00444556571347911,0.00872087696744559,0.00295024182377129,5.31949786586774e-05,3.67881784401824e-05,3.09818389889315e-05,7.68380201611134e-07,4.98336346581809e-08,0.00014888930120467,0.000587764910852896,1.95181113593257e-05,7.62380813342343e-05,0.0433782177828376,0.00540844683847968,0.00445686760534542,0.00408035342114668,0.000584941217851742,0.000155940612069699,0.0097540954685978,0.0196345041859665,0.00326139344950445,0.00711295174994428,0.00587544600862649,0.00010586100628888,7.33750671857054e-05,6.20381658782654e-05,1.53611670776938e-06,1.00199319291841e-07,0.000296741647009791,0.00116962115808874,3.91833895487789e-05,0.000151905383060039,0.0321815073809273,0.00817533169863722,0.00677257736943755,0.00622728975022833,0.000745179976084833,0.000249220340504641,0.00515974119740325,0.0169882921545952,0.00515607198590771,0.00623278419830023,0
0.0349322457981538,0.0305601475700134,0.0141460064134311,0.00978604579503212,0.00615530428740126,0.00461093463381594,0.0136464264195747,0.0159043405857176,0.0236417203855711,0.00813671001272868,0.00122638856665738,0.000936718128992721,0.000200994322455341,9.57716125065694e-05,3.78931962454055e-05,2.13628942207425e-05,0.00018656697278844,0.000254139366520745,0.000561656159735936,6.62467943438786e-05,0.0252321562162822,0.0115036923570234,0.00592368017048518,0.004532070855216,0.00306009675393171,0.00215041999065671,0.00990279094649387,0.0123155191431092,0.00876133769936421,0.00663920963506615,0.00244049565973263,0.00186570494522525,0.000400090551713318,0.000191053269677694,7.55862338705458e-05,4.25104584510196e-05,0.000371853956823858,0.000505810268017036,0.00111777868101801,0.000132099869873849,0.0200816859054727,0.0106484474916762,0.00691137644478222,0.00507421222357609,0.00239288494460983,0.00222923084299937,0.00563350103777335,0.00860694866031392,0.0111672069984348,0.00569840346797896,9
0.124756670534098,0.153457572106306,0.0247853685162196,0.0338516736847167,0.0298887538534048,0.0259076424093464,0.0492644051289307,0.12817883745036,0.126071520208199,0.0218848488507209,0.0156412515244846,0.0236669144694296,0.000615936681156706,0.00114378436293079,0.000890284412196307,0.000669390759254742,0.00243629572035704,0.0165001397530682,0.0159662096865584,0.000480717252544855,0.078108254159303,0.118336635382273,0.0200023750826947,0.0250511371326355,0.0197733445828653,0.0161738557424002,0.03583169064866,0.100375290460135,0.0953801325252558,0.0167221883646867,0.0311266862159427,0.0470977805265806,0.00122717055371353,0.00228397726786864,0.00177917039976528,0.00133722693812449,0.00485031833418129,0.0328443567483786,0.0317776053952266,0.000957258147762209,0.0876590917184583,0.0822729363278518,0.0143758868251058,0.0166412150541638,0.0185858996678887,0.0139492588955205,0.0324836426050297,0.0879737704473295,0.0723900679997326,0.0123530743364474,9
0.115058966905993,0.0472117448138772,0.0191306233652708,0.027782232674844,0.0182122020015255,0.0173039144614749,0.0186211421309889,0.084088462426126,0.0636551302104968,0.0131590379331895,0.013297142717823,0.00223630703214284,0.000367302688266904,0.000770817006003422,0.000327887314518204,0.000296072066420368,0.000348149115476639,0.00709834592447758,0.00407045570201628,0.000173584864203621,0.0939656679031409,0.0387950583861446,0.0132838689267568,0.0164502715663681,0.0120063447179564,0.0114813086525243,0.0137402583475506,0.0697188324457024,0.0524795350365458,0.0105585545868865,0.0264691806680576,0.00445407121507666,0.000731442933833585,0.0015388126223173,0.000657928618640127,0.000594013723813381,0.000693143894684249,0.0141336115299063,0.00810205141454798,0.000345865761888996,0.104574440227419,0.0500025596215437,0.0105819242371774,0.0193960205470861,0.0166181884601465,0.0166027744549655,0.0191787720297606,0.0729882617410616,0.0782189490904414,0.0123014681246973,9
0.0686846053606817,0.0171028125279027,0.0013322173769477,0.00119530479030131,0.000998868735605132,0.000787363521999921,0.001760935749481,0.0292845729953002,0.00864325755401956,0.00838896481207855,0.00473515889087151,0.000287240234557959,1.77035823466637e-06,1.4225863252266e-06,1.00233600276693e-06,6.2305443413835e-07,2.99599941931042e-06,0.000861424107825462,7.23616107590929e-05,7.07237453646025e-05,0.0536542188256295,0.0109156566328635,0.000994020130731899,0.000872182617272686,0.000738947353949928,0.000554662354992563,0.00113920962652193,0.0237939396904676,0.00426182337340389,0.00685893606507078,0.00942900601725192,0.000578303946929248,3.53271733421576e-06,2.84369008932174e-06,1.99450508062292e-06,1.23983971492306e-06,6.08186763032919e-06,0.00171469208942106,0.000146704264542349,0.000140732084538697,0.0534283923116483,0.0132660464290488,0.00130634502969731,0.00132813954431504,0.000838881880085135,0.000871387040168784,0.0017352005513409,0.0214016076023912,0.00617656028658043,0.00567335126603507,0
0.0476796956036648,0.000735941682230298,0.000564285629652106,0.000240885260553807,0.000561449540230283,4.30895671760249e-05,0.0054381308846859,0.0187654654539397,0.00024122918035576,0.00720819074773962,0.00228323390374559,5.36300806576838e-07,3.19791197748346e-07,5.83114187267538e-08,3.16778546929591e-07,1.86304767689628e-09,2.97115173571655e-05,0.000353906923271731,5.84257024874297e-08,5.21976316536025e-05,0.0379559600817255,0.000535259510521836,0.000287450586958471,0.000104379723445443,0.000269628008599914,2.98959757725925e-05,0.00159130578728043,0.0148720893314096,8.24188455467113e-05,0.00609756036645178,0.00454511694448628,1.07521171503063e-06,6.3548032861524e-07,1.15786698616473e-07,6.29326882972871e-07,3.71032662192337e-09,5.91334509073795e-05,0.000704147713856021,1.16031906482216e-07,0.000103888841103449,0.0315665796898708,0.00081679897991129,0.000178575371869566,8.79402875264175e-05,0.000174383355856097,4.7639388569419e-05,0.00218122320317995,0.0111456533742287,6.46241996882206e-05,0.00417808041144572,0
0.0593859915151409,0.0920595925825258,0.055704748384036,0.0135021460494384,0.015387094921526,0.00963776731466582,0.0386840294578699,0.0799144378362682,0.142597707214913,0.0255682922736068,0.00354254286721282,0.00851479255843685,0.00311857546615943,0.000183166195326907,0.000237938843020766,9.31596661571863e-05,0.00150289263153473,0.00641840925428716,0.0204290910778135,0.00065667597212805,0.0436013005581104,0.0627005552024542,0.0372433375788668,0.00901040642186854,0.0107867059359277,0.00746805759247583,0.0299755365847248,0.0619446251771229,0.102340701797659,0.0197789988283593,0.00705089240356362,0.0169459332551564,0.00620596319817879,0.000364557427318511,0.000473509051296884,0.000185580393719307,0.00299182946353017,0.0127726343068216,0.0406610515698545,0.00130709078787169,0.0413747440552739,0.0505593084068738,0.0368098324247381,0.00900454277633124,0.0108253491284059,0.00762421336332961,0.0321562005204593,0.0702847322626349,0.104006507491652,0.018796180773814,9
0.0817520456080956,0.0795559138490256,0.0266418394581444,0.030138589078956,0.00726782822320491,0.00870639735817598,0.0424104967964129,0.062187167666955,0.0528520419798966,0.0132823767145534,0.00670515283509759,0.00635473214386224,0.000713055069682787,0.000912868036575209,5.30722234037958e-05,7.5965110311943e-05,0.00180757455178086,0.00387806515970991,0.00279851659075279,0.000177293368492344,0.0629378327140121,0.0555501570981651,0.0208923135861782,0.0223402880527798,0.00463760285662713,0.00594505717877898,0.0343468470751672,0.0501000049558188,0.0352557574045069,0.0105753803970435,0.0133549947664027,0.0126520181361766,0.00141925718758811,0.00181663780545818,0.00010562816987335,0.000151386544112922,0.0035968656187814,0.00772563431578327,0.00557780764557666,0.000352819104591782,0.0547146719842669,0.0417043918612217,0.0179271686864553,0.0257162431813754,0.00568712299614031,0.00853908906469215,0.0288842264994954,0.0465630732202104,0.0378883485209289,0.00979557120124808,9
0.0787131873959801,0.0098672163362722,0.0053142117513661,0.00181828017088892,0.000734081122748871,0.000420902444022711,0.0136403340629495,0.046047428460252,0.0041319038296684,0.00560917645857487,0.00619690798080147,9.7244309996158e-05,2.78848471909835e-05,3.14294278373419e-06,5.41579181072778e-07,1.77380875740748e-07,0.000185597129596657,0.00212132181784981,1.70869276167356e-05,3.15492795881684e-05,0.0627393845684515,0.00685176419907424,0.00359943485534038,0.000957242312800469,0.000484339174527189,0.000304061209905775,0.00973330967126007,0.035163103554169,0.00289411913299919,0.00441586897208361,0.0123616819307883,0.000194115700588547,5.5986090869222e-05,6.43321212366511e-06,1.07526556680618e-06,3.53642868300347e-07,0.000370673579721353,0.00423099509872062,3.40739604462423e-05,6.28343061279384e-05,0.0720833859697582,0.0109988695310149,0.00569072238086789,0.00135483885523144,0.000471218906017069,0.000467709399706584,0.0113651714581559,0.0433653090155168,0.0046325208804588,0.00347419419176815,0
0.0472467489526953,0.000539547508502855,0.000709362241329119,0.000394429779119386,0.000399619301317091,2.3313781852598e-05,0.00794368007373927,0.0173730394474748,0.000328636956745655,0.00827367355877511,0.00224203153666145,2.89932435029696e-07,5.04157045351618e-07,1.56329870904165e-07,1.60496396872338e-07,5.46168518744464e-10,6.31500241129894e-05,0.000302998682702117,1.08014822358924e-07,6.87638382343569e-05,0.037323497700079,0.00037013890331315,0.000416858311599325,0.000174326564026033,0.000165650162692373,1.64962520395856e-05,0.00600087307044851,0.0136001270662379,0.000189781715107687,0.00672710999216574,0.00446299340444269,5.7958079460494e-07,1.00481951290746e-06,3.10854322495012e-07,3.19104644589619e-07,1.08693423944497e-09,0.000125936034446045,0.000603216113349668,2.15158722272685e-07,0.000136872294582808,0.0291806664437539,0.000597173785213781,0.000307833940275569,0.000108370941576307,9.92121097830155e-05,2.5770016982853e-05,0.00440400069599762,0.0103620752631435,0.000273479526830204,0.00570410745148882,0
0.040002823151863,0.0674411459021997,0.0178066979938607,0.0153467070423423,0.00808601897981335,0.00800580846959918,0.0357975737320237,0.0443863126780212,0.0859724664682385,0.0237473326952337,0.00160535463938482,0.00456998433208535,0.000318325288636103,0.000236292770328463,6.53891440503271e-05,6.43528864806951e-05,0.00128786451227478,0.00197420268138197,0.00742392523576045,0.000564012651017918,0.0273208341728182,0.040672141958475,0.010886253736533,0.0105754276583344,0.00347507147006847,0.00305556230761247,0.0269463541461899,0.027744789930867,0.0557615883124279,0.0182576803181372,0.00319750635078301,0.00909532914082882,0.000633693637811687,0.000470612048306674,0.000130432205066302,0.000128123689134836,0.00256288505239665,0.00393428125928822,0.0147780697617414,0.00112512625179031,0.0210401628588163,0.0419224777435735,0.00918057309954519,0.0100701143784297,0.0027879896464476,0.00315674885017535,0.0205026132971436,0.0216190153018103,0.0364340544677866,0.0129514950649341,9
0.115359331116254,0.0917930303516857,0.0309088892552332,0.0280466154772158,0.0158091551140756,0.0139482076253233,0.0480276805633721,0.122624668786761,0.0970552161741302,0.0204828511957094,0.0133642959683027,0.00846817602291511,0.00095900552450307,0.000787933272298968,0.000251096328231789,0.000195527852691017,0.00231823094168278,0.0150984127590651,0.00946536836398239,0.00041967739918307,0.0781344705280246,0.0669447128155269,0.024531961835995,0.0232777161595164,0.0117563816340911,0.0109101339668518,0.0365112519587245,0.088149120219201,0.0767595302489352,0.0163940160547282,0.0266007033757135,0.0168517940203815,0.00190952491266509,0.00157057226518554,0.000499746318430588,0.000389020845223161,0.00461310400243823,0.0300590543675081,0.0188377202680646,0.000837103456215435,0.0827930378369737,0.0599976255207672,0.0283534897332976,0.023357972150795,0.0156997577518831,0.0125542150845558,0.0399903935762778,0.115138234679556,0.0685997790361332,0.0162204510075659,9
0.0710118829492356,0.0125372656110404,0.00395817815203079,0.00876237504256949,0.00177757316411106,0.00122809880638503,0.00893060989689357,0.039462154221693,0.0197251938536535,0.00769890632388007,0.00506578391629828,0.000156209430720348,1.55617246877787e-05,7.64075206777528e-05,3.1155742917934e-06,1.4797947030456e-06,7.96936812435519e-05,0.0015632247603051,0.000390764690281137,5.95584833357244e-05,0.0580821889571366,0.00892921083222776,0.0030784961779314,0.00680078761472394,0.00129881162313419,0.000874854638779202,0.0065245276381969,0.0318977955940062,0.0139611133775274,0.00559571128809917,0.0100821260058558,0.000312606688004462,3.11416447334551e-05,0.0001528042960733,6.25836620705247e-06,2.98060458901779e-06,0.000159050171984362,0.00311259277987165,0.000777893010755498,0.000118528742071279,0.0483120345124496,0.0143483872971711,0.00463877667722554,0.0107408777438153,0.00191164032863629,0.00136993584560638,0.0100826086890481,0.0274187657841166,0.0161712022668989,0.00421097649709687,0
0.0436139771455005,0.000740264179470879,0.000682811838902934,0.000727975947733254,0.000532363765083561,0.000237149542089857,0.000653035285445947,0.0161782074096622,0.00185215524244809,0.00644059337593354,0.00191152989542531,5.40153467897404e-07,4.65673695242935e-07,5.21819129621513e-07,2.84179989817224e-07,5.63487502071966e-08,4.21299505819827e-07,0.000263049410497105,3.37165712003708e-06,4.16896898075887e-05,0.0365911720494205,0.000511857404181926,0.000421318676293716,0.000504412873184983,0.000289975317510582,8.84477315014656e-05,0.000430242891333591,0.0129816332723442,0.00132293652706833,0.00529152667623672,0.00380406209341865,1.08543064992741e-06,9.29122117712265e-07,1.04914750838132e-06,5.63727495790242e-07,1.12041640230343e-07,8.45462737081295e-07,0.000523468443770434,6.78524906361361e-06,8.29605074524096e-05,0.0210191119151392,0.000820252896276476,0.000371045172330791,0.000806655074564828,0.000167357429839416,6.45769869788165e-05,0.000682232787147886,0.0107224870174937,0.00209576280519871,0.00290235846739751,0
0.0569860314526653,0.0960927370532211,0.0121696647966708,0.00742557226549572,0.00685046296675988,0.00657822310418066,0.0205228946311808,0.0401304869331219,0.0696782993993649,0.00932711293382577,0.0032600953762167,0.00927626568737169,0.000148553788300304,5.54152519021145e-05,4.71590576425359e-05,4.34763765645377e-05,0.000422771110975687,0.00161825738950435,0.0048508423513159,8.74056833466437e-05,0.0368969769152757,0.0403653720522723,0.00589846485234157,0.00363883652209639,0.00398622987852673,0.00259979914039337,0.0120754436104014,0.0268395750004643,0.0328176753091561,0.00683056073964609,0.00649108324911744,0.0184605781831275,0.000295899536327303,0.000110277196680115,9.38510352691586e-05,8.65280096138022e-05,0.000841674520373461,0.00322061402886134,0.00968038137596226,0.000173951250297048,0.0332678058771388,0.0386602440910015,0.00649465438719605,0.00380583184047587,0.00353946326036353,0.00260721943626933,0.0093159801388691,0.0235047472783474,0.0392812487808632,0.00504023513954478,9
0.184101039688577,0.100062886797955,0.0362873612240801,0.0489022963789724,0.0261907436209143,0.0238658246676376,0.0718194189124574,0.157095684215227,0.119163155194463,0.0256944017959548,0.0340224770896502,0.0100409925473416,0.00132338846345449,0.00240344378640079,0.000688694933058328,0.000571743098795687,0.00517534739217241,0.0247544083240269,0.0142019297582583,0.000663459181003922,0.150223954526768,0.0796216309773514,0.0292585115317243,0.0335519816498356,0.0220235233625332,0.0204593522414531,0.0596110015457177,0.13198591460194,0.0953553022764105,0.0206591460138458,0.0677434577063332,0.0200033594156348,0.0026335365385804,0.00478286080892286,0.00137119317112209,0.00113845021587769,0.010307498665115,0.0493096639752893,0.0283294244808795,0.00132034363964289,0.165987484126367,0.0661739844524262,0.0252607051190776,0.0336811314192057,0.0266377088103296,0.0202865118670575,0.0543711079243345,0.172027719763903,0.0651372170355414,0.0267467464213775,9
0.0699991156440452,0.0186759163545974,0.0154829698262244,0.0142093057360057,0.00574738819114998,0.00540725455300749,0.0267352383709746,0.0494807946262174,0.0204781413679463,0.00943179597892649,0.00490295435019412,0.000344215903320915,0.000240747826186267,0.000202899876881904,3.24551287125241e-05,2.8947926569322e-05,0.000713940263295629,0.00242207740470377,0.000413636246767524,8.92447356416596e-05,0.0530127397042745,0.0138644738246272,0.010675364870909,0.00910319935328525,0.00418547360061471,0.00408549012935716,0.0201392682995093,0.035692996117761,0.0151383939392377,0.00762094700907941,0.00977806508965355,0.000691283570945895,0.000479259681471353,0.000403786784572854,6.53253223903842e-05,5.80415885508979e-05,0.00142511011404083,0.00485827931822881,0.00083091886615703,0.000177746059935919,0.042006180211784,0.0216049032814193,0.0123845084724364,0.00771218672533041,0.00650895980808591,0.00631352362846857,0.0308642135731692,0.0340423656177123,0.0235586414678386,0.0073305987223834,9
0.0212145161361237,0.00111864801512292,0.00100519136031443,0.000576201595762803,0.000773314023490668,0.000420082490565964,0.001778982515097,0.0134483460907837,0.00124569041709417,0.00756230370911155,0.00045230602698343,1.22673141412481e-06,1.01069261968899e-06,3.33590591107191e-07,5.97439054576758e-07,1.74528002667777e-07,3.17056452959356e-06,0.000181760956038609,1.52373453536097e-06,5.74156677454851e-05,0.0169989859972041,0.000804951081862772,0.000724765887195639,0.000390833352241336,0.000499121900432866,0.000279482723209327,0.00128062524433667,0.0106001286659605,0.000900621290400486,0.00595464352346869,0.000900075122846891,2.47195601849094e-06,2.0131091667613e-06,6.63778500051531e-07,1.18777673434142e-06,3.49806896407641e-07,6.31930868789518e-06,0.000361710126978663,3.06643479238298e-06,0.000114301769534602,0.0138988945140634,0.00124036405460119,0.000835589908545616,0.00059561789667116,0.000273992010214568,0.000399040553216413,0.00195540440045695,0.00688960229335111,0.0013412542744488,0.00460966714115286,0
0.0248299935230135,0.0281517461774925,0.00927668736230844,0.0104526884488058,0.00236037256308256,0.00198534170380781,0.0338654368223089,0.0389797167205684,0.0299752775702203,0.0410241875722858,0.000611960558341472,0.000790826807909377,8.62568781040863e-05,0.000109002945549515,5.53970453755237e-06,3.9536198617762e-06,0.00115232981867902,0.00151321675696615,0.000901138226240739,0.00169142677493782,0.0170545160907243,0.00664740844991693,0.00412477662501116,0.00467945914126717,0.00111700366208505,0.00099701596334618,0.0173277362920946,0.0271157268760317,0.0122873375780645,0.0244753700434188,0.00122533407213436,0.00157938646469831,0.000171881010732271,0.000217687256235108,1.1053517520669e-05,7.87115754023973e-06,0.00229341165370275,0.00302506813936951,0.00179513211764749,0.00336592587395439,0.012854104642545,0.0100525776838251,0.00442462967201501,0.00549124554090405,0.000940222778491477,0.000801240399040817,0.0266110254062069,0.0213384126887718,0.011912539121707,0.0283129534963178,9
0.114525149998542,0.114056749585736,0.0362939790156547,0.0291802299413807,0.0199175425453194,0.0152598092846383,0.0557019329209344,0.11155448882522,0.136644188163349,0.0217579330243648,0.0131651964334999,0.0130603195499993,0.00132384728466394,0.000855609195702318,0.000398670468881132,0.000234025640648082,0.00311759463630548,0.012486475915533,0.0187518427597167,0.00047548133780822,0.088164300057872,0.0908669188881401,0.0301084001474301,0.0229468178459014,0.0155877839826329,0.0112450157758206,0.0440053629150185,0.0877617226740438,0.0976058887842272,0.0174647761703829,0.0262152678367976,0.0260034805795669,0.00263444638891094,0.00170276229610015,0.000793355278185246,0.000465660694720995,0.00620418531163949,0.0248678538515992,0.0373292808715146,0.000946418412942852,0.0806629842239465,0.078299156992551,0.0194444172592813,0.0229701477234829,0.0172358716175632,0.0112533482011832,0.044843885045833,0.080421381202652,0.0736119144223788,0.0197781851994877,9
0.0444209927349836,0.0243506369404956,0.00952285818417778,0.0115140207615257,0.0010322841822018,0.000335219343147151,0.0110674803720746,0.0234161085209815,0.0183148098698305,0.008381794699604,0.00198310960360715,0.000594241478585833,9.0782323769679e-05,0.000131603820659729,1.06673501691004e-06,1.12899530151543e-07,0.000122997209042726,0.000550480898420979,0.000332382860515335,7.03645619495265e-05,0.0342394392297024,0.0179089454886899,0.0061930252223376,0.0056720996868354,0.000653506297040801,0.000187418394065435,0.00771331706095751,0.0180214545648352,0.0136482377888638,0.00671806985743552,0.00394641681095821,0.00118419356610886,0.000181013087024507,0.000263517662526392,2.12694976122901e-06,2.24688699735695e-07,0.000244866877299035,0.00109597990107124,0.000666146502426179,0.000140267139232334,0.0212957679340705,0.0274492927234904,0.00764210399009876,0.00802849116083943,0.00094306160724689,0.000291372486454282,0.0105408449417806,0.0137114563492686,0.0209941687858387,0.00684523473092093,9
0.0301554609739892,0.00141858645156215,0.000671859024952981,0.000249117282635633,0.000555122917202207,8.27468569979147e-06,0.000398797407412998,0.0167762164728787,0.00108346392152659,0.00774119734249707,0.000910746953907954,2.01821339102886e-06,4.53286412252942e-07,6.21378011054556e-08,3.09682361484289e-07,6.87627427816953e-11,1.58190916724079e-07,0.000282644152153391,1.16071143188802e-06,6.02238358512814e-05,0.0217418664156695,0.00101600038042786,0.00042681860841794,0.000117866678620649,0.000264399919347323,5.89165880985896e-06,0.00028929658920234,0.0130144451111378,0.000786333588234361,0.00619130743761376,0.00181553078203036,4.02038582398081e-06,9.01485607096525e-07,1.23591908702853e-07,6.16295345009567e-07,1.36884942987494e-10,3.16432352368027e-07,0.000562638948515648,2.32876596243429e-06,0.000119847185206087,0.019856138175835,0.00156862743955621,0.000440526998942528,0.000105490655551416,0.000158959225106022,9.1527197246691e-06,0.000441067914948082,0.010016501935986,0.00120010334113188,0.00528621657540406,0
0.00264529322083681,7.73316755643368e-05,0.000506509556251618,0.000325606858001324,0.00159986155285537,0.000229407282234367,0.00233142000322699,0.0122844381861869,5.74730865912736e-05,0.00740450943836067,6.94268721199021e-06,6.01013148837001e-09,2.57833725927592e-07,1.06550856976444e-07,2.57149904422238e-06,5.28911124457096e-08,5.4066219749237e-06,0.000151544177896846,3.29223617688983e-09,5.50898375344164e-05,0.00188948089666869,5.45496331680927e-05,0.00021823863783136,0.000115164597862385,0.000427968805557607,4.82453459700819e-05,0.000535046266708694,0.00947233258013508,4.16487744615252e-05,0.00607908945336218,1.39054583660028e-05,1.19598723322353e-08,5.10538847577909e-07,2.12037755571856e-07,5.10910141383336e-06,1.04968860619759e-07,1.0815089185659e-05,0.000301693752613596,6.57877194601837e-09,0.000109593086060838,0.0029147457874254,8.54795867233601e-05,0.000141709438444348,6.96197899398791e-05,0.000462907609442479,3.81171343597672e-05,0.000707397888794507,0.00656275781255436,6.3595668564351e-05,0.00408822067140045,10
0.0719711289641232,0.0501983649694938,0.103050501973373,0.0936574320600482,0.0105134089122617,0.00773530489777026,0.0770335760591045,0.0866306309119866,0.0565092504089124,0.0389894615882754,0.00517723111520062,0.00253247199899021,0.0105824271233729,0.00875414847765089,0.000110943556898777,5.98531811787586e-05,0.00596297242201336,0.0075406402659985,0.00319748313385857,0.00152755218767378,0.050469972475747,0.0290794197710056,0.0784433653335749,0.0645560065885581,0.00846515081461655,0.00565689155707326,0.061893600238457,0.0680027854640728,0.046548344095694,0.0276179061079345,0.0103309411852639,0.00503966542918668,0.0211485945214996,0.0174817433463153,0.00022090254318618,0.000119387728688508,0.0118671745007308,0.0150077870553997,0.00637475378952087,0.00304001177684964,0.0487503497147489,0.0293242754599964,0.06974916647085,0.0598904307849527,0.00606988238436628,0.00542960291589335,0.0479608865569823,0.0670325240881777,0.0376487989894442,0.028947525044432,10
0.0567050531874027,0.00601596686813424,0.0681601025889785,0.0739194565028561,0.00722878554341382,0.00413835874909139,0.045225571140519,0.0330875903968062,0.0246198632631443,0.0306906190173619,0.00320897339905652,3.63179057102162e-05,0.0045916807925295,0.0054475408105022,5.23678910199632e-05,1.69327794510568e-05,0.00205405660246424,0.00109730369248929,0.00059859534695148,0.000946559791312473,0.0484667940361436,0.00464527147859966,0.0501649502659222,0.0586656721477135,0.0057319284246014,0.00268014915504631,0.0340067434965991,0.0260252182100842,0.0175104922390586,0.0229667175955909,0.00640832575570004,7.23273225820056e-05,0.00921452063522744,0.010884360277456,0.000104358789840987,3.3974128668848e-05,0.00408910302913605,0.00218660576924455,0.00120173996410733,0.00188373136156245,0.0540953739454745,0.00714634344921401,0.0788393413765449,0.0902413563373513,0.00845011452096927,0.00400227337057277,0.030348239532675,0.0199300224320172,0.0275702619147885,0.0241811549795992,10
0.0221533785049259,0.000422974560986904,0.00481935581651884,0.00701536558788372,0.000884360830094912,0.000139135548671846,0.00373609656826614,0.0167647393892191,0.00150757402137097,0.00954215367299357,0.000492850673433806,1.79349367692465e-07,2.28762684676569e-05,4.81388754864663e-05,7.85372126583852e-07,1.94436927411097e-08,1.38153296610867e-05,0.000282468033479617,2.25264080839788e-06,9.13600071964184e-05,0.0180859201390179,0.000303496927263921,0.00335675069360801,0.00494688530144667,0.000597573549932908,9.63414521422184e-05,0.00270337958430931,0.0127163069910562,0.00105729201586087,0.00803583590073881,0.000981154289647272,3.57349263246961e-07,4.59879419676383e-05,9.71132197939484e-05,1.56351070385355e-06,3.87038579545479e-08,2.77042651380174e-05,0.00056210471332132,4.51409546574875e-06,0.000181948829670584,0.0112791872220213,0.00046786325932916,0.00527395853850296,0.0077936045342854,0.000704992538863802,0.00015275415216522,0.00413851492506755,0.0102921636555757,0.00166414341768756,0.00731700218815949,0
0.018819489514741,2.30673548892566e-05,0.000774740281222781,0.000422229992934734,0.00235297036429986,0.00127704728359145,0.0163892239282592,0.0159714897157781,8.09441667804051e-05,0.0082789593677272,0.000355951400330988,5.34741347439403e-10,6.0253641711882e-07,1.759892483102e-07,5.55687359060805e-06,1.63861790280011e-06,0.000269015666273079,0.000256236946136685,6.45889778394066e-09,6.88789691376157e-05,0.0142386341208347,1.62940861734988e-05,0.000524247414641154,0.000284629888985715,0.000999903426210294,0.000451751086357428,0.00839172843180384,0.0126818723677579,5.5977672554771e-05,0.0066807650039027,0.000708338337303984,1.0641352751635e-09,1.19956602157228e-06,3.53142571208763e-07,1.10652568460319e-05,3.26011705409222e-06,0.000536276147241963,0.00051003610247349,1.29784042344318e-08,0.000137069243915049,0.00956131214026148,2.54979382110483e-05,0.000240528286597079,0.000395313690170924,0.00107098314833484,0.000449882573427948,0.00831280455624627,0.0105998724882826,8.97152253140838e-05,0.00557797683565579,0
0.0758325464097995,0.0245154887313722,0.0824682466120941,0.163183845680257,0.0157667869868196,0.0101848769371453,0.0687185286585763,0.0965696856511923,0.026464276147661,0.0419503560995363,0.00575728906120745,0.000601860235842202,0.00679357156342114,0.026522008002655,0.000247764777756894,0.000103506205868999,0.00472331457411716,0.00926092952843284,0.000696845293809808,0.0017680580568582,0.0451896724987523,0.0138279734647677,0.0515394828833298,0.0969723868617157,0.0114151086716942,0.00743779651156478,0.0489043597116964,0.0710262581691306,0.014182199326126,0.0291474676882706,0.0114784803252556,0.00119984826270616,0.0135606134982722,0.0530181851560417,0.000495102852323098,0.00020671997811362,0.00942082546180572,0.0185401682744752,0.0013937184975412,0.0035190023604305,0.0407587613127772,0.0124770064091603,0.0536520142784392,0.082176595251982,0.00920915171072967,0.00672322988408295,0.039638376608833,0.0590787721853051,0.0169426074671934,0.0303539040791385,10
0.0555267618460795,0.0110673405392501,0.0522741355493544,0.146576185957446,0.0107825385719577,0.0074169523696624,0.0359544166462637,0.0768583763391217,0.0181417786490779,0.12226537970036,0.00307706695824673,0.000121398915553955,0.00270928428570979,0.0213801581690237,0.000115242536198729,5.4610160639287e-05,0.0012834702877707,0.00583505894055183,0.000323902896668747,0.0150078122505194,0.0408689705915655,0.00878312359856537,0.0386356599022247,0.103388023610675,0.00608453421661514,0.00407499602841401,0.0212467085613326,0.0555074876479732,0.0109964393419731,0.100393217515609,0.00614482749595696,0.000243277292150962,0.00542830276856687,0.0427577952388089,0.0002309276926904,0.000109341448653048,0.00256960788112339,0.0117130633981557,0.000651405871373311,0.0298815528830782,0.0623028998234477,0.0137363188253722,0.0613064512640601,0.156965020168301,0.00853726634486785,0.00543831256972976,0.020657869443159,0.0845377289151976,0.0171272701327846,0.11311848029534,10
0.0607048974273878,0.000917468069425485,0.00379352310348434,0.00959689779128237,0.000804662291251537,0.000104425701843913,0.00491146849548612,0.0229778208781108,0.000485157032940978,0.030613846821635,0.00369084040168825,8.20506830483695e-07,1.43440661737528e-05,9.18065443513186e-05,6.44370328840224e-07,1.0597547101605e-08,2.42089310268615e-05,0.000528801639756377,2.35849005168622e-07,0.000929489334731701,0.043869924296738,0.00065194121499194,0.00260826507249642,0.00659953374859684,0.000565431334838832,7.27433711558187e-05,0.00296103447924518,0.0174969946286049,0.000334906860741616,0.0238610478104265,0.00735734462413351,1.65815186171038e-06,2.86625131202915e-05,0.000183441200813479,1.28741172734517e-06,2.144925114236e-08,4.82090372826112e-05,0.00105411391908166,4.70032971388672e-07,0.00186204057933025,0.0402131278061266,0.00101762249083968,0.00416676692810637,0.0106579699003283,0.000565337682354537,0.000113457245373451,0.00228681523399673,0.0143940805077824,0.000536025677914479,0.0304370916840297,0
0.041033849314749,4.65323130075663e-05,0.00058306920824253,0.000520038198123233,0.000560952045438691,0.000231389816614596,0.00642437795697728,0.0140757694550867,2.60921275073266e-05,0.0119418019526383,0.00168543341937267,2.11348826543497e-09,3.41320183672659e-07,2.68110469669721e-07,3.15983485047577e-07,5.38071324373158e-08,4.14697739817579e-05,0.000198344480134618,6.79309328592237e-10,0.00014290492325762,0.0328126839125964,3.31985644778594e-05,0.000314319457624243,0.000356318966348086,0.000281745391850756,6.81824076533522e-05,0.00270101943329761,0.0115813052482908,1.7911104530055e-05,0.00886776379472575,0.00336000859894463,4.26817088735495e-09,6.75048261825261e-07,5.37199617492231e-07,6.2906791887345e-07,1.06802985200684e-07,8.25311089216504e-05,0.000395428649479877,1.35667751752968e-09,0.000284796839823759,0.0299357129674348,5.16235202071976e-05,0.000181983845793052,0.000574718157268457,0.000167127619751246,3.69339768523666e-05,0.00279001481669214,0.0075492183845598,2.88679868709943e-05,0.00957479333505508,0
0.0901710239294401,0.0218661927997693,0.0884837744400384,0.145872062651362,0.0146912408107995,0.00994114801810572,0.0611925663087448,0.0976898783563811,0.0783926571963379,0.0459297232159173,0.00815218984532735,0.000480371618370709,0.00786412844749195,0.0213573524477436,0.000216272380372228,9.89945290959482e-05,0.00374653346859837,0.00958269155588989,0.00616927766334412,0.0021083255511368,0.0540265578730201,0.0110457747060085,0.0538486800291527,0.0861566611240143,0.00986223776196127,0.00555270989567939,0.0449745779672577,0.0680865108908929,0.0359325388000245,0.0328474289199821,0.0162419916534895,0.000956043809299224,0.0156532552531893,0.0425288925512264,0.000431017042121533,0.000197306103295745,0.00747201142004443,0.0190780040499821,0.0122835135747015,0.00420730377953458,0.0606092979777435,0.0149081225497217,0.0620897542879204,0.101487053946273,0.00837715011074088,0.00707763368506943,0.0323812851840062,0.0637382675414251,0.0502524873784415,0.0386380117113368,10
0.069033324281025,0.0197035796763406,0.0566755166424459,0.117926935284935,0.0155655803631422,0.0153409147518602,0.0808201474893828,0.070429973050006,0.0542265332503818,0.107630776324323,0.00478076237659594,0.000389833051724803,0.00322579837696903,0.0139727272262033,0.000243103009611896,0.000236079516018738,0.00654393533901471,0.00497905623639975,0.00295162550579744,0.0116383452235157,0.0541936851398515,0.0156278461476031,0.0396272592865713,0.0885776188813576,0.0125869035959285,0.0109406458971382,0.0586643807967882,0.0526654894228697,0.0406976683978516,0.0875464368110696,0.00952236978307323,0.000776088031155877,0.00642113792594347,0.0278085513443954,0.000484174504758158,0.000470225697686821,0.0130431068017862,0.00991446684880051,0.00587710640306233,0.0231645141956364,0.0739890320871539,0.015522985291952,0.0585416994005514,0.128282124507268,0.0138089759903499,0.0117258185316303,0.0506090964545385,0.0496603013996843,0.0583943941740019,0.091085509339401,10
0.0110904882307416,0.00296613315106611,0.00981039156980112,0.023661677760604,0.00209472492557312,0.00128276013083834,0.0214304495907239,0.0221193485449702,0.00434330922688968,0.0283089887443071,0.000123614277020659,8.81224916944215e-06,9.66251921980977e-05,0.000552907321522024,4.38816749290056e-06,1.64401022410547e-06,0.000460992233315155,0.000491714428668988,1.84678523503423e-05,0.000804950995034787,0.00879999587993309,0.00205628257895541,0.00706607202147096,0.0164518260618573,0.00147339284069884,0.000904807507101347,0.0172378279215138,0.0183042865351136,0.0031239016974232,0.0218964193367885,0.00024599296427891,1.75656361658215e-05,0.000192360482185565,0.0011100073387946,8.74973300164057e-06,3.28061906016198e-06,0.00091772176037761,0.000978517892546192,3.72396779769835e-05,0.00160222235747332,0.0105275678991044,0.00329644465945571,0.00858663922868677,0.0263601636284625,0.00226437148767231,0.00130728065876765,0.0175859205892685,0.0140128910959838,0.00481937321707688,0.0308855378501795,0
0.0116135671654101,0.000162014588743025,0.00270819312258044,0.0012903667947678,0.000722681759451557,0.000253554927948404,0.0205236952283538,0.0209564080421316,0.000320141641068525,0.00723942845084237,0.00013520796154961,2.61484065364283e-08,7.30346745011296e-06,1.6338201788462e-06,5.24689705012978e-07,6.46091696326814e-08,0.000423190609117942,0.000438918185386492,1.01826347370908e-07,5.25724909528312e-05,0.00752893510773626,0.000111125746080795,0.00188586887452853,0.000885208557251258,0.000405039864604057,0.000119993071564153,0.0162672063474249,0.0167111408659,0.00019979815740599,0.00567876745326501,0.000269406765811079,5.22651596782888e-08,1.45916226056412e-05,3.29054411636337e-06,1.03429358533559e-06,1.28284145500394e-07,0.00084229668084624,0.000875878192481242,2.03482101451772e-07,0.0001047030627467,0.00759222148577595,0.00017928335728523,0.00220984844061066,0.00141061379238391,0.000223172233386781,0.000112632257620583,0.0108013987285467,0.0121224918676745,0.00024580245835563,0.00433099382161879,0
0.0472819138798953,0.00979692348930221,0.0518267718836264,0.0748079508641558,0.0188019456367598,0.00843291207608412,0.0730759993328638,0.0745349854493277,0.0344066262130922,0.0348689865251974,0.00222200996047523,9.55045562184868e-05,0.00269225470452523,0.00548731271777815,0.00035457555662814,7.13705732740011e-05,0.00536550749330186,0.00558266407865571,0.00118005215733737,0.00121023376013648,0.0244554661478644,0.00379185986104214,0.0260182202277155,0.039802418027992,0.0134862301691476,0.00559770237430708,0.0452599591781003,0.0486383193117032,0.0127825503976697,0.0209059865965305,0.00444628725116485,0.000191005674534114,0.0053640590786956,0.0110560625524094,0.000706308691158145,0.000142121490933128,0.0106787808878332,0.0111101249468699,0.00235774974433416,0.00242002740508368,0.0227120138998346,0.00424520156609675,0.0232440899813895,0.0423569460121402,0.01069150028006,0.00451123726284114,0.0421525019614956,0.040019932611729,0.015111562065545,0.0258139279421939,10
0.0809727867016013,0.0402075990401969,0.143573104682985,0.455987201483712,0.0300531471041459,0.0142159084247439,0.0889653554523478,0.10054874536487,0.0758002953130407,0.0640107557321839,0.00656697616646244,0.00162449704282586,0.020716803677048,0.208938123239312,0.000907634374312703,0.000202813581309369,0.00795460607677305,0.0101547827463628,0.00577061482052835,0.00411630531638133,0.0639350723347143,0.0330858497029412,0.114923207801211,0.368901444679353,0.0243006415029899,0.0118773006228497,0.0643259450576726,0.0761460682571779,0.0549931922364591,0.0526042792469431,0.0130907165797546,0.00323299291704097,0.0412263220762056,0.415814677085583,0.00180625144788479,0.000403889524785334,0.0158296672114748,0.0202140586385885,0.0114873018974491,0.00819307104614059,0.0795378487813651,0.0348153001784722,0.116781974055695,0.413680770564407,0.024205266626966,0.011944530788802,0.0684616619602195,0.0654686142462081,0.0464264701142877,0.0560655127793851,10
0.0283782859576219,0.00646273084495985,0.0180149086292134,0.0494342886058564,0.00356489610627833,0.00107982079350615,0.0185331594032312,0.022990879447194,0.00698346246227769,0.0290738209275217,0.000809365763793268,4.1778919854592e-05,0.000320144437027903,0.00242092412850194,1.25086653183877e-05,1.12350029997123e-06,0.000340771729349914,0.000526717926069269,4.78346677800111e-05,0.000846779628724451,0.0210759046267074,0.00469497418821807,0.0131499814345803,0.0359577653078032,0.00256342354931348,0.000723248892555893,0.0148709068469554,0.0179957279216506,0.0050707966541663,0.0219663357566633,0.00161054727480887,8.33360224595595e-05,0.000643061122413622,0.00485249564475896,2.51542587259552e-05,2.2838876636006e-06,0.00068254152466425,0.00105262785269164,9.63625202155138e-05,0.00168782505468169,0.0248913571839027,0.00721523821775848,0.0200250529347877,0.0548628856784017,0.00387027854523968,0.00110022309213524,0.0165810188005839,0.0211817507349564,0.00775570016136332,0.0291283238318559,0
0.00260648957634214,0.000366148945164365,0.00126130411135853,0.00266273246289154,0.000622484725471706,0.00023510758622702,0.0136253551294377,0.0144880120460083,0.000404901433711754,0.00829766494755238,6.74518360890386e-06,1.34672873832912e-07,1.58897286932537e-06,7.07830016388001e-06,3.88684947159649e-07,5.55211513475284e-08,0.000185718928775695,0.000210941697455158,1.61992550060431e-07,6.89433251499991e-05,0.00203606964146245,0.000260069639746957,0.000923613755945896,0.00192833282753748,0.000384902548875677,8.01897270199504e-05,0.0110813537771067,0.0112248275069798,0.000275667738202017,0.00648755796362594,1.35018127941012e-05,2.68055813485348e-07,3.16692822309365e-06,1.41317858734946e-05,7.73973968597852e-07,1.10233830664698e-07,0.000370432481675068,0.000419734764579632,3.24904470123635e-07,0.000137449125775181,0.00229346605610168,0.000404781519876549,0.00115721639629035,0.00292541372739958,0.000222118353086193,5.20342480076938e-05,0.00923190108512601,0.0091243573770432,0.000366693485653324,0.0057151489545358,0
0.00620879681656374,1.99841256180448e-05,0.0073426580330995,0.0079327403197838,0.00895373422735473,0.00590977312602029,0.0241154401194517,0.037910470713508,0.00297963018131116,0.0148041894525084,3.86983809149072e-05,4.01237316455465e-10,5.36896508432193e-05,6.29367264577371e-05,8.05112264223798e-05,3.50900319827519e-05,0.000583973843234042,0.00143114472263503,8.89721954989427e-06,0.000218039662208079,0.00387992182549361,1.39698709370229e-05,0.00269434454694871,0.00354487366312933,0.00575015465864594,0.00351744097265828,0.0182142598631207,0.0240553546585459,0.000791651962339257,0.0105579176505131,7.70528225411872e-05,7.98570205148543e-10,0.000107334798566607,0.000125533194022348,0.000160277654484459,6.98371377347996e-05,0.00116255743718477,0.00286117939868027,1.7730648276341e-05,0.000436092280982747,0.00314031789472768,2.20906219598605e-05,0.00316187204489091,0.00335003811364704,0.00444827643339473,0.00337443970987967,0.0135866717698353,0.0197527854999337,0.000926075376816671,0.00894655364653884,10
0.0808005703793145,0.0448054847539621,0.146280924677287,0.322983737788066,0.0237986809560111,0.0145447744150611,0.0675898717611007,0.0791787483979593,0.0621390883251675,0.0320144911499656,0.00656137775537355,0.00201760914825228,0.0214912333280031,0.104830788564008,0.00056756032835297,0.000212499017741357,0.00457769842858839,0.00629865489666152,0.00387987389470663,0.00102717753036451,0.0559308454461591,0.0307414675730922,0.122482723509108,0.266581740169072,0.0188880385940112,0.0110693647840812,0.0542258377335414,0.0684242740126083,0.0462169752665896,0.0235633284952847,0.0130570985031874,0.00401504820709582,0.0427818450143258,0.208624312347467,0.00113108932758747,0.000422985458142858,0.009122959008716,0.0125362666061742,0.00772170501770454,0.00204686834199972,0.0470513160372396,0.0310531482463173,0.107175013624857,0.314822098219078,0.0151304992978153,0.00725094634306957,0.0392522227600687,0.0557357886587746,0.0406135193905686,0.0198661120320684,10
0.0123909879674629,0.00618528715413665,0.030310489745617,0.0604884604150876,0.00674611476080556,0.00400119162508908,0.0326957235530804,0.0283725400649189,0.00598806154502656,0.0352699516238383,0.00015426132142312,3.84443894901354e-05,0.000905202163210985,0.00366209336876363,4.47870365568341e-05,1.59142543143343e-05,0.00106598931121164,0.000803574893448436,3.49943966045135e-05,0.0012500181776715,0.00886675798874506,0.00437551845688363,0.0218823070527299,0.0426665947671963,0.00459010470965003,0.00268397460305888,0.0231221914365981,0.0213832187353584,0.00424686916361492,0.0259154176941302,0.000306968442868191,7.65076404731161e-05,0.00181938966120541,0.00730243368123886,9.00609159436692e-05,3.18437232068942e-05,0.00212966969666115,0.00160455575651827,7.06759384287914e-05,0.00248767146911708,0.0120758209851335,0.00692354559836387,0.0335722446725274,0.0652672649252638,0.00729559900407008,0.00428999436756319,0.0343469729784811,0.0203749492740796,0.0065046158262147,0.0298153664254272,10
0.000982456381079512,0.000413088704107763,0.00167168387288168,0.00300593656453593,0.000588900888422331,0.000158572662725589,0.00497732924452552,0.0115374703167772,0.000367896662717782,0.0105518089575035,9.67206292379378e-07,1.70910659217487e-07,2.75881690647157e-06,9.06869931187904e-06,3.45294446171733e-07,2.48017981227733e-08,2.48687302417064e-05,0.000133414236767245,1.34817717685625e-07,0.000111894772502783,0.000716846891756721,0.000258352234766103,0.00124133266506041,0.00213954055856654,0.000369666050051146,0.000112314092400476,0.00373743457494497,0.00926549527354742,0.000234638714980775,0.00812194984769824,1.92704584275713e-06,3.40502041701262e-07,5.53890791691697e-06,1.80589629485535e-05,6.82901413653324e-07,4.98224880458563e-08,4.95159078549154e-05,0.000265853962321989,2.69177618133801e-07,0.000222675625805325,0.000924499220501849,0.000377127926524593,0.0018027971092722,0.00328859969531318,0.000338627254258758,0.000178549843777074,0.00218479603940109,0.00886832067670411,0.000323396276778793,0.00679215022785299,0
0.00325750644423111,2.06356778345844e-05,0.00330001723245663,0.0107821693927784,0.00958695980084965,0.00813006501382214,0.0709067039750537,0.0217227995591443,0.0165854649905812,0.0145301084470951,1.06644652181815e-05,4.21914357366038e-10,1.09375151204396e-05,0.000116744381999881,9.23682931367684e-05,6.63800508205404e-05,0.00505030844956031,0.00047397535534805,0.000276358518240495,0.000212079361544958,0.00176953050170112,1.41889529591286e-05,0.00162255663514561,0.004794823643264,0.00585414372719422,0.00460834208972207,0.0438973854168919,0.0164649714981566,0.00874793299452874,0.0115980409750306,2.12205991429027e-05,8.45621139976731e-10,2.17661287764663e-05,0.000232414279612145,0.000183815128851279,0.000132144106635435,0.0100527451592719,0.000943448129041762,0.000550050498192794,0.000422107661261566,0.00168218382450618,2.28639199525762e-05,0.00123968826484226,0.00453428889934114,0.00524145643885424,0.0047929984293663,0.0450910162221009,0.0127826130235199,0.00840804864875473,0.0111092096973653,10
0.0762193012820213,0.0345352586025824,0.0585611598784271,0.206267491599057,0.0222638769799932,0.0106224593566343,0.109587816470335,0.0787655670344474,0.0221313372955522,0.051890190180405,0.00583824652690527,0.00119854262281825,0.00344070082555823,0.0426480672706314,0.000497453235574562,0.000113288223165312,0.0120683551047729,0.00623513374882098,0.000492255212934668,0.00269037137048498,0.0505779914289537,0.0216893925215786,0.0377897744371865,0.147568873791571,0.0178998864571092,0.00844870717122828,0.0851919279118893,0.0612269097729741,0.0154754183326165,0.0345587564755538,0.011617675033267,0.00238507790232836,0.006852438020672,0.0849803466436191,0.000990634131340084,0.000225557601615203,0.024017291195615,0.0124077465005079,0.000979587895358406,0.00536889615215043,0.0535475090529204,0.0214224893238986,0.0338937052083579,0.103346630489457,0.0126358111547083,0.00570075463149773,0.0959794675140409,0.0502741106430575,0.0142413401213239,0.0304662330720563,10
0.0157120471494595,0.00761258585332164,0.0161293189679276,0.0809370370041751,0.00934633682801216,0.00406598777135224,0.0226526603612566,0.0323120741023404,0.00421924313508557,0.0686218383940558,0.000247819633431054,5.81664415045103e-05,0.000256652459025044,0.00649621473619466,8.71091733239199e-05,1.63552156375444e-05,0.000515685267049174,0.00104915275734869,1.78494909694882e-05,0.00471799412812974,0.00914347607827427,0.00605022085901693,0.0118714671150686,0.0601496322610464,0.00645408694025104,0.00298312849726607,0.0167910460724106,0.0256969331417574,0.00341212921863542,0.0498444458719149,0.000493433387821352,0.000115825773594358,0.000515507503504185,0.0130144990280765,0.00017402550975151,3.28056263274197e-05,0.00102623727799372,0.00208797023769211,3.55621723790949e-05,0.00940299796491864,0.0101920630402359,0.00913830820297803,0.0177319424100531,0.0947539893615595,0.00871932313766861,0.00475696532614411,0.0179733146277219,0.0307579874085501,0.00536300504193616,0.0678454540053703,10
0.00400245342437875,0.000596754931215157,0.00117511851852816,0.00512193435315414,0.00085793162527759,0.000285417605005869,0.0040051843080336,0.0118185464055311,0.000369640346728119,0.0130385187941768,1.60775064540279e-05,3.50298140576471e-07,1.36148303691977e-06,2.56010680340522e-05,7.36757657328953e-07,7.94280274797998e-08,1.61047514819107e-05,0.000140183389799213,1.33079169023583e-07,0.000169877082655939,0.00169628508436685,0.000431491110352226,0.000863351856229469,0.00363214939025391,0.000567052286798526,0.000198205547481638,0.00316873846403175,0.00918281154612321,0.00025987764977578,0.00945904656895911,3.20166446626061e-05,7.04656175329778e-07,2.73264739928467e-06,5.17072249290251e-05,1.46666399276712e-06,1.60493761521484e-07,3.20654652212558e-05,0.00027915874529574,2.69047434328246e-07,0.000339017562058474,0.00192779258041362,0.000661432042288739,0.00114108535255599,0.00568708793710644,0.000466287416071759,0.000312186979527799,0.00198006006990228,0.00708641521316341,0.000405909848036157,0.012255666659388,0
0.00359322421561044,3.12695638293415e-05,0.000639547613772513,0.000470372946235353,0.0120082440161672,0.0104130494857132,0.025546175937281,0.0172239836486543,1.80678410876601e-05,0.00839182025421722,1.2941938994831e-05,9.69764025363559e-10,4.11075140285413e-07,2.19723254675934e-07,0.000144641921092577,0.00010860779349951,0.000654640908535009,0.000298011994899132,3.18288680862198e-10,7.07584374364888e-05,0.00264762269579313,2.27082549124602e-05,0.000323113652474377,0.000266282638816963,0.00709911917358086,0.00559241974595167,0.0180014084081485,0.011959548093182,1.28484696028109e-05,0.0064961405230411,2.578178936509e-05,1.94266435646586e-09,8.08083857439744e-07,4.3739233522666e-07,0.000288116630317484,0.000216495377315022,0.00130397382996443,0.000593174154047826,6.43143974915144e-10,0.000140826919060919,0.00247234740699746,3.4622115247791e-05,0.000233326649592994,0.000261181363350645,0.00660494316239538,0.00619148861632611,0.0184872391113724,0.0122191838074193,2.00471287255083e-05,0.00476739884535603,10
0.105078859218558,0.0307067702007488,0.0979229602475248,0.402181842103045,0.0335324514309439,0.0171584195510644,0.0898685538909794,0.156602135117824,0.0337219727824839,0.0638564174990071,0.0110952161682106,0.000945112640066332,0.00962019624313927,0.162506142908794,0.00112986290284486,0.000295461054290355,0.00810022984622319,0.0246415438486075,0.0011404738037163,0.00409404626213968,0.0752727967463139,0.0220384013865184,0.0719917074401474,0.274253304341783,0.0256007121811693,0.0129837613404008,0.0671332552921089,0.123737593685677,0.0216384072894401,0.0516734298221744,0.0220795725007961,0.00188327643295597,0.0191603644104682,0.323440162086716,0.00224861221586527,0.000588381243543843,0.0161360327050883,0.0490423418014097,0.00227181084446243,0.0081512180721274,0.0592500752526237,0.0170290475488034,0.0643222119614498,0.282150889702214,0.0265268650211018,0.00962009972166085,0.0435673184172439,0.1221180682154,0.0166566310583275,0.0612609925439314,10
0.0289946493096769,0.0101473920595263,0.0437739623305112,0.0754035847036976,0.0138322416201421,0.00556794101526141,0.0650120309791549,0.0608685455307355,0.0094046109176973,0.0910223137305941,0.000842672098284607,0.00010122272229439,0.0019119965773219,0.00566244682796741,0.000191660043722865,3.11546068724051e-05,0.00424104386257366,0.00371677566450765,8.66773766094616e-05,0.00828511127229646,0.0221400552124595,0.00699248806461784,0.0333111663590394,0.0549369505186852,0.0102410975445152,0.00403595543567656,0.0504758200846481,0.0458445287800452,0.00627224001145683,0.078759829971886,0.001679130763883,0.000203685974640648,0.00381859253924368,0.011319739326666,0.000382025811900509,6.20007906209508e-05,0.00844638421404837,0.00740317117723557,0.000174690223469665,0.0165287440556683,0.0313641871821662,0.0111403386284517,0.0520365020386243,0.0863918803671542,0.0137145360871344,0.00386075279965632,0.0627380048784694,0.0596801380295276,0.00992086184790652,0.075674863716551,10
0.0033960631613094,0.000475522032532825,0.00337450283964857,0.00491821190402347,0.00168129330423189,0.00054439775073377,0.0117391548296384,0.0118364232244741,0.00035658281861165,0.0274459545511021,1.15569479735408e-05,2.20532167608648e-07,1.1306888783171e-05,2.4209233920512e-05,2.7998985113823e-06,2.97730263907236e-07,0.000138498191864581,0.000140800727804552,1.23928124129051e-07,0.000739417075831789,0.00250713121237123,0.000337450071427827,0.00231161199705206,0.00338860390587661,0.00129190778167897,0.000365432858241583,0.00896818971651057,0.00960689370641726,0.000253112754160609,0.0186576739714732,2.30303010511492e-05,4.4555049382284e-07,2.26361744251964e-05,4.82741625839302e-05,5.6125747988249e-06,5.91710641742647e-07,0.000275579913958988,0.000280186907758845,2.50459785717955e-07,0.00148899835979034,0.00365072802771285,0.000527673882430397,0.00363107414343355,0.00545631676147888,0.0017107258092344,0.000487706571556322,0.00872947770744464,0.00866568835035534,0.000395321783172846,0.0269698179532861,0
0.000758250602722745,2.41461753744424e-05,0.000654172234793491,0.00070513998734729,0.00168121161019186,0.000915425804547441,0.00344198148452971,0.0131364097646254,1.80604753577856e-05,0.00933085100903516,5.77309600323934e-07,5.68558828706193e-10,4.29493650059263e-07,4.99231843758291e-07,2.79365032941439e-06,8.32972629473291e-07,1.18537737649339e-05,0.000173374182999923,3.18405179768149e-10,8.74483438313665e-05,0.00037621228361612,1.71799958542446e-05,0.000367686638408793,0.00031522844605489,0.000478833032961945,0.000147845487036059,0.00198037747141896,0.010431980293327,1.28871958212764e-05,0.00730243696197794,1.14907284238459e-06,1.14875336583153e-09,8.53921509391296e-07,9.9259466762497e-07,5.60481419803157e-06,1.66613182694596e-06,2.3626637997823e-05,0.000345065486480327,6.4299295750559e-10,0.000174075133171693,0.000199124212086107,2.67913372748739e-05,0.000199893830746235,0.000251145206732846,0.000472249159776392,0.000197988470423001,0.00266968534701919,0.00995808147901996,2.00364985609513e-05,0.00563336156834204,0
0.0831418991587122,0.0123659205732433,0.062835876937655,0.160814260800366,0.0227004623503756,0.014640628631253,0.0910659070724464,0.0873617498596971,0.0162823117852175,0.0509729595146125,0.00693887708431468,0.000152785028487913,0.00396574820032356,0.0259152249266285,0.000517611546946811,0.000215369750795073,0.0083168487609135,0.00766076499356914,0.000265978806908757,0.00258879379371769,0.0509032762380058,0.00639976309837187,0.0446934887327731,0.101133739177822,0.0180585656977097,0.0106402088857077,0.0655613854806759,0.0607649924546876,0.00877802959399576,0.0372621952756528,0.0138163014994931,0.000304901581374567,0.00789390022114303,0.051646553418161,0.00103031823715243,0.000428605129724078,0.0165676987913236,0.0152544696089949,0.000529752947734249,0.00517408432924738,0.0493178194204253,0.00533027409663205,0.0345376056368637,0.0974286431286329,0.012455753523869,0.00869121944860858,0.0677573406005361,0.0582853961904026,0.00834969206553486,0.0365989326324554,10
0.0509231772560185,0.0161470038949749,0.0770116208430169,0.207097592514324,0.0179485617617477,0.00932774742003523,0.0585577483421866,0.0450339774935916,0.0219668702700446,0.109441896351921,0.0025977661368665,0.000261196586909296,0.00595581845895022,0.0429957468899043,0.000323642420070602,8.74373645327233e-05,0.00341471374501386,0.0020291473971074,0.000484385444721992,0.0120366102504812,0.0383666011934845,0.00816639583268579,0.052420156949113,0.155953041958539,0.0121434461761705,0.00693497116940723,0.0438791154557361,0.0348449921111936,0.0135699571011064,0.0920452294890167,0.00517784233486208,0.000520605314932905,0.0118560062779188,0.08566803502685,0.000644157954261916,0.000174006892637979,0.00682664919396544,0.0040468642456146,0.000964493423179442,0.0239539403138243,0.0463495688115858,0.0122527217303725,0.06461639821394,0.198867085035704,0.0156302271183645,0.00658543413972171,0.0326840096919388,0.0289661370959024,0.0170626280488114,0.0849439956555073,10
0.00635807271300044,0.000294633265472866,0.00372376213215474,0.0175275614968714,0.00110277745995476,0.000428773354197003,0.0137731340067373,0.0169032321283453,0.000445206803961901,0.0312727987354932,4.06216894156174e-05,8.63171636147401e-08,1.35920503911676e-05,0.00030617475823911,1.22185800643182e-06,1.81770739179168e-07,0.000189989656714381,0.000287002551505107,1.93444317353457e-07,0.00097040852367569,0.00388856164468334,0.000177940155003962,0.00263611348365999,0.0121026602715011,0.000767745976956684,0.000252002928548541,0.0101548261106473,0.0132037793375356,0.000316139754540485,0.0218697539820072,8.08422459625644e-05,1.72408146893473e-07,2.73886048924389e-05,0.000611845669169939,2.4312785159914e-06,3.64694760557453e-07,0.000378737331880825,0.000571209775601655,3.90685818338276e-07,0.00194352317452538,0.00266213318810855,0.000213998791278681,0.00411853642884488,0.0195149000067416,0.00100736626575389,0.000411213100294373,0.00770185500855952,0.0100297430071329,0.000494122238524989,0.0302200048367113,0
0.0012714015457318,1.39151545800012e-05,0.00069792971981759,0.000978744001545465,0.000564787448669471,0.000316271329276447,0.0119838368725993,0.0142570596004381,2.27380023243634e-05,0.00934380563743928,1.62317729298076e-06,1.91165103155621e-10,4.88943267702919e-07,9.48688113975941e-07,3.20572429021791e-07,1.00522521131055e-07,0.000144331163405973,0.000203630790598862,5.0568702063851e-10,8.77043341775511e-05,0.00092486079513149,9.53840901211048e-06,0.00041585241149213,0.000648806571768107,0.000296617732286322,8.7940336891504e-05,0.00994430390509747,0.0112688619141471,1.62936158008823e-05,0.00762058958827998,3.23100706352035e-06,3.83835444496359e-10,9.66663480886822e-07,1.90176009301426e-06,6.334983846926e-07,1.99074824957138e-07,0.000287216234685404,0.000405874166238824,1.02017162759098e-09,0.000174522025308772,0.000558569348673124,1.53701934250834e-05,0.000232460424293958,0.00103994420458546,0.000165112167604747,7.0971364015037e-05,0.00609009641335003,0.00872860771069537,2.52206747439136e-05,0.0054437999048767,0
0.063943077132371,0.0225760143053456,0.0301499685792235,0.0466302801098607,0.0139123736522916,0.00962591125450289,0.0783679477769591,0.0463591711916768,0.0570504653873553,0.038370292014156,0.00410591047775497,0.000510567858104985,0.000902619264484004,0.0021767938171341,0.000194365141183148,9.31224755199292e-05,0.00613465003824718,0.00215888047253399,0.0032371755526373,0.00147066563969773,0.0256817952370442,0.00842674084981341,0.0135781401815846,0.0200458672132082,0.0106917000505797,0.00725780539235619,0.0519391532319746,0.0282030213540601,0.0201698488095947,0.0250988228968183,0.00817382599140183,0.00101764614452007,0.00180712644600521,0.00434029241868794,0.000386934066316727,0.000185291040340655,0.0122452331909498,0.00429721166474016,0.00647571274944886,0.00293555252132657,0.0324620982657555,0.00963214307644869,0.0178446214122392,0.0221837781337901,0.00851707922646404,0.00508495411489193,0.0483272440350302,0.0254594910120372,0.0247450076022183,0.0188719808018551,10
0.0605281849918548,0.0212906941663007,0.0423557280409098,0.0597467712534798,0.017072452037135,0.00982719923383652,0.0718456439745394,0.0634436399410729,0.0763389094625438,0.0866746540441016,0.0036770168337705,0.000453443801589469,0.00178928705225041,0.00357639285445086,0.000292585562001634,9.70454589218774e-05,0.00516747596930365,0.00404376898824761,0.00581007758595204,0.00754306963554657,0.0491755227823386,0.0151933858631269,0.0275968801273564,0.0420641196271945,0.0133263258717735,0.00686669974229053,0.0550293332733732,0.0522573132526929,0.0610223091302855,0.0704707262447363,0.00732219398791541,0.000904462196006781,0.00357428433081073,0.0071280443678839,0.000582545265828137,0.000193133366563435,0.0103034223906935,0.00804820487054279,0.0116086251404629,0.015017708612587,0.0589819929887134,0.0205746347241862,0.0304329959323454,0.0445072184810912,0.0129707784984282,0.00557838190749171,0.0747508359804579,0.0587717026959569,0.0811192868877621,0.0780026147782795,10
0.00628417629959786,0.00131789902047439,0.00245487589958307,0.00306618745991768,0.00406945985608587,0.000744869244861209,0.0187142663199301,0.01643111970541,0.00684688837010991,0.0601782404591737,3.94766952437902e-05,1.71976926956057e-06,5.93415009003067e-06,9.29163114239959e-06,1.66181854963575e-05,5.51542074554349e-07,0.000349263232932779,0.000271332744955717,4.61633219085608e-05,0.00363947763375647,0.00459637816671885,0.000957470289314936,0.00185162974316076,0.00221943578086919,0.00295024324437335,0.00048113237143594,0.0140158392057302,0.0134116570840219,0.00496516685775739,0.0457957727165564,7.87694211962373e-05,3.44797013618909e-06,1.19304327702476e-05,1.8644735151363e-05,3.30946037732818e-05,1.10316816353778e-06,0.000697705360755837,0.000539943927796436,9.28101244333374e-05,0.00724264988612165,0.00667972292022082,0.00146037219533198,0.00271704551785566,0.0035021849370397,0.00451408829039587,0.000714535960045492,0.0142774428466309,0.0105596024141323,0.00760501635218465,0.0463286088251314,0
0.00131182454190534,0.000241838495776704,0.000730282703077206,0.000167023584510785,0.00066701169982788,3.42982943633087e-05,0.0140681767816068,0.0163747232014611,0.000353399783972786,0.010671682187623,1.72784482009319e-06,5.87517046959414e-08,5.34322303764536e-07,2.73267668131795e-08,4.46995964420042e-07,1.16751096319414e-09,0.000198795288560221,0.000269460857351478,1.23851163980852e-07,0.000114384835243636,0.000938533207786327,0.00010079243706547,0.000413208113738716,0.000117843439434926,0.00042054072918169,2.57605177151658e-05,0.0106585281687301,0.0134231375325516,0.000256509909100993,0.00851159017010646,3.43776055298788e-06,1.16652183383178e-07,1.06495955628008e-06,5.5086749685415e-08,8.88727248900337e-07,2.33804171332604e-09,0.00039571343921958,0.000536242270194321,2.48118654796075e-07,0.0002275690193579,0.00071555691270169,9.10072311228331e-05,0.000218237504782553,0.000185935540776814,0.000246230763991249,4.09726912084985e-05,0.0101033622156896,0.011244844124998,0.000391043448413114,0.00667569122605695,0
0.0172908227883691,0.00217414170956976,0.00863243015951621,0.0275571540238068,0.0108842718974162,0.00609437099074985,0.0359733294014687,0.0290190879779094,0.00115199905219892,0.0234286547946475,0.000296676503909251,4.74941463063299e-06,7.45151028712922e-05,0.000753954236450005,0.000118726172084039,3.73155022998761e-05,0.00130055452541516,0.000845602686919783,1.30987645201924e-06,0.000551418224406014,0.00615494312702428,0.00044733686088935,0.0047421048759821,0.0138582446953024,0.00808355389892144,0.00419153377605527,0.0251111588476379,0.0219169735473155,0.000166213133595256,0.0182792785396188,0.000594139963075048,9.45228231616621e-06,0.000148660936223529,0.0015095777265738,0.000236599468626657,7.42681976293319e-05,0.00258805514511698,0.00168347285283615,2.62894963878623e-06,0.0010975570933869,0.00575723390490344,0.000675568375929255,0.00406142927737138,0.0138058677950964,0.00545854600562677,0.00300801801023866,0.0215162544314522,0.0153575490457428,0.000308133971620036,0.0150546054450193,10
0.0939553472089222,0.030343564933832,0.0700713283710708,0.063138572553962,0.019791220646961,0.0125743223963136,0.0985032955675885,0.0807822018247961,0.0286221643277001,0.118981792592367,0.00887083368814865,0.000925213752990923,0.00493322105647557,0.00397876536252683,0.000393155576061889,0.000158745254231072,0.00975002832698631,0.00655846223392146,0.000822942469905449,0.0142251733313351,0.0767432838252155,0.0246662020631478,0.0512584012075233,0.0465272495511238,0.0147706893689731,0.00942825433239759,0.0728613286513123,0.0620772706378457,0.0243276208642883,0.0809644588319947,0.0176540612863474,0.00184131894671537,0.00981841871443467,0.00794444719551866,0.000782880896202818,0.000316055784094694,0.0194041382887867,0.0130514164464832,0.00163805141792501,0.028310611196253,0.0637019764705982,0.0245842276665976,0.0598863441393663,0.0312380841252156,0.0159840958302207,0.00888036282314411,0.0631948879295614,0.05841067550875,0.0244185132181431,0.0776072529935396,10
0.0155899525542096,0.0053432417288028,0.00516211794601378,0.0152495378952156,0.00286598188898574,0.00201634398783057,0.0165039381884023,0.0177431818163993,0.0058825447108503,0.0611972748013483,0.000243555471141003,2.85474586056094e-05,2.6486034873815e-05,0.000229249146458821,8.23851062016435e-06,4.01546174074676e-06,0.000272937774643823,0.000316110275867713,3.45820073492042e-05,0.00376284009683497,0.0108720936188574,0.00371566821584353,0.00355102268694309,0.0112889353299853,0.0019573869427626,0.00155379155059845,0.0124229660749416,0.0146665476644385,0.00408995726399929,0.0436055755039896,0.000485382760734075,5.69535242242916e-05,5.29984073031942e-05,0.000460646904197339,1.64111410102576e-05,8.06100598633221e-06,0.000543947329283032,0.000629273643908845,6.90117415047241e-05,0.00748887934329623,0.0173998409426071,0.00597467799772467,0.005665236411901,0.0173956904757357,0.00310875341934532,0.00242048454521635,0.0106189200303219,0.0132125079752158,0.00657934349939883,0.0627934123093435,10
0.00123898101473483,0.00029596298081732,0.000651360999009474,0.000908206145141082,0.000732782072946336,0.000269363876141588,0.0126199161585562,0.0140626291808502,0.000325604174573826,0.0104284337457065,1.53932021565052e-06,8.70202763649875e-08,4.25857851642692e-07,8.17128426868695e-07,5.39602513632866e-07,7.22734113374781e-08,0.000160011231701922,0.000198723058144486,1.0525849393301e-07,0.000109028922867409,0.000856055657991129,0.000203043642610412,0.000404757088572535,0.000651141355887772,0.000438624452580249,0.00014410307939164,0.0101055030312529,0.0109442949972572,0.000223393167991567,0.00829702651885773,3.0666446357105e-06,1.74175674943511e-07,8.47685665078361e-07,1.63740825135714e-06,1.06943090520946e-06,1.44197001847053e-07,0.000318463118714282,0.000395480920055071,2.10746082647232e-07,0.000217140484978072,0.00100637794852002,0.000327619543020164,0.000332982825170355,0.000965281593480909,0.000194538873200333,0.000143799341065538,0.00610265298872067,0.00976263502528554,0.000360459858950986,0.00675897332080474,0
0.00340030066151748,1.55817131565623e-05,0.000914701772944513,0.000235338552645368,0.00992864599987225,0.00599142871854601,0.018790654962248,0.0154933655563478,1.71165137029342e-05,0.0109706996316502,1.16201410672095e-05,2.39762027391765e-10,8.39516502044947e-07,5.56415704523938e-08,9.90733736410684e-05,3.60359366215477e-05,0.000353071156194367,0.000240948810545975,2.8914010778961e-10,0.000120959720276148,0.00219268081245974,1.07435044068142e-05,0.000392692522675866,8.57094706712851e-05,0.00702612471943635,0.00394892912734369,0.0145373499409391,0.0117197509238507,1.1813895266292e-05,0.00831055916255823,2.31206201040723e-05,4.81346221383788e-10,1.6717540903591e-06,1.10461390356371e-07,0.000197152541701153,7.17520981262273e-05,0.00070435300986589,0.000479788266824868,5.80661664425998e-10,0.000240695771335428,0.00147948347840329,1.7261650033018e-05,0.000240806627629017,5.19839708784086e-05,0.00451971636782634,0.00296312967028892,0.0110875546084756,0.00961227178486424,1.89634083019362e-05,0.00882137123122636,11
0.0815769967852237,0.127362723654891,0.0264535873059742,0.032495540573577,0.0298343695046006,0.0219416045221575,0.0630507372330204,0.114286099067953,0.135342217936726,0.0706997978946291,0.00668462299308585,0.0163025257489946,0.000702285781409518,0.00106044514622884,0.000894181727532974,0.000483038454509341,0.00399216199686759,0.0130913207402411,0.0183709344102007,0.00502343386282066,0.053524729921698,0.0747900287795031,0.0185997260086799,0.0206702561005918,0.0203918586668449,0.0155916150440236,0.0459700575591908,0.0824798219298677,0.0850660848447432,0.0410721328010053,0.0133059081973951,0.0324419408166456,0.00139846698993262,0.00211095525080674,0.00177978627906469,0.000962011408434415,0.00794694181412479,0.0260863378014475,0.0365965543781406,0.00999642814332794,0.0417687285456807,0.0703315929127474,0.0161499711835809,0.0207752574912313,0.0207677262419933,0.0175942134378167,0.0485138185849788,0.0754617402452609,0.0790184725433945,0.0448149800273544,11
0.0365375303693343,0.0273328516791721,0.03187978696126,0.0419108998000442,0.00792265350388436,0.00468039924751482,0.0507172946195331,0.067556513454076,0.0587806306216395,0.049899902188875,0.00133942718984409,0.000750747753397825,0.00101868801223252,0.00176224704308871,6.26033219470274e-05,2.14539431948377e-05,0.0025848342258221,0.00456780265120114,0.00344200592585186,0.00250236016168546,0.0270706437263426,0.0182385366112144,0.0242245695300385,0.0315169270815052,0.00617781171130684,0.0028436463281764,0.0361604986266775,0.0443997931315353,0.0435105031107055,0.040587758367115,0.00266772117927334,0.00149406650177337,0.00202991239788054,0.00350995846642671,0.000125053546665817,4.32526978112882e-05,0.00514411945606865,0.00910868097678301,0.00687983439130132,0.00497979824281638,0.0373834473956827,0.0241391935675834,0.0268287517690543,0.0352790613448012,0.00658745008202488,0.00290677319447685,0.0311008759057628,0.0408035146749828,0.0626385426173909,0.0348880131558857,11
0.00268441336668582,0.00112022291098168,0.00377972371459617,0.00478523592550301,0.000879274629691996,0.00030101927291594,0.0194034031963161,0.0196368952920258,0.00434912431778761,0.01281703403332,7.10152312932503e-06,1.22545302244515e-06,1.39441555593515e-05,2.23496441635147e-05,7.71804995162704e-07,8.86778474256621e-08,0.000376436688942436,0.000386346438657783,1.85852418527669e-05,0.00016509122095775,0.00193972770527783,0.000797475156084101,0.00273986781852208,0.00342006002965656,0.000634840681358188,0.000216304335343884,0.015449705761054,0.0159198668133125,0.00303440505731738,0.00994737259167081,1.42719525239303e-05,2.47422317416277e-06,2.81575215105474e-05,4.51362493733263e-05,1.54105350621373e-06,1.78846282480757e-07,0.000750989634325856,0.000770022259744866,3.74068935080527e-05,0.000328513607483701,0.00296650704525323,0.00124856377213244,0.00411657880192395,0.00532072001210582,0.000785169304051416,0.0003337839882409,0.0109369273281341,0.0133422022910744,0.00483092201525652,0.00934982678272932,0
0.00542803064748204,5.77581665812277e-05,0.000643511328045605,0.000328490502060611,0.000400958475330569,1.55694517705334e-05,0.0155528565610013,0.0190668146437704,0.000395683618617227,0.0107448988752231,2.93765973361127e-05,3.25238416911576e-09,4.15680984631074e-07,1.06849344955583e-07,1.61566186044967e-07,2.39108586384487e-10,0.000243059404974648,0.000365051303945843,1.56307922843426e-07,0.00011597139522777,0.00216284205372317,4.10572420018387e-05,0.000406378255993855,0.000194992250950582,0.000189183331690093,1.12829662572498e-05,0.0117323307457941,0.0157840016287918,0.000243984658994831,0.00871545482277167,5.86925759933597e-05,6.57212714950378e-09,8.26483350283239e-07,2.13935944383041e-07,3.21278726901014e-07,4.80314707030754e-10,0.000483732751022824,0.000726768703515399,3.11023578423687e-07,0.000230842888993888,0.00255710022660755,6.40868309895606e-05,0.00031191305242489,0.00025032539404272,9.97331298893607e-05,1.72503389928007e-05,0.00953135943028595,0.0129763698821649,0.000257401511304817,0.00912935879057179,11
0.0989511665503541,0.105719835835726,0.0318100230603116,0.0274719743102437,0.0197848341275529,0.0179287694427232,0.0778031869606979,0.13776336758398,0.131889465268949,0.0562209387646386,0.0098332831002512,0.0112325904526363,0.00101455856363753,0.000756850340516255,0.000392899255834229,0.000322181634192192,0.00606766806125181,0.0190723762350907,0.0174644842917332,0.00317068596859054,0.067342764985403,0.0666138936684782,0.0195169530939762,0.0155514497410795,0.0120513824896664,0.0110821062233994,0.0544081995327716,0.0993893655708919,0.0775562697196286,0.0395919128288345,0.0195752809771352,0.0223529152971336,0.00202135508648754,0.00150777268303426,0.000782366051485098,0.00064200923847328,0.0120906516057467,0.0379546484744011,0.0347719086449804,0.00631544982470379,0.0790046630393835,0.0587065832774868,0.0248346157134946,0.0227197784618913,0.0158872297556565,0.0117530686497524,0.06453809376746,0.103080571394955,0.0549669617074726,0.0428605347720395,11
0.0546843599375658,0.030920319802379,0.0193034328883316,0.0578558405893619,0.0155942377187818,0.0122560309811041,0.0511978166193376,0.0821946025888706,0.0338250580495799,0.0524764206360682,0.00300258790832887,0.000960144879775581,0.00037183369692323,0.00336092164884269,0.000244081936051429,0.00015022127303463,0.00261870138567066,0.00678957815295227,0.00113155717926813,0.00276665752034472,0.0420933334693912,0.0222334728545037,0.0106955585249478,0.0371254404914594,0.0122671806186124,0.00965669522030761,0.038798270937069,0.063648663594318,0.0173527226505651,0.0384885701581576,0.00597788803300651,0.00191139683228622,0.000742567549335091,0.00669141528960211,0.000486028561759247,0.000299677065741346,0.00522682315642076,0.0135113468192273,0.00227000660323684,0.00550657022303445,0.0546999059242606,0.0265083747128808,0.0132912490824346,0.038212025681406,0.0146360028411019,0.0127912697664379,0.0434160140570312,0.0753779635058528,0.0259717499356464,0.0396095318020001,11
0.00634273601985553,0.00197438082323098,0.00080460856444457,0.0028105193704799,0.00163431590840614,0.0011988220136805,0.0190111330937966,0.0277024093361367,0.00057981578861088,0.0144615014822989,4.02476798689851e-05,3.8121841430651e-06,6.4330808160455e-07,7.70158205778387e-06,2.66590512370355e-06,1.44019934776648e-06,0.000363206915832341,0.000769342056303333,3.33114213063034e-07,0.00020671836838107,0.00487303702028107,0.00141691593359404,0.000565715192962818,0.00201395240993537,0.00116577578812993,0.000835663632902287,0.0144718392682122,0.0203827140268113,0.000403716274501175,0.0121486799101517,8.02742990915248e-05,7.69114629594197e-06,1.28619594125215e-06,1.55610130718596e-05,5.31761894939741e-06,2.87011572659218e-06,0.000722772921321006,0.00153285871547261,6.67624729559197e-07,0.000414815322834516,0.00743593073989585,0.00217645390649854,0.000550373057218756,0.0031121547088892,0.00170437745048591,0.00129063305234213,0.00951138436750741,0.0178317615186934,0.000648708861021667,0.0114912606398135,0
0.000647847384607269,0.000262248628439294,0.00056674344877584,0.000355977583037582,0.000811461287758322,6.58175891729764e-05,0.0180751399672284,0.0154387638160318,3.12100177185168e-05,0.0106023921071646,4.11519775967308e-07,6.87171713913702e-08,3.22776844490156e-07,1.27030044597992e-07,6.61650248419644e-07,4.30159338154429e-09,0.000327644922557173,0.000239550556728554,9.57299615884964e-10,0.00011272276191395,0.00042909574859082,0.000120314300256103,0.000298925090407999,0.000173713578960973,0.000494539187569495,4.60239622725104e-05,0.014510239579023,0.0124965088275373,2.16972059910688e-05,0.00867858654382797,8.27143650043426e-07,1.36864491316991e-07,6.41325912494504e-07,2.53114884641714e-07,1.31004317521211e-06,8.6118962706158e-09,0.000652696915275995,0.000476680195495164,1.92656124054692e-09,0.000224566664848792,0.000500478069067353,0.000126474010339795,0.000156540053183812,0.000163633674428294,0.000300942301577578,7.40595989988946e-05,0.0127521577987563,0.00841073286671473,3.45941023753579e-05,0.00844838933415463,0
0.0980101696888894,0.151086761660078,0.0172081761512408,0.0177719928255135,0.0143728606104309,0.0119645445999484,0.100846623714574,0.127654768825216,0.102892854232736,0.0637800692408175,0.00961095178449983,0.0229373320212811,0.000297247454267113,0.000316505389777613,0.000206691615015441,0.00014239631968943,0.0101966616678541,0.0161862076312879,0.0106221459511445,0.00405479735948241,0.0519339639149392,0.122937635990673,0.00811403192302964,0.00745105491317124,0.0061833805337546,0.00555688300806266,0.0756236499838173,0.0720762527858061,0.0723114414808224,0.0363535169189193,0.0191688717213042,0.0456498544083307,0.00059169309738135,0.000630631553129011,0.000412149504323129,0.000284772386959164,0.0203157002280428,0.0324009824984007,0.0211558003170944,0.00810241436767697,0.0482456443706119,0.0816374780118685,0.00769690252865623,0.00957609071794989,0.00726834748249561,0.00649023639231814,0.0780833266574856,0.0796255557472145,0.0633225916555425,0.0402337902223682,11
0.082755699655954,0.0820719393361836,0.0246486415475908,0.029806919775653,0.0149493978179878,0.0122493599858397,0.0717140965168455,0.154573901019221,0.0975353968653343,0.0744733558954542,0.00685650014978828,0.00676279750902869,0.000610258645278752,0.000891218637270487,0.000223843503400048,0.000149657457750277,0.00516603116246421,0.0238490936717452,0.00953782759784151,0.00554872605731789,0.0606413503154175,0.0638067146632447,0.0165615336369281,0.0219557374831965,0.00970049467069824,0.0088992366043291,0.0560959860780122,0.0925393505742003,0.0742482906186512,0.0637477484673263,0.0136706821768779,0.0134634396572993,0.00121476219346777,0.00177514950392809,0.000446177157037843,0.000298955630773989,0.0102830468106508,0.047622504542067,0.0190023095860115,0.0110672150043013,0.0696459499435461,0.0676856753788132,0.0166889571607423,0.0230084212023924,0.0136204016083456,0.0128753475894564,0.0516950090962068,0.107264756844538,0.0821314883734636,0.0742727765412908,11
0.0122720372997712,0.00595730773087616,0.00280929991892627,0.00429479256750492,0.000894431590575197,0.000808252573268259,0.038182215118753,0.0326636650387722,0.00510348510032436,0.0189741876815621,0.000149360704267751,3.54523563506803e-05,7.93134440970548e-06,1.84392192034726e-05,7.95890716230384e-07,6.37275608012457e-07,0.00145457071665045,0.0010700241260477,2.58687664541501e-05,0.000361792898798668,0.00523782023316111,0.00431417842914641,0.00199721067820632,0.00305262070040974,0.000648456486880143,0.000575123458852606,0.0263126333316414,0.0226106808185181,0.00372259781199888,0.0141631363558567,0.000299202051648934,7.07627643205336e-05,1.57824541856334e-05,3.67902716795228e-05,1.59191404198114e-06,1.28735833165208e-06,0.00290510326152957,0.0021315108259887,5.17805745250174e-05,0.00071999583079955,0.00817407510526665,0.00660726745938285,0.00306551150404766,0.0048797402260979,0.000838145242007979,0.000890487218295999,0.0275302739342366,0.0233185769335253,0.0056069665215238,0.0157476128318475,0
0.000329074861999981,0.000325073875748789,0.000780134661239511,0.000226061475783724,0.000576063199245969,4.0602436350714e-05,0.0113979371671646,0.00521414934299668,0.000285118114618637,0.00726252772160163,1.08578447881982e-07,1.06057963763631e-07,6.11393557594064e-07,5.07581433158895e-08,3.33403787164092e-07,1.62114760798315e-09,0.000129992817139827,2.70510207487568e-05,8.15420138574247e-08,5.2995470862043e-05,0.000209436367257237,0.000232173090470635,0.00047495398547372,0.000155331096551931,0.000280876535077997,2.93425750506459e-05,0.00875342083954996,0.0040862371659471,0.000204847383247964,0.00543071441054947,2.15992344441508e-07,2.11194009331091e-07,1.21672899398509e-06,1.01605852230407e-07,6.62726236276817e-07,3.26156871176419e-09,0.00025925581367115,5.41023786225708e-05,1.62422435157741e-07,0.000105474150725966,0.00025355582867028,0.000359395834219137,0.000258766419378003,0.000250246013200635,0.000184668829023025,4.50035577096765e-05,0.00456230015496884,0.00409182251975349,0.000314770498227225,0.0054005027315856,0
0.0173941041123264,0.106384679657874,0.00505648525799326,0.000988731241564054,0.00128056852654685,0.00263810650388037,0.0591111483093719,0.041167519225297,0.0617712103102489,0.0126553686185857,0.000303405608542977,0.0113687035516265,2.56908209761074e-05,9.72630675533259e-07,1.63438081447049e-06,6.98020645853681e-06,0.00350119588788922,0.00170276730926329,0.00383479710183838,0.000160935970987062,0.00954596944635215,0.0613544067235253,0.00265052583499134,0.000331842430500582,0.00056685396083731,0.00100710427574679,0.0387144842954111,0.0256133676544643,0.0353474504681032,0.00975903025649889,0.000604319881146179,0.0226293554908367,5.11297007595749e-05,1.94111327391646e-06,3.25700155132056e-06,1.38969225873232e-05,0.00697777835222126,0.00338897347435956,0.00763097322448855,0.000320289257607667,0.0105376101780107,0.0546065063213214,0.00208514867869687,0.000270875468395638,0.000440710257672793,0.00106410574809485,0.0277859290313656,0.0210834811717977,0.029314350960555,0.00832518480694976,11
0.0702753226757108,0.0815839567113059,0.0231921431338724,0.0384466569308854,0.0168146467857486,0.0113445784027904,0.0605925002455383,0.111593590422129,0.0575189759742447,0.0600471773189818,0.0049578077275996,0.00668801879821709,0.000539600748092399,0.00148384445470327,0.000283732683311567,0.000129280020794198,0.00368387100482252,0.0125042447034488,0.00332330139872174,0.00362360366767258,0.0505083071030151,0.0558893199569268,0.0182042921726114,0.0304333526971165,0.0126606427245181,0.00856083021812865,0.0486852172563269,0.0791091427550236,0.0411535992700999,0.0467746173239921,0.00987140872205656,0.0133104196064618,0.00107476922343386,0.00295455475937084,0.000565045174102097,0.000257332967836027,0.00733685086433907,0.0248947240231028,0.00661501866238901,0.00721106724077596,0.0482294666072872,0.0583610120375996,0.0191729962872247,0.0316566363777529,0.0134450701996555,0.010035975076357,0.0635151113832258,0.0855153635371401,0.0277660196356989,0.0500767515530893,11
0.0100655652810297,0.0107784736112254,0.00728993129538867,0.00838323459165658,0.00375261574142888,0.00272172466657175,0.0156215861710615,0.0272737223358322,0.00851312499457401,0.028448878529834,9.97122179354166e-05,0.000115406255296555,5.24197617872409e-05,6.93844860576501e-05,1.39014751590593e-05,7.32100616095438e-06,0.000244249915405884,0.000742693780032556,7.17960239308621e-05,0.000812924455150771,0.00718679339905943,0.00752376632414448,0.00523908829454139,0.00623270779609034,0.00264810102191447,0.00192090459565689,0.0118116571257579,0.0210471392834561,0.00596903915638282,0.0221388245224941,0.000200527988854469,0.000231000764757448,0.000105292508020818,0.000139316119881248,2.79138431518199e-05,1.46920296089554e-05,0.000487058799634153,0.00148282474033177,0.000143909245393619,0.0016181816626543,0.0113393301603555,0.0121078972469063,0.00831454414316125,0.00984444245284136,0.00419229552429879,0.00307026216886719,0.00804682354501235,0.0231815072231532,0.00958472413803191,0.0311809821920267,0
0.000581019740067183,0.000592353484457882,0.000571740965018002,0.000623971478351549,0.000640398210909639,0.00026930531679056,0.011780262942212,0.0091325416182992,0.000523567215164809,0.00997096395858216,3.30765121205044e-07,3.45640908677181e-07,3.23941650628047e-07,3.82768922341052e-07,4.11401104358508e-07,7.23269892368852e-08,0.000139451905396643,8.34305886306931e-05,2.71938744218383e-07,9.99105474733129e-05,0.000402841052180937,0.000409994973940675,0.000332223758745275,0.000402180693213017,0.000394450376231997,0.000151363155360937,0.00932797132335013,0.00737293930603798,0.000349188438762692,0.00795766687752888,6.66392270510784e-07,6.94787448713838e-07,6.48946477762519e-07,7.69066858190373e-07,8.19195102105411e-07,1.44222716951124e-07,0.000277411115146884,0.000166315099612682,5.44338980384886e-07,0.000198745557255828,0.000578907163045052,0.000656391846112803,0.000440588543409106,0.000587181679024029,0.000290429530294676,0.000181835942347665,0.00794501455181203,0.00445753622053318,0.000497232118449964,0.00620586604639742,0
0.0077132957553834,0.0363739936957875,0.00100470052113976,2.5428670490764e-05,0.000513665472646875,0.00046546496432309,0.0285905398123067,0.0209446797798441,0.0209825565100417,0.0145039685592362,5.97831714442957e-05,0.00131852740703223,1.01415135015358e-06,6.31495944269264e-10,2.65052326147083e-07,2.17649597308586e-07,0.000821495525582316,0.000440740782250731,0.000441174184421014,0.000210685113151841,0.00412746236821319,0.0136906981890345,0.000512699055654152,1.81560526500148e-05,0.000255417857866853,0.000119260260771228,0.0206803096709493,0.0161876001835394,0.00845885764536531,0.0116110322593446,0.000118974768882015,0.00263470801322001,2.005064278569e-06,1.27495312209565e-09,5.27271961758385e-07,4.3316228516654e-07,0.00163472964682715,0.000877213139442452,0.000879235405869354,0.000419985493305536,0.00334162139281536,0.012360820737557,0.00035356101400045,2.82024592394607e-05,0.000152142408537815,0.000104655515868336,0.0216500354606202,0.0122763356080273,0.00883339110857486,0.0103851192735352,11
0.136848632073291,0.10567208808476,0.0239078093373011,0.0238502694492764,0.0215140647594122,0.015595375117673,0.0676492886501869,0.0985881135702232,0.0911147497363838,0.0618766564949395,0.018821655886305,0.0111875883999008,0.000574455533063348,0.000571685642811033,0.000465176528519628,0.000244405795644692,0.00459874825265144,0.00976830263228362,0.00832628163157623,0.00384781043210332,0.115217001653743,0.0819784260407462,0.0196366437998323,0.0178983683987776,0.0166763069286075,0.0125965609146342,0.0566945937175997,0.0817119542995694,0.0715588940872806,0.0499877689088715,0.0374535800945529,0.0222975601234741,0.00114315304103761,0.00113763827811708,0.00092566489523815,0.000486373177269697,0.00915206609359615,0.0194374494268419,0.0165863954095521,0.00765725031323944,0.124068429890788,0.0804804209522913,0.0176326020815003,0.0183652961691335,0.0158105366057596,0.0122972459528133,0.0748939339837629,0.0987201105626286,0.0540383847131595,0.0583830360094403,11
0.0425172293048699,0.0136841121860932,0.00456090840739753,0.00526866194218589,0.00438945010605194,0.00303540971076012,0.0553433711078415,0.0554230450036544,0.0177871361123787,0.0166759091981608,0.00181679846246249,0.000182008367361636,2.09064170273506e-05,2.78887816684422e-05,1.93600039081435e-05,9.23206489327098e-06,0.00307087432722222,0.00308703164942692,0.00030985822018917,0.00027924808906327,0.0315018063924695,0.00946091163758366,0.00325164615087631,0.00364067370423963,0.00313490230213029,0.00216972269455978,0.0420254467981497,0.0418440964030201,0.0126701884827922,0.0130260283988784,0.00361530489867643,0.000368352672028157,4.16028203226282e-05,5.55076135750285e-05,3.85302544749304e-05,1.83995616423607e-05,0.00611834273211276,0.00614321705591004,0.000624690735681852,0.000555915604591642,0.048476389057077,0.0144981151664289,0.00492223060678592,0.00556454896863939,0.00478103475590412,0.00329321631575965,0.0313015710015235,0.0493182212303407,0.0199418201390082,0.013883243574899,11
0.00258202885435843,0.000516713509630194,0.000685201552374982,0.000548247642662439,0.000520184099584469,0.000160868069153111,0.0155863922861729,0.00917901303599621,0.000934983139213947,0.00837996014166573,6.69661854671447e-06,2.61196886504494e-07,4.71685078955273e-07,3.01860096217941e-07,2.71950581102999e-07,2.59930708319116e-08,0.000241984426486664,8.46772016478545e-05,8.52284485178952e-07,7.05586615306054e-05,0.00187930057077361,0.000372697771682635,0.000424200974805152,0.000333966417904172,0.000328637703184975,0.000115822269600987,0.0120326025914785,0.00694673438211162,0.000664392268893129,0.00672712343016411,1.33294680244301e-05,5.26882019940902e-07,9.38822789429594e-07,5.98639396372921e-07,5.41179254188317e-07,5.1740111158192e-08,0.000483707075017696,0.000168506642617006,1.72221628178779e-06,0.00014042940740713,0.00269299340329794,0.000575036223391627,0.000322770581417702,0.000262863392826494,0.000301698293197369,0.000180345777926858,0.0152792232373761,0.00505889163269403,0.00103741481725282,0.00567405096444957,0
0.0574769591235471,0.0262538669146444,0.000465235692372398,0.000155957171310058,0.000449253371474669,0.000554306724657283,0.0240848797065207,0.03241168458905,0.00732020369755035,0.016075085797847,0.00331656576138709,0.000683409661589033,2.17469428231752e-07,2.43914679441912e-08,2.02729257141375e-07,3.08782545793026e-07,0.000577511571532796,0.00105329578983552,5.32857388725148e-05,0.00025881186611012,0.0474185487031533,0.00638385472473956,0.000223134772786912,6.92296575351033e-05,0.000207357300727795,0.000253355897974472,0.0169686847860838,0.0245783972320413,0.00180969249138057,0.0127456030877987,0.00660356773259405,0.00136924184971043,4.32825453014043e-07,4.85753761409286e-08,4.02454663922301e-07,6.13378098370057e-07,0.00115470451049221,0.00209847782635723,0.000106586545740235,0.000515911137731894,0.0483607825958224,0.00857931808876588,0.0001360046224719,6.53652534640191e-05,0.0001257547401008,0.000174914014698281,0.0109907323414563,0.0263744427236783,0.0021534807903309,0.0118333895262869,11
0.0966951212303099,0.155440334702236,0.0323811559555508,0.0255804366040177,0.0198615263597505,0.0145423538658272,0.0901329609984572,0.0849661523310895,0.154423965574488,0.0703447451330156,0.00939408649976144,0.0242737451753258,0.00105093493566039,0.000652976217125624,0.000396346343778575,0.000212516625826697,0.00814918994543965,0.00725427410991539,0.0238790656396793,0.00496085666167762,0.0705194555808462,0.131001431062264,0.0213022100207792,0.0179984094472935,0.0139814353421506,0.0100787917834313,0.0718246089087556,0.0633361583229673,0.115714568548922,0.0515728643285096,0.0186967181731471,0.0483140724663377,0.00209421466656295,0.00130406845925422,0.000788820374287966,0.000422894789693383,0.016232384166796,0.0144371287101347,0.0476063171042603,0.00988442612083586,0.0689133271725552,0.104692175857237,0.0165052328052185,0.0160676546326322,0.0169401859431169,0.0115024011475417,0.06011392026034,0.0542324156803653,0.104876827933629,0.0542297172601371,11
0.0490414806826488,0.0535453778435617,0.0131476715046559,0.0195556467876032,0.00608447585786149,0.00449530963752492,0.056430845416408,0.0300434530041842,0.0642825326634935,0.0473534880066963,0.0024033471210121,0.00284585447382801,0.000171266672589317,0.000379728547728504,3.70934248240665e-05,2.02867266239686e-05,0.00320041147075419,0.000905872580848311,0.00406272603573295,0.00224995591403138,0.0362620329439513,0.0364915969951696,0.00838752647350555,0.00873150945392317,0.00362747679475019,0.00286617881572335,0.0462318558408119,0.0252262851538026,0.0452660313021665,0.0393532678542642,0.00479628873792906,0.00569866453485323,0.00034325859799448,0.000760253127852704,7.39255563649275e-05,4.03912721109079e-05,0.00636884687391296,0.00180391128401978,0.00817465639507051,0.00448104725857319,0.0558657340516589,0.0573568668659988,0.0130285856854746,0.0137752008262421,0.00566419656432909,0.00454558489439013,0.0484010908419245,0.0311119949087502,0.0721194636241922,0.0440113042914504,11
0.00259494798727325,0.0026087118162342,0.000961657192496148,0.000201662133503905,0.000657397059436213,0.000168991455970449,0.00690762917070306,0.00660274756565304,0.00332116700862537,0.0100571880321378,6.76183580941406e-06,6.82379138842987e-06,9.14840834152711e-07,4.07306816944186e-08,4.34179386538166e-07,2.85015323944696e-08,4.67842593674173e-05,4.31449222637701e-05,1.07619164187141e-05,0.000101406187965832,0.00174291253347274,0.00180693578615395,0.000668035375746198,0.000144258129397642,0.000383494653227802,0.000115922036395739,0.0049176008230425,0.00542816052838483,0.00235460174385024,0.0080297621866172,1.34561641204497e-05,1.35946364949371e-05,1.83408645305664e-06,8.11921615701743e-08,8.64175478467727e-07,5.69156710591238e-08,9.42620331426556e-05,8.6522639625014e-05,2.17382367973315e-05,0.00020204578035905,0.00261383066456696,0.0028875965979275,0.000876781537404595,0.000221470424162213,0.000189501277036779,0.000186807822405776,0.00749823022554403,0.00463178655331731,0.0036852099501608,0.00655070454899549,0
0.00414525961528386,0.0977884020357755,0.00957030055618417,0.000230128889426386,0.000463364479894013,0.00178729733176991,0.0721923289671236,0.0312420356301637,0.0672261255267644,0.0188623053703659,1.72365604378023e-05,0.00958359206701967,9.19742967311005e-05,5.32152656212305e-08,2.15785108211683e-07,3.21003741877879e-06,0.005212914466785,0.000979265223122818,0.00452911484451021,0.000353884971347429,0.00196610653888879,0.0422061019858781,0.00390537346243541,5.77644302469165e-05,0.000206796078761381,0.00068148932222677,0.0342279904879994,0.0181947711492599,0.0278356488709641,0.012600760612723,3.43205452061432e-05,0.0190980164869538,0.000183100876391358,1.05631390657906e-07,4.24975613237769e-07,6.38714978746463e-06,0.0103983566036846,0.00195025193232539,0.00902568432442227,0.000707891546086068,0.00220732264107871,0.0533616083817392,0.0039220912668909,3.53336773451086e-05,0.000118717371729437,0.000579677867795528,0.0401980344525832,0.017766227335881,0.0333450992965039,0.0135443289998855,11
0.0910118573551865,0.179174116840821,0.0163763986209976,0.0127710807252771,0.0108666029048514,0.0102110802450842,0.0698907530093284,0.0766169838953172,0.132585129767179,0.0282206305591282,0.00831884896794571,0.0322643755055987,0.000269465769014575,0.000163910257877775,0.000118675881611071,0.000104779653650388,0.00488537980606729,0.0058886362704247,0.0176671490226103,0.00079981338678378,0.060422458812671,0.141229903005235,0.0115122597905222,0.0078462636496452,0.00671060935623705,0.00622552337509586,0.0537654366842221,0.0588489372866011,0.103024598237041,0.0238237572799054,0.016560405379475,0.0642061296141415,0.000536302711614577,0.000326188581187173,0.000236129069629382,0.000208519837225506,0.00974556822923566,0.0117293511322471,0.0351573431269689,0.00159211449887522,0.0518942041993009,0.116562324135463,0.0106054134565972,0.00585196997947964,0.00600022185877316,0.00638960336129957,0.0494015105472039,0.0463227466808287,0.0691800847796737,0.0263660158974493,11
0.056533766072608,0.0687111216775921,0.013541287529783,0.0220286967530867,0.00515262055759396,0.00605729942213266,0.0325758897344951,0.0626001529276215,0.0588730802276716,0.0249056422304413,0.00320630853173233,0.00472287794098781,0.000183923535723492,0.000487652499685414,2.66801613351154e-05,3.68651069606273e-05,0.00106592983661989,0.00391342621253547,0.00347081763882958,0.000616198213081216,0.0445295425776904,0.0372191977616314,0.00857461041296481,0.016292907845623,0.00301629581050035,0.00282669598558854,0.0264097112030902,0.0499228917485691,0.0346720000730815,0.0209078395299365,0.00638628582572497,0.00942040277233566,0.000366369571518122,0.000970477700675769,5.30962425377921e-05,7.33676524302809e-05,0.00212178873329331,0.00781263165298633,0.00691949988545256,0.00123340375371766,0.0523384695512474,0.0517933000172182,0.00777079121428576,0.0152370744089192,0.00185751885640491,0.00295248843653627,0.0347739744016949,0.0613186422486294,0.0532124429281569,0.0254017462105967,11
0.00668822284948238,0.000528715606113114,0.000804235617617319,0.00154364558590554,0.000580994776535821,0.000357590237412602,0.0102983021428682,0.0224353825911221,0.0024742849007792,0.0153101886576557,4.49167352635446e-05,2.79124286156867e-07,6.4733834596315e-07,2.38293232903151e-06,3.38667193787526e-07,1.28010022255497e-07,0.000106134634252007,0.000505791659138728,6.152757008928e-06,0.000235565884929017,0.00477315701999844,0.000357636702869863,0.000533496010550887,0.00105908676668004,0.000345571018751376,0.000176230358922765,0.00790352845156204,0.016813416776043,0.0017392414444633,0.0125437802142025,8.94232117713041e-05,5.5687105038202e-07,1.29088564972386e-06,4.75335166862227e-06,6.7432944802953e-07,2.55240385241718e-07,0.000211609792179376,0.00100658881040642,1.22436719590365e-05,0.000468772970540586,0.00669508052997845,0.00052224686069146,0.000530672396694508,0.00167641629461323,0.000241978008901882,0.000165547207076621,0.00727631805516433,0.0117497303736424,0.0027340766525031,0.0117179551575108,0
0.00195346790746739,2.00231121000096e-05,0.000559219032446544,0.000246471657558078,0.000458638582518482,1.59774004578132e-05,0.0064687176895506,0.00971983675618063,0.00013470581724571,0.00838137933547841,3.83479842493266e-06,4.00562654888333e-10,3.14293647629399e-07,6.09618139023752e-08,2.11367703045388e-07,2.54073542855804e-10,4.20387786074667e-05,9.46606441767611e-05,1.82065139456846e-08,7.05275885751569e-05,0.0011229978180834,1.44163611408853e-05,0.000270499240756202,9.56433414704357e-05,0.000201102971580145,1.17181267707496e-05,0.00529486154303457,0.00749581078953072,9.34399008334596e-05,0.00680991112145212,7.62668092385159e-06,7.99462805631515e-10,6.21329788546602e-07,1.21109273778667e-07,4.19559518662653e-07,5.0807067671007e-10,8.36679608476126e-05,0.000188631939880783,3.6260001268179e-08,0.000140422377769076,0.000766727749688254,2.20688330353479e-05,0.000147472559696669,9.04423607453285e-05,0.000127791053091276,1.75227832150489e-05,0.00411095669305773,0.00443877261643731,0.000148930897868153,0.00482223627991616,0
0.0712967333949635,0.125026908390639,0.0166214202580172,0.0103849553138292,0.00974684077310601,0.00750842827983587,0.0943256173651922,0.0949536432558069,0.100496421683997,0.0292458550209271,0.00510601097698743,0.0156640679085181,0.000277658697062899,0.00010798151429435,9.53329842519028e-05,5.64313372506778e-05,0.00894147064911299,0.0090614401404203,0.010129316264162,0.000854855212985624,0.0385857514969173,0.0977513682523318,0.00830260738828361,0.00492072912515479,0.00486196392323708,0.00362529011793916,0.0683868156573727,0.0605104571040434,0.0672792873852993,0.0188760430713326,0.0101636324838702,0.0312173040936886,0.000552532633119456,0.000215285177386913,0.000189856262867522,0.000112518122585439,0.0177940408218018,0.0180316802787671,0.0201781997625679,0.00170589879448037,0.0330254405747995,0.0603588208459182,0.00982837050873558,0.004394529028801,0.00403405487336846,0.00314508535568556,0.0506395011813416,0.0607869925823489,0.0585308602643355,0.0224096695574666,11
0.07625508764803,0.13473930081413,0.0221323670272904,0.0145414815451554,0.0123017180874395,0.0105029488925163,0.0375224292431109,0.0817022591753345,0.124928739352128,0.0361469279436323,0.00584362364125758,0.0181649029616126,0.000492265250231935,0.000212043859495397,0.000151914257604453,0.000110681139937876,0.00141492682855155,0.00670843356555459,0.0156470843876178,0.00130950951105754,0.0573218360483055,0.106673273440871,0.0174774371001912,0.0100988093461902,0.00895097913500346,0.00751999725765646,0.0315809595955788,0.0646616688229684,0.098158179255384,0.0292347335733141,0.0116292414017171,0.036227262295663,0.00097950654208117,0.000422437857265207,0.000302481937062661,0.000220439449564904,0.00281557181404877,0.0133494491860283,0.0311747410645185,0.00260956208348938,0.0754604890657778,0.121117928006523,0.0190266653826474,0.00970154188146137,0.0080112844341836,0.00732881526431915,0.0282129766225565,0.0712509598638936,0.116283471972525,0.0385351369237243,11
0.0428065983638793,0.018096887005514,0.00201803887024605,0.000484408099901386,0.00102257344180298,0.00075590252279496,0.0204565887727702,0.031013685279772,0.0143106687892446,0.0124463822756134,0.00183778713894311,0.000324699362775175,4.07133096046335e-06,2.337992429182e-07,1.04943784708396e-06,5.72058143517348e-07,0.000420340085297362,0.000966063378684256,0.000203389504281831,0.000155180372182482,0.0326324218271613,0.0132498049748257,0.00146255190340728,0.0003490171692013,0.00073180786188314,0.000555206444949913,0.0169400595635657,0.0246513253389029,0.0104690388556576,0.0102601126588061,0.00366085748206821,0.000650565826856427,8.11685744947476e-06,4.67071195182332e-07,2.08976621009835e-06,1.14055908081767e-06,0.000836709377210907,0.0019229954123639,0.000407160376894519,0.000309295930270717,0.0287258127348669,0.0202405651191387,0.00216013247999425,0.000493736237231702,0.0010176956730855,0.000857971077517221,0.0203667435233153,0.0216001415211712,0.015978759313893,0.0093164925406715,0
0.0293665801125924,0.000990565668344615,0.000749182598445333,0.000324830491845025,0.000566528800057436,0.000235511150425359,0.00410894905391449,0.0232140464123026,0.000784962609466326,0.00809723769535706,0.000865999298113074,9.77629820059762e-07,5.64072465523409e-07,1.06040907618445e-07,3.22559371927325e-07,5.57436429070557e-08,1.69683030121825e-05,0.000541058696593225,6.14771246172487e-07,6.5715699006738e-05,0.0229985599700795,0.000706522483293417,0.000444440301479857,0.000110473723138766,0.000294938452134935,8.96909203005254e-05,0.00263865748872507,0.0185222699127778,0.00056830426566293,0.00662229259474954,0.00172405225849523,1.95342031857085e-06,1.11544882773723e-06,2.09909926549798e-07,6.37568845616397e-07,1.10663723786102e-07,3.37648583176346e-05,0.001077243898038,1.22783267483946e-06,0.000130952375560875,0.0165999421713687,0.00106160970668524,0.000220461630164404,6.68658089354786e-05,0.000179894264314971,6.2821877602454e-05,0.00260981218785968,0.0141137848640148,0.000868489004667601,0.00410058313710269,0
0.0345815087113673,0.115935515340033,0.00411507087075405,0.00246604371406777,0.00361505477489305,0.00489270612687475,0.0856910866986624,0.0430957551554296,0.0507574846655881,0.0179900945986074,0.00120157585179368,0.0135018451721556,1.70185224293514e-05,6.0958534254522e-06,1.29648017964628e-05,2.38835507024566e-05,0.00737332490744951,0.00186647472988841,0.00258925954923551,0.000325254163856192,0.0214421865890586,0.08576599299864,0.0021087328996054,0.00080357559350194,0.00124867265304772,0.00150865923192923,0.0699851179982528,0.0298840087222613,0.0371422717426656,0.0137344114074653,0.00239135758280593,0.0268753081047504,3.38462872030414e-05,1.21277304041414e-05,2.59673523066226e-05,4.77006796393867e-05,0.0146793184149387,0.00371426454553199,0.00515255551652872,0.000647244720542179,0.0151765498262592,0.0598344488025087,0.00159443026621168,0.000813936046800812,0.00139908377626648,0.0017841847692734,0.0538814075941953,0.0197404489253046,0.0328557831533923,0.0133860063551367,11
0.0970969709212424,0.0766027605440504,0.0293617966115736,0.0358962865960972,0.0198546675182576,0.017812437277578,0.0654234336742115,0.078390266116063,0.118683600147443,0.0471085180762408,0.00946738277355781,0.00589108630225596,0.000865239610417584,0.00129356739479273,0.000396152192529722,0.000318877297371894,0.00430129727966439,0.00617512966117572,0.0141565102152981,0.00222734471365105,0.0737829494484981,0.0598751483078837,0.024649755226666,0.0312019191522945,0.0153498347887869,0.013753074292572,0.0502552421348608,0.0513257579804639,0.0830854633090625,0.0391722050672306,0.0188478512141538,0.0117295468062872,0.00172299958919119,0.00257562754133246,0.000788357335900937,0.000634563195909229,0.00855965199603958,0.0122892764077065,0.0281714023437163,0.00443535792825067,0.0507690502649283,0.0465813608321723,0.0271644723997561,0.035122101427089,0.0175735089058886,0.0179683602418455,0.059216377204786,0.0470840403918244,0.0674193978293737,0.0493852590621856,11
0.0452425712937543,0.00804542598218553,0.00760939118294819,0.0102145490065353,0.00387732557113352,0.00269002256201897,0.0403260114630479,0.0316443036581762,0.00660614492572891,0.030808392521827,0.00205177565817631,6.50514170238218e-05,5.71786933980032e-05,0.000103313916325643,1.47979056428012e-05,7.11502927730857e-06,0.00163139135808805,0.0010061490669697,4.38314865033226e-05,0.000952335418766962,0.0363620172864701,0.00580239319305382,0.00528613841146539,0.00713611980622488,0.00286184229097468,0.00192241840892685,0.0291482272846796,0.0273487809261601,0.00487400200654931,0.02490836046605,0.00408835397206313,0.000129449004052759,0.000114795593224831,0.000207128418660467,2.97560863687078e-05,1.4315612450728e-05,0.00324937464786769,0.00200248021068009,8.72513167073736e-05,0.00189672892757743,0.0260427683790672,0.00905920301372139,0.00834659962438141,0.0115767435414897,0.0043778260740948,0.00304486844725474,0.0201231363334083,0.0215991883417597,0.00754849079671679,0.0282015772756737,0
0.0185827362787435,0.00045812713696423,0.000562702428169612,0.00058880925407244,0.000555481653927319,0.00060384768037317,0.0106972604119087,0.0198309943547657,0.000405394642181199,0.0183491261345669,0.00034690210083412,2.10754145613618e-07,3.13679745003871e-07,3.4221178943842e-07,3.08797034865302e-07,3.65319012163775e-07,0.000114981065833987,0.00039511602347432,1.65168912921106e-07,0.000337363464240667,0.013342584919861,0.000320738127425406,0.00038881711445447,0.000406265066334679,0.000316081138554202,0.000300159776585337,0.00735583069772709,0.0154259115587974,0.00028586448958642,0.0146282912572667,0.000690460484765241,4.1956774304731e-07,6.28742944859558e-07,6.87187779685809e-07,6.15511473679024e-07,7.27843194383941e-07,0.000228833643635382,0.000786254495741194,3.28676987452226e-07,0.00067236706049339,0.015042155957115,0.000509817706855822,0.000534413341725704,0.000652452252748098,0.000201435703619396,0.000164860668290577,0.00500920724807801,0.0114206250496929,0.000448131939209896,0.0137372228629744,0
0.0404076189761923,0.124682608243669,0.0228056988506171,0.00932890896095934,0.00524015603664628,0.00346075361865234,0.0926411702587693,0.0434137606181224,0.0670537164227808,0.022630414345278,0.00164030263306951,0.0156187589715373,0.000522713236854694,8.74542802997862e-05,2.74613508719243e-05,1.20118124237827e-05,0.00861309327914209,0.0018938853352693,0.00451872817599841,0.000509840443046858,0.0223339926979953,0.087665754149896,0.0140970635120923,0.00495180951476033,0.00277411783415397,0.00148765884260915,0.0696970120655264,0.0297410950638153,0.0474756334458478,0.0156191373036936,0.00326443225940866,0.0310862241559341,0.00104016580294947,0.000174036936087013,5.47722338088074e-05,2.39123375522614e-05,0.0171523094513225,0.00376837264736126,0.00899232382427197,0.001019424911581,0.0173519259135869,0.0842801580148494,0.0113952975319251,0.00527932430202342,0.00269504710816284,0.00139223822516219,0.0406523242175204,0.0226523196448946,0.0334110499027695,0.0123362537211944,11
0.115616987041096,0.116151682832816,0.0289634935539648,0.029021937187568,0.0194179039567231,0.0141196933079183,0.0667392002918981,0.0868020640141238,0.128194235071435,0.0663409249550042,0.0134280684240904,0.0135543376762591,0.000841946649524765,0.000845747038322582,0.000378379846554137,0.000200284981013008,0.00446486218032277,0.00757241830850864,0.0165146861371306,0.00441550024402355,0.0920087090737879,0.0894776552271178,0.0223027073082175,0.0218021969663348,0.0153251449756177,0.0105988892848593,0.0525659504995828,0.0705349908610953,0.100439758973834,0.0490277086561812,0.0267274238040363,0.0269776694328148,0.00167661891407435,0.00168378794224471,0.000753433172073194,0.000398627394477851,0.00889649347025023,0.0150690645469294,0.0328658209541416,0.00879449898397544,0.0918460211244592,0.0722154856925209,0.0211141903496777,0.0188083516993909,0.0129661730424304,0.00989358248262867,0.0585753312498226,0.0650137899261263,0.0748366884039068,0.0482576369797815,11
0.0291856075754615,0.0175956957402546,0.0101130877303999,0.0094621331402563,0.00421496400347635,0.00264319348733004,0.0291173694630788,0.0219082266976639,0.0154173225703409,0.0267081232124306,0.000855308070180997,0.000311163798678569,0.000101620590524935,8.93582404596584e-05,1.77354043427468e-05,7.00656646583635e-06,0.000852074953280734,0.000482009644441788,0.000237953069938092,0.000716153747860272,0.0224491322825306,0.0120175097271677,0.00622302879224414,0.00631107558026196,0.00298792352486007,0.00196074067728993,0.0185470597127661,0.0153308175694214,0.0107139317683611,0.0209699102059826,0.00170283094767941,0.000619208075568897,0.00020337614913091,0.000178438766049428,3.54070349849709e-05,1.39578808047543e-05,0.00169563189372291,0.000959536969539723,0.000474444247769012,0.00142585025718471,0.0231257135621292,0.0174847292093429,0.00915737668806501,0.00917041320932624,0.00470096813928718,0.00309505933074239,0.0193011269748968,0.0186546174609344,0.0170837745182537,0.02592158366155,11
0.00494473942667316,0.00107057951636691,0.000672442910029453,0.000424295987960562,0.000458707949774815,0.00016988209283414,0.00238975781874134,0.00484012413260117,0.000840514998263963,0.00909720248303719,2.41409167694106e-05,1.14620861642449e-06,4.54139789601247e-07,1.79825540193578e-07,2.10183530867438e-07,2.88475306545242e-08,5.73741087315538e-06,2.35420663295224e-05,7.0662704543692e-07,8.31391497942023e-05,0.00358102901362318,0.000763516661526983,0.000422261467741134,0.00028819632556575,0.000260515181548312,0.000116842342318004,0.00172960156221259,0.00372032039828172,0.000578537375620302,0.00731399294043191,4.84698778329727e-05,2.28653291307204e-06,9.03826416387941e-07,3.58752546043021e-07,4.17179085469946e-07,5.75616538470608e-08,1.14194105852724e-05,4.68484290068009e-05,1.40951998087263e-06,0.000165480813060465,0.00455541156857853,0.00118109085901152,0.000399410603589999,0.000384448394948008,0.000279868551159044,0.000187973067281332,0.00264452632675595,0.0026934156336978,0.000929746485175671,0.00660250012092698,0
0.00914180167916931,0.0883379846002884,0.058406676507551,0.02220180056727,0.000404342204361191,0.00064783917717093,0.0996330742540601,0.0286776167778332,0.0727923258435268,0.00924943877462082,8.38204208787661e-05,0.00784116475463981,0.00341401809139659,0.000492882862056609,1.64296239130717e-07,4.21503301229519e-07,0.009971559716876,0.000826525417104029,0.00531434209115584,8.59677521217602e-05,0.00626646685410304,0.0562035135388966,0.0256605985245813,0.00911778955787892,0.000171609554943013,0.000209396882108657,0.0576952454623562,0.0197372063885905,0.0409682383598244,0.00730077365463141,0.000166971459812667,0.0156053314128265,0.0068082773248842,0.000983335103430784,3.26690980050792e-07,8.38909513480384e-07,0.0198484481695588,0.00164479823074309,0.0105864809707557,0.000171071106607965,0.00548414916278803,0.0462199538948255,0.0306426798661153,0.0101854471967853,0.000126831358463723,0.000157225392179849,0.0552530753919517,0.0167350395575349,0.0383282487745234,0.00559606486805659,12
0.114336869008354,0.182212632472345,0.0975741128167521,0.0485968783876158,0.00908465030378133,0.00215358553116155,0.140514812659184,0.0662972723250658,0.116495192460769,0.0738378355967374,0.0131372253725838,0.0333657482555006,0.00956024004093643,0.00237103603958641,8.29410985402652e-05,4.66088071601082e-06,0.0198235571486233,0.00441596198147314,0.0136322918215991,0.00547892674350998,0.087380658659033,0.127853440120707,0.0729142330684279,0.0383317041575984,0.00630231294779957,0.00130412910054626,0.112447040037655,0.0528795385366916,0.0870923304625257,0.0590406094131491,0.0261441500184174,0.0664003260499337,0.0190326883377024,0.00472083743491105,0.000165053938923744,9.27349938895284e-06,0.0394687311313238,0.00878918851580035,0.027134812730008,0.0109035038214213,0.098557722847321,0.135475065893583,0.0559844173225655,0.0300364222974227,0.0053573052126839,0.000925957604879973,0.131702627266957,0.0644328612000472,0.0951479760672839,0.0584426479100534,12
0.0303782727701245,0.00800862223069822,0.0181409068855373,0.00831354522730732,0.00100314266050952,0.000320848201062359,0.0379745580166215,0.0291157562228932,0.0159807366055937,0.0362903897575424,0.000927258023264842,6.43932391373271e-05,0.000330080410171342,6.94621149796524e-05,1.00688125431753e-06,1.03460839853749e-07,0.00144077560304313,0.00085010648469332,0.000256310172997095,0.00132340335006843,0.0207502002327851,0.00653434226164352,0.0129957829356366,0.00599677975419261,0.000747269247208465,0.000170481895458236,0.0290740914707464,0.022239444854483,0.0108175642399148,0.0236721636121024,0.00184543363331719,0.000128209280520126,0.000657516624511909,0.000138220692300351,2.00648858074054e-06,2.05544418828294e-07,0.00287552175946164,0.00169357999069582,0.000510394433380556,0.00263363897829112,0.0246018039931199,0.0101874091144041,0.0207436224828587,0.00937972586574129,0.00104982556436832,0.00021443204312921,0.0245205722732384,0.0238728134392073,0.0172115433332293,0.0287902101711361,12
0.0029511037040257,0.00103131167397573,0.00118897426449691,0.000559022435018747,0.000325454667890683,0.000230049617510752,0.00782378143398508,0.0169174766203836,0.00078938231135182,0.0098253159173135,8.68549449725169e-06,1.06594759961063e-06,1.41210709310791e-06,3.13437081533276e-07,1.06446581385281e-07,5.31817468653759e-08,6.08867135117006e-05,0.000286728329981878,6.21688276388624e-07,9.67626858342282e-05,0.0022086250737371,0.000747793142386438,0.000811103310869605,0.000396053906351624,0.000108025152246998,5.68315461793338e-05,0.00575692479590241,0.0131512861289324,0.000541561511876414,0.00749345978637307,1.73508178589468e-05,2.12361525568935e-06,2.81800877053769e-06,6.23961255090313e-07,2.11835086102551e-07,1.05561967095506e-07,0.000121740457546911,0.000571476901456209,1.24167282686954e-06,0.00019277951304786,0.00300423361837444,0.00110717195576837,0.00111160087231507,0.000574935918573892,6.65165845453978e-05,3.51142583369532e-05,0.00391165257024582,0.0117967898821452,0.000872977202003082,0.00807291170773122,0
0.0105775088861502,0.0947774622260901,0.0240803281114976,0.0111538514197583,0.000231654105923029,0.000327142394558735,0.0461840564982779,0.0247084704500035,0.0497879009963118,0.0119432099388424,0.000112089697164004,0.00902753918571357,0.000580382468758848,0.000124868964402606,5.39315104184079e-08,1.07558998172895e-07,0.0021414046341627,0.00060916350839058,0.00248868371428136,0.000143262261581196,0.00564101684740234,0.0531114173157202,0.0127131794543941,0.00512448957300099,7.1415413385592e-05,0.000124829274240779,0.0269939193008148,0.0174565000449224,0.0280408155997792,0.00931189744013835,0.000223407520377518,0.0179646432782511,0.00115732877467708,0.000248652806874719,1.07048424378413e-07,2.14043206183346e-07,0.00426365409660854,0.0012166256915747,0.00495507537288293,0.000285185540283633,0.00642634794981644,0.0438034318833354,0.0115766332352338,0.00419840500280294,3.39929218609314e-05,7.21966549896214e-05,0.0183607254095889,0.0155491423319335,0.0295335289432394,0.00856224569848859,12
0.0684665645210286,0.133173095370662,0.0533638354817533,0.0397713007761792,0.00554307088766249,0.000694020777289277,0.0871134198836617,0.0397325791553966,0.047318323208267,0.0274192980416105,0.00470407081804158,0.0178125033180456,0.00285308196603771,0.00158928086581955,3.08413757403054e-05,4.84063093563807e-07,0.00759173728077866,0.00158304576034898,0.00225022154724646,0.00075408002511871,0.0451832719363732,0.109004538987731,0.039850623278529,0.0299978685772445,0.0025994635609048,0.000254476275220388,0.0720193271914701,0.0298626709430566,0.0405511071103503,0.0211595902855137,0.00936815347620584,0.0354573297750624,0.00568649422407778,0.00316303442769636,6.14127832486535e-05,9.62922072298108e-07,0.0151422331786915,0.00315373238992549,0.00447796280634927,0.00150212354694399,0.0410008635632846,0.10965906766957,0.0335779804517564,0.0218325160595023,0.00261579094533039,0.000220193501393174,0.0541659452859324,0.0242517091007797,0.0539234277555611,0.0189026553835875,12
0.0245684059768501,0.078021356476702,0.0132973134129522,0.000894921527427868,0.00273102465770283,0.000517684880744467,0.0439962795025009,0.0274793531306782,0.0360724642456329,0.0172267180017503,0.000602010824114532,0.00609953949535621,0.000175917258803087,7.39148263271955e-07,7.44687350402716e-06,2.69305228396847e-07,0.0019263100459506,0.000758907515127724,0.00130424003546704,0.000297641341971256,0.0169462981841206,0.0629152918866475,0.00892711370576381,0.000537625497749739,0.00190031986011728,0.000250706581926304,0.0314938602538876,0.0207414709611756,0.0259070548269144,0.0137868042116498,0.00120259201069817,0.0121563520288312,0.000351834043045383,1.53599279369683e-06,1.48679294811781e-05,5.35944793103449e-07,0.00385235108106797,0.00151021108514022,0.00259889589630733,0.000592901986462973,0.0205648075475443,0.0762953629489692,0.011998805810974,0.000699194952598572,0.00216835171929925,0.000200263606535562,0.0366861169707435,0.0184604176192362,0.0243990332116735,0.0195432065213913,12
0.000625982129625735,0.00679480941098552,0.0010362509922343,0.000240565665141313,0.00069735033639778,1.0516877038896e-05,0.0029675880619156,0.0116244055852431,0.00187548710896122,0.00983789864914384,3.91680606526473e-07,4.63317253033858e-05,1.06884113580341e-06,5.80825584743691e-08,4.88523489581516e-07,1.10560925700044e-10,8.84836351383971e-06,0.00013549336930851,3.53424274327165e-06,9.72675367778553e-05,0.000454177803898168,0.00486293837278118,0.000722938722365163,0.000102863475078088,0.000377269183443712,7.3548254550503e-06,0.0018896815560616,0.00924573048006891,0.00134287427505172,0.0079413608829546,7.81217725839615e-07,9.22666138563392e-05,2.13645554098131e-06,1.15393510994742e-07,9.72202198750731e-07,2.20605034490096e-10,1.76057188529339e-05,0.000269942501776819,7.03402009582154e-06,0.000193546494085166,0.000563493058900204,0.00751913122252797,0.00106067688724754,8.02043823424403e-05,0.000219859541833967,1.11626188190273e-05,0.0023392332099736,0.00991252115831057,0.00205228339582918,0.00767852809025434,0
0.0168446148569225,0.133128065624069,0.0294756049307874,0.0147527386159757,0.000572989092297721,0.00115329485536566,0.0995138262501706,0.026273002523193,0.0688883374727288,0.0112648582765527,0.000285040091840938,0.0178108788175046,0.00087316401010811,0.000218690289083857,3.29770413706362e-07,1.33613639695582e-06,0.00995122689989102,0.0006933824661233,0.00476716773936854,0.000126775824000801,0.00703875252419099,0.0551973804574311,0.0115095029809245,0.00608019975587528,0.000312402841494235,0.000391112493371737,0.0412252224229197,0.0168315628457958,0.029023801785985,0.00870294696693711,0.00056735526101016,0.0354437799010195,0.00173759111606391,0.000435236203449309,6.56437468044541e-07,2.65736231124077e-06,0.019804432889073,0.00138018264162166,0.00948792872309917,0.000253036497708874,0.0090738186431174,0.0743095537617389,0.0152151648030732,0.00694958383487364,0.000165927776032456,0.000445268823597348,0.0384982739441197,0.0143899932886772,0.0392044782292298,0.00662972318103229,0
0.128089074989896,0.200429828304697,0.116029381095107,0.0502978085514659,0.00493255009459115,0.000803143841573776,0.158457392721488,0.074609463183562,0.0723652405345977,0.0447928480666524,0.0164693786310677,0.040362475405752,0.0134960203050557,0.00253399567769758,2.43943283965964e-05,6.47647118115957e-07,0.0252092959401491,0.00557701432013713,0.00526261618108938,0.00201360280568074,0.0905033149891312,0.164860799715453,0.0882752391002217,0.037773958727795,0.00321523527947951,0.000533641202668443,0.125510712232065,0.0578154193108496,0.0595444672533006,0.0324512952619655,0.0327935948537778,0.0803294769932407,0.0268911608050653,0.00505118469558383,4.86013928384557e-05,1.2894013098476e-06,0.0501917820944268,0.0111152202042749,0.0104727859529352,0.00400991789700279,0.0882686455575819,0.14111195772839,0.0778584846861586,0.025901912290976,0.00283947558909316,0.000411021595763513,0.124858302956097,0.057271934570231,0.0680087350834584,0.0388382338722558,12
0.0332199667665895,0.150783885482555,0.0450771196975578,0.025333227351508,0.00164224244164045,0.00093963078162661,0.0573859927617611,0.0341820813537243,0.0515992714127841,0.0344538436890789,0.001085884713429,0.0228163241875151,0.00200661651195991,0.000638587216323422,2.66147433293741e-06,8.87331407492085e-07,0.00327852532042592,0.00116211682985653,0.00266850120860593,0.00119217645918472,0.0240564711030767,0.108014786507996,0.0293343405585899,0.0182556851716161,0.00123357503579644,0.000406677729173942,0.0423139539870432,0.0257022056880781,0.0342104457164779,0.0253303606234462,0.00218395617591189,0.0454380095393297,0.00402852653032931,0.00127716543894104,5.34512468366075e-06,1.76572363339796e-06,0.00655520830974206,0.00232472001927902,0.00531762641895279,0.0023732804755191,0.0265409209127203,0.107063350375122,0.0392829658362182,0.0270729368211789,0.00180889995305275,0.000305560795861077,0.0497226262438021,0.0225765647809703,0.036625996508843,0.0317093399239341,12
0.00552489795914753,0.0114490392726567,0.00274692312392045,0.00175799457512891,0.000410116169312487,0.000175211020149147,0.0136262797988134,0.0161393368377035,0.00354691676004376,0.0100784961190074,3.06727942516752e-05,0.000130236693557041,7.58338063675092e-06,3.07618288107063e-06,1.68757761110066e-07,3.06135473376853e-08,0.000185860427844491,0.000261748249829469,1.23712144381228e-05,0.000102061872333327,0.00421331187369053,0.00836177856199286,0.00194912802828146,0.00119582403844933,0.000200194187753156,2.73977460875929e-05,0.00893187071335483,0.0128076257347207,0.00259011169592349,0.00815385751726726,6.10435954937513e-05,0.000260661011304635,1.50896466816432e-05,6.15132185282972e-06,3.35834564311434e-07,6.10102118141981e-08,0.000370597483527903,0.000520915814207185,2.48898720004168e-05,0.000203123578219263,0.0049926307299697,0.0127512109859487,0.00297354880504303,0.0019233122122732,0.000106011531548781,4.12715887448043e-05,0.00744311478711783,0.00988814502509512,0.00402473817247587,0.00725082654064929,0
0.00137241812572673,0.000622959524157605,0.000825742887861661,8.90513306861807e-05,0.000397126103760724,0.000152601611668308,0.0137871080498644,0.0104323465433246,0.000198300889053877,0.00974240463382569,1.87763013832626e-06,3.86241456847735e-07,6.85063046504289e-07,7.84975049524237e-09,1.5849803617161e-07,2.32675985973514e-08,0.000191037554271859,0.00010935126436673,3.86074833603976e-08,9.52014725164261e-05,0.000742273171674933,0.00045190427294415,0.000532151568298412,6.12187774022161e-05,0.000156091241464344,5.61744449530025e-05,0.00744582013390536,0.00824846248389859,0.000143076531615423,0.00775521878473191,3.74902779174417e-06,7.72371399094684e-07,1.35662761388237e-06,1.57403785731691e-08,3.15148459957874e-07,4.64199963663987e-08,0.000380162315579732,0.000217637782567138,7.77370852996086e-08,0.000189639873917774,0.000478501551179447,0.000689498042532377,0.00023557983713358,9.86082352913713e-05,9.66238683875519e-05,5.80590633800257e-05,0.00491979083321717,0.00496008721461954,0.00021984193905831,0.00666577931872684,0
0.11854219282207,0.187370322676503,0.0797568039561235,0.0521849974652363,0.00810286365763564,0.00642283043315135,0.0997342106873092,0.0572837224091697,0.099164654558079,0.0616233409746024,0.0141202394307538,0.0351561038129181,0.00638834844723709,0.00273646150728754,6.58731067993819e-05,4.14542577928505e-05,0.00998106319387168,0.00329777501456292,0.00985631243201989,0.0038069518000413,0.0685165535537356,0.148434190490832,0.0537183483753977,0.0331501332614704,0.00552002098844391,0.00365664067057416,0.0808914843817417,0.0436160289812681,0.0820902306550556,0.0437300818855997,0.0281018835957776,0.0700879582672154,0.0127175451409784,0.0054460530343152,0.000131196491386784,8.2497771875188e-05,0.0198780643217803,0.00656269572380704,0.0196405852750189,0.00758535263238301,0.0657376743217185,0.103040804595441,0.0516889104830506,0.0289937729273487,0.00489837532149862,0.00340829523466629,0.0562414629186146,0.0363220457504102,0.0802579038673634,0.0524012596306942,12
0.0379884374418836,0.134013767887848,0.0415750629681588,0.0192956782640739,0.00244481167119478,0.00121539364015375,0.07142183657999,0.0294379260258645,0.0496179584256628,0.0365853585898528,0.00144684731169208,0.0180147199450641,0.00173463146747869,0.000373754801157443,5.91185866457633e-06,1.47856289485353e-06,0.00509793321800079,0.000870189649343761,0.00246542108897836,0.00134003249203414,0.0299216732243524,0.107467877291919,0.0318698871783077,0.015797711241154,0.00177805300078697,0.000807745982657146,0.0544323032011832,0.0230853059962155,0.0427410819199854,0.0265355642722082,0.00288267095334975,0.0358835628896722,0.00345440439426791,0.000744208985443603,1.1859007122066e-05,2.94698977370454e-06,0.01017312909394,0.0017320123485989,0.00491498949646147,0.00267176851694883,0.0266100003428473,0.144964530087915,0.0384888979412897,0.0123938546727146,0.00271325101857873,0.000679919078451344,0.0335263906511583,0.0160571394540623,0.0551696211052054,0.0248164370976105,12
0.0239505903144943,0.0329387538775251,0.00411095563500042,0.00187122877056436,0.000538883216453592,0.000140197137582875,0.0450203153709713,0.0197350167936435,0.0133977597481003,0.0168519170590911,0.000576301994041838,0.00106502696270927,1.66873083045266e-05,3.51603955338016e-06,2.91351267867502e-07,1.97519469993139e-08,0.00203371809794539,0.00039142709014527,0.000176167003743326,0.000284593400411046,0.0191697559256011,0.0240001704525333,0.00329361893276574,0.00127312433477778,0.000298328562854548,0.000112395000109645,0.0314871402727878,0.0153009673519533,0.00976774122214239,0.0137560671735216,0.00114704266354721,0.00214466228221712,3.34907144662167e-05,6.99841006817211e-06,5.79994264141361e-07,3.93082759938969e-08,0.00405028007585928,0.000778920143834118,0.000354785941239004,0.000567133883561601,0.0126085163943344,0.037684085151765,0.00484595971551454,0.00143265377698735,0.000238945241245548,0.000171443943070108,0.0356144406741908,0.0169478213758279,0.0153090806759527,0.0168009329686701,0
0.0284160191501897,0.00187803496108134,0.000646054455418385,0.000136822522115162,0.000606502425021788,1.20035291669583e-05,0.00474639763023548,0.0169187979270587,0.000757791778530341,0.0104942026405782,0.000811480556446322,3.43858043349194e-06,4.17351457714545e-07,1.86525969208933e-08,3.69659813374278e-07,1.44738263315925e-10,2.2607815277177e-05,0.000287593866052019,5.6132658040868e-07,0.000110672065485648,0.021401939492669,0.00133867828824516,0.000403585124458497,9.41353450553415e-05,0.000303517999481688,8.53104589700823e-06,0.00215735236756999,0.0131279006330245,0.000542575401145522,0.00834793646020202,0.00161486679447336,6.94814535377291e-06,8.32286061498952e-07,3.72788750281955e-08,7.35395764387027e-07,2.88089937901116e-10,4.50189447909546e-05,0.000572385548875033,1.13276492680946e-06,0.000220239338173867,0.0140289643958494,0.00205833668537614,0.00031182730847739,0.000151821596963586,0.00018274936026863,1.32809247259601e-05,0.00205416477396047,0.0126717506793374,0.000840523042047335,0.00578807493899554,0
0.0600234758908355,0.200923128095192,0.0902184639214563,0.0561465889718418,0.00450082752331451,0.000619970356670771,0.100738827491884,0.0551716229389572,0.138602801141544,0.0200727930820018,0.00362022062428189,0.0405698017147678,0.00817929355462808,0.00316820702591449,2.03580875090451e-05,3.85545946252014e-07,0.0101440171845532,0.00305028220471624,0.0192752981257758,0.000401651297412606,0.0443762908284796,0.160370758498951,0.0464261778436167,0.0268021191309385,0.00157178503552551,0.000142090387718645,0.0728638613302511,0.0386016346512952,0.0952967227692013,0.0130160231574312,0.00720396397096109,0.0807284085768261,0.0162740633934723,0.00630341720904724,4.0498689746084e-05,7.67609849733659e-07,0.0202415574783124,0.00607891422382209,0.0383844974309239,0.000802492170248427,0.0397383292061397,0.152859531544395,0.0439750340850535,0.0283404191835136,0.00180342776803548,0.000205552308040285,0.0604336845387868,0.0334631966682529,0.0732370266706604,0.0128372680775963,12
0.0626263476887003,0.219055194712212,0.176481858562763,0.062991353283683,0.0105269678821451,0.00655309243021672,0.0723881025773739,0.0460770572936657,0.156881128556987,0.0362953548649346,0.00394176762129234,0.0481117837150315,0.0312980351563417,0.00398617028286719,0.000111366164376016,4.31588138404198e-05,0.00521841547666294,0.00213000605651113,0.0246752972904635,0.00132356219861174,0.0465268379578561,0.175855013041085,0.133993309705781,0.0516104338569572,0.00810588914247223,0.00424256097508607,0.0598500723074554,0.0371320449482537,0.1244074453131,0.0277253404675213,0.00784411790274381,0.095856094929772,0.0622846632702909,0.00793353116009755,0.000221626385753947,8.58799981692156e-05,0.0104321184924784,0.00424206438149037,0.0491628035002906,0.00263429679337785,0.0426487212737197,0.13652716777116,0.174962666816472,0.0676734174477475,0.00953835239432584,0.00409375778052111,0.0718681523325246,0.030009079718619,0.115400800960226,0.026657784153839,12
0.00931313798730275,0.0572290842273038,0.0198216244177281,0.0201484588166226,0.00115456957434371,0.00124024826911105,0.0803362084844474,0.0283700332067482,0.0295616202038937,0.0126527434556703,8.59686054962002e-05,0.00322072169639512,0.00039324289041041,0.000406083632718252,1.32634197511337e-06,1.54530103759285e-06,0.00648453173110052,0.000806101977236608,0.000874981311836421,0.000157903136356438,0.00617920616095574,0.0418556788221111,0.0145021219212933,0.0157217964004867,0.000801100048131553,0.000888416557394793,0.060581903758771,0.0217717365320587,0.0208025557848983,0.00996801622424451,0.000172273206980161,0.00647967253872724,0.000784168324089767,0.000810003802845808,2.65118976772832e-06,3.07570316025891e-06,0.0129058463608904,0.00160685969692882,0.00174434895452749,0.000317194382937301,0.00819430932418543,0.0429738061038975,0.0165324430074121,0.0181041276670731,0.00112593553157925,0.00139576801887627,0.0664092801948335,0.0151007173789654,0.0187224454989151,0.00966083724608992,12
0.014581692195869,0.00546459197635203,0.00243536330277303,0.00338250025901508,0.000677247587158981,7.24946314551709e-05,0.0191181281871181,0.0160665069179191,0.0027299469468047,0.0116748051873719,0.000213349331803701,2.9788540225947e-05,5.92636038630982e-06,1.13875598463048e-05,4.60963976676785e-07,5.27567737816481e-09,0.000367123163422774,0.000258389902896805,7.42028298663043e-06,0.000136811692548897,0.0105410955307413,0.00401231641462334,0.00177679790133265,0.00238860108511749,0.000365520055257855,5.03861395080803e-05,0.0151596575080586,0.0128494897153584,0.00199049472470628,0.00960259644462053,0.000424874284334026,5.95009643403944e-05,1.18277177715601e-05,2.27719300201545e-05,9.17071821534504e-07,1.05044357661665e-08,0.000730732413644753,0.000515149967574444,1.4835471091122e-05,0.000272428496141132,0.00579294421447993,0.00611045544656131,0.00273138624679782,0.00379510373182,0.000202341199552003,8.01536741635236e-05,0.0152432819747734,0.00991772420982864,0.00303896087252207,0.00944748885365491,0
0.0326954655651154,0.135699134484934,0.053940135433264,0.0517421109127676,0.00431779507594779,0.000993804194877817,0.06189841358497,0.0406218930168528,0.116313028054223,0.0118725826468183,0.00107113558779151,0.0185056536201927,0.00292392412215373,0.00268119399955893,1.87243255687846e-05,9.92588036395506e-07,0.00383718758492537,0.0016583820196696,0.0135908691372683,0.000140925765575768,0.0211551493417106,0.0798243578297417,0.032269995768888,0.0251589061632975,0.00155520905523714,0.000306868689394111,0.0442734644539488,0.0317289701451724,0.0757605113302178,0.00976248582900207,0.00213453331006958,0.0368258515778217,0.00581868011784606,0.00534500349785056,3.72740554969757e-05,1.97425732440283e-06,0.00764935277025883,0.00330002980906106,0.0270515629212849,0.000281170150503181,0.0148652503835111,0.0567246405780578,0.0318861141039979,0.0288332477511191,0.00169540356688737,0.000404305956698662,0.0273451257410629,0.0221594412236396,0.0858905275110847,0.00823152575675446,12
0.0824557221009336,0.146737123991396,0.0847581774209733,0.0516138482169627,0.00312953107217693,0.000663510406748098,0.0755892671180381,0.0601753162968714,0.050832688352333,0.0285456210633806,0.0068202068289821,0.0216248925537743,0.00721329954476935,0.00266427162638056,9.82302193249642e-06,4.42253307572381e-07,0.00573597106848221,0.00363897346148237,0.00259261970355947,0.000818865902347385,0.0674434064585798,0.116851086645097,0.0651888619211151,0.0375877323630555,0.0022614621036851,0.000394602400638364,0.0583537336742016,0.0475297198217976,0.0383703951547686,0.0228998501298628,0.0135850518829635,0.0430480075933929,0.014361170352282,0.00531489651827733,1.9566765604151e-05,8.79110073420625e-07,0.0114209216645,0.00724175671125577,0.00516319150484519,0.00162953584357706,0.0507332838875242,0.106976127572266,0.0560402722482224,0.0409560890273294,0.00203241846218166,0.000239751730914723,0.0483140981161747,0.0428979118485862,0.0332166899712152,0.0197147785894175,12
0.0391091714782058,0.0825395911587669,0.0111057172160077,0.00606239597174197,0.000594035207860308,0.00040520337040273,0.0192323239672195,0.035219781440548,0.031223744080477,0.0284058330280222,0.00153097548391671,0.00683432853736507,0.000119648080268993,3.6724586642992e-05,3.54057331218466e-07,1.64930192008894e-07,0.000371025040942326,0.00124597755302018,0.000979426231143511,0.000808167907854872,0.027508075102879,0.0496981477922459,0.00604066689993575,0.00379285017655983,0.000352109596489826,0.000199262986328284,0.0133634947987428,0.0273487903501766,0.0186128972616198,0.021423359981753,0.00305282006853739,0.0136118512790979,0.000242367889526904,7.32889637690329e-05,7.00935131572354e-07,3.28016098139258e-07,0.000739051620354659,0.00248017509712804,0.00194945011182471,0.00161100342785846,0.0333373665897415,0.063391498920192,0.00971270124065196,0.00325227335875503,0.000206331955211561,0.000122196020213475,0.00965332053349637,0.0256762284995627,0.0212427549136289,0.0257059532978297,12
0.00259712214998033,0.00450987509001371,0.000649401488012179,0.000485760284176572,0.000462221391274422,3.108343174457e-05,0.00357322186174547,0.0167539737365254,0.00179048324320236,0.0129742341363601,6.71295587133621e-06,1.99555193104529e-05,4.22686443290389e-07,2.34833538683424e-07,2.14719013934946e-07,9.70271342023224e-10,1.28283477673508e-05,0.000281548184344497,3.1503115591895e-06,0.000168963758129484,0.00172110532025863,0.00325902474623729,0.000401215660575232,0.000297704700822639,0.000202461084453922,2.29442705574308e-05,0.00237060864250629,0.013795249737149,0.00125397603143327,0.0103439014931708,1.34193626424617e-05,4.01944623217816e-05,8.3968045633375e-07,4.68624539435851e-07,4.2729399293761e-07,1.93155800941538e-09,2.55304890357912e-05,0.000560820157216106,6.3403424137885e-06,0.000336449666971966,0.00146618912816354,0.00501849780070725,0.000311157166750959,0.000384474057710127,0.000124635218987649,3.44794046247303e-05,0.00157051167961623,0.0124094679927515,0.00199465948958827,0.00935503494056103,0
0.0140639248415087,0.229693200875106,0.0395356764681356,0.0281966650217744,0.001136623276185,0.000589150691762464,0.0430019739574718,0.0498226565421504,0.103562649812003,0.0109515585636201,0.000198720047953147,0.0530139137546048,0.00156916860669033,0.000797234470104278,1.29840365121116e-06,3.48763847797751e-07,0.00185638685502554,0.00247942912649192,0.0107732215760114,0.000120036937044357,0.00769188554272349,0.128452200114886,0.0191876699738768,0.0132308829410022,0.000494851432218178,0.000269294763659391,0.0295108385581112,0.0316767739197066,0.0548414571235031,0.00873237292280059,0.000395516250817927,0.105504922745698,0.00312438214756008,0.00158819928666981,2.58283457034736e-06,6.93849328754176e-07,0.00369621618874897,0.00494926480398069,0.0214422456366121,0.000239346157908621,0.0076094452737479,0.158051650944217,0.0245812046196251,0.0127041619552537,0.00040396261351092,0.000226634490582284,0.0285375719506552,0.0353476916555812,0.0747743230985042,0.00696520492874126,12
0.110478905304103,0.310659207830145,0.199921659847106,0.0834478510115226,0.0124517650467995,0.00395931495201478,0.0548686339337178,0.0937216479462335,0.233063412988497,0.030046853775798,0.0122321234892752,0.096980730547419,0.0401332434478055,0.0069776074016183,0.000155575081040448,1.57408279758477e-05,0.00301752905516914,0.00875130236094083,0.0545424166934426,0.000907224611423314,0.0808961356020772,0.262307563940243,0.147767207816204,0.066393398922324,0.0094318265817201,0.00276978461569498,0.0461694931650039,0.0771496836848049,0.188188898780792,0.0248042395936255,0.0243765284589904,0.192993374705907,0.0799003901360433,0.0139060874034952,0.000309843393814444,3.13346545156233e-05,0.00601297627661257,0.0174911009866951,0.108587647197603,0.00180548891227621,0.0854473077440852,0.230533419573369,0.115606998384115,0.0621074840451547,0.00641170000164097,0.00210669609928462,0.0348135434971431,0.0726542980712494,0.183498663483786,0.0218929906830333,12
0.047257500859175,0.150423476017568,0.0390303574867266,0.041260933634728,0.00380919289034552,0.00159125816933339,0.0627709358833918,0.0418805637739227,0.0744251212137618,0.0421237488155762,0.0022138731457146,0.0227409220609849,0.0014811915758699,0.00168001409355312,1.43600986384376e-05,2.52387249796937e-06,0.00391777968458966,0.00174586355672693,0.00547677422905356,0.00178332675398319,0.0337439266699691,0.119473294947851,0.0255302368855859,0.0292351541887258,0.00284855548092578,0.00108625562082502,0.0492110171546656,0.0298035052315539,0.0563696520818591,0.0339608764726782,0.00443602947038873,0.045254015996132,0.00299715221900629,0.00337405949381843,2.87979650754435e-05,5.04290178337192e-06,0.00783830681459549,0.00349062828192802,0.0109884882299534,0.00354882030340758,0.0367390047374585,0.135433463661239,0.0406924537541823,0.0468315046377356,0.00431621274697691,0.00123217153696064,0.0562216117252737,0.0279568258076503,0.072090139138824,0.0476877277266435,12
0.00457286405014467,0.0434692948940778,0.00196997976958756,0.00243043035087809,0.000586736745526739,9.88334786738507e-05,0.0448039620911384,0.0186711003883147,0.00903753362888808,0.0129865597896253,2.0994222949702e-05,0.00189905104894551,3.82741803210176e-06,5.82574056312185e-06,3.45791451534494e-07,9.56129623274941e-09,0.00201074026557904,0.00034884840938845,8.20860327701048e-05,0.000169281001593317,0.00338792610339165,0.0326661454832119,0.00136951980753268,0.00169186600096861,0.000325974614480034,6.95027281166569e-05,0.0357533131363849,0.0151166074217293,0.00611370809957499,0.0104726895289716,4.17963836958282e-05,0.00377906006478044,7.68902487152882e-06,1.17034603106495e-05,6.87563945382202e-07,1.92814643394772e-08,0.00400788101768275,0.000695708312934934,0.00016334479904246,0.000337043398466434,0.00255817865125453,0.0445933309625801,0.00214908846685659,0.00267662529070366,0.000277648233285187,0.000109719319168416,0.0352280149469348,0.0126977087684634,0.00800387251053323,0.0115193603285714,0
0.00906845652326024,0.0911381605447018,0.0122880833943622,0.00724631923423128,0.000751393681563435,0.000570421215458446,0.071892314507875,0.031047708356612,0.0660029440654938,0.0122350695187349,8.16565985884744e-05,0.00827044135812838,0.000150241083948201,5.22810852259399e-05,5.67295367999473e-07,3.26873027669417e-07,0.00515230049376312,0.000962183390175959,0.0043466816999181,0.000150085161564725,0.00457074940319464,0.0307747466145128,0.00399818655533926,0.00143539808155942,0.000338672657495421,0.000169365949065225,0.0312846256230728,0.0192904401510622,0.0214557537889251,0.00932438068661057,0.000163484793871282,0.0165352407321892,0.000300464199141687,0.000104521047969698,1.12829543144898e-06,6.50418565428796e-07,0.0102950350395446,0.00192117414846406,0.00868078503518003,0.000299031396461299,0.00446610861449475,0.0369239548071395,0.00441669437091842,0.00193758736353026,0.000239199467875488,0.000146512935069843,0.03596148152015,0.0167416539414126,0.0265436640042392,0.00729068003698918,0
0.0846078084100934,0.186320922485863,0.138139975913683,0.0905002249731657,0.0117959667404941,0.00717472516052243,0.118955689917874,0.0917016893911358,0.104443942828677,0.046356059477784,0.00714535149121882,0.0348747141280826,0.0191451450840925,0.0082019553019479,0.000139432583680991,5.16531019709076e-05,0.0142210314810218,0.00843354813251483,0.0109607817881906,0.0021596780732269,0.0571516599522521,0.159336678789815,0.0881250476020663,0.0663872144407564,0.00690729633785836,0.00392773068471527,0.0869386964424321,0.0670732228077108,0.0801495857400486,0.0334476944227341,0.0142681059676703,0.0694146702876526,0.0381315355483392,0.0163511628488457,0.0002778800900419,0.00010286845400695,0.0282997689751804,0.016800454087285,0.0218144071795264,0.00429761888803044,0.0589403834648116,0.140562015892459,0.086685660398769,0.0632368615875165,0.00900944966308846,0.00401693067873075,0.0878321100872265,0.0661557335794689,0.0747254899885251,0.0369263600326878,12
0.0641231443601249,0.191532677558862,0.0884796428817001,0.0617103337829487,0.00684272912860483,0.00304354558991896,0.0763727978662521,0.0588258727887949,0.151318014065475,0.0293902801862951,0.00407555071769834,0.0368548042074315,0.00782084996131023,0.00379112962830754,4.66717853525601e-05,9.23381814992279e-06,0.00581059956045421,0.00343532359492651,0.0229708328831414,0.000867448998396851,0.0476617668621782,0.132468532533927,0.0574823188546017,0.03645644711989,0.00486974227925597,0.00190981374204042,0.0597980214657707,0.0408776552957925,0.106566073141241,0.0223682713996936,0.00816686964112332,0.073354933917585,0.015610352159482,0.00758031475677705,9.32610306019045e-05,1.84489589043866e-05,0.0116143455552564,0.00687845897068211,0.0457531200847358,0.00172689455127422,0.0665837522662714,0.171979030467977,0.0725702240798439,0.054690032788769,0.0077588035616385,0.00267814490668396,0.0636272746306849,0.043257606552415,0.116183249647454,0.0187909381491722,12
0.00791753434036991,0.00483377773183194,0.00446396687252203,0.00141627342848717,0.000576746993055355,0.00028833922158904,0.00651873969186025,0.0145894775107594,0.00985846440780116,0.0102175878835855,6.28245017427851e-05,2.31531080350136e-05,1.99975368363179e-05,2.00102503691908e-06,3.34132543903313e-07,8.30776826242585e-08,4.2684758401535e-05,0.000213893743233656,9.71906719689406e-05,0.000104483485283482,0.00585552933701997,0.00345851036649966,0.00319847587856212,0.000984476966992624,0.000391071153686014,0.000150301909624071,0.00513150048750512,0.0115110036492328,0.00714097009154051,0.00837894865314583,0.000125192750618067,4.64017505577073e-05,3.98242202963526e-05,3.99680790366807e-06,6.6400725238766e-07,1.65556847675784e-07,8.49413483126586e-05,0.000425677103948199,0.000193888857962882,0.000208325274064276,0.007791756429627,0.0052616768770396,0.0049015944137564,0.00153512499263248,0.000417757458094044,0.000190196187141159,0.00402627547042709,0.00924928479624261,0.0109514547482255,0.00729628994437149,0
0.00266569732745317,0.000243102291918467,0.000797807703181941,0.000405210684489518,0.000618972961996041,4.94610744308223e-06,0.00983557677196637,0.0202656879007179,0.000543134498144755,0.00655951114069929,7.14039839717074e-06,5.90147504920861e-08,6.39595567562206e-07,1.64794818757883e-07,3.84714408953992e-07,2.44318577097817e-11,9.71058157324009e-05,0.000411951869693797,2.96271747356919e-07,4.30155225641908e-05,0.00182268481175847,0.000175764914095283,0.000530668301125344,0.000190098985517858,0.000328571723079547,3.35992120246326e-06,0.0076598073707223,0.0166881956578573,0.000386282637434962,0.00510043304835275,1.41985113780177e-05,1.17815317358327e-07,1.27024138727739e-06,3.27830165138238e-07,7.65745895733082e-07,4.87722718119304e-11,0.000193353096377639,0.000820588816553266,5.8976634981004e-07,8.58143455974943e-05,0.00110482394254774,0.000268943169139937,0.000282632793440443,0.000125166019340898,0.000172383886277857,5.40992757064971e-06,0.00680053595230929,0.0153270943007372,0.00060040899308194,0.00325693664217299,0
0.0528992306611615,0.18798676630803,0.087794010123594,0.0619919812398106,0.00661334933107016,0.00429796092626902,0.123420261681194,0.0689825850258595,0.105504654643503,0.0335851537028497,0.00280961474204194,0.0355068781105289,0.00774179424021387,0.00386200302020527,4.39073867510814e-05,1.85429595695212e-05,0.0153044880732317,0.00478216666062444,0.0111684360732933,0.00112094730861299,0.0316469155345543,0.130843222891484,0.046051410976205,0.0364437259640154,0.00271313318527128,0.00229178807751884,0.0867896331794663,0.0485427039005601,0.0767081595456123,0.0191913382914781,0.00559367989433276,0.0706681676024277,0.0154101808805177,0.0076856649609247,8.7414781123617e-05,3.69221328499731e-05,0.0304604987814556,0.0095168405759415,0.0222418874346202,0.00224329052972964,0.0225662423891147,0.136056501161627,0.0425256510580174,0.0369387169567511,0.00325919671272293,0.00210393061326157,0.0727009563276555,0.0415298176710518,0.0879123827912673,0.0221179251664283,12
0.0546759229386749,0.137460424432118,0.0849433163111255,0.0435333029212298,0.00644852789077712,0.00420059867841578,0.0731196211698327,0.0499063502863632,0.0600567727908139,0.0514699601410396,0.00300069148559768,0.0189449486725869,0.00724348513664328,0.00190452773661907,4.1727164225163e-05,1.77168435171518e-05,0.00537055370707463,0.00249873818478531,0.00360343507942383,0.002638960890863,0.0432163954014014,0.115203268764957,0.0586663210440287,0.035443070979234,0.00539328800413254,0.00297514615360411,0.0526609143231318,0.0393444580633987,0.0402562964705582,0.0440136503448381,0.00597510421499408,0.037744925251774,0.0144222610023856,0.00379009694837254,8.30964560106285e-05,3.52718455752348e-05,0.0106900361150579,0.00497688699387589,0.00719217274480868,0.00527492225536756,0.0499043167379455,0.119912697611664,0.0654161342614669,0.0430816750697142,0.00806591509909926,0.00303199652432441,0.068044964028657,0.0421991632294318,0.049933415655833,0.0603585598118396,12
0.00853578792268981,0.031473843887785,0.00599018918184598,0.00689103254486882,0.00101369139477848,0.000447591146912644,0.0183004915411947,0.0289518589793417,0.00218643715557155,0.0189047733330502,7.30391034317976e-05,0.000984507162485362,3.56439859110977e-05,4.69507778761794e-05,1.0308801842549e-06,2.01111191312265e-07,0.000336285838090418,0.000839695346501042,4.72407157264541e-06,0.000357204558137237,0.00668558083442393,0.022788546476115,0.00443489165737392,0.00477845163626962,0.000739270852379979,0.000300007828169449,0.0128188837319984,0.0216647909916818,0.00160463593272888,0.0147078169223961,0.000145533539102628,0.00197016668126514,7.13479956308838e-05,9.42019479369508e-05,2.0517355586171e-06,4.00065493731289e-07,0.000669503929279011,0.00167370353396624,9.48085413830413e-06,0.000712764172486434,0.00870982218172225,0.036568421076661,0.00669747997654554,0.00765466804582791,0.000953231718643665,0.000423497177802006,0.0177417537928272,0.0216738399778682,0.00244783277785242,0.0198247654450987,0
0.00247604197542458,0.00197636506969431,0.000545005316689603,0.000362794728850414,0.000511914623239823,3.95578260519745e-05,0.00488398829460893,0.019296715487742,0.000276501599293478,0.00887424755897776,6.15671841321414e-06,3.85190757964519e-06,2.97659053066651e-07,1.29165290383589e-07,2.6333733039039e-07,1.55585557693656e-09,2.39717267412901e-05,0.000372497145758563,7.62969789286238e-08,7.91261348039495e-05,0.00161548774005896,0.00136584644282043,0.000354293056756289,0.000253048667963662,0.00024787035247677,2.78304073525107e-05,0.00393080304469819,0.0159823872829667,0.000152322681898971,0.00732052681156563,1.22553698869596e-05,7.73856970455134e-06,5.92985253378819e-07,2.60137587391267e-07,5.23723689593302e-07,3.11285039650815e-09,4.76880056087944e-05,0.000742925904184132,1.5210951874999e-07,0.000157480224593221,0.00103912880711862,0.00218986279501217,0.000393251392143626,0.000402211623741869,0.000141813820936568,4.47219132388621e-05,0.0029894002073121,0.0160244406666319,0.000162339550600585,0.00744588979880577,0
0.0416469091791983,0.212868801948661,0.0915746305198992,0.0681392398987627,0.00795451979987371,0.00510933825343771,0.125246217514572,0.0657031438560828,0.134806391538523,0.0634724106433741,0.00174295271523457,0.0455379175752796,0.00841294188533192,0.00466526828156383,6.35843187588217e-05,2.62364294048721e-05,0.0157652980441668,0.00430813784405806,0.0182640707006422,0.00403350124225651,0.028882718919206,0.159545851290549,0.0563481093285057,0.0445145053146462,0.00407498811719702,0.00292345955678896,0.089793582252731,0.050808196594029,0.100720549773543,0.0383349157534275,0.00346859780402772,0.0906232845991656,0.0167560080983807,0.00928446980598939,0.000126540373906163,5.22030179310991e-05,0.0313728081367029,0.00860347658801749,0.0363451996121227,0.00804197162711157,0.0211161380839616,0.162378816091582,0.0337621904594202,0.0460152247589712,0.00352675399205035,0.00271099783825443,0.0849600936777372,0.0378842549419785,0.122590932368583,0.0486755573259511,12
0.0523813582458772,0.0590307048391843,0.13126919845824,0.0616023180556701,0.00739854249983881,0.00523064183056346,0.0545390732810921,0.0719517470202274,0.085040377189574,0.0631831386943992,0.00275490706901356,0.00347242520589155,0.0173005690572049,0.00381391503246414,5.50112319910324e-05,2.74885643820467e-05,0.00298942992126148,0.00517531454515349,0.00726817987327415,0.00399929807071186,0.0428797995741351,0.0400572872229199,0.0940853412513369,0.0416907298329878,0.00462990924325248,0.00369807781138554,0.0449360949933408,0.0567595102572805,0.0624457729172456,0.0478564540029769,0.00548483254409302,0.00693963266710862,0.0344456685980891,0.00758937335011666,0.000109467414050165,5.47101206911758e-05,0.00594899142162805,0.0103261824852749,0.0144636600258324,0.00797128140318439,0.0374349937487076,0.0282676666310351,0.11319776859736,0.0481969603472075,0.00579795957981049,0.00260336935205557,0.0423004620879348,0.0446540958314854,0.0833290926952001,0.0616600889379166,12
0.0142397696099017,0.0349898256904519,0.0174195889136623,0.00620890117251238,0.000612574136835263,0.000975752930783422,0.0233506079982343,0.0298941288747956,0.0130465900725722,0.0134864226677935,0.000202843670258444,0.0012184726876951,0.000304851506754222,3.78640433945585e-05,3.75757661584583e-07,9.47916089808419e-07,0.000547130467738632,0.000897995057393721,0.000171063354533799,0.000182614171839987,0.0107008230949793,0.0259716962392505,0.0126536477405056,0.00450200400144279,0.000381092109757899,0.000731121831926945,0.019874681267135,0.0232553676381732,0.00947750532434797,0.0101941070244147,0.000404600404059816,0.00243665274591324,0.00060675288102137,7.62249938707447e-05,7.48194156079592e-07,1.89526291788599e-06,0.00108961977405409,0.00178715021990276,0.000340409080946035,0.000363576398274424,0.0144789818674024,0.041236325859945,0.0197566833539227,0.00710805676763065,0.000443321940479128,0.00115562391492243,0.0178295913245872,0.0201831609597777,0.0148065338935331,0.00710203923183073,12
0.00508695946019599,0.00245947113229033,0.00117771987292875,0.000344429304975287,0.000637498829146237,7.02515138272154e-05,0.00928738868333331,0.0152625894408127,0.000782322522465933,0.0113134040035313,2.59510808600162e-05,6.01603627204726e-06,1.39269852074823e-06,1.15622075379097e-07,4.08433334735902e-07,4.91095219109318e-09,8.48248599240824e-05,0.000234097147059705,6.14779038953359e-07,0.000128604494757843,0.00376359590415819,0.00168388780722735,0.000811502436124822,0.000244803502706182,0.00033890632507658,4.81919395805456e-05,0.00728431044647247,0.012630842130028,0.000546013931354706,0.00917237432554738,5.16881331901975e-05,1.20338814928247e-05,2.7709032794806e-06,2.33675510791231e-07,8.08303472309611e-07,9.82145402307394e-09,0.000170611987004329,0.000465823036099264,1.22369380040469e-06,0.000255954568926218,0.00293412296898947,0.00271314004334783,0.00110870394171737,0.00038187585579083,0.00020941077221628,7.77860316306932e-05,0.00514622637784376,0.0129512012604961,0.000864878269405539,0.00955698565412028,0
