0.00547199096232174,0.000466579365704414,0.000915188944901082,0.000472342483649191,0.000873405880136791,0.000414252892123705,0.0155589263968396,0.0202067918363594,0.000519757483098131,0.0161996567897007,3.009217256737e-05,2.18788620540461e-07,8.41700023888e-07,2.24228311931643e-07,7.66649990259553e-07,1.72462943761156e-07,0.00024329425633531,0.000410335230819538,2.71498876134986e-07,0.00026364776475171,0.00421217444451107,0.00029851821867441,0.000648578902226888,0.000319267780824995,0.000583559557975311,0.000293836460463587,0.0126149236289889,0.0155465424519314,0.00033557295303794,0.0115940553909663,5.98828264278979e-05,4.3531238372841e-07,1.67500558426241e-06,4.45627635244657e-07,1.52385496754212e-06,3.43145944578918e-07,0.000484151614934649,0.000816546800736993,5.39631639489522e-07,0.000524700976023506,0.00272920528616078,0.000224201282203196,0.000350339194858223,0.000271127190506537,0.000296069420293308,0.000258831107183349,0.00686809068136394,0.0111376488342644,0.000235830200720016,0.00914594036549311,0
0.00708294667106572,0.00212747087420863,0.00495376100696193,0.00208177867211231,0.00416789601468116,0.00207252588328088,0.0104128052995943,0.0190116313452255,4.57969427592128e-05,0.0140855936777544,5.04193546225118e-05,4.53948976564345e-06,2.46260236122689e-05,4.35451802401582e-06,1.74584139681819e-05,4.30070420222873e-06,0.000108730724556473,0.000363237143870121,2.10244918310954e-09,0.00019939345718906,0.00538963613023237,0.000428954334553267,0.00120731043256912,0.000360442842186547,0.00112584866831195,0.000427358148856678,0.00785517296486308,0.0148685393924462,3.25557559542027e-05,0.0114047648832671,0.000100334661416135,9.03773605349884e-06,4.90309056934993e-05,8.66356137981765e-06,3.47002648280082e-05,8.56017533802614e-06,0.000216607894203715,0.000722790670728822,4.18915826288855e-09,0.00039679511185467,0.00434130624707198,0.000603977341781034,0.00145560349323339,0.000559095789495016,0.00139074138858177,0.00059517580369235,0.00623783910469322,0.0136687291356257,4.91882758414247e-05,0.0105426269902378,0
0.0652685621907367,0.409726642446899,0.23071162362413,0.0446830366232362,0.0244476613526189,0.0216991057802189,0.224915278375694,0.19484582586457,0.296838364220897,0.0530062572322181,0.00427956307500236,0.168666287441323,0.0534620687141113,0.00200660664032264,0.000600629386303944,0.000473170951102502,0.0508308421308961,0.0381362632930547,0.0885470972211559,0.00282313220006523,0.0509660510582447,0.32058576968499,0.176535429132366,0.0364780423246367,0.0183127075923019,0.0170262716666145,0.169271513810555,0.158950925357867,0.212078116281092,0.0395941632623307,0.00851796613501634,0.335698138499272,0.106422295475216,0.00399313835795198,0.00119530091697721,0.000941647489052989,0.101163352396277,0.0759097512835421,0.176216850011525,0.00561866465695955,0.042349523766885,0.366984425298018,0.215326206460734,0.0405246043814604,0.016881581715728,0.0151338258356068,0.193756040818942,0.180540302941207,0.213198796491714,0.0450874813540501,1
0.0720659700049752,0.111134350142656,0.112734768091916,0.0485729053148928,0.00643659751218335,0.007280997761687,0.1193675950775,0.0753409076863052,0.100610117345902,0.0153499050024025,0.00521946849327465,0.0123722177541833,0.0127486518299749,0.00237052783988124,4.15822478020754e-05,5.3273379621566e-05,0.0142984516201834,0.00569303494077428,0.0101683029573206,0.00023680357200701,0.0567500358915803,0.0928395972183538,0.0880011533615689,0.0326324729474931,0.00438725524054058,0.00531664587926383,0.0895762867155828,0.060505025962858,0.0856417697211246,0.013028696560421,0.0103868375431621,0.02466117433073,0.0253938933693971,0.00471799976374194,8.28038438409473e-05,0.000106019045163873,0.0284755813478848,0.0113408134588222,0.0202398543432752,0.00047123832771287,0.0653314922815026,0.101652906351459,0.0759631252176126,0.0248178739499928,0.00332366646594076,0.00483951629255976,0.119456432919499,0.0630885951490553,0.0807085531816297,0.0142317416354838,1
0.0150943607470549,0.0179121457497653,0.0205226530810102,0.00903819447105579,0.000894574964906537,0.000608901608471175,0.0102463477310602,0.0214825008425516,0.0209687731865139,0.00889935961416514,0.000226698412765895,0.000321461005085415,0.000422320909826349,8.16250674125913e-05,8.03290192857387e-07,3.72623012079876e-07,0.000105091159959651,0.000463261573197499,0.000441371920539211,7.95744376805332e-05,0.0112652141412768,0.013001213941152,0.0149351228423695,0.00647580551893889,0.000612679714562247,0.000440777926292565,0.00791922073452175,0.0172123762471513,0.0151314141089564,0.0073019102620275,0.000453393887133525,0.000640688831133589,0.000841352541055235,0.000162902875341529,1.59819127897765e-06,7.41512471985906e-07,0.000209542843534667,0.000922358881181399,0.000878816819077681,0.000158335388676053,0.0156999045782718,0.0200067845339176,0.0229004512679042,0.0103746334359482,0.000726903279146171,0.000586094123931861,0.0112479153515447,0.0153288147644453,0.0234222433234918,0.0064062485583565,0
0.00487315470893289,0.00102774132784458,0.00133736053022801,0.000579749382597214,0.000813151973919793,8.80096438560559e-05,0.00698650858115795,0.0162184910994832,0.00121737239589572,0.0114286793800212,2.38370051178807e-05,1.06130073978575e-06,1.79619396275353e-06,3.32810581061546e-07,6.64538787941003e-07,7.7305383242668e-09,4.87483066276544e-05,0.000264321741428317,1.48944167314865e-06,0.000131044702614671,0.00347481013086405,0.000728933439499555,0.000963223094940641,0.000384946066347249,0.000495162915558899,3.65887575146457e-05,0.00547718267510057,0.0132070412942844,0.000879283594264904,0.00891538879629238,4.74638890918948e-05,2.11217752467983e-06,3.57518057087506e-06,6.66878902306131e-07,1.31551297877136e-06,1.54364354678416e-08,9.73157241138972e-05,0.000526030834836887,2.96390376485138e-06,0.000261004014777855,0.00225673438747715,0.00113729164298888,0.00121638104319251,0.000578487420315539,0.000239051913779735,5.68138858277685e-05,0.00302118269400769,0.00916444876050372,0.00128905234271117,0.0081470360997758,0
0.0372649384480176,0.302088779722193,0.175689031162501,0.0245979613339252,0.0195916499706908,0.0172032836822091,0.142198716404207,0.122384147643337,0.194506915048096,0.0445120884511817,0.00138597919437466,0.0915852473295962,0.030934611542332,0.000608055211339875,0.000385685329838624,0.000295255491319998,0.0203000684295324,0.0149884622446852,0.0377443455187498,0.0019892257215486,0.025192175676086,0.197842803647002,0.118327919088701,0.0161586032856064,0.0137287746243287,0.0111232208754902,0.096001721730119,0.0834914411262256,0.122921551284443,0.0298914721319917,0.00276757397312561,0.182384839948479,0.0616465348098661,0.00121007207273885,0.000767580492204976,0.000589732068666845,0.0404186767313668,0.0298913139049266,0.0753885574871702,0.00396050451066213,0.0244143461106006,0.231586480083105,0.118443395805778,0.0161834215211322,0.0140018775927943,0.00961388167016241,0.115796882541496,0.0820784564101207,0.141505433329575,0.0338469919204486,1
0.107617874277701,0.118122579365649,0.172469875043624,0.0493668552115576,0.0106796974207474,0.0190429606191407,0.112919650593298,0.0876240254908865,0.147596147753911,0.0238140908348312,0.0115925589236742,0.0138575112666717,0.0297932520457139,0.00244915472803322,0.000114613533028796,0.000361826938415245,0.0127811259228,0.00768534024832444,0.0215327721979892,0.000567450942958709,0.0870385293238809,0.0990672653335945,0.134307961178242,0.0384317466107858,0.00769042609944494,0.0134754701689113,0.0964255637964379,0.0694847596931389,0.114314732862469,0.0202049630237551,0.0231161935246879,0.0277406854024776,0.0593895736756917,0.00487397322949988,0.000228090356134769,0.000722651349779767,0.0254678684827502,0.015324645261294,0.0432095075921188,0.0011317128743583,0.0858647400554567,0.111291962573663,0.129587977156122,0.0280468993195206,0.00690825798194208,0.0138588000097939,0.0861217032481308,0.0887141685778064,0.112577630149849,0.0161078228818445,1
0.0339289525365217,0.0179701932012464,0.052743802748945,0.0154682439983445,0.00126389646812173,0.000881536584427626,0.0234523652788398,0.0381049048102122,0.0182624730626872,0.0120340361051782,0.00114525768483744,0.000322765348633239,0.00279559005640018,0.000240178875822233,1.58533982092446e-06,7.62941479949717e-07,0.000552368248244346,0.00145220555227261,0.000330467275608623,0.00014554121706471,0.0255644609863533,0.0136337792131559,0.0416532504882137,0.0114600585321189,0.000926916968982052,0.000647345444912959,0.0177474450438282,0.0288365315776647,0.013956257662918,0.00960827423303135,0.00229067511260283,0.000644069499277676,0.00556350214927657,0.000478229430444938,3.17348283030932e-06,1.53622799122652e-06,0.00109961259355822,0.00289692351820806,0.000662329771503135,0.000289583500851267,0.0343702513025652,0.0209136566473531,0.0634389488364342,0.0172409738363918,0.00125297726130187,0.00100582418799306,0.024298414381525,0.0333722700677641,0.0216060902719013,0.00817003472170345,0
0.0164112034201565,0.00115693998815548,0.00410153795639288,0.000929868191194531,0.000751879239896852,5.02026657976392e-05,0.00934455236828294,0.0198275744833995,0.00123640235134746,0.00822208818848324,0.000270642295119163,1.33784209523572e-06,1.68589319229163e-05,8.59228375165959e-07,5.67737450103505e-07,2.45737796382276e-09,8.72772238099226e-05,0.000394931105656198,1.51738692629019e-06,6.79404458461689e-05,0.0131518615864516,0.000835665631716322,0.00293758802394923,0.00067641725152815,0.000437538693564625,3.57083174228566e-05,0.00805798240762315,0.0161910505361358,0.00089949088871935,0.00669408744169147,0.000538585794647043,2.66959055269405e-06,3.35963290319714e-05,1.71946864717817e-06,1.12994995580279e-06,4.96539718205588e-09,0.000174152775427951,0.000785957662439344,3.03843304067425e-06,0.000135203257714264,0.0108903660251569,0.0012799587521331,0.00448857683710091,0.000984653015660487,0.000233296630804059,5.56880077186221e-05,0.00969811653195168,0.0103820718869764,0.00137251804111731,0.00609760817008126,0
0.0367004206960082,0.167430733649891,0.13309864784469,0.0245000286228824,0.0191573233155023,0.0168129200248166,0.0954718815203298,0.153122113371174,0.123251444666843,0.0355724038723787,0.00135147695717423,0.0281480159862494,0.0178027405254473,0.0006032092219432,0.000368839407349822,0.00028397857970558,0.00913921863976805,0.0235622539748754,0.0152429633443105,0.00127117368651685,0.0263533553888089,0.0978707949794977,0.0913845450158091,0.0161012814191115,0.0138618397382645,0.0123286313667333,0.0626505791327572,0.109143860346041,0.0817887022250272,0.0247118148466499,0.00269152261583362,0.0560403041110214,0.0354267344216293,0.00120044455299798,0.000733948946849384,0.000565228432303787,0.018205298960709,0.0468904921475032,0.0303576069855871,0.00253019654055493,0.0224470544651445,0.117883394368378,0.0700512361785971,0.0151467584388818,0.0133101336308288,0.0132385120868071,0.0646434853319154,0.140417424772095,0.0740988499572726,0.0218737876488812,1
0.0689234736073884,0.0936863436365775,0.167211721043423,0.081433474296347,0.0103273678444038,0.020897248735409,0.096657001286372,0.0801384828004398,0.0780636472000386,0.0319371121692549,0.00477288814542973,0.00878400286506749,0.0281001133547639,0.00666170200836387,0.00010719046079171,0.000438438451105158,0.00937777387089707,0.00645168937372029,0.00611342114084715,0.00102481520395068,0.0524249306585821,0.0775284487826194,0.135488668264886,0.0542506986622275,0.00792091658767791,0.0157983229306733,0.0735713500695105,0.0587598084901064,0.063187199175831,0.0252570287171013,0.00949943870540841,0.0175172016240593,0.0559186673081659,0.0132593618781391,0.000213308488771414,0.000872913245100894,0.0186728996013161,0.0128412989488814,0.0121767861785345,0.00203966935449102,0.0440935533472816,0.0803296438189422,0.109986152169892,0.0475249475351877,0.00599412619009542,0.0154314036701623,0.0598283875668196,0.0603473642009874,0.0500478828433622,0.0286657686199859,1
0.0415508232373129,0.0297163579311496,0.0502919768607619,0.0307255475331865,0.0021315855672529,0.00391353752558975,0.0276769679225425,0.0300629849160957,0.0200140110362283,0.011459539039877,0.00173439766249458,0.000886494448525131,0.00254116678376274,0.000945979599628707,4.56287726043197e-06,1.52957823438813e-05,0.000767648052300724,0.000906590002217021,0.000400257228621991,0.000131614139584165,0.0331444235296013,0.0219573355842843,0.0354141414335938,0.0241562526271937,0.00163300459391737,0.00286827126897494,0.0198845122661565,0.0238877054956453,0.014875789570526,0.00938679332035482,0.00345219645300723,0.00176508644842559,0.00505772365164583,0.00188530185245843,9.08324712748299e-06,3.05337868774146e-05,0.00152979965075113,0.00180583862980051,0.000798801840262845,0.000262275374662871,0.0333745163302717,0.034060330889329,0.0532791910612983,0.0358825734957399,0.00246866209070928,0.00453442456639782,0.0287303014056627,0.024002131550136,0.0228641965762992,0.00779009578371772,1
0.022290665371256,0.00192293090458926,0.00390042127643729,0.00291749257047003,0.00084979973056344,0.000351565696989106,0.0108119036700966,0.0221195142732797,0.0012917469414506,0.0076903134603492,0.000499299566712188,3.71621237354157e-06,1.5287302039829e-05,8.47449067870677e-06,7.25289565682931e-07,1.23834167388401e-07,0.00011727868497258,0.000491184494128939,1.67285598628644e-06,5.92279170808864e-05,0.0178305198605115,0.00136029773086161,0.00278923276969787,0.00201874982650005,0.000553544436131126,0.000218472567724098,0.00876526953110978,0.0178572919840921,0.000926345555379464,0.00605232014882517,0.00099365691136282,7.39529313455334e-06,3.04239471982591e-05,1.6943873215598e-05,1.43357083674976e-06,2.46598857912945e-07,0.000233585736336237,0.000977995923326607,3.33300026078016e-06,0.0001180669466921,0.0131692001788224,0.00210944154193784,0.00422089146576127,0.00323740220412307,0.00027033149062849,0.00029800923716672,0.00713363241072915,0.0166998772014659,0.00142821866583504,0.00514038256445115,0
0.0300853755106191,0.128867541357875,0.106113540239157,0.0236416234635913,0.0124320198426296,0.0108097684173753,0.0807766262385668,0.0624570462501239,0.101590294000357,0.0371397536649684,0.0009092885870236,0.016611361816513,0.0112554527321926,0.000560653811933808,0.000154888402996156,0.000117387572107258,0.00652224514618765,0.00391342494424072,0.0103503269759154,0.00138621599891485,0.021456092695199,0.0585962924489761,0.0424769503096484,0.012002877765338,0.00694438928550664,0.00529610803245954,0.0409239592629854,0.0409547354294307,0.0454753448887812,0.0210445221320845,0.0018098080061391,0.0331326650580412,0.0224586914193734,0.0011166009616339,0.000308668952733523,0.000233651354964367,0.013014072856609,0.0077946389787528,0.0206186692936691,0.0027584008104063,0.0176920456183881,0.0676808553827499,0.0402609179652255,0.012115160671905,0.00659343826006861,0.00667793684588236,0.0424060198876282,0.0305381168761816,0.0445982260757244,0.0200732749467578,1
0.0714889934801384,0.157222341328839,0.210347407569396,0.0546906812074101,0.015982840756407,0.0244418071994898,0.141594550373651,0.0988853592377679,0.197470901460025,0.0525207762962098,0.00513633800217865,0.0248421250713476,0.0443992417885211,0.00299692324251514,0.000256529370168803,0.000600246210851686,0.0201201113369182,0.00981754736135433,0.0391906413613851,0.00277081880057115,0.0534072129244428,0.131897161412945,0.171496769783421,0.0364728887885172,0.012335177310367,0.0199854986671681,0.111097633225423,0.0756337478579126,0.149887016301239,0.0434811241635788,0.0102213055903654,0.0494367662757622,0.0884203772304543,0.00597300096988605,0.000510696567231327,0.00119464468108505,0.0400670782680903,0.0195467488917812,0.077989002150882,0.00551535989226724,0.0419577445144607,0.170473050165693,0.130793182965809,0.0391602575667157,0.0101200756221332,0.0212965177255678,0.105749805466632,0.0889987079345016,0.173520851107302,0.0510557109666065,1
0.0384736328760358,0.100541458249278,0.0700410967115443,0.0560187561428348,0.00412418033007944,0.00689807059581851,0.0420049823863831,0.0347139001807163,0.0791147537326497,0.0246966623804945,0.00148737717594265,0.0101155618374523,0.00492861554898846,0.00314085088731777,1.70494373924886e-05,4.78175234037597e-05,0.00177328465593163,0.00121017744270271,0.00627350843589617,0.000612029247524034,0.0316130460476641,0.0744739198523088,0.0574651324593023,0.0443304894830122,0.00246966930715976,0.0050815587140223,0.0303229698394413,0.029331298362389,0.059829229062259,0.0178915879934932,0.00296005810639014,0.0201731978184995,0.00980972080700456,0.00626308691171244,3.39725463593943e-05,9.5156484735897e-05,0.0035286765259697,0.00240915715914265,0.0125011164102229,0.00121889144545689,0.029866274517363,0.1064264680523,0.0635910427864338,0.0613181037058545,0.00285695445254908,0.00700910385076682,0.030276277460332,0.0172303435956565,0.0794178651962017,0.0232879019574193,1
0.0192324754437443,0.00806969265157526,0.0110287974940945,0.00619540886029513,0.000664332126089933,0.000604072386549424,0.0101002024751843,0.0215892354959617,0.0064346380796131,0.0108858048633816,0.000371371880983687,6.39871746512606e-05,0.000121659631411611,3.84131542886268e-05,4.43537534158383e-07,3.5772327758299e-07,0.000101964346448362,0.000468372375564045,4.1002208793336e-05,0.000118845105510949,0.0150165665511677,0.00563334048351277,0.00768190479695838,0.00432294451389403,0.000380339632747482,0.000435132953862983,0.0079496690941802,0.017990764146308,0.00443069819884829,0.00857365280500203,0.000739400766364723,0.000128786138978319,0.000242673076301596,7.66033537684816e-05,8.82656272257224e-07,7.20544335212921e-07,0.000203445198156792,0.000932071874890113,8.22003876824485e-05,0.000236751233107678,0.0108134543597145,0.00896801582042118,0.0123053052187937,0.00691232481525159,0.000192580173376703,0.000627615202749864,0.00510431996079502,0.0130763496915485,0.00713695813986407,0.00715587736831688,0
0.0176093045116478,0.0793901576984552,0.021023595998813,0.030588375741489,0.0132330546143341,0.00479777734158058,0.0310501995187557,0.0421420944952346,0.0684254119767075,0.018671233547419,0.000311517437650294,0.00624559077457084,0.000444205173709587,0.000940324858428978,0.000175692123915067,2.31265442350318e-05,0.000967927265596949,0.00178071526015018,0.0046549816529648,0.000348575379400063,0.0139213443074731,0.0272959226844608,0.0096472533252145,0.0144002683651266,0.00677150237594766,0.00233455793533558,0.0182238606986996,0.0258877981121293,0.0282066214180544,0.0108483798717251,0.000620029063620827,0.0125169375746305,0.000883762214401352,0.00187107549950252,0.000349926737478295,4.6024361682999e-05,0.00192707772336862,0.00354741353873242,0.00931352152582172,0.000695443188745444,0.00982487250418054,0.0329774347455859,0.0119757543688336,0.0137112142286283,0.00775217527300524,0.00225336156084056,0.0168376325444705,0.0229692250074473,0.0254103580840037,0.0102397103262286,1
0.0680442991612744,0.125959970010678,0.164690471885569,0.0381053213756611,0.0167707371616332,0.0190969024870051,0.0967553858552044,0.0843796196116958,0.150402613164068,0.0298680907406,0.00465132066087389,0.0159108695896782,0.0272452979522853,0.00145769661797598,0.000281031851676436,0.000366111530627642,0.00940849999862828,0.00714484163264514,0.0226960277524179,0.00089587710165932,0.0540036874378357,0.0972956945409527,0.132635259086993,0.0297156343770288,0.013594830453187,0.0147553779993362,0.0758355875893637,0.0706070217150589,0.115764630077961,0.0231442453689429,0.0092579077405057,0.0316972138279895,0.0542286639970705,0.00290236540647404,0.000560859192992703,0.000728970247617812,0.018720800534364,0.0142288553628435,0.0452025359675502,0.00178340980005575,0.0383202388928206,0.134643561453094,0.0831505171714343,0.0228306833143161,0.015245693672295,0.0145129399898476,0.0725099839474561,0.0685101665938319,0.120477718879705,0.0246808582073145,1
0.058507540309879,0.0810525574227074,0.128756558317959,0.0735823440164359,0.00920869073777275,0.00956617862274876,0.0492697365057639,0.0512968565362353,0.0515677826924305,0.0248747070635872,0.00342648058568982,0.00659793562424813,0.01666099041754,0.00543002763934142,8.47246028920521e-05,9.16605380686547e-05,0.00243924078414099,0.00264453177533526,0.00267243174142235,0.000619244918890048,0.0507977396135249,0.0614274277875975,0.0997157267968675,0.0602514409423923,0.00539938618077633,0.00753001567823234,0.0394357894642712,0.0432653978074623,0.0442419985871664,0.0193222188175105,0.00683245674142209,0.0131343387412491,0.0331543463144233,0.0108172346852814,0.000169085070754702,0.000182704036263022,0.00485454550293666,0.00526267604735032,0.00531829406712704,0.00123487082719451,0.0493648820622433,0.0612489081642091,0.0868867449851406,0.0699498037642754,0.00460561010667589,0.0106400011010497,0.0557531736570363,0.0439809419002265,0.0461296508121638,0.0192305562727965,1
0.03041664591303,0.0076047813074257,0.0166197574775475,0.0113987801919414,0.000857255210618824,0.00127378632356524,0.0171001297669635,0.0266265012205823,0.00726284179465749,0.0114236447601972,0.000925361237026496,5.65546061590686e-05,0.000270455314095245,0.00012723961879171,7.38048811934456e-07,1.60484285431129e-06,0.000293872641509542,0.000711990237613299,5.15811888803789e-05,0.000129567494474331,0.0244152597646903,0.00546005378735891,0.0119765779017311,0.0082186686251991,0.000579871964083869,0.000902122282120204,0.0131880791545313,0.0197702235147132,0.00521162243590875,0.00832898368709131,0.00184585433686275,0.000114104256742421,0.000545306834254306,0.000256529742690466,1.46245926135435e-06,3.21880144503153e-06,0.000584812883669149,0.00141737944527922,0.000104071186481307,0.00025941930335991,0.0225248718555818,0.00847163154108411,0.0187669621557959,0.0127929446347996,0.000343553700694008,0.00140264356888989,0.0108756987333257,0.017893739784099,0.00810920809971792,0.00768560725428031,0
0.0181969083403798,0.0283957490532913,0.0101463809168587,0.00737070641762068,0.0149646234187092,0.00522733815186457,0.0169417674481822,0.0258090458572837,0.0160590596782111,0.0103911433442654,0.000332690498566674,0.000810160857529865,0.000102843161247402,5.44902030963806e-05,0.000222725215454552,2.71505266666184e-05,0.000284631285713364,0.000666765080746334,0.000258976872947203,0.000108518447822995,0.0146809087278578,0.00788668973671427,0.0035724004965957,0.00276263649211497,0.00527851140199887,0.00184502224693867,0.0106013507407963,0.0198069368870896,0.00444685835460943,0.00808725150102871,0.000662154445268557,0.00161208338627374,0.000205272993273042,0.000108545065162806,0.000445545084249761,5.43385784842305e-05,0.000570221802809357,0.00132948676079091,0.000515541873750843,0.000215932179329655,0.00838422616136163,0.0112791610258251,0.00358032942163846,0.00327269935136035,0.00694913319366606,0.00247775587375173,0.00704779259919155,0.016409450252432,0.00643920329076566,0.00823206136299704,0
0.0870277399542937,0.144972115346055,0.262764009341721,0.0437603229027935,0.0181471598491556,0.0241797632753422,0.109724078834315,0.062672768842008,0.204458851205938,0.0314893216339778,0.00760807285720954,0.0211225046624408,0.0693866295993375,0.00192348777340877,0.000327444862081291,0.000585030952790577,0.012085343550802,0.00393725452685068,0.0420121219950827,0.00099653955278454,0.0677556261699642,0.117192540753988,0.189346719574103,0.037307207471134,0.0148622138665986,0.0202368207068795,0.0902547477820169,0.0515999697540755,0.13707478099143,0.0247064253347424,0.0151436077404318,0.0420333642438058,0.138080966416357,0.0038287653365102,0.000655076317014648,0.00116663807176402,0.0240624628595763,0.00784531369845103,0.0836041843701893,0.00198312355601599,0.0512308830540118,0.116295573009872,0.143889084249314,0.0378997878068221,0.0142678343084821,0.0160209216857627,0.0573642213489419,0.0434452549652951,0.127477574458505,0.0224020991662402,1
0.0694359145678183,0.114287385945724,0.135245831620122,0.0864114129696422,0.0107044859854518,0.012326707370552,0.0612345233328039,0.0554950275379384,0.110471803192182,0.021431811132225,0.00484429795347325,0.0131178976323056,0.0183827266332763,0.00749581828883722,0.000115091005530661,0.000151861973816957,0.00376849756170035,0.0030950607344178,0.0122478013104252,0.000461526578033163,0.0588328026912808,0.0931912132304638,0.0928056581997694,0.0694200902631649,0.00795722000637842,0.00891498605434287,0.0514363789748379,0.04372892104472,0.0901349228241733,0.0163881259443294,0.00964135689704402,0.0261138986408451,0.0365815322039232,0.0149252690882887,0.00022910147805419,0.000303045305509549,0.00749914918449235,0.00615926571683074,0.0243904401151641,0.000918535675482389,0.07651546641554,0.104315591661373,0.0834523119524214,0.0679434873988207,0.00731323355396884,0.0123843877489261,0.0609864076131553,0.0425657583369824,0.106975979724842,0.0139785178220787,1
0.0300815121887851,0.0206118360453683,0.0156333792531158,0.0169351958468392,0.00079812261563186,0.000751093406944055,0.0182946476264929,0.0336403822067992,0.0142750477708115,0.00879827598887691,0.000909422510361514,0.00041532922223868,0.000241818751061975,0.000284346012461428,6.33343951662747e-07,5.52386635619701e-07,0.000333683070971075,0.00113722547740122,0.000199229590650808,7.77475175524736e-05,0.0240762630710841,0.014802786461407,0.0118047414330414,0.0120397906455276,0.0005346979202859,0.000524203132105517,0.0143852583783803,0.0278868634052215,0.0101694038701328,0.00707988317968704,0.00180977244210728,0.000838100361155125,0.000485010868960822,0.00056972280733407,1.26633366562525e-06,1.11353443027182e-06,0.000666703086814703,0.00226320895179766,0.000402010152279005,0.000154768058064226,0.0300821105507055,0.0231319524199935,0.0186137856021471,0.0193357557392937,0.000686706854467436,0.000783248614941195,0.0124472959936748,0.031338142244624,0.0159936513200165,0.00530682949096269,0
0.0392882096378018,0.0011134868397998,0.00122897173936537,0.00101653933806766,0.000667344741713433,4.49644967698685e-05,0.0121002684984089,0.0238285713773973,0.000751999264410951,0.00761487148964775,0.00154847558478089,1.214955985671e-06,1.48361213943115e-06,1.01971257319339e-06,4.47369414231333e-07,1.98131055957981e-09,0.000147057244956263,0.000569460346069549,5.51263721195271e-07,5.80658764467397e-05,0.0236662654446178,0.00081251781683469,0.000843343743829864,0.000714190114716087,0.000352279614410133,3.25963122917478e-05,0.00981874116103522,0.0188002442292008,0.000534440269296246,0.00614562538109716,0.00308428550446088,2.44854055272466e-06,2.98624867884891e-06,2.04751866456462e-06,8.88492027719355e-07,3.99320609177659e-09,0.000292732949293513,0.00113432043892697,1.11401029361897e-06,0.000115742302197817,0.022487470088277,0.00121064680657299,0.00121707195402981,0.00109669952961436,0.000216736655183861,5.09628007512058e-05,0.00708034147985823,0.0149215980727666,0.000834442624266384,0.00476950365649717,0
0.0830260148656783,0.150575024664126,0.199349755116444,0.0400610050745811,0.0225612501413568,0.0234699192447509,0.101098886567466,0.053990363530608,0.147499712744715,0.0392660715439453,0.00692317996013645,0.0227841527370937,0.039924578516433,0.00161193086894998,0.000511431476381007,0.000553605135030267,0.0102723464710796,0.00292928051692598,0.0218649721211294,0.00154747155216254,0.06036375305182,0.0946169805764531,0.143054669059184,0.0273432726868557,0.0163657104859989,0.0174230032549822,0.0764823795086095,0.0416039426933791,0.100428851934422,0.0277861715582424,0.0137809623681577,0.0453430603837347,0.0794620233897629,0.00320875424734189,0.00101781807913003,0.00110167176051762,0.0204419582469255,0.00582955444873756,0.0435118026616241,0.00308132094493213,0.0476365330864558,0.110279684462385,0.118501104185509,0.0256288145660501,0.0147771043560462,0.0185525472016755,0.0602627072862334,0.0318407914192184,0.0986891110876672,0.0289105765941739,1
0.0814524588622718,0.0598034676134056,0.120117762873043,0.0982471964709261,0.0159095696108645,0.0195127026694608,0.119295461583972,0.0546678605109832,0.0836744882074464,0.0327490103280567,0.00666682607369849,0.00359389341668996,0.014500136819603,0.00967488538266377,0.000254158865236792,0.00038258209452604,0.01430203607185,0.00300355963588086,0.00703639422693064,0.00107509314059571,0.0637009030213044,0.0479070225986533,0.0994609220429929,0.0799408246739358,0.0127972255440536,0.013347767821952,0.0735891543760501,0.0452431228292272,0.0623732352567449,0.0193205609458174,0.0132675599082378,0.00715216271225948,0.0288539207055074,0.0192788893826103,0.000505997816011996,0.000761377732079741,0.028461918753755,0.00597711631471439,0.0140026308642855,0.00214219592181223,0.0612106926192879,0.0528566299795095,0.0569861776327469,0.0781462871273988,0.0118104997872146,0.0144203545497218,0.091058020502314,0.0510485731284846,0.0507665849487276,0.0194144828672845,1
0.0491843369855647,0.00872023607351035,0.0358953628369325,0.0340203113337333,0.00324125132000269,0.00211145173882148,0.018383555023511,0.0273878055734469,0.00974816779366423,0.0209298635438034,0.00243092530196848,7.57325817717728e-05,0.00128763447384273,0.00114843075942097,1.05408197526505e-05,4.41188206928797e-06,0.000339611170108229,0.000751855797574529,9.54397628994122e-05,0.000440023989736585,0.0398675712760116,0.00652408389536434,0.0277584578507437,0.024755378253505,0.00235124903373254,0.00146139811199612,0.0140919345169627,0.0216166384616189,0.00733168776494457,0.016235317463668,0.00483777583870854,0.000151393960693583,0.00256966703491062,0.00230003269310766,2.09748493881513e-05,8.84795293844927e-06,0.000675867787040207,0.00149810314827107,0.000189986989871183,0.000875821930650685,0.0404171719000689,0.00998735377724419,0.042296617269394,0.0378115650019911,0.00352576888137499,0.00235129065704204,0.0155504474719337,0.0192981824402111,0.0113440398689523,0.0189214677780227,0
0.0242307896136231,0.000527526022471188,0.00270605403890464,0.00184613763901153,0.000526935932768229,0.000112926435324118,0.0115550279963748,0.0203177599766912,0.000607691207444807,0.00961129363515151,0.000587619051098879,2.77818828570087e-07,7.18084608878154e-06,3.36681908012243e-06,2.78896184177453e-07,1.26102696623504e-08,0.000133868121639243,0.000413897377623232,3.71112814909587e-07,9.27881487137686e-05,0.0189943041313666,0.00038155318882867,0.00200056737570202,0.00131367948733631,0.000306279870078709,7.77677618795417e-05,0.00888346384967924,0.0164321641460502,0.000431701223117567,0.00799324258103692,0.00117168166533189,5.54699077005661e-07,1.44659443940678e-05,6.75637517804777e-06,5.55161261517134e-07,2.52992061164082e-08,0.000266711227024421,0.000824636711233148,7.38520508470746e-07,0.000184701157704574,0.0210497953618103,0.000583653864923549,0.00283062798830276,0.00200703595185702,0.000305514204852778,0.000125107896990999,0.0077669612329634,0.0112736826659383,0.000677635261528698,0.00603964018456742,0
0.101146383071859,0.286094011253425,0.219585687197482,0.0267147021857283,0.0536593322566681,0.0381502296046581,0.0964468476800968,0.116103151734773,0.265591269487811,0.0377131254980229,0.0102614916654691,0.0822603965020968,0.0484594469991203,0.000716937109203303,0.00289346901240257,0.00146273465738004,0.00928771766885567,0.0134740274220819,0.070837862416503,0.00142349985985847,0.063658919850785,0.174113899144412,0.125445272637056,0.0153680062134564,0.0329820549561566,0.0236694125024617,0.0607248101863655,0.0671603213674592,0.15068339036333,0.0238120395232745,0.0204407497119874,0.163697716167128,0.0964343750702627,0.00142701845541455,0.0057583244923427,0.00291078556440802,0.0185422795917324,0.0268862538534388,0.14102227117057,0.00283858564034716,0.0702137841796068,0.231179641630993,0.157293886100054,0.0183232826569158,0.0357200610298643,0.0273995423178482,0.0681437415933645,0.0875030239258664,0.197731775002842,0.0295946727588611,1
0.125711401684548,0.153667300656084,0.231666226965832,0.0840654037269767,0.0131008374534596,0.018516004144322,0.128778709374152,0.110830270244961,0.252861529468394,0.0328775158567437,0.0158415773098906,0.0237254691058913,0.0539207774470232,0.00709453918509126,0.000172048019294009,0.000344500823549207,0.0166138627933037,0.0122701814846587,0.0642487056074149,0.00107798447644621,0.0933078747871401,0.125571709374188,0.192554903321057,0.057641914568591,0.0101538391215454,0.0142206077911559,0.0913809082717256,0.0872459382906884,0.206073311506856,0.0264168206598055,0.0315656678904314,0.0472191941345362,0.107319155631912,0.0141258774597233,0.000342798566269057,0.00068559080289975,0.0331142624325554,0.0244920924011963,0.127864365786331,0.00215349689906993,0.0742678282484252,0.152049037442999,0.193907403536132,0.0670834254793166,0.00895023400383962,0.0117784158647716,0.111985224589531,0.127142188873846,0.224268566340102,0.0373303469892755,1
0.0257364360082995,0.0337608512762607,0.0820754669786367,0.0337351464625757,0.00246962039694801,0.00191795758633038,0.016994230647031,0.0321234676364702,0.0790454009582519,0.026884679416351,0.000662726884542625,0.00114303523649983,0.00674216523829996,0.00113909636849917,6.12244132962205e-06,3.68588718344366e-06,0.000290235884126659,0.00103704584661861,0.00626476428189914,0.000725508469070256,0.0184946755191613,0.0250706594186621,0.0597398212671246,0.0248554403003877,0.00173645512506471,0.00135841981793127,0.0117746377874157,0.0246894012374398,0.056582708890763,0.0175375693792512,0.0013217766821723,0.00227706735345364,0.013444650766064,0.00227141579930624,1.21879069698382e-05,7.34579135177513e-06,0.000577533192194457,0.0020636319410294,0.0124813168619794,0.00144466191456816,0.0227760127392396,0.0399240648769501,0.0895224465532814,0.0388483820606633,0.0025367094862459,0.00217461684153535,0.0120068373952304,0.0181821015333869,0.0890329279120676,0.0170156120200917,1
0.0106628590599775,0.00236974730993946,0.00500656453073724,0.0136008156161444,0.000526985971644952,0.000117571700734628,0.0101177200989205,0.0264139704559157,0.00471557779575817,0.0100791973885831,0.000114237747355488,5.60748844536669e-06,2.51612241321128e-05,0.000185849449445736,2.7882540186122e-07,1.37923866889971e-08,0.000102872652756148,0.000699129056847061,2.23195060099967e-05,0.000101786934726201,0.0084608104640904,0.00162776956214308,0.0036928740850197,0.0090886846865801,0.000271632268882744,8.07113734467474e-05,0.00831153278604825,0.0210102811804286,0.00327622029199766,0.00804461662571228,0.000227362030330203,1.11948611366546e-05,5.00976811412014e-05,0.000369902162462998,5.54874851300078e-07,2.75458330012665e-08,0.000204726504879301,0.00139332974290188,4.44431729620421e-05,0.000202867955731239,0.00773698451784632,0.00262205448657316,0.00532023648646962,0.00623201624090782,0.000158082042979451,0.000130092729110239,0.00530089884631736,0.0150411867291918,0.005214573777747,0.00589784117911238,0
0.0208626065862625,0.144101138031665,0.104633318207073,0.0235240013618686,0.0178724067259957,0.0178025783742438,0.0402025866605842,0.0628815742459497,0.0925924386754192,0.0161889769526661,0.00043658192407146,0.0208614802311747,0.0110028492343098,0.000555583151750238,0.000320903166592761,0.000318368487008316,0.00162192183586973,0.00392704781238809,0.00861573778044654,0.000262777275064624,0.0139296297689455,0.0755473347559658,0.0519995951909834,0.0132718257055946,0.0109913001645683,0.0109487139824692,0.0238559532635638,0.0393461935025617,0.0500838550440253,0.0123656681077283,0.000869646755663973,0.0415176981349136,0.0218951007373162,0.00110614722890044,0.000638719396304461,0.000633708433184295,0.00322989628647629,0.00786150495217405,0.0171460014287812,0.000523538852437177,0.0114891892781288,0.0800600804921459,0.0631948353056029,0.0122928510090282,0.0136002329108441,0.014177654561647,0.0280254313768042,0.0380914149508486,0.0517183054084981,0.0105593587779161,1
0.0787765460922098,0.0682378789649298,0.157257258408972,0.0303855559285168,0.0145119694598863,0.0154398781939977,0.113601166216532,0.0981593577896898,0.125367463813062,0.0263567386687645,0.00623682842840515,0.00467838138251272,0.0248417252200145,0.000927125296039167,0.000211355421619367,0.000238853916914527,0.0129698664390555,0.00963890391961258,0.0157863331142448,0.000697312849033455,0.0607656609188567,0.047631506944098,0.124455113193899,0.0214197651311567,0.0102913798192597,0.0107913274995195,0.089489464251781,0.0776440233849706,0.101017057451732,0.020697101943717,0.0124113226995585,0.00931025987298361,0.0494471706816724,0.00184561361186232,0.000420841192250443,0.000476032080299276,0.0258102296333563,0.0192258163492261,0.0314225706340041,0.00138846877946979,0.0616542376836705,0.0480307666921292,0.0888365470073982,0.0161053560947421,0.0120151536832364,0.00805951136016264,0.0642271096730784,0.0771822293474079,0.0783957800291828,0.022219831073257,1
0.0298373873415497,0.033324214332593,0.096207484542123,0.0499475810145873,0.00624986371050535,0.00451894550809901,0.0305648796413102,0.0350946503172168,0.0505597362465195,0.0247445680963079,0.000894683867093412,0.0011119991688453,0.00927928958474638,0.00250690627680947,3.92305560068546e-05,2.03518074257693e-05,0.000936771288672507,0.0012377655969326,0.00256524791816674,0.000615350269057449,0.0234655861651983,0.0266347353069672,0.0684824269004298,0.0360201350052347,0.00343556143698871,0.00342265564250303,0.0239110908077713,0.0276159666532915,0.0388267932727235,0.0195789249657063,0.00178045264958419,0.00221694241921866,0.018488664843238,0.00498909248218364,7.80889142655218e-05,4.06707695255972e-05,0.00186614741590957,0.00246315014501595,0.00510864485228047,0.0012245635175997,0.0247312018220817,0.0315323534454879,0.0657810037300419,0.0480352892470199,0.00391542137175047,0.0053727273490002,0.0273380468041111,0.0309888929652346,0.049478400664396,0.0168198489163626,1
0.0100313523860851,0.00297446225385342,0.00480747828356269,0.00371621278819717,0.000720024995126692,0.000472577142137056,0.0126918867586154,0.024831189538156,0.00240820481729409,0.00870576050651589,0.000100936021435808,8.76411553103188e-06,2.27574153195179e-05,1.35038289726673e-05,5.20733566603911e-07,2.22630553150677e-07,0.000161681853183029,0.000617848205413162,5.76060334082012e-06,7.61662711664351e-05,0.00821467572240891,0.00216390773535514,0.00349687410544291,0.00266729522821829,0.000470709569940924,0.000290142746011207,0.0101214235556661,0.0195726931495311,0.00158691540251649,0.00690757217746746,0.000201002800381343,1.75674229778901e-05,4.57543075866056e-05,2.7246485256389e-05,1.03628108210112e-06,4.44842656358466e-07,0.000321955021630114,0.00123131493019755,1.15312496091516e-05,0.000151568197609083,0.00651908689053676,0.00330094820901333,0.0054673101108461,0.00410820111254836,0.000273022338316766,0.000374079974861471,0.00806591757436626,0.013380968786379,0.00257485433399739,0.00572674206195683,0
0.0278154878919895,0.185981708896358,0.229477111566288,0.0708932674814007,0.0142057718414249,0.0125565644316671,0.0449513289934975,0.139726765372175,0.132623833472527,0.0237548117163568,0.00077627930728557,0.0346872149673054,0.052843962765514,0.0050159792136856,0.000202764391649697,0.000158145966418025,0.0020211561460113,0.0195843412413047,0.0176773697110535,0.000564819603437561,0.0175327690628241,0.0915806820631062,0.11850520811036,0.0302608276086064,0.00812856850307759,0.0071479771123139,0.0274351321390999,0.0776702683216709,0.0720537421980888,0.0153387749035826,0.00154609697283478,0.0691024457477496,0.105239117398313,0.0100164560653667,0.000403553344052859,0.000315020421563001,0.00403135990217911,0.0390099666209444,0.035178003454238,0.00112624340664438,0.0156593836357529,0.126091705329951,0.14858791547891,0.0373166679608478,0.00815259558236243,0.00959920615209787,0.0241415734255129,0.0966723103871193,0.0892108151650427,0.0112700224888633,1
0.0720618491137745,0.160386603181726,0.219208912356922,0.0873846363731716,0.00989454859148772,0.0145129061334521,0.0894602936103104,0.101153890198856,0.163420977565149,0.0245776367994446,0.00521417074833995,0.0258321175340166,0.0482505671738985,0.00763375412508133,9.83553278765497e-05,0.000210914926215974,0.0080245307017893,0.01020742010208,0.0268375972224244,0.000606367288822047,0.0576601169874467,0.125793857836345,0.163826755890082,0.0622035341501203,0.00744766358404463,0.0109189061289126,0.0701695775418934,0.0766877784847558,0.133675448917869,0.0201587311536502,0.0103808997624907,0.0514267192999851,0.0960576991147157,0.015231333521962,0.000195750511000583,0.000420481049513398,0.0159875459144768,0.0203868297749776,0.0534096367249398,0.00120739198174354,0.0515909656218954,0.180495099681697,0.161230569331851,0.0675243790872542,0.0058938980104773,0.00748684812940262,0.0625260944108881,0.0578351744210604,0.168785623267811,0.0141082466321506,1
0.0226372053431061,0.0734061641029965,0.102913614110117,0.0580450745655766,0.00455267599285963,0.00461035369420598,0.0414246737616909,0.0708545164924297,0.0497689993790689,0.0146970803738021,0.00051230937632888,0.00540762551643298,0.0106430671985907,0.00338269492069661,2.08223423552055e-05,2.12413399098657e-05,0.00172384242406569,0.00504295985312183,0.00248772420197282,0.0002169530485943,0.0181396375071246,0.0607708591881314,0.0742484998688351,0.048539914296562,0.00356615834055697,0.00313912822507789,0.0306063035294904,0.0522550866262432,0.0387498805195847,0.0115413879258625,0.00102219081447826,0.0107690281493733,0.0211806591439274,0.00673500855723573,4.14444222129212e-05,4.23899292040703e-05,0.00343121572118568,0.0100381073632777,0.00495212517283191,0.000431845306891482,0.014886063435645,0.0547452950709849,0.0693628242493043,0.0489324121657083,0.0036386851543549,0.00390604683688786,0.0342412255321176,0.0529495231693575,0.0487585552359693,0.0140635398380753,1
0.010547956365024,0.00815556040716578,0.00788913503117027,0.00906307910133439,0.000909572483809441,0.000370639919187197,0.0103343145541402,0.020984700873323,0.00491904561118785,0.00985452435286784,0.00011149218148891,6.53136019865752e-05,6.11532646887949e-05,8.08063883893218e-05,8.27069678233689e-07,1.37349589098951e-07,0.000107310127361871,0.000442483044149944,2.38117600772128e-05,9.75034937653641e-05,0.00892494175159608,0.00590021090121636,0.00554301790388432,0.0065772427715601,0.00060786989422603,0.000191227317096802,0.00795416864318287,0.0173936142373869,0.00357174314375706,0.0078943937047808,0.000222147083636736,0.000131499279154444,0.000123076642781929,0.000162537051730622,1.65024828587849e-06,2.7295434298544e-07,0.000213570992716685,0.000880624522912076,4.78892681846264e-05,0.000194118093146955,0.00741541390757931,0.00907750103926982,0.0087845592768038,0.0101213427979037,0.000388805246662181,0.000192482036542104,0.00638490642118239,0.0110780686351936,0.00547647750225259,0.00986927095726461,0
0.00802235289274564,0.000430158359943513,0.000849729872695589,0.000711449488661845,0.000659585517973167,2.39175421559348e-05,0.00860409443803187,0.0227689000241209,0.000348443911549235,0.00661135218522943,6.46813531732431e-05,1.82986402996252e-07,7.21547791603007e-07,5.05141670366961e-07,4.37217955750099e-07,5.74596456830242e-10,7.43440542714552e-05,0.000520455812531384,1.21161397865312e-07,4.39165013909179e-05,0.00622326904419049,0.000312176654246673,0.000540927627516765,0.000512141406072663,0.000382823470779218,1.78998130304862e-05,0.00701777742590852,0.0183583118204694,0.000218752494665771,0.00531269388513892,0.000128702987336348,3.67101951311647e-07,1.4376060895988e-06,1.00857573880825e-06,8.69234713980479e-07,1.14374808640494e-09,0.000147981957782791,0.00103610452036095,2.41741638537482e-07,8.74064250393958e-05,0.00437500538645649,0.000476449018039947,0.000432575052399911,0.000564411365836757,0.00019587807250401,2.7669648137845e-05,0.00630725511008401,0.0105012976958407,0.000290805043191311,0.00348055642632184,0
0.0112193587990735,0.0497644504152727,0.0240304074934504,0.00952818536349978,0.0169883271449593,0.00780947128482132,0.00987221389692651,0.0252746807097731,0.0230323992299362,0.00940420514865093,0.000126379095601095,0.00248782073222032,0.000579581601402682,9.12425072676754e-05,0.000289862807487972,6.12916244590042e-05,9.7934270807803e-05,0.00064198094342857,0.000532949307613338,8.88688648073818e-05,0.00864705562637303,0.0328455847217924,0.0153053714714107,0.00584903019271445,0.0123949856484577,0.00471397673773156,0.0081497040883166,0.020995511988743,0.0142565871085862,0.00764576426988838,0.000251616331706347,0.00495187576463201,0.00115414380190847,0.000181572605333739,0.000576995964961304,0.000121970860329884,0.000194877246323477,0.0012774640363366,0.00106077368636269,0.000176849860573118,0.00674587634080937,0.03099675236838,0.0132543171323378,0.00434445689901234,0.0084693596007949,0.00400651543596918,0.00495150350879942,0.0162430295517423,0.0154676466582061,0.00627494924134457,0
0.0143831858314291,0.00852869356651719,0.0273732552415643,0.00248538037120241,0.0125291062257154,0.000365663534702234,0.00820745572213903,0.0268374565685604,0.00535563087971984,0.00670929390228597,0.000207898263498317,7.20990263179081e-05,0.00075205027829239,6.20749423311304e-06,0.000157592421561027,1.31748877641009e-07,6.77000325253314e-05,0.000723216870115066,2.86485462554112e-05,4.51715009573284e-05,0.0113747292603071,0.00631947780098993,0.015503558320971,0.00136445294286651,0.00999637273172552,0.000189794410607992,0.00631293940937667,0.022892207005161,0.00377716899102902,0.00532568608569709,0.000413732697218811,0.000144476406302683,0.00149758499460701,1.23535643109719e-05,0.000313770353635796,2.64787935805082e-07,0.000134700191513742,0.00143984871270468,5.71871981149744e-05,8.99574914819653e-05,0.0093273378711856,0.0096484002259104,0.0163757837151258,0.00102926894710288,0.00662394796210623,0.000311582204290248,0.00416092295162756,0.0140436101146476,0.00584248314689065,0.0050662220150055,0
0.0103342275784727,0.000485337530131718,0.000912016867753414,0.000264392530201836,0.00889931425668953,0.000398722519789284,0.00793532704379989,0.0181059266622072,0.000558153819280617,0.00737357268525498,0.000107043259692916,2.33390317430964e-07,8.23393984322452e-07,6.98431443306078e-08,7.95882012870867e-05,1.59771225083384e-07,6.32848727558927e-05,0.000328593492575207,3.11362984121231e-07,5.46007680153296e-05,0.00842970108334042,0.000352449585287151,0.000621842275907558,0.000139497355992304,0.00702624829818943,0.000149498069166391,0.00639466201049647,0.0148282213308422,0.00036517857386845,0.00605478859198743,0.000213304235823249,4.67767602649757e-07,1.65068125419939e-06,1.391158293971e-07,0.000158378646523597,3.17678804768485e-07,0.000125905734097823,0.000654765879451361,6.17137994352618e-07,0.000108697280575851,0.00500904003814129,0.000537434879676362,0.000742375163941938,0.000140090276116464,0.00561380329414469,9.92847371577669e-05,0.00340587793593254,0.00839244980326865,0.000347211598471313,0.0038493718951924,0
0.00995881752866641,2.58570731981835e-05,0.000641558681082307,0.000326730423622817,0.00133447821316647,0.000290812662545147,0.00902163866554095,0.0206944755193975,7.57694415890884e-05,0.00897544068021597,9.94767784912956e-05,6.67469966978999e-10,4.13598132795801e-07,1.07248879914939e-07,1.77812109129122e-06,8.47949546767864e-08,8.17163847685393e-05,0.00043028872544615,5.7221459936568e-09,8.09633195778526e-05,0.00814482651537358,1.87016482865406e-05,0.000308349166460498,0.000108738669129696,0.00085121268976727,8.76583734399057e-05,0.00742067423907999,0.0166223375116951,3.78478208805388e-05,0.00716910082911569,0.000198149700610587,1.3326863252975e-09,8.23127683078518e-07,2.12368119042116e-07,3.536673309679e-06,1.68924289008542e-07,0.000162697152596918,0.00085639609911074,1.14341032462815e-08,0.000161111722074497,0.00586833794027741,2.8605737571729e-05,0.000200163165106712,6.68916076326285e-05,0.000495011437423375,5.7807769855685e-05,0.00582722334480966,0.0135431556920159,5.21897586300375e-05,0.00555298019199652,0
0.0308148565336116,1.39897975105454e-06,0.00064765334336129,0.000396716310368543,0.000841486758471966,0.000151697300384401,0.0118550937634253,0.0245833785524338,0.000231380647957049,0.00738765719393137,0.000953171165050726,1.96381542963044e-12,4.21543080787191e-07,1.58039125261184e-07,7.11651884712366e-07,2.29928206186251e-08,0.000141210024615823,0.00060724425300094,5.38059393535005e-08,5.48236403130605e-05,0.0188249914135215,1.0001364497346e-06,0.000346654762274558,0.000158675061437616,0.000523157662050715,5.62252644400993e-05,0.00936364086783387,0.0206421957928906,6.86815678872439e-05,0.0059261825976675,0.00189793820021619,3.91101778950622e-12,8.37766580248066e-07,3.14375535395559e-07,1.41619263209908e-06,4.58717014071764e-08,0.000281044665321619,0.00120852366042278,1.06798427835814e-07,0.000109124854082641,0.0189820745353509,1.54669550150782e-06,0.000184050158682403,0.000100000376098604,0.000274300743668299,5.81149696726255e-05,0.00805642926005897,0.0148097336815782,3.43219815386673e-05,0.0045099555281134,0
0.0489216143188474,0.000948821428747673,0.0384961445810211,0.000402490046603919,0.000715173965596085,2.93582901318724e-06,0.00938033852192727,0.0503461503073879,0.00608611334827307,0.00689535838572861,0.00239638121269626,9.03984468694815e-07,0.0014872486034202,1.62702679788146e-07,5.13976046033308e-07,8.50922381886657e-12,8.83592390835604e-05,0.00254237772943768,3.72164378443432e-05,4.76512990431613e-05,0.0398004357754079,0.000321856614382955,0.0252676903955697,0.000175964089034544,0.000388670176829379,2.03619265379414e-06,0.00692833425840202,0.0415252229173867,0.0031663519490905,0.005680026858829,0.00477761370200069,1.7997261524045e-06,0.00296176006282366,3.21457635557813e-07,1.02177723071286e-06,1.7085551565699e-11,0.00017590060497696,0.0050643522677051,7.40708262662546e-05,9.49570231834479e-05,0.0312608659740997,0.000304896040977878,0.0209295049931482,9.78436378897877e-05,0.000227452796295306,3.26641442439719e-06,0.00517519867127117,0.0407060395659052,0.00243739672059125,0.00450823281400593,0
0.0778432424632202,0.00350391754918156,0.0330671882463602,0.00032812334655452,0.000756354345995185,0.00082501832315322,0.0545117882633445,0.0657748395688246,0.015015932971356,0.00762338847154301,0.0060832435021051,1.23321813819833e-05,0.00109781167089495,1.08181121933699e-07,5.74870333071987e-07,6.83849697399103e-07,0.00298088081090641,0.00434742792923044,0.000226608126259569,5.82252067742592e-05,0.0576291543502845,0.00174034323699756,0.0254584546719841,0.000131212830514195,0.000472574852928559,0.000278326867958655,0.0329718734000186,0.0491139159452102,0.00843441635567472,0.0062873266352636,0.012112145041867,2.45479563826813e-05,0.00218569228455494,2.15305097949803e-07,1.14156792827256e-06,1.3610855833564e-06,0.00593747116920499,0.00865179792411445,0.00045095291200903,0.000116048009696547,0.0680842058211187,0.00134377558513485,0.0245287183265809,6.66938410585243e-05,0.000231122959838558,0.000212461457738191,0.0313610909981269,0.0528546117402382,0.00705422642064772,0.00550416776846306,0
0.0308230501688087,0.000391173220475374,0.00237883079661095,0.000559624587117613,0.0128761731518173,0.00025573945406152,0.0238513157396288,0.036679466341481,0.00150438444296968,0.0824223926512855,0.000954521637419907,1.51142635022136e-07,5.51658100080171e-06,3.14668929202042e-07,0.000165083684430539,6.54930070131395e-08,0.000568089253278076,0.00135201195119684,2.27239545940999e-06,0.00682319558495341,0.020610685290684,0.000279881629795432,0.00167159933983353,0.000284545082223911,0.00220345079094043,0.000122259368235931,0.0186435494697169,0.0293296540668325,0.00106206294517302,0.0380225836588298,0.00189962371590878,3.03401531848021e-07,1.11460981468809e-05,6.26275240744899e-07,0.000330022767946643,1.30301285671607e-07,0.00113405682166426,0.0026906291312081,4.52406896961423e-06,0.0135819438036952,0.0158692996575556,0.000448249134844088,0.00228097391140938,0.000169001358486674,0.00305393515036484,0.000116670396061808,0.0201457458243065,0.027970014574512,0.00161429792523924,0.0436466648867829,0
0.0568625167716102,0.0011997302479459,0.000847969484940705,0.000229475840745602,0.0823073561733812,0.0229157763139912,0.227618829530528,0.0288951142542478,0.000240933301950719,0.182476564356985,0.00324938211866216,1.44650338259679e-06,7.2266450725599e-07,5.29039965099613e-08,0.00680840855785441,0.000527757677571208,0.0520705330785794,0.000837803427987069,5.83312900551828e-08,0.0334591988153334,0.0438118063274674,0.000543712422818588,0.000474767663063225,5.59319134850733e-05,0.05898895038399,0.0148484540316251,0.167620308249158,0.0234419927196652,9.65867125760463e-05,0.135211442242844,0.00646644616837584,2.87753048461559e-06,1.43779269111875e-06,1.05003593418003e-07,0.013548851805331,0.00105024782908039,0.103620310313405,0.00166844441279786,1.15841182156966e-07,0.0665887983767111,0.0370138649435012,0.000343550230064381,0.000281057045094015,3.88172222117852e-05,0.0566459616980857,0.012527384091361,0.155776974791777,0.0208505005935112,9.23681944915694e-05,0.168430738096313,0
0.0301951831824752,0.0719808639993783,0.0237010789671345,0.0258335698330523,0.015647137644279,0.00596322563694809,0.039310992202359,0.0276846382348607,0.0701183919591195,0.0188928155903346,0.000915717101075204,0.00514653482055261,0.000560501721152851,0.00066602209281795,0.000243142186208983,3.54355716630923e-05,0.00155309892588474,0.000769867071652555,0.00490260193047653,0.000354623717874688,0.0197753826412475,0.0238907955193636,0.0105383103335898,0.0120351842202035,0.0110800754643258,0.00369471079023384,0.0277628329313157,0.0203120170083572,0.0223021464112651,0.0150196681523771,0.00182288751540506,0.0103018974708399,0.00111943809172879,0.00133002928003194,0.000486740483269377,7.08151655707347e-05,0.00309056178089667,0.00153237943983067,0.00979433803606719,0.000709757923678736,0.0164095193262414,0.0261902102603739,0.0084020811273619,0.0114302133007393,0.00887065366141642,0.00354731143389864,0.0185592257478642,0.0149756551242674,0.0311638341486706,0.0112202105597427,2
0.228611223984302,0.188794448660984,0.22630977929816,0.0454104712772926,0.030502309405858,0.0257278325959651,0.176700714579026,0.155710949526942,0.163238709863564,0.0327150506579957,0.0524873032202854,0.0358139534667549,0.0514084275378736,0.00206512939806954,0.000934750123942512,0.000664946701467554,0.0313554821175583,0.0242553888169633,0.0267742410395782,0.00107487760249356,0.170900240742246,0.157460932975737,0.156461971795109,0.0354042311947977,0.0249476053989488,0.0201561227119773,0.140150181833499,0.120711958042898,0.14064662904433,0.0247803927427917,0.104487079420118,0.0712770155464129,0.102366861549756,0.00411662845542096,0.00186030122708798,0.00132337568665555,0.0624204481572515,0.0483796342382083,0.0532872250587552,0.00213976701048778,0.138177803169672,0.128798755104973,0.152178215459987,0.0305744083430873,0.0225865472221884,0.0133690868379881,0.148893712607808,0.0834494349225484,0.123346313383875,0.0261141207999512,2
0.275500217143827,0.163205244346827,0.159539016045801,0.0619491302520605,0.0237164354126063,0.0232570101882448,0.221178307137926,0.205087401004821,0.142603409836466,0.0316230834237533,0.0762059464518889,0.026719424718911,0.025498239145575,0.00385678748324622,0.00056288422488633,0.000543487957066326,0.0491656138149265,0.0422176535319641,0.0204049963133049,0.00100494689615022,0.208913117720948,0.135020464176084,0.131086713145852,0.0463153482137991,0.0192941213049749,0.0194118765930668,0.184512713827339,0.165222794125679,0.115740129747951,0.0230115124046397,0.151724657235754,0.0532217703822507,0.0508217245153757,0.00767516404143952,0.00112253900187351,0.00108163325361398,0.0978365699872607,0.0840660811319443,0.0406386274631111,0.00199989118121193,0.202507566339504,0.1545820407299,0.118433454754084,0.0421054087685907,0.0170274583660072,0.0189070281625237,0.199868398264302,0.167296771044496,0.122649420371037,0.0248097133099607,2
0.0561304828900349,0.0265527390119133,0.0770756837371653,0.00806933191463453,0.00422813096958339,0.00553280689061299,0.0703634836003087,0.0727348326751694,0.0479058220213694,0.00759005537104591,0.00314366262133361,0.000704160541461661,0.00597007274701453,6.4673811755636e-05,1.79484010475076e-05,3.07290685257563e-05,0.00495123599403673,0.00531186163287212,0.00229544897307258,5.7757344138754e-05,0.0438288679306562,0.0205810615451644,0.0616247125877031,0.00597032876713549,0.00304853538953254,0.00392800423581137,0.0508232575337905,0.0559722954227921,0.0387382003144622,0.00568080577495094,0.00627855731965719,0.00140561870911091,0.0118805993187527,0.000129464330224439,3.57316331354822e-05,6.11838724541707e-05,0.00987747211635851,0.0105756467160754,0.00457879193309937,0.000115072730283235,0.0325274700709801,0.0294564591939159,0.0646499825753972,0.00931454743493686,0.00468502277710933,0.0061884553959052,0.0716293232791076,0.058638566492624,0.0378470851358904,0.00410971944577089,0
0.043434905819894,0.00210619893542278,0.0164447321482496,0.005613244317912,0.00373484857605033,0.000909603940442411,0.0188084950180496,0.0336364025926141,0.00761762071980536,0.0116828266767463,0.00189474038531712,4.44658820589892e-06,0.000269383020909486,3.1590683206112e-05,1.40189862395928e-05,8.26245182625673e-07,0.000355521350417409,0.00113709132764853,5.67852283348785e-05,0.000137132419945769,0.0336034111953627,0.00151298907564665,0.0114408244460546,0.00201702361787275,0.00195229556175032,0.000384967364421874,0.0146488395525254,0.0276439013862184,0.00459214722991172,0.00961722679158031,0.00377185744310898,8.86016337503678e-06,0.000538460669835308,6.2941165828772e-05,2.78965733556361e-05,1.64949301946329e-06,0.00070750318838339,0.00226281147844599,0.000114529288910896,0.000272912851218814,0.0264680023392536,0.00233186872642476,0.00896204603603452,0.00207940213258303,0.00159451752182016,0.00034410669689365,0.0114580633256001,0.0309087815775034,0.00505463532789614,0.0117833078461431,2
0.222627678497644,0.303215944394904,0.265130608585147,0.0550513247744974,0.0330080103519748,0.0228223580383133,0.195301633616712,0.160550727947208,0.238169879701306,0.0335821401956143,0.0498078797207704,0.0923773970288811,0.0705505019905428,0.0030452136351423,0.00109481998897084,0.000522979622424041,0.0382995611014313,0.0258637154652399,0.0569474540251307,0.00113063256753555,0.168315245830417,0.241313910809641,0.194848036773941,0.0437879261740419,0.0265730330983146,0.0190976954404614,0.134010611484214,0.126934159203471,0.191546008143027,0.0289192168053673,0.0991218533740475,0.183855053646674,0.140490374699592,0.00606060195687551,0.00217887082500783,0.00104122207539501,0.0762498937327772,0.0515108213156693,0.113387182046593,0.00225271720139479,0.169395064339812,0.306992976480341,0.162042249865175,0.0286834839116929,0.0289136129681656,0.0170887148729058,0.0966165415827389,0.105063181802235,0.167750507021818,0.023790870279245,2
0.137723439647212,0.128247088157662,0.14930400307198,0.0501813318785831,0.022726528096793,0.0257506871863841,0.273128601765417,0.263020572470172,0.126686564838042,0.0593607774473201,0.0190629785368402,0.0165086858685763,0.0222973904483076,0.00252970617031416,0.000518436969516153,0.000665657744898785,0.0748869220768487,0.0694991920117094,0.016041991788301,0.00354132093969647,0.113183461880922,0.106221604490661,0.0964096117102812,0.0397925181429194,0.0188222420199176,0.0217315690287106,0.23273342048968,0.223596793062279,0.0989452805368393,0.0487667992273114,0.0379347481118572,0.0328728556831529,0.04447749825655,0.00503512007752221,0.00103233186072645,0.00132542547791003,0.149111396246281,0.138330923002609,0.0320096638599063,0.00704730120418125,0.10105030226959,0.0880040940193173,0.0708343611558999,0.0412284782360948,0.0192416073437976,0.020856811239355,0.291886329625511,0.260641480268478,0.0975091837070657,0.0579201956641616,2
0.0481579952040188,0.0795416844453576,0.0515513080116759,0.00838548963862327,0.00424810091179268,0.00389483402010854,0.0698395503429105,0.0719000921381622,0.0597969599768385,0.0120937860332724,0.00232938696986665,0.00635858787579777,0.0026706981323076,7.0660602206366e-05,1.80237962676667e-05,1.52406610678438e-05,0.00489030627679636,0.00519557626680983,0.00358838749912417,0.000145609254346337,0.0357551010367894,0.0581690491143872,0.0410354561835567,0.00601732759209054,0.00309804460144437,0.00280003510588477,0.0504329745715302,0.0516119954859103,0.0459101922411724,0.00962826975518171,0.00463657924966516,0.0126535850219872,0.00531484573021994,0.000140617730612697,3.5979579765409e-05,3.03320073169073e-05,0.0097431794929854,0.0103389060032776,0.00714593830064361,0.000291138505005934,0.0387043792787664,0.0501573448342171,0.0294162742000788,0.00953527114290465,0.00467708634875663,0.00435622626862356,0.0723328525108838,0.0655269022846824,0.0392063616138048,0.00773200188243232,0
0.040548125344025,0.0223617793359819,0.051463887804747,0.00193337238508889,0.00176856615515089,0.000602188692533668,0.0296240261499648,0.0334117248917284,0.0369617897600788,0.00851781444587768,0.00164753536189931,0.000502558436345731,0.00265997586585057,3.74829194458042e-06,3.13566127824261e-06,3.62338413715302e-07,0.000881427150592426,0.00112148386763735,0.0013696065823378,7.27586198049058e-05,0.0325724144823792,0.0178691612328986,0.0389800521820579,0.000942115221390265,0.000642660405070903,0.000262969840987503,0.0225778055524355,0.026968954636848,0.0305406135101382,0.00711008442918117,0.00328342957795576,0.00100008949603483,0.00529515651299567,7.4577973360425e-06,6.24332692779221e-06,7.23157791210766e-07,0.00175456557765054,0.00223221007188919,0.00272888599635185,0.000144947064641929,0.0339409718874258,0.027076254785207,0.0275123524294941,0.00069021981047437,0.000431770750535447,0.000160045714303026,0.016254901204654,0.0212801430720231,0.0339456277307776,0.00590273815661428,0
0.171631958692866,0.19386707507673,0.149481076450784,0.0394817322394156,0.0308817356473804,0.0296352593505427,0.225307254185933,0.117010723416274,0.152094705059987,0.0251429970462399,0.0295952082903285,0.0377330749767269,0.0222981278121777,0.00156613964542147,0.000958362430623618,0.000881917502111666,0.0509916971097385,0.0137540275116925,0.0232191713419488,0.000635106052733696,0.115940307530213,0.154893256638077,0.115130107218679,0.0296525263428878,0.0230679902997156,0.023841483438733,0.165364742982232,0.0946795732453507,0.124224319727112,0.02138664099992,0.0589045356232347,0.0751287231896435,0.0445286619605368,0.00311711301071059,0.00190723853967818,0.00175574407675233,0.101489859024245,0.0273765519872351,0.0462357233925791,0.0012640826132107,0.0971512749627007,0.134712036354247,0.0749976843006015,0.0237162999078624,0.0246778436782206,0.022829889123235,0.167976937151549,0.0761267288148076,0.13152209954487,0.0210493322050858,2
0.200060462058832,0.165567421491385,0.181863082015366,0.0548976227053841,0.0123830351299572,0.0179632474513855,0.291437791897536,0.287333881751509,0.156685497685806,0.0662751428597644,0.0402223606319611,0.0275033818570795,0.0330462056998314,0.00302862333763429,0.00015399762541392,0.000324078721343374,0.0851894071597746,0.0829133711905866,0.024632390915748,0.00441429337815175,0.169957245906436,0.137319909152041,0.146258476169728,0.0390472313675,0.00972096871640814,0.0144159205574591,0.226939012158767,0.23750256412511,0.125621818024232,0.0517999029717137,0.0800432646960452,0.054778433634903,0.0659538296606534,0.00602714012032396,0.000306566932185896,0.000645135146710913,0.169698507799019,0.165058716846056,0.0490588837041955,0.00878433921352837,0.165153062632719,0.105457644953611,0.164553720925054,0.0411743021995516,0.0106253970386595,0.0125627894554454,0.273842485661007,0.308820881762991,0.156165310710032,0.0637037034357188,2
0.0650844120627188,0.0369727851320638,0.0399616100166514,0.00190694713807315,0.00175893664215032,0.00416022842008146,0.0748990523706336,0.0880774238201346,0.0326346366841857,0.0214491394778955,0.00425690223259761,0.00137367801399993,0.00159787336455378,3.63737831186261e-06,3.10392007982124e-06,1.72253673065098e-05,0.00560310209663459,0.00777066852362056,0.00106868099515765,0.000461874354326031,0.047801925370388,0.0265546890976232,0.0281611745556169,0.00111683113296767,0.00125311699121062,0.00285383945515443,0.0482401942207322,0.059402620942878,0.0243368342804857,0.0180598320251655,0.00847144180360451,0.00273371409694995,0.00318673255965019,7.25548316263118e-06,6.18139647943886e-06,3.44466681550679e-05,0.0111849318649852,0.0154893663020663,0.00212832460038914,0.000919622396983459,0.0729466662832138,0.0412915538558179,0.0445069319969315,0.00168287189134326,0.00188212384452919,0.00453071538612583,0.0542951039866925,0.0847224826916593,0.0336477473952739,0.0185715761861091,0
0.00822789641586544,0.00209649722659723,0.00218454001538816,6.54520935473747e-05,0.000683254420614043,0.000307714802607296,0.0268809361414084,0.0290448794086722,0.00665230194413564,0.0142087272283423,6.78799191326823e-05,4.41718632711218e-06,4.78045868881253e-06,4.22452882539362e-09,4.69123281860292e-07,9.42674290982284e-08,0.00072236136300161,0.00084644275383926,4.39090931746417e-05,0.000201003343129997,0.00562886877747929,0.00147228898503084,0.00153779134767477,4.52055087432048e-05,0.000392153059040391,0.000188111262942839,0.0215749010837907,0.0245073818417835,0.00442459712496106,0.0114405768593891,0.000135232333333416,8.79011004303109e-06,9.52768159334357e-06,8.48729451773657e-09,9.33362230423442e-07,1.88176214699959e-07,0.00144133377050104,0.00168574468411127,8.79396328606323e-05,0.000401864929454886,0.00619707397433891,0.00231764283537066,0.00231611128702853,7.27175289177079e-05,0.000191511180010908,0.000222390832112048,0.0176613749662065,0.0157794458375518,0.00604640965542765,0.0117827610157973,0
0.189138961070876,0.120745702542781,0.11431593668728,0.0601548035036138,0.0266847850354138,0.0130807898386138,0.141868488788634,0.104975762711184,0.086932791689828,0.0167471686389581,0.0357057101116939,0.0145487118147081,0.0131332624284162,0.00363258691009276,0.000715397124801245,0.000171669962668626,0.0202194167167121,0.0109731539971863,0.0075355246972519,0.000279396263347632,0.104161105181949,0.0718650583988707,0.0699810639542586,0.0370044091852844,0.0158502352684212,0.00750366295879619,0.0720376988962354,0.0691523393118837,0.0514135868985854,0.0127646773388299,0.0713002046228029,0.0290554068243524,0.0261357230619311,0.00723300794827554,0.00142389789048748,0.000341917769184245,0.0402396455913694,0.0219379939987372,0.0150551051079206,0.000558462419893003,0.130662228106808,0.071936320973693,0.0669342003614,0.0475288583419809,0.0206689549862291,0.00650248330138263,0.0653815551934692,0.0896815010040272,0.0485461108393221,0.0115519932170274,2
0.236715662418995,0.213278231879714,0.187920163785226,0.0709415508602365,0.0152993164744206,0.0246911641813488,0.337615036821565,0.172215629336548,0.138955578798297,0.0224802787112265,0.0561699624823729,0.0456458886878926,0.0354905091389484,0.00505732199187557,0.000234782841180092,0.000612610662226438,0.114483618779642,0.0297524337921938,0.019366113604488,0.00050787159009086,0.194604623936051,0.175575714146068,0.145990804983267,0.0552843805055924,0.0116512743688791,0.0154517121140299,0.248947277710683,0.143915577958523,0.109197489214579,0.0176922256334937,0.111919950468037,0.0909043817278068,0.0706268551847097,0.0100646673314807,0.000467677515042676,0.00121919905911772,0.227893496225746,0.0592616513515817,0.0385772657567965,0.0010106905749031,0.175394470916978,0.167718506686393,0.118950633989972,0.0465697393715287,0.00807645341109461,0.0144403864769388,0.278482853817964,0.137923356501042,0.108858682268594,0.0155146091012393,2
0.0971490608973616,0.118579285100067,0.0423246583667272,0.0121123161767003,0.00333987577669357,0.00223406723473381,0.0482850787542585,0.093378490496425,0.0618188664541178,0.00969100727430871,0.00947621277905933,0.0141309028630277,0.00179993288679868,0.000146290037345514,1.11812345723105e-05,4.98220841143697e-06,0.00231527103509884,0.00875948587616569,0.00383915318978209,9.2827254096255e-05,0.0768799932557481,0.0930945950443309,0.0329806257186159,0.00930333848912658,0.0024452432889772,0.00174272202427394,0.0378331506098762,0.0708615872373156,0.0491552050335371,0.00771082705631076,0.0188656842816977,0.0281209703437897,0.00358229042372761,0.000292266193479504,2.22796337390902e-05,9.94835029585845e-06,0.00463508850502249,0.0174349301404646,0.00764152518964118,0.000186274311845157,0.110887655645753,0.13631040654681,0.0427410789104983,0.0146676550558646,0.00375724098340031,0.00276052388685262,0.0535980544355237,0.10705727788753,0.0677114820514174,0.00707725059449058,0
0.0148414808131952,0.00829758352532873,0.00215025481226772,0.00102393729775057,0.000637583274727514,0.000292324756518237,0.0322620080983334,0.0198638000014223,0.0100631885810292,0.00957385871509801,0.000221070282746906,6.83957184556138e-05,4.41577194241513e-06,1.03107122338851e-06,4.08554444906315e-07,8.49860874640711e-08,0.00104545895330892,0.000396456015287111,0.000101764223194854,9.19865843423447e-05,0.0109496482333772,0.0060289864194956,0.0014429742848723,0.000726067370138862,0.000369578078742384,0.0001570971977155,0.0248457298511301,0.0151964575807389,0.00559770165088797,0.00752219124458207,0.000440211666375888,0.000136902344745437,9.01629811493836e-06,2.07209016531869e-06,8.06362239397986e-07,1.69730870092143e-07,0.00208102569079521,0.000789035296388811,0.000202514700175568,0.000183185378312383,0.0167905675897636,0.00920912256870016,0.00138304258879072,0.00100247259627001,0.000241109419852964,0.00020654151931341,0.0208574411073681,0.0130437389860785,0.00755839486136014,0.00653813195541518,0
0.148738262394397,0.129698104272302,0.0812893997643794,0.0475092216292548,0.0287431888063073,0.0226736889175553,0.0800751111971491,0.0811650851214274,0.101506286301046,0.029877268011659,0.0222272991000256,0.0167674748634181,0.00664039640669729,0.00226275157045156,0.000830203464971233,0.000516264226778834,0.00642783571719353,0.00662083382892368,0.0103007085487394,0.000895408111165288,0.0750923298583498,0.0745366378501271,0.042597472680119,0.0259037159325025,0.016261830483642,0.0120251270219014,0.0493150988451431,0.0523972151868484,0.0612780791796817,0.0188241850139233,0.0442391103605445,0.0335050899557573,0.0132151270084334,0.0045085528136987,0.00165220441731321,0.00102777756757584,0.0128077177319835,0.0131754749686847,0.0205527304950874,0.00178357606295063,0.0835133683153049,0.0894632116865841,0.0603749552833994,0.0291674987858929,0.0202445079640791,0.0137836451070372,0.0523737659148959,0.0536819735936519,0.0754104797400076,0.019145064123793,2
0.176033625839453,0.163006049935622,0.14086015345326,0.054489772316245,0.0149075711847024,0.0184606581380095,0.142429412049137,0.120761851261816,0.129480076026783,0.0208996100057344,0.0311434981714815,0.0266092360034698,0.019941184357234,0.00295334239601346,0.000222885878919576,0.000340794987092314,0.0202692999597905,0.0146566747019106,0.0167911157261523,0.000437030928814728,0.143606431821046,0.132110231533039,0.107178368221027,0.0393468267209221,0.0105281307799444,0.0148129602584606,0.106987956057128,0.101679008306662,0.106282577470215,0.0169010568994015,0.0619754853259598,0.0530469037054106,0.0396827893505208,0.00590770754746897,0.00044399501675551,0.000679884906207088,0.0404538973179238,0.0291668057037898,0.0334716210618158,0.000871637117458474,0.156503622692861,0.109225159223738,0.104989879729178,0.0384164153294479,0.00965990454178976,0.0149741705427798,0.0925975478568971,0.0843152561807684,0.087929530204978,0.0144322394819973,2
0.0595281517118313,0.0742978278853459,0.0187237062068684,0.0199468710775432,0.00298355337047171,0.00361767483303812,0.0705679771113764,0.0489824790683611,0.0787955948332885,0.0136887231466888,0.00355610989674988,0.00554637419658676,0.000352161490627225,0.000391704176400691,8.85548095030058e-06,1.27492832722007e-05,0.00497811567382554,0.00241022511989524,0.00623937409793707,0.000188311186168341,0.0409481493571316,0.0578842449575051,0.0133784279772155,0.0145516762406736,0.0023875241714491,0.00283229126493856,0.0496567021314431,0.0397450067715516,0.0562657785492453,0.010528049159586,0.00708187910881987,0.0110386114215187,0.000700954884518386,0.00078762267146951,1.77119949043068e-05,2.57712725014837e-05,0.00993270192601977,0.00479722619053463,0.0124168868154125,0.000374732792420925,0.0612128041337877,0.0854156430172782,0.0187081931911166,0.0232856363779521,0.00357470411827814,0.00318300842177476,0.0619657954315249,0.0489059314054921,0.0615912090907195,0.0103651880397149,0
0.00403957711855649,0.00540027537203572,0.00103800001868384,0.00189769428126856,0.000747508228884629,0.00046657483413627,0.0127254821163948,0.0155786762256589,0.00709247630130031,0.0132527551925259,1.63929908740414e-05,2.86970355145865e-05,1.07066139593234e-06,3.54253298436841e-06,5.60598563695324e-07,2.17851448078278e-07,0.000161960536162754,0.000243523766446387,5.0280878621994e-05,0.000176242903046801,0.00308686969864143,0.00390625265750562,0.000742219551978609,0.00133199253617881,0.000480805293432806,0.000300216309573601,0.0104858543996789,0.012950471429529,0.0051408091732052,0.010978381515666,3.2628864340835e-05,5.77164679912821e-05,2.14071470710094e-06,7.12543068451367e-06,1.11636829134251e-06,4.34263292631815e-07,0.000323060304212596,0.000484976192278765,0.00010033005602628,0.000350993689699252,0.00439992254841849,0.00597405400590963,0.000847213870975531,0.00205851661333157,0.000379433738577403,0.000431047687998647,0.00747681007202492,0.0105309814655353,0.00787709251510242,0.00886122091374908,0
0.020652531586207,0.0491228132908007,0.0414554636861872,0.0298563560755247,0.0128679337726791,0.00808538566075739,0.0429095783736669,0.0442774579631607,0.0468930493954557,0.0089857011122062,0.000428627079401485,0.00241193550703808,0.00172601451985433,0.000894127903715262,0.00016639212834382,6.56490782108807e-05,0.0018350095309421,0.00196044367956613,0.00218950323155851,8.10031214026787e-05,0.00997067391702149,0.0224035366419337,0.0185737152915758,0.0138224535617016,0.00602737967961757,0.00397424346513661,0.0242595390504214,0.0244729640860766,0.0227370975267657,0.00718718812405473,0.000853005749942752,0.00481286691026559,0.00343590430305552,0.00178105288182971,0.000331142955882219,0.000130693596508985,0.00366685661826383,0.0039107514437127,0.00437749602087392,0.000161340929640326,0.0124466822801084,0.0268620888771608,0.0233569399651204,0.0161398505140937,0.00748321336515429,0.00453149516233791,0.0237018938225114,0.0230518365825994,0.024673549510955,0.0055808878001865,2
0.135484130614763,0.128962660254565,0.0773528042495756,0.0373644807033711,0.0105519082183304,0.0199647449694464,0.179993102736944,0.116030073539819,0.0783782142409991,0.013540621384993,0.018444496536046,0.0166774812875443,0.0060081714352186,0.00140310567934528,0.000111675333557817,0.000400258146898075,0.0324766771503764,0.0134699486495122,0.00617237545101902,0.000182454934148749,0.10017943913472,0.0793407588576897,0.0569265060374226,0.0242287368811446,0.00816895120346247,0.0158227776108811,0.139695890558378,0.0825997971242917,0.0578079803685488,0.00920947339000618,0.0367076897626544,0.0332228514719696,0.011961256818237,0.00279218887941298,0.000222457578595111,0.000796824540981374,0.0647111071673589,0.0268654756207609,0.0122844176581496,0.000364853220750987,0.0703991524895141,0.0850573429321905,0.0422768774723053,0.021677815998588,0.00579800744668094,0.0125122021745524,0.121380290341313,0.0815272226594372,0.0447518403188206,0.00723525283925588,2
0.0551639013243235,0.188527960961612,0.0891094493418848,0.0639125737728743,0.0108655810410239,0.0133000397383363,0.196015477915835,0.186129263298035,0.0883101641227439,0.0255858105956548,0.00305078497625108,0.035597352276788,0.00797148582194778,0.00410503095913633,0.000118601434540721,0.000177746174138608,0.038367148126196,0.0346675757108261,0.007822271111773,0.000653701342951202,0.0427912424419955,0.139715243829971,0.0700721751804722,0.0417823793398265,0.0073863765993491,0.0103566162295145,0.152238252268748,0.144731566200581,0.0701165326734699,0.0210510660067261,0.00607854955730795,0.070960781548881,0.0158716925389143,0.00816916868203369,0.000236047620529297,0.000353733911474365,0.0765973685537444,0.06913826519949,0.0155815176796756,0.00130505707284972,0.0498469762684116,0.168008997472054,0.0843438313191047,0.0483918551025904,0.00758333805682224,0.0118523428329376,0.179989869468147,0.15759024742693,0.0695164853197675,0.021117483646595,2
0.00727160335823777,0.0147373986445729,0.00724449792699108,0.00407313630587496,0.000991548796327765,0.00115551601181756,0.0186817521515092,0.0236461877631574,0.011967771086623,0.010292115068838,5.2261018758112e-05,0.000216579856084907,5.25797266368991e-05,1.62835609617683e-05,9.80952963074038e-07,1.31694791986336e-06,0.000345200219812258,0.000560332810227825,0.000143521543259226,0.000105490592971034,0.00525459504173266,0.0101773620988269,0.00521620556366055,0.00293921595803545,0.000703881829896287,0.000846188490500067,0.0132776069791987,0.0193865713379081,0.00835336525576122,0.00823653670956227,0.000104872994346317,0.000432673969236725,0.000104799129625105,3.27919437941922e-05,1.95833735844238e-06,2.64555783270926e-06,0.000692475611326814,0.00111664163989265,0.000286023536002802,0.000210888414465793,0.0077690624266477,0.0163691577762317,0.00801734095299133,0.00455733237933415,0.000657837421624473,0.00130325142211284,0.0189634482305803,0.0226042705728595,0.0133601385901115,0.00640333599912226,0
0.0131959735319623,0.0729372463614782,0.016288383437963,0.0170367360045301,0.0245895060773502,0.0216549559635589,0.040980115974513,0.0455938969940217,0.0494686828539173,0.0155014049007328,0.000173505343936665,0.00530622760705613,0.000266588841936241,0.000291707089640297,0.000606861498650967,0.000470584749279977,0.00168449528738423,0.0020687207323927,0.00243760955373397,0.000241464523373286,0.00499592423887054,0.0248314604382389,0.00630448285088447,0.00666428893734919,0.00982897807329005,0.00856329531313068,0.0208364755318185,0.023508004201303,0.0174727507691925,0.0108981278055156,0.000346769938797673,0.0105992333754291,0.000530546634184233,0.000580492970947138,0.00120838985741717,0.000937131356404081,0.00335542771173922,0.00413709704403973,0.00487257137822647,0.000480535776258889,0.0054402951632723,0.0343116775963672,0.00837734724037897,0.00907653237691594,0.0135614477367439,0.0117266547954078,0.0254221514824781,0.020086450878777,0.0228501745739122,0.00965972633248312,2
0.154526033769816,0.118041305281215,0.117741112940917,0.0280739562097933,0.0242819632176816,0.0225504932771377,0.148833633394664,0.0930243436054163,0.132266681230797,0.0183768204516102,0.0237153916213133,0.0138057586230779,0.0139236142025698,0.00079207136215766,0.000592454816309785,0.000510856601010457,0.0221376184400466,0.00860588946437213,0.0175682830527746,0.000338679576815678,0.11186001280088,0.101245080642055,0.0968958780627672,0.0228177066967165,0.0168084111504368,0.0182940767179458,0.115786222786958,0.0741367803198348,0.106537939103068,0.0149271790675012,0.0474728322288522,0.0276696741157005,0.0277168835395612,0.00157625802254702,0.00117902734233791,0.00101674172638249,0.0441775139980371,0.0172162792662813,0.0349748553678962,0.000674646314852184,0.0829544747772296,0.090918794109784,0.0978166458577274,0.0245754491222117,0.0138832777612019,0.010317702117466,0.106116310180711,0.0587897987714296,0.135410802899381,0.0119799228129454,2
0.181190733774968,0.0963173075839558,0.114548749003345,0.0432726042079416,0.0146166868414177,0.0175448626772913,0.207938569699913,0.102911970864113,0.0905975976847726,0.0252018186740012,0.0328017704503276,0.00927776387346465,0.0131723370031459,0.00188182056868066,0.000214583008200526,0.000309163483782617,0.0433461602451732,0.0106389666676715,0.00824171472607756,0.000638114236811744,0.130343939480222,0.0763171152669467,0.0949763436453139,0.0291834950101106,0.00995980107810752,0.0139707354308179,0.146990348588569,0.0779175039545041,0.0767072671968668,0.0203112332626534,0.0654660417342351,0.0185083954370507,0.0262278672884186,0.00374486932446287,0.000427157624885502,0.00061540122624903,0.0863673792832244,0.0211763829585784,0.0164083530975749,0.00127004946221547,0.182821572231146,0.110212932086672,0.104801712313738,0.0295513983995978,0.012589297024899,0.00977065389449033,0.151689648145746,0.0827142191627704,0.101759260295966,0.0225907498722809,2
0.024799211235865,0.0153887031534642,0.026602582960777,0.00476812058705376,0.00164628981927293,0.00419323601971568,0.0215208149206505,0.0208580152879415,0.030412441840924,0.00892744132992552,0.000616044503493829,0.000237417584377197,0.000710212109249533,2.25181869386128e-05,2.68662230789102e-06,1.76679165787416e-05,0.000461202677591377,0.000434516600616829,0.000927000240735832,7.9711211129226e-05,0.0174063205512372,0.0107278713103809,0.018790811247144,0.00351584683756468,0.00127695324130725,0.00302381885864125,0.0170269683932988,0.0166695091712353,0.0217616033263342,0.00684882202800338,0.0012279056332832,0.000473029125258783,0.00141427850572376,4.51404605058528e-05,5.37492975919631e-06,3.51607411481318e-05,0.00092203727944041,0.000867343620430624,0.00184723910935647,0.000159009508925067,0.0278012895003463,0.017130357554689,0.0297932059626752,0.00537773100386926,0.00167443771860527,0.00474852451000856,0.0251001050972143,0.0138269994922365,0.0346520739214198,0.00476026682757052,0
0.00176964400821399,0.00085617373485207,0.00177118218407651,0.000384842334654246,0.00073580378550567,0.000257333564488589,0.00689984343375367,0.0165694767903092,0.00186491822372985,0.00863423480358774,3.12181512587559e-06,7.31050823439023e-07,3.14471667468892e-06,1.48366918732187e-07,5.43952739158761e-07,6.63720373051002e-08,4.77477348439128e-05,0.000274153932015473,3.47523000215074e-06,7.49027818729473e-05,0.00123314764921732,0.000588135793700568,0.00126051109909006,0.000258658154012359,0.000398409188057127,0.000173760722543362,0.00536661146183903,0.0138405547022934,0.00129340851680504,0.00660669248862424,6.23498471372751e-06,1.46039321366869e-06,6.26530666895231e-06,2.95521075134087e-07,1.07566317622267e-06,1.3224493494082e-07,9.51129306259752e-05,0.000547264111149347,6.93558708531728e-06,0.000149067705961032,0.00153745124496694,0.000948526548105792,0.00170907408207421,0.000341489468132559,0.000234617751102236,0.000282617922199715,0.00471705715209471,0.00781051765876215,0.00203089203201257,0.00461532395652189,0
0.100861853163597,0.134845380023768,0.0427408057934318,0.0136525468079944,0.0170103818567723,0.0230868079783848,0.187050576614474,0.0861400505845704,0.102051041620866,0.0220321402778853,0.0102076529246104,0.0182629210513554,0.00183556750251394,0.000187111947615341,0.000290783861596442,0.000535516842046621,0.0351275725734849,0.00744209132541775,0.0104638190372488,0.000487771496388144,0.0694951481251293,0.104531480894361,0.0320957921610762,0.0104578545797001,0.0118403707217799,0.017470251831771,0.136766902825351,0.0640860992455885,0.0773224694165999,0.0169186515791492,0.0203291711750006,0.036354775916098,0.00365301943204071,0.000372567075932064,0.000578647215682685,0.00106583092517749,0.0699398356759241,0.0148249443924412,0.0208259096468119,0.000970724865365869,0.0595661883024,0.0969107419359297,0.0303571349820213,0.00914535326981317,0.0102946730958454,0.0125123788668397,0.145654991913475,0.0583045862048826,0.0906966681673801,0.0175456668312754,2
0.110127860633618,0.241888806738656,0.131892753406645,0.10042674550598,0.0213645607413573,0.0200512754089154,0.204702223114311,0.215252919021198,0.16610440055014,0.0531790274109563,0.0121890157090373,0.0586939252816963,0.0174542246698881,0.0101209787581098,0.000457776077032846,0.000403711050935935,0.0421036382170337,0.0465588541386771,0.0272684990353542,0.00283647342445812,0.0902795460463729,0.177733832198497,0.0987824108362029,0.0662445058009222,0.0148427484093582,0.0158258892526343,0.171727983628563,0.148104475565134,0.109550562429436,0.0368276398274311,0.0242560435090446,0.116910637646201,0.0347626473970522,0.0201558675063188,0.000911931651708427,0.000803732885223881,0.0837956483355027,0.0926598570252713,0.0547216061988889,0.00565029817342853,0.0643067862813586,0.185195055570799,0.0976439359326583,0.0580996827931808,0.0148261867092344,0.0125099296194277,0.206944229785286,0.155349881965718,0.0827484375101528,0.0413364096824972,2
0.0628715910993729,0.0977692558239581,0.0269781048590299,0.0255213958046839,0.00520877185339998,0.00904755480534148,0.084618511061974,0.101204071696349,0.191984009785986,0.0208296799775323,0.00396092375500783,0.00944050503211544,0.000710319035512536,0.00064381092487408,2.66486120314496e-05,8.13542579635173e-05,0.00711149093390677,0.0102510458067,0.036621093468474,0.000431329462319805,0.0480819088140213,0.0721848646106516,0.0171186073497086,0.016263210248943,0.00343259129122992,0.00646912247761594,0.0647647043074548,0.073763733623631,0.130849707273458,0.015929816148625,0.00789369251749599,0.0189520386452338,0.00143458424656332,0.00129190841188793,5.36411954278578e-05,0.000162801460310899,0.0142360127157503,0.0204410419560728,0.0732956646967396,0.000863007847132732,0.0692619002675697,0.112670689575731,0.0267793442477514,0.0241461558480351,0.005231503381063,0.00911976445005759,0.0878389127661308,0.105084588591414,0.159109354644855,0.0218789740202257,0
0.00763545069083481,0.0182253731749037,0.00658697382491838,0.0127463072662789,0.00449724628401284,0.00336427836382591,0.0198328342269203,0.0260809253629523,0.0141268896830971,0.00815148010225716,5.79665812704533e-05,0.000331605594421997,4.35534934662552e-05,0.000162214360932704,2.00858769208594e-05,1.13415846495564e-05,0.000395295616477817,0.000683316002587541,0.000199706121092295,6.65637754534835e-05,0.00600612894105074,0.00787465530610692,0.00233784298336537,0.00345905310755441,0.00157079137501319,0.00117395671044035,0.0160624538781078,0.0208389774521535,0.0102342790589254,0.00656188849723889,0.000115960972328998,0.000662084612477292,8.67209463949391e-05,0.000323843734670948,4.02105898866532e-05,2.26032206387437e-05,0.000786568292829303,0.00136011327247867,0.000398254160969534,0.000132677385314946,0.00563450993701211,0.006106497692681,0.00231416301663496,0.00427244535439277,0.00158759584155253,0.00114114076977299,0.0121307790756952,0.017840513263375,0.0148464169906366,0.00463339957567585,0
0.0863141339647777,0.0794414398453347,0.122042875475551,0.0313298111268171,0.0191004490633616,0.023821398258151,0.129271205280953,0.0766247482263541,0.121896121684439,0.0241902150033144,0.00746058320157733,0.0063316646254447,0.0149564182689775,0.000986471114812234,0.000366638339103658,0.000566866460329981,0.0166373737815061,0.00589612895952295,0.0149288762826427,0.000587963577405789,0.0572989606781154,0.0666959769877172,0.0918286414441581,0.0259794388765842,0.0153544396449501,0.0144929741953626,0.0904042798592496,0.0589407507429158,0.0972976567449673,0.0187470926371306,0.0148733882409696,0.01261053681835,0.0297759572767159,0.00196307258775992,0.000729579009776826,0.00113146338868436,0.0332642320727484,0.0117379375892386,0.0297120753468887,0.00117018334542049,0.0453246176608297,0.0437694134830222,0.0864218562654676,0.0274420464129536,0.0139351287068446,0.0130827320434717,0.0668693850632553,0.0524721579158446,0.0838550346410423,0.0151520880145423,2
0.162144911727431,0.101536830397384,0.116975625212001,0.0513566541219661,0.0191426524688069,0.0306840778093343,0.174886576117588,0.0897090758976638,0.0547363534343118,0.0393667466848927,0.0263249196642146,0.0103037979550485,0.0136843646811813,0.00265041084780359,0.000366232072647015,0.000945892016832634,0.0307340924794973,0.00804575626478588,0.00299230978102731,0.00154741298371261,0.124968465487268,0.0798211716847973,0.0956485205222713,0.0329579329662366,0.0155617707526548,0.0243177075077916,0.150102172017421,0.0721502690035927,0.0418518962059542,0.027623084554259,0.0524842585864037,0.0205618225812687,0.0272990757222304,0.00527466304237738,0.000730827313394865,0.00188266610774875,0.0611655208606101,0.0160532437077951,0.00597246107894992,0.00308936954011181,0.0981977290832166,0.0556906935408512,0.0644735645921742,0.0226911170347308,0.0144469294893848,0.0272014915708057,0.133097225816009,0.0571300619159485,0.0375917537256704,0.0317261678655077,2
0.0580362154125725,0.0449373048965009,0.0346857831961618,0.0267707695570848,0.0110322746869486,0.0143204659010002,0.0843256237802338,0.0757606175426518,0.111964475954346,0.0306782270308112,0.00336464970971601,0.00200950345701195,0.00118519479783515,0.00072008739897385,0.000121016445726464,0.000204816058840407,0.00704925785063825,0.00569511415248896,0.0125718642064835,0.000933604865752744,0.040717470163093,0.0329622078120693,0.0231715392321958,0.0134107234434412,0.0077383829008808,0.0111423543812921,0.0569575068031901,0.0503916185245418,0.0651576032085124,0.0222532760132742,0.00671602645723929,0.00401879294238095,0.00238234065860163,0.00143315593223478,0.000242122359875606,0.000408866089403507,0.0141248175800045,0.0114062969782234,0.0250450487548722,0.00187008960737523,0.0413388852141567,0.052099819326087,0.0341165104915506,0.0170837444878449,0.00933363303972641,0.0135793807604875,0.0744903096602523,0.0670428290305558,0.0660616234405902,0.0306204682125009,0
0.0114800605911818,0.00298890537539834,0.00226990648499992,0.0185032800511022,0.00101310168644953,0.00112688401439028,0.0178769410199757,0.0315954028855552,0.00622990775705095,0.0212764104517521,0.000132454054607571,8.91617088250685e-06,5.14209813470296e-06,0.000343960279984115,1.02439949133806e-06,1.26651974822049e-06,0.000319373478536791,0.00100320621158378,3.79646930378492e-05,0.000454462427656492,0.00860930005121265,0.00205272699138354,0.00162466509113928,0.0128792113529876,0.000743440303041907,0.000833697774546345,0.0145526954985214,0.0253394556757373,0.00442043303274751,0.0164793379475493,0.00026357605538551,1.78046905817245e-05,1.02678858790272e-05,0.000684607536613339,2.04426500407078e-06,2.52947207636276e-06,0.000637358886729315,0.00199643880233624,7.65864458938797e-05,0.000904856614529295,0.00770766878090732,0.00330772737103311,0.00235350429621231,0.0111423442615059,0.00068378669768716,0.00123582941275112,0.0127554141428107,0.0278778048449641,0.0069206920133129,0.0141187337840157,0
0.0987449561221647,0.132761516714098,0.104745781140166,0.0489326418623756,0.0272675476746826,0.029438576629679,0.167676309309267,0.136574481686067,0.120097254834268,0.0279758743481771,0.0097963189337736,0.0176953783686286,0.0110243631307738,0.00240553863240288,0.000746833063383882,0.000870910948227842,0.0282472523982528,0.0187460813755756,0.0144803155347604,0.0007854058500648,0.0667263753523398,0.103942049031096,0.0805856847642027,0.0371942570011035,0.0179446265321659,0.0212636234818071,0.127195518637807,0.104822852409825,0.0833195872416069,0.0209272956249026,0.0194934630811,0.0352317919252211,0.0219407678222382,0.00478785070938276,0.00148656831555821,0.00173314045260224,0.0562200900464418,0.0373049062654169,0.028830190916417,0.00156409515792646,0.0477912341619144,0.117791301287289,0.0852368351399089,0.0336025036598038,0.016169425987608,0.020135561929169,0.13783752608183,0.118051715847654,0.101286247034646,0.0190587714933866,2
0.181196867655083,0.130235793643327,0.143267232181674,0.0380530601628629,0.0115249665589192,0.0224290675190709,0.220328783580368,0.136213008264814,0.137381611875514,0.0414258735679165,0.0329959533726787,0.0170302432117751,0.0206278251817748,0.00145530903451739,0.000133011295098002,0.000505420798056594,0.0487803874783183,0.0186469280018432,0.0188614719163507,0.00172389304737987,0.154018628581348,0.106906283074185,0.114704895957021,0.0264233086073601,0.00876947139164726,0.0171299945138525,0.181205813135383,0.109018669483487,0.109273355366974,0.0298791394605377,0.0656617846548398,0.0339064533517731,0.0410501618990911,0.00289606530924537,0.000265153554132889,0.00100595651405502,0.0970812127324827,0.0371072758190926,0.0376406802470629,0.00343129775656259,0.170266704157307,0.107271593795287,0.107717930681689,0.0244755787925827,0.00854608555801107,0.0178855178349042,0.198102176604812,0.105386580462864,0.117198490997658,0.0315665141160772,2
0.10384634022886,0.041660154351344,0.0355240329806205,0.0116284638180203,0.00177271484308539,0.00512720850271444,0.0785795518516743,0.0570989629107573,0.0394675152991212,0.0136028411969779,0.0108382092007936,0.00174414158908653,0.00126260277946491,0.000135570723504727,3.1582203383317e-06,2.6417380605361e-05,0.00617906010689141,0.00327606997651457,0.00152765004087608,0.000185709054726366,0.0822208429791787,0.0305307985423971,0.0251405627359743,0.00782775906211225,0.00144995418277425,0.00417175297402535,0.0553525215371134,0.0459042641338482,0.0326245974328552,0.0106488709365724,0.0215680787659497,0.00347089726576321,0.00251820010731836,0.000270106500850986,6.27343582246428e-06,5.25734187850132e-05,0.0123227935468017,0.00651991045408503,0.00307762032647804,0.000369779956277107,0.0963140997378149,0.0469191010684379,0.0382060731235264,0.0122846384560407,0.00192662275471511,0.0062172636143569,0.0857316250800075,0.0672450993740747,0.0441564314545975,0.0100734599542115,2
0.0121941294283776,0.00250830647550113,0.00187052681114305,0.000585821595578761,0.000678854942622463,0.000479301713443292,0.0166840045046094,0.0243562005992056,0.00357372994255586,0.00848504375921343,0.000149216168564827,6.31769160455475e-06,3.51019096313668e-06,3.43855056511715e-07,4.62421182171516e-07,2.24836442848177e-07,0.000279754717525401,0.00059608745412453,1.27992599835129e-05,7.23454269109889e-05,0.0090229091163045,0.00178644538739099,0.0013724047101172,0.000395750460199491,0.000399909220194597,0.00034412454778318,0.013204532707954,0.0199504764960423,0.00256539885855687,0.00670925373939743,0.000297162728079467,1.25773002687739e-05,6.98520313879607e-06,6.85167748733544e-07,9.20953098156044e-07,4.53440471621185e-07,0.000556711899922132,0.0011863315216257,2.55060413315577e-05,0.000143975903568459,0.0118268972503519,0.0027739121553887,0.00192213482227743,0.000581888389119774,0.00021475958075748,0.000531797328929608,0.00900021030773362,0.0132186791065896,0.0039505264885248,0.00565084332405856,0
0.00552452238418338,0.000137021503153656,0.000510424132875626,0.000326933771342948,0.000550869558860683,0.000232269730282398,0.0173131266990463,0.02497054295635,0.000305378339085046,0.00782750360025958,3.06736752441043e-05,1.88666665413687e-08,2.61410648193805e-07,1.07421454848076e-07,3.04958791670184e-07,5.4207235097987e-08,0.000301073243331533,0.000626508133671889,9.37229166398009e-08,6.14190713453698e-05,0.00412209338851184,9.60580579514233e-05,0.000262277960453872,0.000123829530793626,0.000244848366957423,7.64174401871602e-05,0.0136011084728642,0.020426942714453,0.000171345781083069,0.0061428549564266,6.10402233700403e-05,3.75459854787598e-08,5.19124816325177e-07,2.13770006992616e-07,6.05799133538068e-07,1.07610559785489e-07,0.000599290487661572,0.00124689923556992,1.86284919853091e-07,0.000122378720413495,0.0031274115549924,0.000151460739490159,0.000143353340649948,6.69448207616005e-05,0.000163123761123541,4.14489967223388e-05,0.0122697701074726,0.0205906293774189,0.000222663046452505,0.00488519723011834,0
0.00326009774561138,0.000326017027162553,0.000725488205254068,0.000328760388879063,0.000797465616438511,0.0002286098829303,0.0173530703191224,0.0202960655160714,0.000228192810291501,0.00854295577664184,1.06753466803949e-05,1.06813586235161e-07,5.27853035468254e-07,1.08598096631089e-07,6.39011967582572e-07,5.25147071310086e-08,0.000302089357551077,0.00041352723367093,5.23128767968511e-08,7.2731439230987e-05,0.00238435666928149,0.000114759419514076,0.000439332165426411,0.000133656846142688,0.000454630374499964,5.17854409385698e-05,0.0137681868970224,0.0167223967193473,4.82921329350456e-05,0.00697616361850815,2.12498496965767e-05,2.1145846911561e-07,1.05147195963379e-06,2.15050947995876e-07,1.27132469282312e-06,1.04250187816766e-07,0.000601699222007629,0.000823376452225467,1.03851140073256e-07,0.000145341816083123,0.00161858859345031,6.65214130039722e-05,0.000233981666216467,6.68532036672234e-05,0.000283320067438216,3.7958162844092e-05,0.0138851067021878,0.0162325875300017,3.57722655651114e-05,0.00465924569135625,0
0.0237462638696502,2.33673736688251e-05,0.000784649625299636,0.000230712596826591,0.000475505767913194,0.000234484020489966,0.0143365178386488,0.0210693448420589,0.000328499703669097,0.00870378578107908,0.000566582785924831,5.40387679273324e-10,6.1864171525927e-07,5.34951738830242e-08,2.27195906935137e-07,5.52395706556243e-08,0.000206008970856097,0.000445940043300239,1.08454326823325e-07,7.60334670154618e-05,0.0162170606496302,1.73125541861151e-05,0.000463073557795249,6.41344566756406e-05,0.000190236630447437,8.51358266383228e-05,0.0113069625509673,0.0170871449442221,0.000120329859656429,0.00719131269540928,0.00112762678467302,1.0837198752342e-09,1.23008646213219e-06,1.06172623935747e-07,4.47079524940465e-07,1.09658657383188e-07,0.000410466415714769,0.00088758464367203,2.15823957543928e-07,0.000151374992419917,0.0132042355020237,2.75269030721882e-05,0.000221194954709381,3.75464419119691e-05,0.000134482552760301,5.52321285737915e-05,0.00590166326561988,0.0127734191084995,6.96764487066624e-05,0.00519316561389833,0
0.0082554175035157,1.60298357160803e-06,0.000678493883864533,0.00032845146273793,0.000758152691330725,1.2034875800908e-05,0.0139291274949088,0.0244514339140827,2.67366304503255e-05,0.00762248645673217,6.84513478094169e-05,2.51857296133869e-12,4.62667168285734e-07,1.08385131303057e-07,5.77670423558877e-07,1.44323366254104e-10,0.000194995309933459,0.000600511114012732,7.00257520751831e-10,5.83525353559833e-05,0.00614144938761056,1.12204980905108e-06,0.000337958482979358,0.000134441106615242,0.000452918904899325,8.42083659064523e-06,0.0112060013695532,0.0198346665973466,1.56732412205579e-05,0.0062542517669772,0.000136258947849719,5.07550659026617e-12,9.20420215381994e-07,2.15723568172383e-07,1.14933732941132e-06,2.88434291904478e-10,0.000388040305719188,0.00119534533465154,1.41155910653426e-09,0.000116146486166591,0.00540258060044702,1.77799818604814e-06,0.00019840696042499,6.62961394919713e-05,0.000230885777038194,1.35326909927857e-05,0.0122464410228695,0.0159315913390637,2.01975969753358e-05,0.0054781256157789,0
0.00232362792791569,8.19916629795018e-08,0.000455657457155788,0.000396148154743569,0.000780048714236904,0.000326904055387313,0.0155154183420496,0.0216699646340304,0.000231376822006076,0.00732859477036466,5.41234440872952e-06,6.56279270889996e-15,2.08663982037882e-07,1.5771128436225e-07,6.11530691552986e-07,1.07399051661926e-07,0.000241915136451039,0.000469535538841418,5.38041818112735e-08,5.39777133516851e-05,0.00171874281915426,5.80046070528321e-08,0.00018245643959804,0.000131784405326925,0.000466314933160812,0.000122113938068583,0.0123751594226236,0.0175766407886,6.79589572393127e-05,0.00608139588076243,1.07821088839686e-05,1.32525906879202e-14,4.14064127356673e-07,3.13584143560509e-07,1.21579460444769e-06,2.13728298060101e-07,0.000481424805931159,0.000936698020802889,1.06795638701012e-07,0.000107415098761654,0.00121123083509604,9.09611530355263e-08,0.000128641004942797,9.80476353223118e-05,0.000257523837692056,6.68551887751883e-05,0.00967172129841126,0.0111758303943812,3.57577265845847e-05,0.00407682663445149,0
0.0346829097238874,0.000229099696548797,0.000683640669150244,0.000456166499451719,0.000641608909320099,2.04987665077643e-05,0.0112329649176266,0.0160676595442881,0.000320789580097791,0.0077487652335173,0.00120760133826653,5.27503975493441e-08,4.695970932369e-07,2.09131249127552e-07,4.13722785044158e-07,4.19190370722839e-10,0.000126738186320733,0.000259466335555603,1.03422100849438e-07,6.0192848086908e-05,0.0205127521359751,4.67570194852708e-05,0.000394552470905786,0.000182947544203519,0.000320283314605018,1.49411829418677e-05,0.00929766538423926,0.0133026411550021,0.000110197852496401,0.00663875692780435,0.00240442202818125,1.04686792807916e-07,9.34317631240184e-07,4.1174364971988e-07,8.18884834557163e-07,8.37273376461225e-10,0.000252257094395534,0.000516306980537844,2.04688066651662e-07,0.000119932887145288,0.0182430563974068,3.81633176276525e-05,0.000204441637983109,0.000126580768734364,0.000178799280616921,2.22275977141293e-05,0.00530726116986841,0.00908979963083902,7.05613979570716e-05,0.00472797020610364,0
0.170701944035628,0.256859992950072,0.134349640839683,0.0777898401367435,0.029817149127486,0.0235477035644977,0.282213360055446,0.105389662018943,0.198912951405472,0.040714468248457,0.0292655795041568,0.066282117055085,0.0181138409068953,0.00607054684432559,0.000892218929886494,0.000557018443717788,0.0797190208316909,0.0111610645901134,0.0397645177432425,0.00166587894317354,0.107405104752723,0.18177468422049,0.0854716937590273,0.0546578174832832,0.0203779226569968,0.0161800240148583,0.161500996806719,0.0735253033269319,0.13285980504261,0.0301013739513507,0.0582583843366663,0.131927505270525,0.0360728717133294,0.0120914357845662,0.00177681967726854,0.0011087162861045,0.158959633923031,0.0222119428296086,0.0791320558480154,0.00331521111949224,0.111032882250712,0.230569321588562,0.0818376225017592,0.0553175602401647,0.0212042405502336,0.0157359293911328,0.206522673178123,0.0780674242720925,0.149050441770752,0.0339706458747974,3
0.111478411768308,0.0824127384206125,0.118927304013021,0.0362228828504014,0.0212099348222753,0.0147002349141613,0.289577080300267,0.165325508145391,0.108728768693681,0.033295155982935,0.0124892075341433,0.00680834141640898,0.0141975540975635,0.0013081407711766,0.00044988303569032,0.000216321862211069,0.0841122563974183,0.0274000621558009,0.0118806854156257,0.00111365110630102,0.084089204851411,0.0720634797812205,0.0881854196617419,0.0287502267156787,0.0174173770565393,0.0117915709949395,0.238459202973507,0.136566269994279,0.0871343658179077,0.0273850507720413,0.0248537768139053,0.0135661525399523,0.0282684950028932,0.00261368464874838,0.00089749492630973,0.000431336617444882,0.167544999410261,0.0545953642499008,0.0236429722093588,0.00221664893371612,0.0921770436438678,0.0680417435471725,0.0785480397077417,0.0203979863313293,0.0172214633498486,0.0103571053706756,0.345273922038131,0.143822414925508,0.100756560826559,0.0299497686446257,3
0.0574540194734759,0.0182891801468386,0.0146110028868543,0.00742993143830778,0.00491687878775592,0.00455368885531138,0.125381454076786,0.0872989770546091,0.0213056905573143,0.0128514423012155,0.00329597280387068,0.000335363601437867,0.00021357098712905,5.54717402207881e-05,2.41953366863613e-05,2.07193774512648e-05,0.0157938436415547,0.00761941056009088,0.000456212694482299,0.000165702398062018,0.0411342108581899,0.0133995536459463,0.0106562712862529,0.00508327873606338,0.00347501559429328,0.00310773172351812,0.103807925400157,0.0628997842197124,0.0153925692091274,0.0105021671792631,0.00658021642793135,0.000668163113492413,0.000425960179716469,0.000110395864555161,4.82498058937966e-05,4.13501066415616e-05,0.0314353158385205,0.0152018423037246,0.000907838398316793,0.000330031789234634,0.062419776366011,0.0205462088625037,0.0162207322215722,0.00789098507114966,0.00549447637129437,0.00406647225318396,0.108084318204584,0.0613322542129751,0.0240510337775614,0.0130257874722488,0
0.00946019243501133,0.00107893810030471,0.0011321373243467,0.000439588811563166,0.000739747196032795,0.000501328441162885,0.0254427384919595,0.0241577076506667,0.00127936659320685,0.00787466704565536,8.99418564131707e-05,1.16807708950495e-06,1.28783212636239e-06,1.94092366817736e-07,5.48343208793855e-07,2.48130123101798e-07,0.000642433256838421,0.000586347987658367,1.64424232998127e-06,6.22931278951511e-05,0.00744904822347025,0.000770206888681075,0.000884919866288231,0.000269567153920101,0.000473377730550329,0.000308040250113985,0.0200419307994069,0.0193763981016108,0.000891164270377153,0.00648506484662415,0.000178980668429341,2.32628701154952e-06,2.56303902662455e-06,3.85958365216831e-07,1.09245937215253e-06,4.97058400568501e-07,0.00128654966171323,0.00116698533728094,3.27208481949445e-06,0.000123980586312216,0.00480408417003678,0.0011728497297448,0.000981452729472705,0.000369238873322322,0.000373529290274915,0.000415200771242844,0.0249857550340749,0.0109020366826572,0.00140421241042934,0.00447382332153903,0
0.0722189273941013,0.126352442273471,0.0470235547977457,0.0456914962202073,0.0396799623708946,0.0289561941042569,0.22535253703393,0.15387231272223,0.100719725308969,0.0329406745130486,0.00522813149366011,0.0160288123358572,0.00222072094981914,0.00209814359534921,0.00158225209539537,0.000840009794571703,0.0504081525058545,0.0237348904259396,0.010187544993326,0.0010861985119885,0.0440353397569722,0.0813969809213473,0.0288746161775639,0.0286815517132194,0.0290181652161214,0.0203584245264572,0.141279396851906,0.102630138834331,0.0653405063652821,0.0239987420746886,0.0104174149044742,0.0319130191313291,0.00442037230669973,0.00417527669803752,0.00314883423800858,0.00167420530708955,0.100935188564999,0.0472928717523153,0.0202809565089281,0.00216584654185958,0.0385321962474007,0.0929363625128064,0.0314981228582279,0.0260495450821139,0.0316963079799581,0.0243025546198754,0.108222888284624,0.0816642345458484,0.0786226272430977,0.019016631648423,3
0.177976031542442,0.065270694563237,0.0650410090474943,0.0457423801411682,0.0112276128160141,0.0243836686582569,0.309672397423073,0.159273040304801,0.0598789568867526,0.0315499150625961,0.0316522566989522,0.00424406066787043,0.00419025027926362,0.00207622251035605,0.000126391725944968,0.00059378766407429,0.0951414311659241,0.0251919592760862,0.00359129935579418,0.000991292300550145,0.13729396293573,0.0483022989221755,0.0474884974714096,0.0303503204139691,0.00925930041294885,0.02027116870239,0.254183540909682,0.134344767062264,0.0446422460119973,0.0251322882775803,0.06316892475805,0.00848283295320327,0.00839919756096649,0.00415820612669088,0.000251803848076895,0.00118537575342856,0.190562076689303,0.0504331738491658,0.00715866934609403,0.00198168298791392,0.117435910317222,0.0469834071812518,0.0534747985864049,0.0299388264069454,0.0112933456187514,0.0198057651147632,0.350628852434934,0.156552859603731,0.0523753076909429,0.0288951226776582,3
0.111309714614272,0.0187921346488777,0.0610929166726753,0.0372536673819225,0.00110521279966182,0.00804713189556751,0.0817644745715921,0.0810089968643187,0.0344020261268758,0.0110885697563825,0.0123832811839047,0.00035053644563564,0.00370761615070828,0.00136933847539126,1.20469804213302e-06,6.50318249531598e-05,0.00663876516648584,0.00653593887227956,0.00118939755148234,0.000122181823016609,0.0852953771702082,0.0132883770459527,0.0426985711348819,0.0233572902364461,0.000749846944197625,0.00603935538584852,0.0614259472531793,0.0667465698771314,0.0243859922993302,0.00869272652326464,0.0247108609896724,0.000701927203594544,0.00742142172031407,0.00275032237862903,2.40183068576034e-06,0.000129461116528995,0.0132909363052818,0.0130646820409275,0.00236693405227744,0.000244499950032015,0.124093834304474,0.0197773565599476,0.0620204054519264,0.0323400465704304,0.000774126655828389,0.00883535639478598,0.0929242635845609,0.0925810234306996,0.0201594468309363,0.0063022816515321,3
0.0164763623685204,0.00111981700863829,0.00310340658010756,0.00121088800392144,0.000712435164298621,0.000570717275321517,0.0130841968660721,0.0197063678063625,0.00291450561310139,0.00684497092132147,0.00027134075271303,1.2602882585149e-06,9.67894931240669e-06,1.45740902139005e-06,5.10050919706393e-07,3.20945575386732e-07,0.000170856508902347,0.000389326440051821,8.34975481860006e-06,4.7088753658118e-05,0.012683807301506,0.000806445438334724,0.00223287799578953,0.00087209558568428,0.000422049943312241,0.000415287882964437,0.010483650165341,0.0155960477997032,0.00204552078235501,0.00525065027792281,0.000541444297331494,2.50790509380538e-06,1.92613033152259e-05,2.91629094583926e-06,1.01400446664605e-06,6.4485496059616e-07,0.000341168126042492,0.000775691383567362,1.68022286754828e-05,9.36972705467317e-05,0.0172749506027606,0.00118957259242492,0.00335058232385315,0.00131154490320175,0.000200986514721263,0.000583624059103098,0.00763241508141917,0.013894934307901,0.00325692026353586,0.00455966873213915,0
0.0921095494883443,0.0707738968764507,0.080448630646097,0.0461635228423922,0.0360412688963735,0.0339550941433956,0.204941665984793,0.0968523845373753,0.0974586918231907,0.0264345610814308,0.00851708051309159,0.00503267586012962,0.00649687083806757,0.00213968312566236,0.0013039013151173,0.00115817437008965,0.0421475801129278,0.00939958967390407,0.00954580374874428,0.000702056549815161,0.0518099904172652,0.0463753743184708,0.0498779195992184,0.0316143442444651,0.0247168013169711,0.0223484776922812,0.108680382073005,0.0657909759031309,0.0628794738665569,0.0172063736736779,0.0169577952785332,0.0100164515735682,0.0129363686396757,0.00426004955600126,0.0025963466773717,0.00230532097179245,0.0839329627293611,0.0187328404698305,0.0189954591225699,0.00139724931125699,0.0527107606964917,0.0569884240024792,0.0426823659417347,0.0276974985397515,0.027790898249044,0.0211561113345889,0.0970879576873441,0.0463833191405901,0.0629849647315824,0.0131386242884683,3
0.13741710691297,0.062312909509527,0.0855309338228567,0.0290397876505227,0.0158564357157877,0.0257211553817008,0.172443649549327,0.103208387044974,0.0620469407550647,0.0285537885434898,0.0189734366881103,0.00389582458431058,0.00733246360931444,0.000842708706481143,0.000250245154396547,0.000664352760376029,0.0296844340857984,0.0107049639512416,0.00386710600404384,0.000819331026491561,0.102113360828271,0.0493183852234426,0.0693971746955717,0.0227717049211916,0.0111440065070512,0.0204546464751973,0.140559254533626,0.0805600455828658,0.0484886323499141,0.0202050519849688,0.037760965559911,0.00775923286723355,0.0146111869412038,0.00168180099911244,0.000500379034230311,0.00132260628155938,0.0592726538080198,0.0213019836729773,0.00769750234153133,0.0016304536327398,0.0726781862669154,0.05521202713136,0.0613427727056864,0.0148891945033892,0.011771411271877,0.0234743533592738,0.117030422890272,0.0862072855239842,0.0367653989534509,0.0243114150630303,3
0.126021682334145,0.0100726411472121,0.0614451303892576,0.0396795366754658,0.0022139220245581,0.00542407047647877,0.0816578213766353,0.0547037229676968,0.0466468993668577,0.0120304051447712,0.0159545863632778,0.000100465634594978,0.00379146126929555,0.00158143243491295,4.84497079967841e-06,2.95674994279219e-05,0.00667437365499011,0.00299980711306428,0.0021862328997239,0.000145251505875401,0.10129334247942,0.00722414244057325,0.0468339793171502,0.0303794268397135,0.0015298471197822,0.00264619106427052,0.0602052426039246,0.0429352260653231,0.0359944793332927,0.00928053942401921,0.0317559676285259,0.000201421017280123,0.0075479526144653,0.00314798000636904,9.722091111449e-06,5.8840010722293e-05,0.0133089540736414,0.0059773050941053,0.00435123468421051,0.00028924012469735,0.0913522987042428,0.0109863024417529,0.0529434469421818,0.0359604352066346,0.00218347163007427,0.00285846028446499,0.081056548347477,0.0471041832812604,0.0280635308025374,0.0101546590545312,3
0.0209208032812734,0.000763830495480883,0.00460733132070292,0.00275859132014242,0.00068006873323744,7.97203369382918e-05,0.0121484062404311,0.0212679883041094,0.00566962756040451,0.00806723496403323,0.000431188802615351,5.67990817282525e-07,2.13299159087042e-05,7.6012069858063e-06,4.64657009614915e-07,6.19793519759808e-09,0.000147482846167811,0.000452405170136084,3.14683711776122e-05,6.48486261931138e-05,0.0152940406664035,0.000536284156179855,0.00333543652322333,0.00199538227065852,0.000350605216733381,5.58569282483897e-05,0.00986707062470573,0.0168834592022036,0.00407708055249493,0.00682786865468997,0.000866712838505961,1.14858590795521e-06,4.24460593263768e-05,1.51682518093917e-05,9.18330875864637e-07,1.25222514412159e-08,0.000294328188640954,0.000902401534367801,6.34549216189965e-05,0.000129600335109706,0.0234336371546542,0.000835992556550994,0.00506930080923571,0.00301462002734047,0.00021886704975412,8.78569744959747e-05,0.00995594004969037,0.0110298757492871,0.00634083767227642,0.00549265591648186,0
0.0295969321588792,0.0312840222408717,0.0579241130958767,0.0345107941128378,0.0301669029415093,0.0225434588856129,0.0818278135278709,0.0419131391671266,0.0786074401766478,0.0169281044024428,0.000871288694314758,0.00098171902828014,0.00337206292708208,0.00119267316510941,0.000914583142438652,0.000510487470263446,0.00672595177902424,0.00176086036496356,0.00618328119846723,0.000285988851085449,0.0147611539019824,0.0139918370343214,0.03174970136519,0.020881218843494,0.016359218934992,0.0122010281839883,0.0513177965586929,0.0268178692844953,0.0341335258578433,0.0127495137139572,0.00174290740261501,0.00195549990607023,0.00671038207275449,0.00237770192367323,0.00182003962842503,0.00101614021152536,0.0133881065779342,0.00350871598402343,0.0123314413096776,0.000571099300370983,0.0147718308080029,0.0170206796163883,0.0298406228699365,0.0208944164610011,0.0168844258495627,0.0132500499653863,0.0432686176468046,0.018258768391705,0.0387961511400051,0.00851968306799757,3
0.190557744812593,0.156269289330455,0.132093100826065,0.0640245454125477,0.0315611350410838,0.0483477355881282,0.452949605050935,0.243807256747608,0.105463154909327,0.0783038384437189,0.0364819834810155,0.0245190945866433,0.0175249218876927,0.00411819069253087,0.000999567466724182,0.00234895757249379,0.206123406203909,0.0596510973055864,0.0111212323703681,0.0061620054761806,0.1460776996967,0.123213596456135,0.100430562891028,0.049820025395089,0.0255023509892876,0.0382080522064485,0.341213928124997,0.187882023295738,0.0880843342509604,0.0644521066771927,0.0726107497210725,0.0488163326842866,0.0348858632545371,0.00819669072959121,0.00199065385615187,0.00467442515141142,0.410250494719065,0.118784351401853,0.0221880796284657,0.0122626714280194,0.140927255481364,0.109855064817981,0.0890465804957206,0.0420317756360089,0.0212534389306858,0.0334334658630951,0.28225766360629,0.183246056175882,0.0845129350045695,0.0704489990586986,3
0.138080316141545,0.0384038803093064,0.0894632799977778,0.05851516423626,0.00769922868428395,0.0111132945516553,0.146390040865299,0.0857713935329609,0.0850681726655189,0.0203467527351914,0.0191460966483527,0.00147449542757925,0.00804076992032461,0.00344122859407097,5.84915871924138e-05,0.000122719067417557,0.0214034030469931,0.00728453151260609,0.00726477344946157,0.000415802985556086,0.115863304430215,0.0279855275591218,0.0662760133186134,0.0419241145917546,0.00439586343141354,0.00754513661538655,0.0835566800771055,0.0705659594364022,0.0666586709683249,0.0161438304335191,0.0381164310499914,0.00294197890538746,0.0160041314918563,0.00684803900435046,0.000117460646267455,0.000245606971664321,0.0427263467671195,0.0146046818188258,0.0144650191274107,0.000827669756763481,0.110291881111241,0.0397004988704391,0.0830481188759087,0.0482138455175036,0.00598852112122811,0.0100413382947388,0.110250202985834,0.0748422108959937,0.0622436776014198,0.015262831298032,3
0.0392205967001373,0.00449282467236845,0.0106012994954334,0.00479900733621918,0.000787556460379455,0.000689078324138102,0.010194397536716,0.0274438476093119,0.0140540283441955,0.00714924757431982,0.00153844567499174,1.98236989910322e-05,0.000110520166392277,2.2600274817823e-05,6.22761093908834e-07,4.64002436103601e-07,0.000103148187422708,0.000753039412122132,0.00019836571968327,5.13240741718808e-05,0.0275811137582716,0.00325457216844837,0.00774352232324917,0.0034124594886097,0.000510111439502199,0.000491635313623227,0.00789782918225149,0.0216231830091442,0.00996457407117255,0.00585469487023439,0.00306895813364073,3.99100532605848e-05,0.000222344083448869,4.55155443690478e-05,1.23956786756108e-06,9.36510693852491e-07,0.000206540351328457,0.00150242622197117,0.000394860301304891,0.00010216974503316,0.0435845546164631,0.00502271490492367,0.0118541792839367,0.00536963856450506,0.000237659976068286,0.000770398863177083,0.00694943596996735,0.025777196568669,0.0158086230231159,0.00457959445153862,0
0.00447753014563425,0.000237662582051427,0.000931768496365428,0.000410940974109419,0.00179542452758385,0.00109624653687029,0.00988027621872709,0.0155688590510966,0.00083600802731552,0.00871093615275183,2.00814414382473e-05,5.57543097272915e-08,8.68806823835411e-07,1.67800101719221e-07,3.21615123149045e-06,1.19948110299608e-06,9.79251597494329e-05,0.000242814088182316,6.98981739023142e-07,7.62265548058827e-05,0.00346545307767391,0.000172119367923462,0.00064593588128726,0.000228417764872702,0.000545135895308231,0.000227172022900825,0.00786507941746124,0.0127854634243915,0.000579760714610764,0.00695070231110861,4.00185980803873e-05,1.11957482837763e-07,1.73247989309834e-06,3.34747225754753e-07,6.4134026538323e-06,2.3890324729064e-06,0.000195052073943034,0.000483967267140955,1.39435961882888e-06,0.000151712154043007,0.00311012056945287,0.000262908357759066,0.00073829482488106,0.000267773607417158,0.000497070271477583,0.000237408022859081,0.00636402550842986,0.0104139312352401,0.000931696033846867,0.00688888046121244,3
0.152429582403085,0.16389610022656,0.122017056379933,0.0720898761259831,0.0369968644820307,0.0467406949533054,0.290268299061583,0.15570323202335,0.127692177262107,0.0740043860838222,0.023256935998881,0.0269328032066508,0.014939923689905,0.00522230658052782,0.00137384633605564,0.0021882961751561,0.0844609785053835,0.024259019507484,0.016364894174294,0.00549794386464524,0.110725683877711,0.128980381705898,0.0997910813808188,0.0551651658707256,0.0310767580353244,0.0360961958512613,0.232030726181733,0.124363176253393,0.0967110900816271,0.0548781482759539,0.0463753078568491,0.0536597384679994,0.0297526446183987,0.0103930321192802,0.00273571446615133,0.00436204576693635,0.168286546519768,0.0483810123263571,0.0325881852304524,0.0109470984414967,0.0851887360168501,0.116406330417447,0.0981230864588783,0.0668228377229474,0.0371311539107111,0.0422246059115335,0.199355696200404,0.11968693302233,0.104379780568345,0.0564920623232088,3
0.298528718591618,0.0721420469230666,0.145696795926544,0.0839205163074319,0.0137965683904768,0.0298438079581191,0.241140673752922,0.191298186758179,0.125314554863682,0.0255212814730203,0.089304002531256,0.00515806010143297,0.0213342219331414,0.00706851447775212,0.00019002511314917,0.000887344996092081,0.058138104388698,0.0365384879054055,0.0157198261279114,0.000649157921951808,0.240208786176329,0.0560667961473683,0.122104250207021,0.0694407586200359,0.0107747700811716,0.0210606822174705,0.190440748205387,0.162638969353264,0.10353948271626,0.0204666544339485,0.177976287858644,0.0103367386619096,0.0424550988232724,0.0140757096330088,0.000379407170229488,0.00177350599482431,0.11599304355748,0.0729507542241195,0.0313449165703558,0.00129724533678459,0.290156425802194,0.067640935698016,0.149204163946297,0.0853417422008048,0.0138691396714778,0.0298096756943999,0.251586810154901,0.212870940199499,0.112210329787705,0.0281694989485419,3
0.0719125177853202,0.00821995152044361,0.0410603275040795,0.0262319112944328,0.00153001092181546,0.00120822435086805,0.0463265503767529,0.0625617522154504,0.0246193693325652,0.00796925799841049,0.00515798055485952,6.76607755005693e-05,0.00167518245291118,0.0006780394360194,2.34907664052603e-06,1.44136371044686e-06,0.00214943291061477,0.00391038114988041,0.000600583101274687,6.38171857728237e-05,0.0578558342255936,0.00594283583224026,0.0305699136116901,0.0192133677557283,0.00113461034756646,0.000863282851244852,0.0322657448557094,0.0439545165898322,0.0182766780714322,0.00565202604808942,0.0103036006080339,0.000134887194958647,0.00335271792381631,0.00136276198506995,4.67823569596936e-06,2.89394430468974e-06,0.00428461587240289,0.0078046931551639,0.0012036914823159,0.000126993702309377,0.0743155304520049,0.00930167901901214,0.0468282403735515,0.030048997187196,0.00148174552083714,0.00138167970015279,0.0508720411187507,0.0641007930453396,0.0286735114502824,0.00465556898823458,0
0.0403252161992378,0.000544223240678478,0.0128376137327404,0.0186131220578464,0.0126552786991137,0.0147435942359879,0.0153826461426784,0.0192026176691523,0.00841757638901796,0.00690050906332354,0.00163263824077133,2.97667252896692e-07,0.000165597065985014,0.000348184492331823,0.000160278848686681,0.000217315399947116,0.000237750224136198,0.000367816447139884,7.08629423192174e-05,4.78225539131785e-05,0.0330290920171153,0.000372538935742687,0.00507388839459856,0.00607077655943533,0.0042657524170265,0.00455022351223692,0.0100442315744359,0.0153039870541672,0.0027865178278721,0.00509606260730246,0.00325058845894758,5.92086325700704e-07,0.000329572788930657,0.000692836733164916,0.00031962201463162,0.000433553952020637,0.000473182400856057,0.000734717872704215,0.000141359710189761,9.51923133512846e-05,0.0255204200580739,0.000547852460236406,0.00484936184342384,0.00770259111909475,0.00589210979205995,0.00703286215172266,0.00826064907462946,0.0123132732230392,0.00273788892360826,0.00363102025710318,0
0.197007480164436,0.0809908139888266,0.0858506570551952,0.0441980985396299,0.0260355724712083,0.0455541024974489,0.290633987884589,0.144451127038653,0.0941872584243773,0.0434150663397567,0.0389973415062417,0.00659236546943451,0.00740523276516718,0.0019632514707248,0.000677402201422272,0.0020774607550194,0.084737438597516,0.0209364670299594,0.00891545859919418,0.00189296432237031,0.151268275523094,0.0661532628805186,0.0667260771051478,0.0360498554134408,0.0217954802981131,0.0369377732503845,0.213095647174693,0.115437606268758,0.0740938970675936,0.0330851067527687,0.077614108890211,0.0131187855677501,0.0147380865861753,0.00390660395052497,0.00135180825406524,0.00414183852691107,0.168781838701147,0.0416975759534482,0.0177418760540098,0.00376826569465321,0.117258070524654,0.0563450850667019,0.0442546804031957,0.0233369171728742,0.0238103840370357,0.0364380245423025,0.181702510080842,0.0917110626352699,0.0501480620949638,0.0243735080954573,3
0.239518331252297,0.0506179095016412,0.0958862386886481,0.055992014822178,0.0108583191864714,0.0181903828548608,0.166438357639395,0.14749827856407,0.0777352478696689,0.0128532391058583,0.0574733397335616,0.0025704705511464,0.00923899956644391,0.00314748166789238,0.000117592253430879,0.000329826458538368,0.0276562433507962,0.0217114282138665,0.00607004518194382,0.000165698519456556,0.190381884097054,0.0428378756763751,0.0676186583055082,0.0415125809756138,0.00819440940121853,0.0136387087737279,0.13507223210584,0.128597766272028,0.0575271630521778,0.0100186277487268,0.114554356291694,0.00511976743954596,0.0183861415729908,0.00626679240621449,0.000234900620801113,0.000659052313850469,0.0552196398266598,0.0433585257624699,0.0120824189998137,0.000330070312811802,0.135107764997695,0.0327321845578733,0.0682202807634131,0.0337342679966681,0.0090034578204909,0.0176568062479215,0.167640845504499,0.157331128155058,0.056283523922623,0.00835600833115769,3
0.111518759964614,0.0116457421193575,0.0217510072982402,0.0181708797379441,0.00131177017545301,0.000874056229928963,0.0292519202351939,0.0681629039765208,0.0391455942585755,0.00907829332314585,0.0124265792602619,0.000133414083150496,0.000471662159746149,0.000329983743079854,1.69776292455113e-06,7.54662947645297e-07,0.000857911699575007,0.00465227041232396,0.00153990645038838,8.27351417723067e-05,0.0872019944749219,0.0084804344531186,0.0157540608822125,0.0131680901640637,0.000920673385260559,0.000552317020712186,0.0210894270856707,0.0535969063709232,0.029930945417123,0.00724250006506664,0.0248005954470031,0.000268369971889587,0.000942401205866393,0.000658499897430625,3.40689104398975e-06,1.51481939798157e-06,0.00170923969303884,0.00927499615753137,0.0030645313945713,0.000164736449992988,0.127495614920381,0.0133644856026494,0.0250933131488035,0.0207886842746636,0.00122167743059425,0.000895609271647701,0.0295598795921303,0.0789202107784074,0.0433201609973883,0.00653276805026562,0
0.0287562346781968,0.000681678254011849,0.0016631811434353,0.00117154470258747,0.000752907038641999,3.6361558592141e-05,0.00831429072039126,0.020679328738598,0.00273591903169901,0.00722023756070522,0.000829484975518359,4.53195570724611e-07,2.76355900970249e-06,1.37436979891578e-06,5.69608753071286e-07,1.31617078499733e-09,6.94396120019104e-05,0.000429692275235857,7.35425232739805e-06,5.23529612032855e-05,0.0237333817034258,0.000485148886296208,0.0012004611071985,0.000823404492319534,0.000462386115386577,2.49459965782006e-05,0.00654132043043088,0.0169284008791092,0.00196766132732358,0.0056228678744342,0.00165210146861621,9.15614385196634e-07,5.51580797570001e-06,2.73995140922632e-06,1.13337672138644e-06,2.63169310064081e-09,0.000138216494829394,0.000855042996840187,1.48026245482588e-05,0.000104223006152379,0.0183461078975946,0.000756428897731911,0.00157799840183689,0.00128457379436665,0.000223275039541744,4.02540740869418e-05,0.00402094168274176,0.0153953461440424,0.00300504700197282,0.00502264566154221,0
0.141970471112354,0.0702275403359273,0.084922234118771,0.0562571311095337,0.0490461096647384,0.0536158320963058,0.422061009435222,0.137564879212709,0.0728712871335702,0.0503705821884363,0.0202056751982755,0.00494535598888357,0.00724710532853084,0.00318010917988779,0.00241113309229505,0.002877667066036,0.178130413456473,0.0188496302797468,0.00532410875214342,0.00254314510291354,0.0940842964163724,0.0505986904262905,0.0619422293311584,0.040771597676509,0.0373295203019549,0.03886598888105,0.228891135468289,0.0990833015337821,0.0516344412237379,0.0376172675699349,0.0402575367781304,0.00985253494066607,0.014422566861456,0.0063290050625277,0.00480458699538916,0.00573793610642855,0.355372377280259,0.0376790626775661,0.0106074527193735,0.00506759749689257,0.0842740199414891,0.0554485916889576,0.0702877370124251,0.0503793641712988,0.0474381389217313,0.0486027560768985,0.275852975132634,0.110099077803145,0.0620680600681716,0.0423990957778101,3
0.17604694226889,0.0468341062655663,0.0431833659153731,0.0316248897466938,0.0206839260474916,0.0288660051349727,0.35425140688857,0.197009944450366,0.0691588161138716,0.0572285366751296,0.0311317235826746,0.00219854765036644,0.00187319431952175,0.00100498415948427,0.000424912800374798,0.000827783077561867,0.125592258160611,0.0389565989158588,0.00480658795846732,0.00328022531592173,0.147402030519231,0.036035744859185,0.035018287486507,0.0241563624546702,0.0157944067460833,0.0191462450718405,0.27904485309969,0.16301312535663,0.0537894373497982,0.0454209230095406,0.0619683440363491,0.00438096430505175,0.00372863038034151,0.00200006714971367,0.000850608802316009,0.00165689007615387,0.250458107510682,0.0775736192111725,0.00956542375143059,0.00653890233389976,0.142084438387276,0.0434396827776019,0.0236201064630689,0.0184263625454266,0.0232388015478253,0.0228020591739873,0.399497212728639,0.228347527869829,0.0616467294148949,0.0647078757301719,3
0.0883177071851542,0.00557918373259101,0.0019918287109945,0.0047319054321567,0.00204320870723465,0.00124669841112711,0.0666506721403622,0.0657581653617853,0.0414779052403722,0.0131247618496058,0.0078319419466685,3.05061131864336e-05,3.98306325059556e-06,2.23761946761343e-05,4.12156708503036e-06,1.49099583806212e-06,0.00442176740166141,0.00431339764665169,0.00172049463795408,0.00017307746751801,0.0678873986255266,0.00387328658844412,0.00162324918214986,0.00380611652020485,0.00143356708451789,0.000772831456458802,0.0497734796367758,0.0504694065733291,0.0320319615764123,0.00973917082653466,0.0155927632205604,6.14807128518939e-05,7.93029010302546e-06,4.46545257058454e-05,8.27016668554268e-06,3.03648796216782e-06,0.00884191328753885,0.00861583455729305,0.00343229593995578,0.000344435683450369,0.0920996060612152,0.00617286426289124,0.00184419684997752,0.00591151113508796,0.00211488097329057,0.0011058115936365,0.0770814778307723,0.0740212892338694,0.0483027106177015,0.00924879136860943,0
0.0432118990207909,0.000282367521863253,0.000588453578235185,0.00050217649301455,0.00065401437857786,5.35011397288455e-05,0.0129395226484591,0.0246486073053136,0.00309736503655612,0.0086310782400791,0.00187602606241576,7.80387025482744e-08,3.47383391073825e-07,2.51949628626902e-07,4.29709076730163e-07,2.80097609961138e-09,0.000168149655688354,0.000609839176460876,9.64187956743336e-06,7.48187935480968e-05,0.0339142343253204,0.000198346927145664,0.000330485166067293,0.000330038902720963,0.000358126788763079,3.60561102002465e-05,0.0108147633304397,0.0200672302564856,0.00218493298165832,0.00701366998581476,0.00373388280876736,1.57379248177866e-07,6.90731722986023e-07,5.01585395447135e-07,8.55295304464706e-07,5.64903521679804e-09,0.000334739163794237,0.0012143292842607,1.91867042216986e-05,0.000148919266422806,0.0267627707046692,0.000313279330432399,0.0002167789183572,0.000406663450815121,0.000177012006129959,3.05871610497644e-05,0.00786253832713693,0.0189416650858593,0.00343373683288077,0.0047071692403092,0
0.0882022380903668,0.0870103016847594,0.0747724335871386,0.0600579814154336,0.021712075791493,0.0302992142314627,0.219079184700887,0.0895256457870667,0.105329969764978,0.0428293031972119,0.00778462119484587,0.00760833875235851,0.00561890185465395,0.00362312675514411,0.000473619493859091,0.000918044275835231,0.0475678209486793,0.00801898573849289,0.0111170488085889,0.00184090081035707,0.0573136932601911,0.0589898870681318,0.0513328147390969,0.043104634615651,0.0152705940158547,0.02086836203209,0.116861753832576,0.0687973990670784,0.0666584613939479,0.0281341282453388,0.0155252999580662,0.0151410164749412,0.0111816752107612,0.00721196918025935,0.000942636127283254,0.00183144994310406,0.0953244555912988,0.015992769062298,0.0221557555930467,0.00366595333425109,0.0578785902649543,0.0476557029014178,0.0438177271407415,0.0358696025621024,0.014505424107059,0.0224891840546607,0.136301087582051,0.0680893845648766,0.0734107994148991,0.0313138413150158,3
0.17585089797205,0.0941942872535113,0.0730992426520449,0.0374324970013255,0.0157875425070238,0.0186354346436679,0.190083993214291,0.173753076032323,0.101368920974849,0.0318474805900215,0.0310232637314596,0.00889074511303816,0.00537014247137435,0.00140751475466428,0.000250477596387872,0.0003449629779879,0.0357313937514923,0.0302468711749198,0.010312723657048,0.00100865263689467,0.138379392536157,0.079369671489118,0.0581418884885398,0.029065326090308,0.0118021992222642,0.0140217461122454,0.142865777527688,0.139410966624909,0.0794416875442531,0.0230274792284553,0.0617912892466718,0.0177187140766659,0.0106863774869851,0.002801648920215,0.000498438054083962,0.000690495955590364,0.071684607266943,0.0602856970670046,0.0205368094900567,0.00201783455810229,0.145772029225296,0.0976991402521831,0.0489741194105208,0.0350409461373411,0.0151581720510005,0.0140102463299752,0.159134130647541,0.133056999951778,0.0901224069597776,0.0204274739557287,3
0.0854762350685151,0.0331634078600565,0.0128037919358316,0.00596590508667624,0.00176424550799998,0.00394621626814126,0.0651999304811791,0.0714071611382327,0.03292855308049,0.0298943898563186,0.00733404058024954,0.00108813896435089,0.000164709708275965,3.55718010294175e-05,3.06615772614383e-06,1.56355870176825e-05,0.0042687811825496,0.00511541682159897,0.00108789758819142,0.000895560730783367,0.0673578477227867,0.0238803253916723,0.0101570754741955,0.00487735062135517,0.00137746687204631,0.00292632865724081,0.0370138610338739,0.0544378436065803,0.027010050136742,0.0217272869127428,0.0146034641069627,0.00218249921215458,0.000327813145697499,7.09859652458105e-05,6.15906391708575e-06,3.11299299715204e-05,0.00849757680558625,0.0101884838812909,0.00216673522950857,0.00178474960156577,0.0902664368023174,0.0362086533369523,0.0148805633094655,0.007652396800083,0.00187639140730688,0.00451951786350023,0.0440951820693114,0.0730688375729777,0.0392691007383366,0.0253220253329516,3
0.0109758761355057,0.00225026856335244,0.00133965090158119,0.000597825308708817,0.000513918765581157,0.000241674333661334,0.0132506774678931,0.0267154365418903,0.00324836624103653,0.00718226437013831,0.000119495536979784,5.01611642292453e-06,1.79386247685636e-06,3.48649872673001e-07,2.65273463695399e-07,5.86249531660028e-08,0.000176455929705094,0.000717301054892272,1.02926959854676e-05,5.12051387736591e-05,0.00899936053264444,0.00154889497659713,0.000949350498747399,0.000425985502825105,0.00023843808681906,0.000172161583108576,0.0106296732295218,0.0215031892673302,0.00230860096157967,0.00567915690604726,0.000239366136611836,1.00545722043887e-05,3.57765734876803e-06,7.04301138234522e-07,5.27790601829323e-07,1.16734541525629e-07,0.000351154102339004,0.0014274053385991,2.07929041178511e-05,0.00010252171565332,0.00923977985503689,0.00249546161144323,0.00115984859209707,0.000663245841240014,0.000137016091806933,0.000266507129167946,0.00924103174400095,0.0161702169007575,0.00361018403920175,0.00418805149167876,0
0.0503547310960005,0.0651684160229881,0.0511350662749692,0.0582472500306277,0.024206866284442,0.0176520725110387,0.150216998667132,0.0979799063450472,0.0438385428486609,0.0209751952067326,0.00254501297119017,0.00425976676921101,0.00262202767336995,0.00339261841980923,0.000586046706415798,0.000310799126443992,0.0223979486415322,0.00960261508462646,0.00193146825220651,0.000442141596298714,0.0307353888087563,0.038317767972423,0.031519894423482,0.0349184763492595,0.01479298535733,0.0109331516855691,0.0819554372331886,0.0608049733361906,0.0258647559549537,0.0144366544587303,0.00506788618797015,0.00848539036791315,0.00522349833629273,0.00676817311921035,0.00116907041954438,0.000620836377676257,0.0448474971305564,0.0191543408548816,0.00384360829112069,0.000879754140932922,0.0335731520979591,0.0463121659800059,0.030066560923482,0.0380913779081063,0.0143667348262462,0.0109843838023486,0.0976791195407682,0.0640249613932864,0.0279926535187981,0.0107788921019802,3
0.124396338799199,0.0963572633221465,0.0862051172362095,0.0592285799098803,0.0137250675065866,0.0233901624335285,0.277060451964738,0.170418408746105,0.0999748489996827,0.0447385781352467,0.0155417414722916,0.00931651011408487,0.00745445721100729,0.00351681448132181,0.000185161688910619,0.000546821053808397,0.0767666855660199,0.0291547259651375,0.010044087465917,0.00201117693202338,0.10000817481612,0.065682482406028,0.0670206374791213,0.0453391781758048,0.0106013166960208,0.0172162104659406,0.21179841806001,0.140913828527262,0.0736569605754331,0.0361503794720515,0.0309384111984604,0.0185545604794343,0.0148479684643495,0.00700722027683021,0.000372598928505537,0.00109118289495991,0.153140800621547,0.0580513851114772,0.0199888291204366,0.00400261169106555,0.0758858166346109,0.0623545056671104,0.0448804496506741,0.0437480644342099,0.00996302130823861,0.0219347283187852,0.244577669055534,0.16826375796737,0.097400401383446,0.030285229750521,3
0.0766207035939328,0.00834383733426559,0.0262475069820652,0.0194564638101974,0.00258540759992103,0.0018340335611727,0.0316619381346982,0.0384160042828823,0.0472864440392712,0.0119667345220976,0.00588541876882688,6.92389820313686e-05,0.000690706254358712,0.000379276012084911,6.61453116753779e-06,3.34786277324813e-06,0.00100026006717148,0.00148205823470208,0.00224673042491369,0.000143548488176562,0.0645702830679047,0.00593042877945644,0.0186497278341693,0.0132744663299552,0.00189305428227332,0.00135282732844722,0.025144324494845,0.0287323248039276,0.0387385997463919,0.00965333575483237,0.0117263713761332,0.000138512403418252,0.00137609681347307,0.000755927354821066,1.32624970482186e-05,6.69365164852264e-06,0.00199770981029014,0.00295027943279201,0.0044712876126386,0.000286030313198908,0.0577213258899279,0.00935803638601706,0.0153667901224438,0.0193149745455327,0.00287584608718761,0.00207832008216569,0.0335485767807069,0.0256550310745851,0.0351939482295626,0.00982949952827556,3
0.0158424225963369,0.000439623493071325,0.0025881262637977,0.00182621815119246,0.000617080604028463,0.000264824387033113,0.00548596335817139,0.0219698713267808,0.00682279042739209,0.00795341730921881,0.000247268278399355,1.90070583033913e-07,6.72931464523549e-06,3.34623080379319e-06,3.82208966795157e-07,7.01572576268367e-08,3.02258854546142e-05,0.000480680369855691,4.66150346935947e-05,6.32369391745472e-05,0.0121345916554972,0.000304663805572815,0.00190576792701029,0.00130429878297588,0.000335348048067042,0.000137782663077751,0.00422497582932432,0.0177669286191329,0.00474387629985757,0.00639739489072996,0.000497004988754424,3.82385227270161e-07,1.33927839130697e-05,6.66436632558868e-06,7.5864300986852e-07,1.39684968156782e-07,6.01672627231661e-05,0.000960951290283833,9.29279470579868e-05,0.000126173639544666,0.0170677333562067,0.000486458279556394,0.00281663344121389,0.00201506702472745,0.000165457124893106,0.000156101078384997,0.00408885103537372,0.0167555868695471,0.00760361272261215,0.00586207395498158,0
0.0415459221785516,0.0770706068733809,0.048166014012617,0.0587002353407807,0.0123065192041426,0.0139777097959999,0.0867658288347598,0.0501345240225254,0.0554450462696385,0.0147383209069722,0.00173345084623388,0.00596968885221648,0.00233102431671454,0.0034620502376248,0.000152024128651073,0.000195956739708548,0.00754830896612343,0.00251647377707535,0.00308827232694735,0.000218308552692155,0.0232987263776593,0.0413443719814834,0.0274858802323238,0.0320767385291225,0.0074315625096118,0.00815859989405279,0.0527690070318743,0.0348199644155629,0.029241904496145,0.0107011717803839,0.00345083098813646,0.0118797188516793,0.00463889744179699,0.00689035713718129,0.000302714285733795,0.000390350910744691,0.0150386708993634,0.00501708669206749,0.00614684169459524,0.000434360799741925,0.019303472627974,0.0454841680112218,0.0325443511569941,0.032608196789708,0.00789498025552265,0.00846355370177469,0.0617986122841277,0.0264954974221708,0.0330287722084285,0.0115334010543723,3
0.165011208699418,0.0394910337933144,0.0742416988892481,0.0416033327296833,0.0247262939292866,0.0262653018648008,0.279582577896098,0.115184365694792,0.066677169816831,0.0482778932512218,0.0273652067448315,0.00156737848857157,0.00553772701330717,0.0017391453840687,0.000614436876035544,0.000693301271303454,0.0785394730728811,0.0133328792589367,0.00445330470372096,0.00234003098067328,0.12887058274807,0.0308241181158012,0.0556036334596736,0.033229337670108,0.0197209131094769,0.0206573573919253,0.226404289360131,0.0925299890310782,0.0522269429393154,0.0385013066097411,0.0544569805194012,0.00311908101572395,0.0110217901340453,0.00346123695875889,0.00122275401503029,0.00137969867522314,0.156299330331818,0.0265333800630019,0.00887682940766368,0.00465904585764695,0.107655073279854,0.0237053372343241,0.0428332400820926,0.0272092802103324,0.0238328065437869,0.0210905558132368,0.231291640124952,0.0870098543793744,0.0402979546631877,0.0403796681724474,3
0.106392982932792,0.00847873242620082,0.0339377489205424,0.0252210091864667,0.00327591927463734,0.00717277249839583,0.0961258862887619,0.0623197067311538,0.0344509086353776,0.012657012491904,0.0113762896301966,7.22293577680695e-05,0.00115424637214597,0.000636796580203357,1.07287151767726e-05,5.15946255500456e-05,0.00923755090764263,0.00389707743486509,0.00118610103414833,0.000158658991619476,0.077755654206212,0.00567473524994477,0.0250523858979938,0.0169735983485512,0.00236393474711341,0.00557891658570315,0.0752149516277907,0.0481105039330885,0.0238456135479282,0.00976606983758837,0.0226388703097361,0.00014375702526581,0.00230021320591339,0.00126970992719059,2.14064029927628e-05,0.000102785059227223,0.0184315446845627,0.00776127135834358,0.00236703489098745,0.000318042473934742,0.0713372080272813,0.00578040744941548,0.0254028915072064,0.0180528446263657,0.00356978249912288,0.0086345669438301,0.11844414024615,0.05744249296421,0.0216925037412477,0.00936411092998115,3
0.0501517516757623,0.000374945539983315,0.00320422570930402,0.000964635735122122,0.000883415524136603,0.000638369530963405,0.0182517029816253,0.0245939280177437,0.00383894165829976,0.00801244362118616,0.00252272036503166,1.38248510262368e-07,1.02386381400134e-05,9.34496807901128e-07,7.83095288286082e-07,3.97303267510195e-07,0.000332128821361079,0.000607012623936084,1.47893655457776e-05,6.45094812499764e-05,0.0403754673465774,0.00029125726061299,0.00224059009234849,0.000702344111569336,0.000576914238348781,0.000453920162508398,0.0133455628011305,0.0202298881532812,0.00282549541263062,0.00645595247027772,0.00502517471872177,2.78139913268266e-07,2.04538363037212e-05,1.86024295999401e-06,1.5498944645744e-06,8.02832402335121e-07,0.000663588215816399,0.00120876419603369,2.94527624082348e-05,0.000128376956968224,0.0328108371029454,0.000445722141526471,0.0034367920982421,0.000980524823680227,0.000356817076233912,0.000708740796245566,0.0122619843005003,0.0187483265526282,0.00433514197409403,0.00400808812242597,0
0.0479377963294149,2.60407853364406e-05,0.000843700431122731,0.000128486640589755,0.00064010766078523,0.000234519766088139,0.0137894852856371,0.0244356793435111,0.000833527566454496,0.00848475589178824,0.00230877375799959,6.61283347507485e-10,7.15024614266092e-07,1.64292617007281e-08,4.1179530426125e-07,5.52481388810157e-08,0.000190842431213809,0.000599318709967736,6.98060960948435e-07,7.23448981551507e-05,0.0390990840434638,1.8533934491573e-05,0.000550364485883446,6.15247012814164e-05,0.000325919605985829,8.10135537520796e-05,0.0111275271093145,0.0198768780935307,0.000378257292437741,0.00694913349399545,0.00459523270970321,1.33609906912576e-09,1.41601054011853e-06,3.28551504513514e-08,8.1502543306559e-07,1.0969189017845e-07,0.000379971232177126,0.00119319151760431,1.38897188383966e-06,0.000143969947951832,0.0226684858576386,2.8909256097981e-05,0.000237093682465814,9.16081106410679e-05,0.000204545682866065,5.10023784419112e-05,0.00732381395325909,0.0141884341381434,0.000302115580833968,0.00556276266209622,0
0.0338396856324198,1.32894759306932e-06,0.000888053129508695,0.000231271816289191,0.000606177704133305,0.000227743662667875,0.0159978861966455,0.0245997806873134,0.000258285653911764,0.0103894934761029,0.0011498376468037,1.72759555559385e-12,7.92572138814e-07,5.37550349039883e-08,3.69291686480456e-07,5.21156988799767e-08,0.000257087431973135,0.000603388530986361,6.69088691417183e-08,0.000108359725092526,0.0267655761980819,9.52590898791575e-07,0.000566935070760688,6.68876175880843e-05,0.000319489319134615,4.36090921977519e-05,0.0126884298013638,0.0187421977050238,0.000126533343318096,0.00855321101107512,0.00228916214488061,3.48504614992824e-12,1.57594412643326e-06,1.06697891940901e-07,7.34577298364587e-07,1.03457947851815e-07,0.000511708620509413,0.00120551874906106,1.33024802845161e-07,0.000215755865696987,0.0195837147199391,1.47396090933558e-06,0.000311791728166401,3.50283192361343e-05,0.000191747408797888,3.70350151091691e-05,0.010422307592775,0.0118844090981582,0.000114176131208751,0.00591957271959157,0
0.0472647307315875,6.85185186134116e-08,0.000564549673003505,0.00156179759201642,0.000567965913177401,4.10669682056068e-05,0.0154027653472964,0.0333031046225447,0.00105473278718543,0.021365794184744,0.00224485120944993,4.622387011109e-15,3.20315231385995e-07,2.45128200824038e-06,3.24206185914376e-07,1.68465738670236e-09,0.000238346736582662,0.0011141220308988,1.11792223085958e-06,0.000458778716415582,0.0380016248047642,4.95943606478827e-08,0.000284619229058559,0.000734248148975813,0.000287917759258078,2.86309896751776e-05,0.0125319829535088,0.0274287205404251,0.00030069260294028,0.0147520609667415,0.00446756120618902,9.29396177182043e-15,6.3611659330544e-07,4.87794070044534e-06,6.44009965040064e-07,3.36256882230711e-09,0.000474397098143589,0.00221763437284674,2.22479154162905e-06,0.000912981952865289,0.0209602626168091,7.59341407985016e-08,0.000166124160192522,0.000500556385062048,0.000176715659745181,3.13272029328465e-05,0.00758652532391354,0.0310586845332564,0.000319744141657853,0.0131054071179305,0
0.0431693089600596,3.59700527724445e-09,0.000760623511915436,0.000414016078893441,0.000787213174100642,2.22922808333048e-06,0.00929283251564581,0.0176333703911347,0.00171194965100578,0.00717135705745006,0.00187098848161374,1.28426118871437e-17,5.81446830542023e-07,1.7221465099736e-07,6.22810791903533e-07,4.96231687828065e-12,8.67899878636257e-05,0.000311897173512428,2.94525894505221e-06,5.16731645977394e-05,0.0350768018142128,2.61114744815322e-09,0.000410356432146379,0.000198836739056306,0.000465532288896972,1.61458099252787e-06,0.00740303919175473,0.0138865930344195,0.000871570293880883,0.00563768221090085,0.00372506965806719,2.57163405682415e-17,1.15602338398673e-06,3.42498347650568e-07,1.23940120027297e-06,9.90670853182304e-12,0.000172709754509384,0.0006212541981962,5.86021114899999e-06,0.000102843074555853,0.0225099616721775,3.98226331380787e-09,0.000231687339023336,0.000113451459718824,0.000225609898086731,2.47098304189725e-06,0.00503395998173354,0.0106501593305897,0.00052497164186506,0.00515119228468824,0
0.0499833693025772,1.92411837324666e-10,0.000650117991442044,0.000517729979460781,0.000780285400926526,1.21479966376404e-07,0.010076541835397,0.0192820302595465,0.00031920503832436,0.00764729674322941,0.00251058557860692,3.70134690845078e-20,4.24596856937695e-07,2.69360206916305e-07,6.11903240192659e-07,1.48098589496981e-14,0.000102000384642742,0.000372542483487895,1.02188668688793e-07,5.87105093443921e-05,0.0407729332316732,1.38907888637645e-10,0.000356244287642035,0.000257845588685131,0.000444777843640216,8.67927011027673e-08,0.00783416584965069,0.0158201838699288,0.000116018344695355,0.00610484239926199,0.00499626644241568,7.38486884652822e-20,8.45127004341731e-07,5.33568690705645e-07,1.21662924473316e-06,2.9492260349302e-14,0.000203008280061593,0.000742474881881172,2.02430543944933e-07,0.000116894768809185,0.025042386400986,2.12826738837117e-10,0.000217661555866274,0.000144428653320665,0.000252997498832308,1.34304151882341e-07,0.00547366338848754,0.0113737309339329,9.0052831490237e-05,0.00441365484123288,0
0.0547561514190418,0.0374235139351272,0.0305313855069957,0.0382692986291321,0.0070672206659258,0.00309581018476841,0.0202718702645701,0.0481892614462857,0.0310107069054653,0.0263746739744223,0.00300248395027189,0.00140748655719794,0.000935554545582955,0.001471758623892,4.97514544615502e-05,9.61311124337862e-06,0.00041248748335225,0.00233019732286259,0.000965269826326765,0.000697065571400267,0.0448340092878045,0.0152015575465811,0.0131683543562415,0.0159811992644486,0.00319431744936344,0.001160247093052,0.0134275782663334,0.0283797669762007,0.0129751301444784,0.0131213711373741,0.00598565447313682,0.0028008842386796,0.00186303859194472,0.00292885669353727,9.94415165301017e-05,1.91490579950965e-05,0.000821373398643171,0.00464062843832466,0.00192210103865652,0.00138918711890966,0.0442593138909518,0.0191175640124134,0.0175930233191456,0.0216402468282643,0.00290805559966092,0.0014118283429584,0.0111843588971284,0.0301337876131866,0.0161280406515128,0.0147108569735478,4
0.136458343175806,0.16868903163402,0.138216419963322,0.110275996655054,0.0264193279911016,0.05179569425354,0.624428501645173,0.184349015366824,0.109038699986261,0.0724393274259554,0.018671505085059,0.0285630953695738,0.0191850411902533,0.0122035720138508,0.000700804730747428,0.00269435576812257,0.390961016432916,0.0341273879184989,0.0119438632561707,0.00526116605866314,0.10601940818099,0.132464863664527,0.106559322926794,0.0861257429021246,0.0215110991100707,0.0361489296427319,0.454126939932432,0.146832526228818,0.0827041710547888,0.0595579153745718,0.0371989538826579,0.0568762325635441,0.0381928702061195,0.0243029909754716,0.00139528106945499,0.00536365398338854,0.778884758809969,0.0679412860926474,0.0237718842058759,0.0104822045057,0.0843488865033172,0.127787184656186,0.0743767108394388,0.083762557296236,0.0174394016772647,0.0354380743430282,0.394720863392171,0.120141925957011,0.0670439555788458,0.0787736831926283,4
0.124559336771385,0.0808042373776309,0.0730127630041915,0.0594983295856838,0.0107621104982149,0.0123150787318341,0.241463353751816,0.146969651497905,0.0986071598105744,0.0278524359860486,0.0155678223764404,0.00653689443796387,0.00534708509266151,0.00354596355277549,0.000114317324898035,0.000150325064789465,0.0577142368708184,0.0216657565695402,0.00975897363254963,0.000774452164765544,0.104667511132612,0.0641856170668347,0.05427491095215,0.0456501317747827,0.00548379345832739,0.00819358642417288,0.122157376189579,0.113622471104325,0.0836901546463973,0.0202096698224615,0.0310024985262762,0.0130334426770129,0.0106512109320087,0.00706828157170387,0.000229553734245948,0.000301229934805603,0.115725812352403,0.0431554298072495,0.0194334938354833,0.0015462982886801,0.0881327823330968,0.102105278801417,0.0698039381442264,0.0375091821154922,0.00566939520641008,0.00814470673685128,0.172479832126923,0.126193862674994,0.0919779252367006,0.0187064892341857,4
0.0338409688384379,0.00829753278640719,0.00986858925111912,0.00964835001728245,0.00086725633095751,0.000526162176217064,0.00593046206424738,0.0232643458900498,0.0164564228466544,0.00870771139633567,0.00114366126024972,6.78476509410968e-05,9.51771479409373e-05,9.22178353414888e-05,7.53411237424039e-07,2.73273125049682e-07,3.52710779307091e-05,0.000532719365450022,0.000272121158931913,7.61963637027625e-05,0.0268883586126396,0.00573809267319723,0.00708128123377993,0.00707528519503022,0.00058189570847251,0.000367249984808145,0.00420276058030158,0.0186088422623581,0.0118051718280043,0.00719172834372455,0.00228315220728304,0.000136355835339104,0.000192087607965219,0.000184842624731281,1.50177170019743e-06,5.48747061567913e-07,7.02570010330791e-05,0.00107127905245449,0.000541557259052465,0.000151625631362105,0.0267957558282462,0.00918989243137762,0.0110114547265185,0.0108091774392882,0.000545008657367571,0.000588050278722149,0.00578789101446791,0.0205529663106063,0.0182767832483296,0.00488682663977111,0
0.072106942889396,0.11532054817307,0.0418947796455502,0.0348707111599634,0.0139491235801186,0.00450943708733881,0.0824386591682384,0.0969451897064707,0.068005428984113,0.025573195772172,0.0051981135212366,0.0133620869170129,0.00175695655052581,0.00120872156779869,0.000195518933271259,2.04363058603712e-05,0.00680838859067233,0.00942653376460006,0.0046384536939811,0.000657266463878242,0.0416938577884623,0.0584154796081888,0.0202902488699211,0.019213190323023,0.00726388079496094,0.00221304917422626,0.0431959610141571,0.0577985904813909,0.0389052868227784,0.0167283331618027,0.0103711613830544,0.0265935613384154,0.00350330716463519,0.00241854423781517,0.000389106342493737,4.06686718177311e-05,0.0135704522672525,0.0187776436289247,0.00923999969464829,0.00130796556127278,0.0394024041237423,0.0652503928068002,0.0227809610119622,0.0212422221720591,0.0080483374140136,0.00192133613217706,0.0422237552107076,0.0587549872643329,0.0375080854388841,0.0163001946202518,4
0.251605367970447,0.183629985451937,0.0627937926523411,0.0329167640206659,0.0113747159010515,0.0112315349280717,0.185403557439871,0.103302944153292,0.0820307591315999,0.0390060274810154,0.0636135112793897,0.0338687419434974,0.0039537856574221,0.0010759557774097,0.000129963235673426,0.000126750868029903,0.0344873786030128,0.0107250849080418,0.00675599885058107,0.00152884814361878,0.213707937194407,0.149660292404223,0.049772191426825,0.0251373495786195,0.00875142586654786,0.00872566980727611,0.147045220210796,0.0812674726625385,0.0643679186138577,0.0289767134170904,0.126600489286776,0.0674190585850313,0.0078766971912241,0.00215408692175679,0.000258697405882089,0.000252264371172684,0.0686892497787063,0.0213418346049721,0.0134512572993889,0.0030426734087641,0.159687422401174,0.199253708439979,0.0391994967634904,0.0211037845878298,0.0106752437153878,0.00785878034455188,0.105382467385401,0.064180947824143,0.0674848682824514,0.0392790704530498,4
0.0690393606810091,0.0669575734931661,0.0504898451880449,0.0452529757340396,0.00345234520646533,0.0107786788667552,0.079374820091829,0.0880191551615278,0.197678846626182,0.0174283198719213,0.00477295811365161,0.00449601624035363,0.00256088981044478,0.00205809239187025,1.19704979638197e-05,0.000116607236786702,0.00631991104882958,0.00775515387599417,0.0392620920193356,0.000304156485684687,0.0545999109469257,0.0490742874966099,0.0414083428196169,0.0379417424842104,0.00227357418564592,0.00869757167116209,0.0507287103616296,0.0696432576493335,0.142566218072149,0.0134311555774848,0.00951549256316953,0.00895658670684539,0.00509725510319223,0.0040956327622926,2.38293196178792e-05,0.000232204103140967,0.0125868219934589,0.0154633804619229,0.0781426016935325,0.000606365649873827,0.0445797762785354,0.0710966644375206,0.0516236008245811,0.0358236297382739,0.00202305910775908,0.00868498358051009,0.0532499032541691,0.0880198357372989,0.163272766505323,0.0167686046389767,4
0.0123913119344535,0.0039649213049667,0.00567645317557616,0.00633762941798643,0.000741843341293103,0.0012013403041532,0.00780524998122218,0.0167685003036738,0.0215331731884478,0.00851184802987934,0.000150510433919104,1.56458231747631e-05,3.2028123260819e-05,4.0334730808785e-05,5.53036682346439e-07,1.41860390120752e-06,6.10911845737699e-05,0.000279615979135091,0.000458465707103751,7.2682599511125e-05,0.00910903755175639,0.00287528945135931,0.00413839828404792,0.00452112207531206,0.000453376982049849,0.000870268174386635,0.00606647525739112,0.013705443305149,0.015765815546862,0.00669769259019854,0.000303284975389744,3.12880998887029e-05,6.408873627374e-05,8.02961190727368e-05,1.10060239155296e-06,2.85470622059577e-06,0.000121690209886656,0.000559386273744107,0.000919839264905437,0.000144738887031632,0.0137581375574866,0.0043923384122453,0.00623064113642268,0.00703141879181348,0.000255329873441945,0.00133661631602542,0.00539134535818203,0.0111713563073933,0.0241308403097578,0.00475667325441826,0
0.108068330657654,0.138807487014575,0.0594917026942783,0.0417874320364136,0.0133465871493083,0.00658840485943208,0.137624489372301,0.111391966188952,0.0639008925191232,0.0203976233692487,0.0116309137733399,0.0192370927311096,0.00355573844938172,0.00174584455235937,0.000177995170119392,4.34875114300393e-05,0.0189725659940504,0.0124195422462493,0.00409716796423065,0.000417413110343866,0.0515858111082901,0.0602984059087689,0.0273648940415644,0.0221527703248089,0.00706414524117054,0.00322731395129975,0.0651462165826903,0.0579484392094021,0.0284758777227417,0.013633583183433,0.0232513882098816,0.0384084087227031,0.00707712693018574,0.00348327680093968,0.000355235761749018,8.66726328705935e-05,0.0378174684099447,0.0247644727456069,0.00816000232823053,0.000831388980817219,0.0561606202049585,0.0821619870581921,0.0308282760370168,0.0231069039655674,0.00706515317426823,0.0032226198249065,0.0752174744153528,0.0713834842987444,0.0243245306497624,0.0109642848529545,4
0.25033446041951,0.163335500488892,0.0699840346855955,0.04209276118828,0.0132679689348407,0.0117458346136789,0.234818263727985,0.112562460581216,0.12351923926554,0.0511414180898271,0.062782452276411,0.0267403529699626,0.00492114841897661,0.0017741285188827,0.000175447824039872,0.000138105115383831,0.0553888163688363,0.0127061606664298,0.0153294352530957,0.00262841672244162,0.206345319496291,0.114173398842945,0.0559445419253025,0.0270432658289654,0.0106035164623349,0.00976784792764116,0.199698381489348,0.0929147487794871,0.0968780136820549,0.0371035278019498,0.125134644312186,0.0532851177418701,0.00979417572733828,0.00353705815768212,0.00035059343729336,0.000275376317767054,0.110250831876271,0.0253118553839842,0.0305097897546189,0.00523071696802733,0.148201144059545,0.117794049496548,0.0557562997803298,0.0225649050376009,0.0108291731485921,0.00639410831858445,0.152711637621545,0.0721331673072389,0.101989398068244,0.0450991249107035,4
0.203091953087724,0.066891629108149,0.0279546034634116,0.0248982920795195,0.00457448137527713,0.010079870879029,0.116174268674476,0.101369887197777,0.184918793882514,0.0201261333642512,0.0413871715232116,0.00449235300888344,0.000785251197499072,0.000622425912866992,2.1015907506855e-05,0.000102107827716687,0.0135313775389347,0.0103267210290135,0.0343110316535197,0.000407045958491563,0.163847823449103,0.0553141106309557,0.0225530253651899,0.0207888279370391,0.00348393824867958,0.00812421143911551,0.091723827780884,0.0761430119099534,0.138058497052978,0.0165953762896613,0.0824233560248741,0.00894429498799238,0.00156278410941512,0.00123921920041123,4.18264795634853e-05,0.000203195865209573,0.0269601787663335,0.0205507844226838,0.0683343080033231,0.000810038646556016,0.187779132986953,0.0549573252869362,0.0218668451529099,0.019247143250224,0.00450877664283025,0.00676852770842087,0.109486713148694,0.0741352740937204,0.141727398955641,0.0170319304493039,4
0.0527791293787184,0.00695275043265497,0.00313161262037226,0.00355922386979361,0.000905112273695066,0.00166778758153797,0.0220897444260486,0.0262596879039911,0.0410260432777307,0.00946391663789897,0.0027860488071861,4.8219539029405e-05,9.71823318428798e-06,1.26244683392127e-05,8.19481628733612e-07,2.72488979672154e-06,0.000482446718321223,0.000692531594191894,0.0016507304349136,8.96693652300769e-05,0.0413965097564154,0.00504683377274718,0.00232092050503976,0.00257652558750342,0.000629103442369685,0.00119414474806502,0.0157779299981098,0.0195792921449876,0.0297372822852841,0.0074044170150535,0.0055576594564352,9.63168329360719e-05,1.94763573949697e-05,2.52293222716587e-05,1.63433658394923e-06,5.49029390575038e-06,0.000967950995394456,0.00137857086106755,0.00332561270205482,0.000178785856838809,0.0310500357112636,0.00771351516917874,0.00338069105297182,0.00391686162612431,0.000446208436517028,0.00183664096861028,0.0223505978607447,0.0176332906242385,0.0467873157468157,0.0062416048702997,0
0.0642964015692163,0.125612083776598,0.0406828077067993,0.0266497642201943,0.0174234239908446,0.0110228326562484,0.0949725478721418,0.0770355875065207,0.0604536887446259,0.0138731387348146,0.00408285184754221,0.0157802547372227,0.00166340783005279,0.000711975048688872,0.000304564154249849,0.00012187774226618,0.00903306972717614,0.00588542273363347,0.00366408407900587,0.000191987148184261,0.036409152477024,0.0440347461461429,0.0145165428337297,0.0104206830917637,0.00742664728704965,0.00431750946386518,0.0376989308036979,0.0405080446612051,0.0219869945561309,0.00935819250438053,0.0081964182035275,0.0314793133919516,0.00330994929115106,0.00141849387981568,0.000606612907633174,0.000242754482262732,0.0180076216011577,0.0117903297462716,0.00730034100962919,0.000383487726174999,0.0370387147547248,0.0620960628016185,0.0164747113491338,0.0147373317250836,0.0102419275177257,0.00577813622640405,0.037962778852179,0.0458683886271542,0.0295378103051246,0.00981689446538925,0
0.207670659958846,0.145051890912051,0.125212992531214,0.0555068529691739,0.0190442463982199,0.0154535778857304,0.210595296148387,0.128860520527756,0.091813641820357,0.0295564181348293,0.0433334918698923,0.021061672730894,0.015731375730528,0.00309648283651219,0.000364495721612405,0.000239808499354522,0.0444404569652738,0.0166375020310171,0.00844884649679062,0.000875481600110175,0.168152432705564,0.117062857299554,0.0994107505533548,0.0440603747964934,0.01620634262369,0.0128248600126284,0.167896408637711,0.104175076330145,0.0764634580263049,0.0199218367351714,0.0862378370360101,0.041993304534052,0.0313302257216737,0.0061620080848968,0.000725355345295501,0.000477420103880622,0.0885649212301237,0.0331591527872867,0.0168362344143331,0.00174456313741294,0.163422874144483,0.0789549504295464,0.0830129913543518,0.0289983947735284,0.0138672710806457,0.0112325188938692,0.126847563327257,0.0817180174982221,0.0878770443009615,0.0216576044617364,4
0.159076571504217,0.0630497459933416,0.0944514664883857,0.0434375737450173,0.0130632651344323,0.0105134604599833,0.182161332331928,0.162266944795661,0.0454094094262076,0.0377159634093367,0.0253195834580228,0.00399486561747323,0.0089411933139369,0.0018945745354757,0.000171419794399309,0.000110847261217461,0.0332312949803032,0.026460815566927,0.00207039569407395,0.00142554628729543,0.119098948993024,0.0462881727256623,0.0721613367917011,0.0346394883901939,0.010450411626119,0.00851922062083585,0.145042470860305,0.119281300859079,0.0329085864778243,0.0301093673722988,0.0504981913645667,0.00795016175788523,0.0178173319172036,0.0037718891504835,0.000341168623949332,0.000220812584598096,0.0662471996042629,0.0526588771317824,0.0041219763551132,0.00284091241535695,0.136667171192811,0.0507369388378791,0.104305012910494,0.0435369284845361,0.0112878726782762,0.00706736771431115,0.162342215080641,0.123759020225719,0.0266657437600203,0.0346855024334232,4
0.0327458319811543,0.0232849677866791,0.0132889434884839,0.00601135892000089,0.00285018849541499,0.00416897112953244,0.0344032261313644,0.0401972756593463,0.0134692548298301,0.0138554183148935,0.00107712487687584,0.000543784600468822,0.000177455360554313,3.63037384272404e-05,8.06327744776812e-06,1.72275653781785e-05,0.00116087909343386,0.0016162667083127,0.000182325345429047,0.000189595056961989,0.0251093860745963,0.0151630209793329,0.0094450516222064,0.00412951053212363,0.00205175218165265,0.00315573038145434,0.0265340942378595,0.0310633396142822,0.00930565524816926,0.0104315820948589,0.00214391431522669,0.00108324873002446,0.000353164052809371,7.22515045013146e-05,1.61458109830787e-05,3.45210533480577e-05,0.00233865189141003,0.00322398828843325,0.000362824755495023,0.000380614503442178,0.0241166210774868,0.0194472472363308,0.0137331859540383,0.00653318494120729,0.0031358397403314,0.00494298757971896,0.0263484142771726,0.0396377623816784,0.007360103834598,0.0118712368017201,0
0.0251084770071922,0.000857177751332543,0.000872537940048149,0.000505618832006238,0.00069600670537458,0.000374045317036878,0.0118347866289108,0.0214239223927081,0.00087184284599239,0.00734708473077738,0.000633441717120143,7.35120414299934e-07,7.60902974173376e-07,2.5669395174971e-07,4.86019741769222e-07,1.3846343110316e-07,0.00014045859577443,0.000461193384348428,7.58745148850976e-07,5.41791485891543e-05,0.0172576976369426,0.000619153995410396,0.000645454152547834,0.000315206503244388,0.000407029810574698,0.000252478346339357,0.00971936638282015,0.017511333415127,0.000610668718882611,0.00553983133493587,0.00126065632011747,1.46567736410156e-06,1.51799304606068e-06,5.1072796299448e-07,9.67753919336572e-07,2.77432183523048e-07,0.000279817189624895,0.000917871859236285,1.5135528951878e-06,0.000107876137500005,0.0146461260023383,0.000902895043973697,0.00071943724506119,0.000367205939709185,0.000226023182691025,0.000330396633455837,0.00861230093472535,0.013780000650833,0.000895706091941048,0.00457551634283955,0
0.156656351092176,0.172157875746773,0.11669831591038,0.0409157154066623,0.0206169450064299,0.0172508866637085,0.216968915527846,0.131820728893207,0.140358886350507,0.0310447389783972,0.0245690420208875,0.0297872675392608,0.0136733704461055,0.00168224811073449,0.000427181085115697,0.000299079317761003,0.0473087208317643,0.0174472126707539,0.0197329427687568,0.000967600239332685,0.108036350488122,0.132009133667528,0.0832372452264769,0.0311953624241352,0.0154477233261498,0.0132492227951274,0.156671338035863,0.0948214234920033,0.108717165439873,0.0221961495147116,0.0489872616111959,0.059276645770785,0.0272234833931283,0.00334791838307119,0.000850102405076174,0.000595158814933024,0.0941476462480149,0.0347353403207509,0.0393348784116188,0.00192653786330297,0.0909654133301021,0.153900309196002,0.0847316724086241,0.0199157683547785,0.0133471454517644,0.015173355644508,0.165749108328296,0.0816481868883212,0.121043041635438,0.0164535240673557,4
0.118717313702028,0.0942486033126736,0.0747253550537859,0.0369109376319748,0.0126550043970877,0.0164851646519833,0.123394813547634,0.175247460374639,0.150482065542708,0.0158481986001945,0.0140996940117499,0.00892742871536909,0.00559888055035975,0.00136910177419553,0.000160938055147095,0.000272747939108575,0.015276760227041,0.0308659395276286,0.0227443115811373,0.000252259167395316,0.0937329813239795,0.0689105518995193,0.0603826904391431,0.0303022096574244,0.00966796290575344,0.0133213500708622,0.0978704652926256,0.15004364704851,0.109107273239779,0.0120864605819764,0.0281218814196769,0.0177648072936614,0.0111546114664037,0.00272466479052187,0.000320267388516928,0.000543116847925753,0.0304266017309282,0.0614221353126097,0.0452749336091553,0.000502156708616565,0.0813088338576646,0.0642079104455929,0.0702382971575384,0.025052948470944,0.00598985815188131,0.0110377803051667,0.0801311995151756,0.167216926278947,0.0997968253195062,0.0122334537520684,4
0.0295769553779868,0.0127870412956917,0.0270574380704283,0.016525125656431,0.00183774220242045,0.00450926847662409,0.0350475187004732,0.0597160422444528,0.132953635609891,0.00947392702774142,0.00087562680618617,0.000164302799420051,0.000735778851418488,0.000274444424273859,3.34350720314e-06,2.01970046929791e-05,0.00122405936465639,0.00355953890515031,0.0177393924759034,8.99886145770939e-05,0.0211207184998906,0.00932270799652147,0.0194505606625682,0.012123342745618,0.00132167957054986,0.00345899419914077,0.0268058870610207,0.04372277541626,0.0801812102529212,0.00736307938872988,0.00174601399117941,0.000326980997686817,0.00146415204048767,0.000546137387360495,6.70104405555716e-06,4.04292649430509e-05,0.00244626447085037,0.00710754081781629,0.0353255588553975,0.000179266274743867,0.0291670263428613,0.0145539629037168,0.0300671483657377,0.0186609531524513,0.00200568823878358,0.00534338410663287,0.0419011612892332,0.062815676915521,0.100701091730037,0.00685874240307924,0
0.00290202391809573,0.000772998242587742,0.00166532017133611,0.00108391429677391,0.000749017008290957,0.000382410395862839,0.010422846717065,0.0144886929797613,0.00406432593693057,0.00618593453904828,8.44981516265262e-06,6.00145062623207e-07,2.78722291501887e-06,1.1801735535134e-06,5.6380772873233e-07,1.4573397329252e-07,0.000109159444111787,0.000210775827848547,1.61097028308347e-05,3.83434479113286e-05,0.00231554455106446,0.000539108462258312,0.00124780850636122,0.000784564760888848,0.000444414516920766,0.000249115700116835,0.00825325891725119,0.0117860043951483,0.00289965441374383,0.00515008057377713,1.68162019566633e-05,1.19463182317455e-06,5.5456913128502e-06,2.34850580828467e-06,1.11522465682272e-06,2.91027478890082e-07,0.000217249365766604,0.000419638211572271,3.25474932967706e-05,7.64098947258212e-05,0.00285913088228106,0.000854533221517456,0.00179072648137425,0.00108466807451744,0.00020464604580282,0.000334601666158222,0.00605534403805104,0.0100204333778532,0.00449292964218112,0.00359850425058391,0
0.135853714086414,0.162850005658998,0.103871691612223,0.0533409897803387,0.0148486991215406,0.00884812356916136,0.165118726253066,0.138803904940708,0.11865110094205,0.0189751926962882,0.0185266862762304,0.0266124823558034,0.0108348629465924,0.00285869368217224,0.000221394197449337,7.84851440212867e-05,0.0273894103182478,0.0193409066474411,0.0140811501306516,0.000361838356651205,0.0785574124103292,0.101439187371858,0.0621582531814985,0.0343203345886752,0.00904722348423905,0.00557810816376898,0.0916107969119081,0.0912202737559101,0.0743594489297855,0.0137237233682243,0.0368899274960183,0.0529993958400457,0.021569784213702,0.0056896505371584,0.00044076582560317,0.000156381523199801,0.0545142054198481,0.038510690510549,0.0280878939829482,0.000720069894483318,0.0816451950059767,0.106262494458705,0.0670854335042551,0.0381109292479787,0.00898737180219916,0.00482363926899211,0.099563168898463,0.0656705863119253,0.0678020657780872,0.012747866805815,4
0.153381111794723,0.11159931158935,0.0604488597017684,0.0178311607690015,0.0134867489085443,0.0165652398777526,0.272388575730644,0.123255268584005,0.0961440364197698,0.0238417687848567,0.0236192960385113,0.012430707110155,0.00366744449614689,0.00031897614694668,0.000182744429012996,0.000275702404727786,0.0744663933538129,0.0152591556094377,0.0092367401338893,0.000571252383241372,0.123454590481972,0.0862685174819346,0.048141383826702,0.0137215530691419,0.0112330763118062,0.0131088894784957,0.229374684832688,0.0990009679867478,0.0727814769551583,0.0205355622741135,0.0470268013965807,0.0248216450634345,0.00730296730951091,0.000635329949370144,0.000363722386771003,0.000548730658523662,0.148287164411415,0.0303743838844604,0.0184338148253877,0.00113682605591982,0.0824605205650175,0.0887000614676498,0.0376057135565748,0.012830606690785,0.0101251164265893,0.00970236436318723,0.287115955212784,0.083842897336109,0.104305032907909,0.0193938986811554,4
0.0889125401838484,0.0349222362077484,0.0262393810695653,0.0236360193000019,0.00328927480997786,0.00937584826473139,0.0604848438103062,0.128505525336944,0.043445759809032,0.0566197694181759,0.00794219955545159,0.00121914689840136,0.000691645995169843,0.000561468695958614,1.0818069742806e-05,8.82590253805257e-05,0.00360092289930963,0.0165891800945706,0.00189690176213875,0.00322095509485689,0.0729363813988297,0.0270236855682444,0.0174814814352232,0.0159772030121833,0.00165073034976255,0.00754414345965509,0.0412119637580259,0.104106580820955,0.0262918088340434,0.0411172398252194,0.0158077587211774,0.00243260684045886,0.0013766920478578,0.00111731973459816,2.15832865193799e-05,0.000175723195547133,0.0072413343134895,0.0330197008439474,0.00377495008803022,0.00641064406560208,0.0879570883320649,0.0428192921015494,0.0183189556146649,0.0154306575205076,0.00132491908570663,0.00797853973241645,0.0352206133065092,0.119651589876098,0.0280005672929571,0.0454058054882854,4
0.0116102985152941,0.00284521557875021,0.00108396922970675,0.00156568998093214,0.000706386808220592,0.00125462598156954,0.0140764934079554,0.0244314686946814,0.00322514975293016,0.00958179364653289,0.000133602587714967,8.03615936748726e-06,1.16183516161295e-06,2.43434567876041e-06,5.0088500393144e-07,1.56307534216516e-06,0.000196884300169972,0.000598387541752295,1.01937496800162e-05,9.18716434943161e-05,0.00848680714819738,0.00195573202734884,0.000711322193663222,0.0010638867052587,0.000398042557206719,0.000915167425699445,0.0109701893972253,0.0179919925149662,0.00231015422181117,0.00761748914591739,0.000267728052306001,1.60909174491795e-05,2.33083100059835e-06,4.87176271713733e-06,9.97360901483183e-07,3.12928785523404e-06,0.000394043912158028,0.0011922050185939,2.05442742254628e-05,0.000183211233738712,0.0125818947610939,0.00315509048997905,0.0010108340819953,0.00169173754866353,0.000273901705115328,0.00139672934055921,0.0109913964043926,0.0186341777982187,0.00361892076371016,0.00608145217950675,0
0.057737961828951,0.0573233659713644,0.0485067132834013,0.0465942720883734,0.0126908639435558,0.00642324766271672,0.0913766109175614,0.157208231133818,0.0440151257936275,0.026591011637328,0.00335037522716341,0.00327830961353649,0.00235577460159531,0.00218193511904616,0.000161727905781208,4.14223049883832e-05,0.00838655423054252,0.0248191779403859,0.0019452571360154,0.000708156595963974,0.0265005931697649,0.0226477858066048,0.0186568166644275,0.0236694834773836,0.00685582262740592,0.00322868020899477,0.0421576921445413,0.0828026569071292,0.0210368980927626,0.0165809650460281,0.00666655117028002,0.0065454794623176,0.00469547530503858,0.00434203781896527,0.000321976910651744,8.24624746993191e-05,0.0166910456113366,0.0494093673015886,0.00387277627004539,0.00141169261857827,0.0314968868468282,0.0218447714403555,0.018538546619485,0.0279081010029557,0.00815264658624847,0.00345831126016648,0.0449339750031895,0.111822245680201,0.0203759094505467,0.0161262010607527,4
0.358421070897017,0.282206148947153,0.250600645671909,0.0989767554490032,0.0220572155187362,0.020343185146062,0.314496656851233,0.363308047050633,0.196198251015805,0.0343085936651741,0.128096015460017,0.0793399853730345,0.06306585623557,0.00984407173597953,0.000488801156387653,0.000414753518490063,0.0991501598881855,0.132639580196331,0.038670194782562,0.00118186780437544,0.276377623954519,0.222060787616789,0.179198293511496,0.0713618317979096,0.0181696199712817,0.016164117807901,0.262322921328421,0.281183598630453,0.148553901460507,0.0240567329880554,0.255915211211047,0.158583262506268,0.125550807219775,0.0195912054246403,0.000972854900096292,0.000826505605770717,0.197562244266175,0.263969115140015,0.076970593168696,0.00235303391912946,0.226132047806701,0.17825351995938,0.198563034789062,0.086781027487449,0.0180907281121318,0.0135343319741957,0.250047286213292,0.261907919183102,0.158325180132774,0.0267807534570394,4
0.387784379843998,0.198716481921882,0.0567630362618275,0.0302654668173991,0.0141341799113625,0.0188367361967484,0.15036082803113,0.249760978385357,0.192914683986641,0.0394898223693203,0.150283634250863,0.039247433559154,0.00321934277886952,0.000918179371795554,0.00020077283710982,0.000356471975018786,0.0226175523037904,0.0626039475814017,0.0373917667455212,0.0015669106742936,0.295537087158928,0.131594397139524,0.0341527885158848,0.0220712824039159,0.00884011343364698,0.0152459265321431,0.118765791232727,0.181865767137824,0.122418650107223,0.0284364451541246,0.29990853799288,0.0785387286031719,0.00642527904119712,0.00182958189942783,0.000399507205542321,0.000709491686556839,0.0451127785255406,0.124670652360435,0.0744207007004074,0.00311852187108056,0.410345896843256,0.202251721634922,0.0404406437291324,0.0250324424577063,0.0115138877846233,0.0130078669597026,0.152463063665781,0.267951113708228,0.118366744657544,0.0289742977603425,4
0.0204190768638375,0.00943660878072601,0.00149514966960551,0.00184514404948724,0.00113419680749296,0.0029650050417617,0.0213843240423305,0.0129266698651894,0.013778086508668,0.00863166073762989,0.000413871465803211,8.92308031398784e-05,2.2035338831e-06,3.32706306691624e-06,1.28316627739772e-06,8.60962504735353e-06,0.000450479813312072,0.000167387369522717,0.000190568633701894,7.48791814654606e-05,0.0150480314627301,0.00652681795803369,0.00109467543730441,0.00131701240529194,0.000773110305655797,0.00211980528864022,0.0155205835756974,0.00989481411910009,0.00980078070736572,0.00692450883934557,0.000828739116901351,0.000177831058382562,4.42402415925999e-06,6.71462387579983e-06,2.56305459418593e-06,1.73573293466382e-05,0.000905509347421016,0.00033364868577912,0.000379444583943442,0.00014896246304478,0.0237110814937717,0.0104461898012399,0.00157863046118021,0.00204645570909669,0.000999269734875073,0.00330936777939637,0.0240627752004362,0.00731835135494161,0.0156314321248298,0.00609406573111438,0
0.00524092624744312,0.000582332593147542,0.000742583040909913,0.000408990480637418,0.000716930615033708,0.000156959974815878,0.0022673559878146,0.0111821557620795,0.000838412189677927,0.00861749934788864,2.7500710601299e-05,3.37804426474259e-07,5.53402421671992e-07,1.67491634057483e-07,5.16566290744363e-07,2.40173874819111e-08,5.14754338423482e-06,0.000125369504085237,7.0022561574762e-07,7.46183013198807e-05,0.00328899856838809,0.000389285528017281,0.000439510564300423,0.000180343450563778,0.00038310231231496,0.000111577400393192,0.00145326302078025,0.00888981398613671,0.000566946765448348,0.00654136410451207,5.48294665597574e-05,6.74845302852233e-07,1.09961037562465e-06,3.33641253648904e-07,1.02684330342761e-06,4.85337333946428e-08,1.02616874950861e-05,0.000249769748288179,1.39962529908041e-06,0.000148501978657503,0.00224790086758193,0.000572380383421815,0.000227218063762084,0.000126054757991442,0.000242361385659603,0.000174202193980867,0.00115986451901927,0.00847089781998478,0.000915181496667845,0.00462988643127652,4
0.248760518208007,0.222632288223494,0.326309322852608,0.0831623426815166,0.0346865732296164,0.0372601191717766,0.28494325306558,0.247150992132708,0.289849880331313,0.031715349004655,0.0621907353816255,0.0498081298025292,0.106659037917251,0.00694140048766992,0.0012091958252404,0.0013952003162424,0.0815795578132303,0.0613870152216205,0.084383681441212,0.00101073972843452,0.177081035750478,0.172150169233487,0.259199973990169,0.0663883296331652,0.0277800754481238,0.0284698179291934,0.220418781902886,0.19265921652052,0.226595101549916,0.0247460800895481,0.123760713422294,0.0991230429832957,0.212598195730958,0.0138225605905626,0.0024063003403731,0.00277654043834144,0.162360258320678,0.122163677750927,0.16797418101147,0.00201154615418503,0.165644885600053,0.191518555570937,0.282417827544289,0.0655886386091174,0.0281179514845113,0.0255607941984853,0.202401099163654,0.177215795191345,0.273784019761436,0.0267650629218835,4
0.191609557929464,0.132535457773811,0.142659467590171,0.0390409523249265,0.0139387769157341,0.0181312625266677,0.177798192402456,0.326540384338068,0.10219793316289,0.0667972187903152,0.0368987053513639,0.0176386395153928,0.0201033292774486,0.00151928050240392,0.000195258594459213,0.00032990412494846,0.0317699121938056,0.107063359057841,0.0104945563254002,0.00447829066395508,0.142771879385399,0.0927139973978896,0.0926342497395475,0.0273473026276796,0.00996553894709919,0.0142701065478891,0.143246885863513,0.262205290236088,0.0842152145783281,0.0491710160602122,0.0734283256030005,0.0351154612932901,0.0403545257932916,0.00303587809382356,0.000388546057313466,0.000656964277083372,0.0632210659420127,0.213156423024138,0.0208864749457674,0.00891776638160701,0.120897426136208,0.0934443189862483,0.135170703276026,0.0362073849268611,0.00935580409475377,0.015788797401014,0.19673832773546,0.353632763556118,0.0722907520666175,0.0548811588410042,4
0.0314735183235887,0.0101893176442878,0.00161806292632606,0.00295859170545349,0.00136415102705919,0.00357844576110135,0.0315203698199017,0.0505811347856857,0.0396122227127569,0.0185048160596785,0.000994609903221432,0.000102436998961044,2.62114224762344e-06,8.59124331602565e-06,1.84119481990853e-06,1.27360779387321e-05,0.000988109027427415,0.00251560298685452,0.00155008545464565,0.000340297466379652,0.0218508871290983,0.00747237536505465,0.00120394228820622,0.00217545740787456,0.000981725848994804,0.00249883563361156,0.0220419699939576,0.0356602350581816,0.0294126775672623,0.0145269892255137,0.00198017882321917,0.000205742975158688,5.22550015904062e-06,1.73015109697353e-05,3.6897512767005e-06,2.54762292152849e-05,0.00197667325786497,0.0050613444708806,0.00311145481833258,0.000680981460743254,0.0212130276256565,0.0114143543413477,0.00176280465427177,0.00332890913730909,0.00134014697042886,0.00402495048640035,0.0347003943593674,0.0525908533469491,0.0461828435820731,0.0180545263044583,0
0.0133539129151719,0.000559832686025489,0.000697209300224342,0.000439528719534484,0.00102348346844,0.000378337363892656,0.00425236275240598,0.012814999440394,0.00250503661998845,0.00946421799823742,0.000179205947134502,3.1137804345213e-07,4.88483633050146e-07,1.93109730217227e-07,1.04852298567266e-06,1.42887888015792e-07,1.81500695757738e-05,0.000164635101553237,6.12578907319843e-06,9.00154300598093e-05,0.00996329308950655,0.000406389627996067,0.000420891161226506,0.000243426058054377,0.000486609717088523,0.000192446846838454,0.00285423620217776,0.0103886199445147,0.00177362140279225,0.00753641739427628,0.00035661370935205,6.23220919161048e-07,9.71850634422333e-07,3.82887737940763e-07,2.08835749075121e-06,2.85312579915129e-07,3.61414029905665e-05,0.00032803077038263,1.23701987831112e-05,0.000179134952405814,0.00736027754524715,0.000619705319219484,0.000273968647559663,0.000202517856113182,0.000296474519669695,0.000216969539696001,0.00189993856670068,0.0061697310477024,0.00277788734827718,0.00672414341625583,0
0.16492495867171,0.168644437069574,0.185262832537713,0.0473314241186481,0.0324615013053808,0.0311303727758399,0.300717316030488,0.177359606488672,0.211383929138555,0.0204611470153075,0.0273305556710305,0.028573883004159,0.0344847321080765,0.00225031240007417,0.00105897750629453,0.000973808616607554,0.0908787284933692,0.0316010907237812,0.0449010753565092,0.000420718316822961,0.121573689319328,0.129884667397589,0.143697621491009,0.0376877500398193,0.0244139677198215,0.024026325445537,0.236576076664883,0.135140551859751,0.166953029079866,0.0151521988503866,0.0543932785046989,0.0568646837644319,0.0686336167616959,0.0044793203485048,0.00210742941449741,0.00193801450943381,0.180855229552032,0.0628987267482107,0.0893595012301203,0.000837272885871189,0.128822788827128,0.122473548430855,0.169612016811528,0.0426996998283441,0.021346420184191,0.0219012190485685,0.274752813561326,0.118926967874103,0.216086311898891,0.0155333759926833,4
0.119736259919591,0.106006755292306,0.0441758215522369,0.0147052223677243,0.0107042080441978,0.0169364246962723,0.227934447321439,0.164046198969849,0.064774200027825,0.0276635012886981,0.014397011894721,0.0112575897897538,0.00195817758617391,0.000216842335174981,0.000115015932790025,0.000288248690036574,0.0522128650658427,0.0270218028679271,0.00421672085868388,0.000768613528164628,0.0893290613502367,0.0805842617030922,0.0377122624443663,0.0121965791228023,0.00837455393100452,0.013613607607116,0.18463357206565,0.123141750216376,0.0525213042729615,0.0211852727027054,0.0286614904136026,0.0224387040611087,0.00389988325743342,0.000431994147759098,0.000229018024887939,0.000573642629979371,0.103905884046769,0.0537977864878275,0.00839103397667833,0.00153003944564063,0.110414350566725,0.0727090949685088,0.0538150852600078,0.0163105069899667,0.0115539698596915,0.0177354459327611,0.253851621853315,0.116722208315396,0.0489746764851494,0.0243132123729948,4
0.0102062220108869,0.0168981520250458,0.00901306501036694,0.00262455386464795,0.00153244094135044,0.00188495384879249,0.0258389219147116,0.0299590812108816,0.0208549125468538,0.0133546171970027,0.000103738725751638,0.000279706161845709,7.99315786898593e-05,6.78044113050592e-06,2.35670799941023e-06,3.52755155976545e-06,0.000654624658493288,0.000898969227166313,0.000430378871564446,0.000178428491194552,0.00791096818421637,0.0121758727628743,0.00641143374833405,0.00183976325207632,0.00107922672615873,0.0013824442484271,0.0180649122415879,0.0210915394997222,0.0158303673915171,0.0107059171529192,0.000207386900452702,0.000563854698700776,0.000160753696914359,1.36346868749146e-05,4.69141041668592e-06,7.06293191061737e-06,0.00131899402131618,0.00179202090026815,0.000863153635404024,0.000355879050814952,0.0124407442298659,0.0190948757974387,0.0100791053790314,0.00293222431343063,0.00156858100185473,0.00209481587442085,0.0277632486774668,0.0313374232658264,0.0248724592669538,0.0128989231999724,0
0.00187629075295934,0.000939925524590032,0.000813928348767577,0.000268017537460187,0.000884352169104645,0.000110104431129385,0.00251784815890138,0.0114656874249531,0.00140159989369177,0.00924118806741923,3.52954305524164e-06,8.62892669134713e-07,6.5845561963471e-07,7.16589178993844e-08,7.80835609835029e-07,1.21686880135336e-08,6.36364388487629e-06,0.000132117892406324,1.91922780516123e-06,8.58150416431932e-05,0.00112069558719635,0.00065494102952388,0.000552059241214439,0.000141144126208567,0.00029774295342603,7.85918829781058e-05,0.00164107022124865,0.00915669574086811,0.00100229836272606,0.00735294987593498,7.03012966330462e-06,1.74175376705841e-06,1.31666533059332e-06,1.42834830089968e-07,1.55750779357107e-06,2.42300603000453e-08,1.26701371267018e-05,0.000262913635948221,3.87410451535595e-06,0.000170756176197144,0.000871845770810672,0.00101167991977643,0.000537647119133183,0.00014789603223033,0.000249268017926546,0.000121745953315501,0.00114479355834791,0.00697368164329557,0.00155459923798924,0.00614388874299426,0
0.116481941536682,0.118051768330133,0.164483917310906,0.0474910235821909,0.0208764209758675,0.0179919872494117,0.212307656298294,0.13580502595479,0.109201028023126,0.0260018893721417,0.0136306826151088,0.0139836639142585,0.0271760972984232,0.00226647973528058,0.000438014540447509,0.000325337841933315,0.0453010440235444,0.0185263355919076,0.0119511188896678,0.000678891900677808,0.0848649859540598,0.0865175025389955,0.128851031828149,0.0378490829817121,0.0159283112191718,0.0136919111487786,0.170803808419686,0.106749081876924,0.0862156478972917,0.0220953395522,0.0271305156414396,0.0278499386674969,0.0540949036485861,0.00451050364555733,0.000871646151022577,0.000647414343853452,0.0901489287378476,0.0368763353401629,0.0238161667130122,0.00135155045843178,0.0562635387637873,0.0799929651245543,0.12938497911685,0.0306507883544888,0.0139636928008024,0.0141242559810851,0.145298696952279,0.0727421311798648,0.0889506392632589,0.0241202877696576,4
0.160258052607778,0.184043157727477,0.0607018950830554,0.0260967812504802,0.0110848751461298,0.0253161573726081,0.263496229442574,0.184479804605912,0.110342749860571,0.0378010661624626,0.0257808397427171,0.0340199291498103,0.00369501715000003,0.000684369590363243,0.000123471641502645,0.000643998634299189,0.0697501836341528,0.0341836149965069,0.0122359978466723,0.0014218044297547,0.122190536601371,0.141315445371898,0.0481137566633142,0.0202898719439474,0.00891053332377713,0.0194598362610493,0.212948547287041,0.144921484419948,0.074140807324693,0.0245409686898652,0.0513334326805229,0.0677216923607074,0.00736125409933927,0.00136197911169666,0.000245725138367786,0.00128168516867101,0.138830659146557,0.068045495199122,0.0243503313779388,0.00284361570168009,0.146350243717871,0.11892047539829,0.0585639206696376,0.0149615171873911,0.00636842271997413,0.0165872939934183,0.186568490036195,0.120883795402743,0.0569216187122797,0.0260906884237186,4
0.0551335873373356,0.0137108380566287,0.0115220706108595,0.00731651150758846,0.00488204320415087,0.0155529067886252,0.0801981656364348,0.0274841505484338,0.0958792100239328,0.0361940056609728,0.00303571702675874,0.000188931501379958,0.000132454631658432,5.3740540193459e-05,2.39368562131719e-05,0.000242903295204945,0.00644498548458958,0.000757057156828743,0.00919729662514976,0.00129907591013555,0.0406295970149865,0.00933803907419274,0.00812923811709138,0.00546082853643703,0.00358410548832137,0.0115065039812666,0.061178334675392,0.0207834623777801,0.0668873936141449,0.0268173403266741,0.0060602399793927,0.000375962060525688,0.00026453987614103,0.000107000863871106,4.76468116148117e-05,0.000483565475725223,0.0128442665543844,0.00150856034593075,0.0183440495323393,0.00260258606644986,0.0332224924488678,0.0146801599591827,0.0124460174337209,0.0079833850131187,0.00524693781281309,0.0167285745335956,0.0881480805593423,0.0281454507060244,0.0808296475611075,0.0410728814420954,0
0.0223303889967376,0.000801013306425704,0.000731603172780076,0.000517752306026602,0.000635534776929574,0.000951413437056718,0.00576743102368409,0.0145968580454825,0.00690864768950863,0.0111905503865604,0.00050010943084122,6.41153943757407e-07,5.37931196267689e-07,2.67072887915833e-07,4.05365311235615e-07,8.97658283284986e-07,3.24674999873981e-05,0.000214108472727994,4.79407526532224e-05,0.000125743159864749,0.0168984692727723,0.000529942645391973,0.000505864445256968,0.000348930644867283,0.000420828822202489,0.000691282692421174,0.00374358219850797,0.0116932290450953,0.00498387120814239,0.00910044668466442,0.000996253695721943,1.27910244457733e-06,1.07034063712637e-06,5.33620712419531e-07,8.05992188520758e-07,1.79832421085446e-06,6.55683539252444e-05,0.000426101853180703,9.54294286356012e-05,0.000250337249092887,0.0158574446435691,0.000750100683731379,0.000654116663261452,0.000508302593134486,0.000367002139201302,0.00105401865445027,0.0055993504712216,0.0102549820893565,0.00788471030042292,0.00707924604266609,0
0.0259741053123361,6.41689135907548e-05,0.000768609744658913,0.00032683689328504,0.000708587852250853,0.000331710131073372,0.00879696036499579,0.0143573742049149,0.000418825469336738,0.0118423967242987,0.000676856861309245,4.08468721458943e-09,5.937259734322e-07,1.07357766004804e-07,5.04554947390456e-07,1.1057570587852e-07,7.77750544844627e-05,0.000207040688927718,1.75670530869056e-07,0.000140587874820891,0.0201206383875259,4.71570586894727e-05,0.000389928154445821,0.000121517714359195,0.00042497377666796,0.000137710507414123,0.00413700666967552,0.0116899260149864,0.000288890141674692,0.00988042207133519,0.0013481265777229,8.18191085290972e-09,1.18151826697049e-06,2.13643146301977e-07,1.00412889906185e-06,2.20054327103882e-07,0.000154772651165572,0.000412138140501161,3.50196687810374e-07,0.000280124248980733,0.019568210291661,7.47426693982751e-05,0.000279045357291494,6.72982206422702e-05,0.000209075940568898,7.4474053606052e-05,0.00418130928871904,0.0100021408852449,0.000463168496565487,0.00795564429606695,0
0.00784763307149909,4.3294552251666e-06,0.000768934346270086,0.000398592708780881,0.000758021826188254,0.000231159785285628,0.00266486099173222,0.0133767412573103,2.25225743411271e-05,0.0118951446481534,6.05776414130275e-05,1.84226766107513e-11,5.94227439697467e-07,1.59674282372902e-07,5.77474318361959e-07,5.36947315815295e-08,7.13601575918929e-06,0.000179805981868695,5.05547592316877e-10,0.000142007899867191,0.00560911927510113,3.01234909901494e-06,0.000428556501412701,0.000142528532039126,0.000473555455777411,6.63853176995094e-05,0.00185745269788684,0.0104883196738481,1.54477132337902e-05,0.00979631041237636,0.000121858564124326,3.70744205771605e-11,1.17806249213047e-06,3.1746112975649e-07,1.14889838044802e-06,1.06586389256374e-07,1.41979495882472e-05,0.000357684933948746,1.01026192467596e-09,0.000282775251925614,0.00889866849571108,4.80218207633954e-06,0.00023320534826754,0.000101181175473726,0.000244669490973537,3.70726871841093e-05,0.0024797826400149,0.00721339146542108,2.49221565800757e-05,0.00737014316196574,0
0.000597619833641784,0.000231250104501471,0.00050825301464924,2.70578371254644e-05,0.000638925090588145,0.00031855626125434,0.000825545542220973,0.0129564468083926,1.19533790472695e-06,0.00687271506744597,3.53605474573132e-07,5.37434049014307e-08,2.59574260624297e-07,7.34156724775907e-10,4.10112850912439e-07,1.0197470508823e-07,6.8420930379777e-07,0.000168656392674964,1.41577467157441e-12,4.73315610164612e-05,0.000384724727456491,6.48241507167681e-05,0.000222402139876171,2.14317819267743e-05,0.000320153864110508,9.96564657304466e-05,0.000485019106347564,0.0103212991850276,8.21296848310054e-07,0.00545432404121862,7.07838677670891e-07,1.06675852694303e-07,5.16338800908745e-07,1.46258664617041e-09,8.15173565888613e-07,2.02942872140576e-07,1.36146608988541e-06,0.000335672445459907,2.83747814557511e-12,9.43284870516934e-05,0.000425980158636,3.38124341970186e-05,0.000149525190958615,2.36029863295103e-05,0.000221819263559503,6.68762468350067e-05,0.000329005566130935,0.00679644901935059,1.32365498378924e-06,0.00318301778786587,0
0.00798796719771645,8.30787781734681e-06,0.000738478461843027,0.000398367391637851,0.000652199803917222,0.000236630222383743,0.00949767023636744,0.0171642740191947,6.25428850263589e-08,0.0118589023717917,6.41060130789397e-05,6.77462857241398e-11,5.47998654896462e-07,1.5948095864203e-07,4.27257794141038e-07,5.62130239902997e-08,9.06354992495517e-05,0.000295745375222448,3.85285826031109e-15,0.00014133998128454,0.00405859871171935,6.0279518600918e-06,0.000445532374141709,0.000156329318928899,0.000381532102858579,9.08638848288109e-05,0.00479279612259102,0.0124293167543583,4.32972817422767e-08,0.0099070896216212,0.000127584565844095,1.3642809699698e-10,1.0881654819685e-06,3.17103918955356e-07,8.49383235842201e-07,1.11659593175896e-07,0.00018038397027207,0.000588873267034521,7.74511909295765e-15,0.000281239074141976,0.00353405425424752,9.42367737526423e-06,0.000216084329014849,9.85663755770661e-05,0.000173587526201633,6.41581995114854e-05,0.00436879819028749,0.0117706749460105,6.93082649171475e-08,0.00725651283257722,0
0.0274375475180288,4.60634814834975e-07,0.000581674170314707,0.000323636141290859,0.000748920522947528,1.62830011028634e-05,0.0145824186855868,0.0209318277824338,3.2285407557092e-09,0.010941154728152,0.000756509231727261,2.07674619329937e-13,3.40043415378036e-07,1.05234174877772e-07,5.63686742734076e-07,2.61653495266829e-10,0.000213554467536281,0.000440342451907962,1.02123638318541e-17,0.000120302418254851,0.0202172264920683,3.30633243309521e-07,0.000273737366289707,0.000108556761674052,0.000436144805092502,1.16337426783516e-05,0.0115231718422226,0.0161308795841399,2.26115321369717e-09,0.00865805870738,0.00150544084149346,4.18818846330887e-13,6.76284219523583e-07,2.09447827654049e-07,1.11927007386941e-06,5.25479426677205e-10,0.000425119195890946,0.000876265089440881,2.05846644576829e-17,0.000239387434303139,0.0154627231226101,5.10870771927647e-07,0.000174873798760376,6.93036096662076e-05,0.000212697070663134,1.85015808503823e-05,0.00655552212811346,0.0129019718374821,3.58014304946111e-09,0.00614367253392823,0
0.0406496252814173,2.37928905779148e-08,0.000782638413154207,0.00046216814898425,0.000676084435757862,1.00561828734508e-06,0.0109809691318472,0.0234799495865269,1.64877975037599e-10,0.00979665625930372,0.00166000799976237,5.57852178283686e-16,6.14911820000211e-07,2.14667999179489e-07,4.58978010800083e-07,1.00268789799985e-12,0.000121103141589354,0.000553956066821757,2.65333309588998e-20,9.64208281153169e-05,0.0327771904180084,1.72327729030872e-08,0.000469724942797538,0.000199366777134742,0.000362133136479282,6.91029218723485e-07,0.00838495781527723,0.0184215724857617,1.16728913854623e-10,0.00767810934973514,0.00330409766826411,1.12115136172394e-15,1.22434462768735e-06,4.26160100298927e-07,9.13501487553726e-07,2.00890574573391e-12,0.000241078979003475,0.00110248948688436,5.35853377604794e-20,0.000191908066145224,0.0307164353305716,2.6365110015511e-08,0.000260394462995059,0.000128963215410929,0.000223197037911212,1.11406525470593e-06,0.00627230609320691,0.0125106340963443,1.82919472166379e-10,0.00699051597697481,0
0.0543622641207978,1.25174469077191e-09,0.000812383989702874,0.000235204290833885,0.000614092244361942,0.000222933837782238,0.0105728782118249,0.0316225429625934,0.000321124114732794,0.00930380392577569,0.00296878456999212,1.55663951330169e-18,6.63185252128524e-07,5.55989067609706e-08,3.78648216827239e-07,4.99063782416798e-08,0.000112334728441339,0.0010039586126937,1.03601981500142e-07,8.69675503615247e-05,0.043724951157706,9.08685543305956e-10,0.000474293195112294,7.91811382398399e-05,0.000326726263590822,3.11424365649874e-05,0.00819533774871017,0.0257687577148637,9.89754750808428e-05,0.00756922211828142,0.00590908307570881,3.11565687166637e-18,1.31700912011661e-06,1.10378499596962e-07,7.5357122549834e-07,9.90754338163658e-08,0.000223558308863914,0.00199892376624215,2.06204641643597e-07,0.000173092617965597,0.0293982875544647,1.38565849125253e-09,0.000232875707652498,5.92872806149519e-05,0.000184538512372207,3.47388087455993e-05,0.00506379211427395,0.0231262763885333,6.71648401112288e-05,0.00538025500657306,0
0.0440536766694888,6.7083622040306e-11,0.00559317911271138,0.000326889176192092,0.000619616816038149,0.00023397389722409,0.0165285575634748,0.0209992403206983,6.34748225252479e-05,0.0103549328968305,0.0019485846699692,4.50203197498603e-21,3.14384147411392e-05,1.07393120728365e-07,3.85725139334367e-07,5.49890187406614e-08,0.000274358628335025,0.000443179582676749,4.00974819107884e-09,0.000107606681607009,0.0345396583062655,4.83715526719797e-11,0.00300294177058451,0.000105657500340153,0.000319974614886433,7.38278105628534e-05,0.0131479160267393,0.017057784042603,3.86127904370229e-05,0.00776853399030641,0.00387945841273102,8.97948123960936e-21,6.25574167703871e-05,2.13712687085464e-07,7.58885675279553e-07,1.09197800993845e-07,0.000546151218627469,0.000881929592522843,8.01871812706863e-09,0.000214291704112175,0.0288302652840007,7.41951401720908e-11,0.00187938681957151,6.63793276750401e-05,0.000199276816946871,4.86879442841501e-05,0.00828312621643558,0.0117796398734997,4.95501097967207e-05,0.00656391640790224,0
0.0238230701598426,3.64250862286469e-12,0.00083815099368872,0.000400957113763695,0.000490290180258999,0.000331537487477492,0.0211432892813598,0.0155114786230628,0.000230473387589616,0.00873236446554006,0.000568473060908084,1.33255809820433e-23,7.02936033493772e-07,1.61574203990701e-07,2.41423544174098e-07,1.10461845285716e-07,0.000448670884000454,0.000241729532037645,5.33844069388739e-08,7.66371666341651e-05,0.0188406673251619,2.5902363641371e-12,0.000547716796158862,0.00015885378726293,0.000234545067143489,0.000141805755970445,0.0173730065518269,0.0127816218595085,5.66185075813697e-05,0.00689497256267474,0.00113315832522104,2.6525961461717e-23,1.39927533735694e-06,3.21258964832494e-07,4.80575791184784e-07,2.19826256656996e-07,0.000893385886620386,0.000481109996214753,1.05965634345738e-07,0.000152499397206391,0.0143226379025011,4.02663056194414e-12,0.000292270687135319,9.95701167542969e-05,0.000138551493520243,9.26269577322195e-05,0.0129961750759306,0.011958846430863,3.74827880615771e-05,0.00431543319804369,0
0.0516646345850142,0.251136581664103,0.210878728907441,0.0509545441096032,0.0282913429358071,0.0241690091956399,0.343116855794112,0.0892302460423137,0.154476442183199,0.0323278928941058,0.00267560120136392,0.0633604091739127,0.0444432503081066,0.00260525564010716,0.000804096998220019,0.000586572019893525,0.117463116293209,0.00796807935683863,0.0239347415759773,0.00104988832307958,0.0321006634711131,0.151904770560801,0.129642361848412,0.030172805236523,0.0196967963832194,0.0168531707613262,0.230277308257139,0.0603063273993097,0.0916007851981328,0.0231187199367096,0.00533130504070596,0.126113054132925,0.088690863179273,0.00518858423335607,0.00160044637879078,0.0011677270348872,0.234604207182522,0.0158901536602241,0.0476780251247942,0.00208972497444632,0.0278884940821142,0.190465393873636,0.136421600367398,0.0396651605564284,0.0161367315307148,0.0136655958942463,0.281723458520949,0.0590280774533794,0.116695062709703,0.0267932024555941,5
0.0998222846251515,0.351543115223471,0.211382941191675,0.0545727518013178,0.0182829764220263,0.0284659303091375,0.223013230943754,0.128423552708246,0.201602223860024,0.0299445343546215,0.00997393044854689,0.124150765618809,0.0447589908111101,0.00299309194056106,0.000335494972769319,0.000812392623672961,0.0491618440324035,0.0164996778262368,0.040815688126087,0.00090048538564036,0.0807304587265451,0.18831630899983,0.170062889303222,0.0323125699502008,0.0148069458311033,0.0222001469428208,0.176167172238158,0.104972135195687,0.161247387436018,0.0228313852518064,0.0198883971009994,0.247106323137704,0.0892176565410465,0.00595617932450094,0.000668072800401799,0.00161863952708148,0.0986455202569118,0.0329096718532875,0.0812550637512367,0.00179265808564384,0.0924493834082215,0.213006892983073,0.185606868207908,0.0269117648769202,0.0145990804403389,0.0195809792747966,0.147457696873611,0.0817407468483465,0.19630786812476,0.0158635281864137,5
0.0492229489474776,0.275599282297791,0.0762297932514717,0.0449116812888905,0.0108554238839203,0.0165130693393195,0.0877138426794586,0.0679124033966637,0.113868615887918,0.0270235635060991,0.00242330692192922,0.0763029183506547,0.0058220672759526,0.00202166192502951,0.000118387634284648,0.000273559455141916,0.00773167376393085,0.00463266770207069,0.0130198075318717,0.000733291097829662,0.0334191248524695,0.205158575277717,0.0525342868194987,0.0327837041861853,0.00855638349515904,0.0126913435272178,0.0634846193990737,0.0476104504190225,0.085756559322676,0.0203545445402705,0.00483406956328769,0.151871746719899,0.0116037157114105,0.00402859529163736,0.000235626980822635,0.000544872004940356,0.0153855785548367,0.00922147025309374,0.0259206437441563,0.00145988839993186,0.0411966062794371,0.248557991217726,0.0720493704393627,0.0406896904615492,0.0087364138421557,0.0136044713189045,0.082741885230173,0.0467434356219756,0.0650007715867927,0.0192791551961433,0
0.00343344424298293,0.0210254280260199,0.00391364749783079,0.00311160853149201,0.00117145428319579,0.00129572309986574,0.0207957198884054,0.0209023578454164,0.0120000128009589,0.0113301804762763,1.18348993539215e-05,0.000432362678773925,1.50408283750048e-05,9.45153876039462e-06,1.36902507407359e-06,1.68733502660644e-06,0.000434106702440699,0.000438744034886106,0.000140800636172528,0.000128941897670039,0.00225174723071316,0.0148311910638372,0.00282631988116226,0.00223606187975753,0.000873230873091787,0.000931959550934817,0.0169850011074793,0.0161773509700932,0.00856891476776852,0.0092801551938455,2.35642621789373e-05,0.000872266869036399,3.02757760651208e-05,1.90859547645169e-05,2.72226283081981e-06,3.35706773608508e-06,0.000864376185443345,0.000873427760977026,0.000284096665901892,0.00025666784710103,0.0035312895172013,0.0233755832440202,0.00425815468202326,0.00345514476062283,0.00103209382656868,0.00142225492588075,0.0158891957871985,0.0143374552687025,0.0134427488657967,0.00698837886245656,0
0.0721191411412314,0.194554751068752,0.0857670267868575,0.0103187433444663,0.0105179249227588,0.0182136173339785,0.158366968922146,0.0883474866376548,0.0851052363042991,0.0277786096312122,0.00522309597228892,0.0379625380906762,0.00739209579826997,0.000107010268083491,0.000111021341757993,0.000332793047803388,0.025205267221375,0.00780902555653245,0.00726950148345771,0.000767406076560807,0.041714919230235,0.121566107523372,0.0455490928560368,0.00567549755078947,0.00691708228111364,0.0102134771300697,0.103714118665071,0.0588980205612109,0.0545979838019651,0.018546858201831,0.0103979894570913,0.0756238063779976,0.014711029076858,0.000212944969692222,0.000221092944796459,0.00066286440517342,0.0501592126116229,0.0155743725133867,0.0144760551012525,0.00153521912821192,0.0559126838269435,0.15636239028117,0.0494227969450002,0.0058716473424389,0.00636422228593853,0.0129232631093165,0.124593333075989,0.054033069572213,0.069308681228334,0.0218736816836514,5
0.0871393999615377,0.070163435280513,0.132447847905669,0.0494314922503499,0.0102206758056256,0.032664964129624,0.182094805648866,0.0703879521532923,0.0641737222901059,0.0271573590735427,0.00762732992700891,0.00483865596673226,0.0176253317192143,0.00245521990491785,0.000104830173886237,0.00107182439106711,0.0333151601999971,0.00494251519924617,0.00411407043472227,0.000731326798722774,0.0559890795484594,0.0555173566240575,0.104404763934392,0.0339288289497546,0.00797054010834471,0.0261474408207544,0.144026797642525,0.054303593779046,0.0519745602014329,0.0193782547367008,0.0151824524652924,0.00973735691467437,0.0350787077103437,0.0048864150310729,0.000208767656415914,0.00213346398874524,0.0663066615551434,0.00987204673237073,0.00821172056225808,0.00146519212543535,0.0563764067453682,0.055393929649037,0.0991883400073554,0.0316122389955821,0.00582498878925993,0.0278902382832954,0.141768724092582,0.049132950882143,0.0387921962304905,0.025710567436309,5
0.0380342136070778,0.0238934300010874,0.0277898985842844,0.0302557437888957,0.00168651748788698,0.00816935793615168,0.0491170470211915,0.0239958851274814,0.0570091876073003,0.0105773135240154,0.00145350253643041,0.000572779026988708,0.000775412524713073,0.000919938842636211,2.8586020178111e-06,6.70722388366572e-05,0.00242141467877989,0.000577804966045922,0.00326553247115928,0.000112341754564074,0.029102206853863,0.0188001509542376,0.0213701907654123,0.0236537036816076,0.00127497390215268,0.00587882542707461,0.0375605116927082,0.0187274471664283,0.0441089545189774,0.00854592686552488,0.00289279939477491,0.00114079649513665,0.00154379607674936,0.00183073645246436,5.68560712346852e-06,0.000133469965438472,0.00482148254593567,0.00115060923962969,0.00649925019968077,0.000223653269871569,0.0319221724745402,0.027890094360982,0.0305270930504544,0.0288393167145606,0.00176819131095892,0.00790317651264732,0.0392821490543765,0.0167180529849888,0.0437866072584352,0.00774259700592212,5
0.0066421094401287,0.00194124773592564,0.00282106619869605,0.00262547959390308,0.000635783425342131,0.000534409965264292,0.0129048870343524,0.0153346290172119,0.00612395539970631,0.010881883239257,4.40674317159924e-05,3.6756383249681e-06,7.78911534153294e-06,6.73229160319695e-06,4.06247148535358e-07,2.80406715861331e-07,0.000166132045336655,0.00023621218221799,3.70368645260826e-05,0.000118868072615454,0.00508168358839139,0.00136163840430951,0.00200649002466006,0.00186798042879581,0.000308125835333314,0.000369685213012868,0.00978860117648628,0.0123760194418978,0.00449060115354613,0.008359048714206,8.79620097400328e-05,7.42547703463572e-06,1.57084746189494e-05,1.35890868518709e-05,8.08435010226006e-07,5.64308024551845e-07,0.000331816012335533,0.000470092885022243,7.43521215128263e-05,0.000236687065127978,0.00645621161100928,0.00212605757985107,0.0029869119441471,0.00289020113955821,0.000185256461751433,0.000534751661295973,0.00954573913447609,0.0129177318666072,0.00648420573878785,0.00636177964881627,0
0.0407187333832293,0.199232720171137,0.0921363852171509,0.0250078619165271,0.0127177682438443,0.00592470962979697,0.0589325046096357,0.108003566322338,0.119402995789464,0.0220551821863622,0.0016660519868468,0.0398089582420049,0.00845587902771166,0.000626124958491699,0.000162554286236414,3.52712742758031e-05,0.00348368421803204,0.0117044298344501,0.0142627438719309,0.00048810951099162,0.0210926960879441,0.104266923539501,0.0451730146128678,0.015074738844556,0.00749272484204332,0.00356395809616184,0.0350601019348758,0.0606278691236977,0.0625379854314929,0.0148800202816042,0.00331572504328714,0.0793002002790867,0.0169025918022633,0.00124837460591721,0.000323474079855349,7.01805564126409e-05,0.00693859585592198,0.0233106716420713,0.0284466541753557,0.000972053623709962,0.0201497445339392,0.150137310783334,0.0500493585992208,0.0165589035183908,0.00605446280538164,0.00377559537160343,0.0338845506805356,0.0591571635499122,0.07999122879812,0.01537260636587,5
0.0890222318850196,0.142698961958156,0.150517185225341,0.0353906411778424,0.00877138522668064,0.0199999244196827,0.10073583643945,0.0936941325376012,0.0988978553530766,0.0187855513986117,0.0079647658171466,0.0203656334735444,0.0226996057641898,0.00125852996977487,7.7320227902513e-05,0.00040176117506577,0.0101249848810071,0.00879014031975872,0.00977881843816552,0.000354484793840389,0.070960611451736,0.107513746577781,0.124000183256923,0.0260254600168768,0.00646021510087435,0.0156497016432594,0.0811708035250201,0.0748844488751442,0.0787187424945001,0.0155183577517617,0.0158498864595848,0.0406260784640498,0.0452379612846839,0.00250470634455484,0.000153845060267216,0.00079971896920984,0.0202220053811109,0.0175239641684358,0.0195097434596753,0.000705606306053815,0.0634093675497353,0.156741067776136,0.108654422454343,0.0190928249130582,0.00496720741450668,0.0109496180003183,0.0715214769118342,0.0821619096853949,0.101896566912264,0.0150632692954043,5
0.0442744153150477,0.066129937080668,0.0777094406057338,0.0686036355894526,0.00446705164077194,0.0104697939001593,0.086405819935815,0.0496383628951264,0.146340827598969,0.0143391938961627,0.00196885645845286,0.00439406750981957,0.00606891799110269,0.00472801414632454,2.00537707711217e-05,0.000109977432126396,0.00747169324981712,0.00247634715144361,0.0215205500332449,0.00020656997231855,0.0356356467625968,0.0466825367753589,0.0527458498919722,0.0457157283491432,0.00231214149600296,0.00728629898326603,0.0612910581645052,0.0385649928634629,0.100844030698269,0.0107887653833959,0.00391918358468326,0.00874525575553889,0.0120773230603602,0.00941080803670462,3.99045111016415e-05,0.000219043068560084,0.014900290726388,0.00492783177456711,0.0428284367562184,0.000411149121403484,0.0337381586978475,0.0570420503816921,0.0657187662142384,0.0595495550052351,0.00295220415816769,0.0109393846855978,0.0824030974456545,0.0451518970921776,0.107266721134808,0.0100111462729546,5
0.0163235558662146,0.00398027839324472,0.00292460958548841,0.00220350901122852,0.000712381962326678,0.000916702121142092,0.00831323972868068,0.0123261550864175,0.0175079259306841,0.00727397200680275,0.000267430787534445,1.58723052635451e-05,8.59458636028167e-06,4.75024953590936e-06,5.09892794488828e-07,8.44120782643658e-07,6.94428203441271e-05,0.000152045527492008,0.000302037730985622,5.31367763749325e-05,0.0127681920071563,0.00275925337783809,0.00209302147417572,0.00157692099869933,0.000394164708766813,0.000654206999351751,0.00670770933919572,0.00972849674998643,0.0126321136985469,0.00605672443744587,0.000532547885181367,3.16346479060179e-05,1.71048740508254e-05,9.58192312065516e-06,1.0148235530865e-06,1.68019027669789e-06,0.000138175438626144,0.00030312078585382,0.00060705410169158,0.000105781329781966,0.0118756036047257,0.00441881440794218,0.00309982970855077,0.00245514471382626,0.000238832748888858,0.00101888640517456,0.00500240803115867,0.00699618471771843,0.0200845203493653,0.00432691538031811,0
0.0131086566124605,0.0542709390193231,0.0468624762745372,0.0204983963113054,0.0133299138346532,0.00911956460794178,0.0380588359470316,0.0390226617791101,0.0443468928152755,0.0261791787683751,0.000170648595792184,0.00295696767743383,0.00220711422115463,0.000422290469817998,0.000177787991449224,8.31818617526426e-05,0.00143161156749912,0.00152141379695266,0.00197498846966358,0.0006878893835863,0.00686371133172771,0.0164827441785836,0.0166866389954455,0.00758662571587704,0.00616201518913772,0.00323605280585132,0.016751866966455,0.0217900755799035,0.0162978241520313,0.0130327932577578,0.000341284719619306,0.00588419124949613,0.00439184998832517,0.00084022758398555,0.00035457994057745,0.000165930336200155,0.00287274101484024,0.00303645639293609,0.00393155065356932,0.00136972134266501,0.00402052595509181,0.0194376293267057,0.0205360632390868,0.0101196949496769,0.00576069113394184,0.00473358308771257,0.0160291679289492,0.0213579595227909,0.0169913562750773,0.0126216764412063,5
0.102461425949743,0.217796016285778,0.172413365415829,0.0444278942467918,0.0102846292729064,0.0259280989850727,0.145298303720675,0.166392213190386,0.125863524744605,0.0441800058323225,0.0105405962604515,0.0476410080516759,0.0298585735204627,0.00198340815307783,0.000105403598632884,0.00067280997346709,0.0211875551748911,0.0277872601689023,0.0159211829194665,0.00196166779704905,0.0818558260410766,0.148496237914304,0.138722306535204,0.0318799390042176,0.00812750774845724,0.0204267423454409,0.117873441694656,0.142367479575191,0.0865698786398879,0.0332426914736762,0.0209861632628037,0.0948370871972045,0.05943448364297,0.00394731481579565,0.000210630091849615,0.00134171221824546,0.0421931656873633,0.0553345165095138,0.0316822330399654,0.00390340101193533,0.0500692677900482,0.152221013798823,0.0977639002048628,0.032428276971876,0.00661046668620533,0.0151097484902137,0.10143777880955,0.162200054952806,0.0849691496137819,0.0380640963955225,5
0.0681972374483363,0.0976689911281056,0.0910830330726174,0.0908019193050442,0.00861514528034524,0.01734180352662,0.0956859071492311,0.0492057641956502,0.0948705839762587,0.00904383941406298,0.0046583980373494,0.00955790332604923,0.00830617365971795,0.00827831914943937,7.45038592940349e-05,0.000301618795510347,0.00919879609923051,0.00241832974203896,0.00898813102445109,8.21245220664561e-05,0.0545414302970513,0.0782070918254447,0.0720143780203292,0.0727300730335809,0.0069898931452042,0.0129852868221983,0.0722429737214893,0.0390445962421802,0.0798569426066561,0.0073539904347011,0.00928564926583018,0.0190492786383569,0.0165596588937373,0.0164819057124197,0.000148347071031795,0.000600848222686904,0.0183082425316659,0.0048272102715307,0.0179436100774487,0.000163449378230888,0.0605877851879013,0.0990777259403751,0.0515778591950878,0.0714372620161334,0.00801883628934399,0.0159300398477406,0.0799286894818238,0.0453607724750971,0.0787214578403676,0.00585887718204387,5
0.0208708574583165,0.01515653571499,0.012707554076689,0.0147407045707422,0.00160691720874732,0.00176840232355361,0.00929110954251808,0.0173571878274607,0.0459856729629487,0.00872113075063182,0.000432955666068191,0.000229031246193576,0.000160087978939593,0.000213477314105273,2.54154546616126e-06,3.08658948594073e-06,8.55688626465769e-05,0.000302083880721803,0.002095835232011,7.62254974370559e-05,0.015508243302247,0.0105485865625561,0.00889298038494969,0.0103352158025973,0.0011923980871148,0.00124517023111293,0.00733581050996361,0.01397235763171,0.0346358293206389,0.00736827523895428,0.000866367797895409,0.000457596711800973,0.000320745851718946,0.000429695127478335,5.11072948945197e-06,6.19834010514696e-06,0.000171462644847275,0.000601843663347829,0.00420001921390463,0.000151900141140799,0.0159270470875312,0.0169905259065466,0.0141903330571759,0.0164162211109652,0.00159559996368436,0.00198879446934141,0.00994014691239788,0.0127238400105517,0.0540156531609355,0.00582373246978562,0
0.0117545572151069,0.000868283843522322,0.00100271110050583,0.000853762837404748,0.000760870467758693,0.000250045705608439,0.00332382083986239,0.0149029345593634,0.00298371069830846,0.00814330840798683,0.000138828373612962,7.46322014053417e-07,9.99836766410882e-07,7.1849701075243e-07,5.81541537529302e-07,6.2655272008336e-08,1.11032595823552e-05,0.000223136010638279,8.70608305906099e-06,6.66400147222894e-05,0.00962011237913682,0.000602822986874399,0.000698894773568199,0.000606349486561519,0.000426439587793763,0.000120560981719731,0.0025616225136122,0.0116390948542845,0.00213174501610766,0.00634029831488883,0.000276268980771965,1.49636773400003e-06,1.99751658813994e-06,1.44149242344895e-06,1.155062107898e-06,1.24582266222092e-07,2.20907515073049e-05,0.000444094483434492,1.75644917862997e-05,0.000132614049888796,0.00517483983957197,0.000917908408271484,0.000768374958779141,0.000838925576045473,0.000252813820513646,0.00011373729730502,0.00124416077532596,0.00891355231589167,0.00329079619597208,0.00494302917185937,0
0.0661910735993176,0.222562832741804,0.202528838261458,0.0807994721553245,0.0308603887834267,0.0286334827603766,0.0978210132176813,0.124615395381448,0.19326064810941,0.0388409071045976,0.0044002826375087,0.0497750191563824,0.0412234168227178,0.00655275533740942,0.000957148983975057,0.000821737374994239,0.00960894237735494,0.0155479419978067,0.0375281414084049,0.00151619272247889,0.0475052331161086,0.152262101865952,0.141003858423576,0.0609312854262644,0.0210566100520843,0.0212916464681315,0.0716046699712256,0.100805602244685,0.142232942494077,0.0305393459602994,0.00875950742095956,0.099060072639583,0.0820344054727865,0.0130485460930578,0.00190472422529687,0.00163743225265295,0.0191290706139499,0.0309988410117661,0.0746901782428117,0.0030172226002803,0.0339330807837121,0.170452791345993,0.141720634452267,0.0637807607606571,0.0200765018544923,0.0212539689757437,0.0767102180400555,0.103771919722746,0.161180709399636,0.0345920256563926,5
0.0532207373163268,0.123487759915174,0.148985904287895,0.0705645006625045,0.00723771166773276,0.0117744615737249,0.097661139549676,0.0746995788919338,0.0878416695473754,0.0146622053296982,0.00283315276021666,0.015321701222592,0.0222731732878004,0.00497562046119704,5.26301977363093e-05,0.000137244860167323,0.00958266637084309,0.00556626306626665,0.00775152547090662,0.000215598071923358,0.0441765616372261,0.101328354024188,0.12312011950793,0.0570913197025172,0.0055022453061964,0.00773924299859633,0.0813630795168001,0.0624546389923955,0.068006422438681,0.0117224074725,0.00565140553955735,0.0304943194942545,0.0443585300634291,0.00993007463191846,0.000104750296637363,0.000275177538353367,0.019072297175872,0.0111184552278585,0.0154288811023721,0.000429452757858026,0.0455492646649604,0.0989622727431177,0.109188496378574,0.0515608637613857,0.00377926881307115,0.00786991841220039,0.0934321396251066,0.0641362783252729,0.0628467100392903,0.0115393341779836,5
0.0218924861265367,0.0355069921522419,0.0413346981445512,0.0181762283638429,0.000949676552416504,0.000499846146228885,0.0286988481545598,0.0240583938750123,0.0561255720660298,0.01140958008353,0.000478923206215406,0.00124583673951606,0.00169515714717424,0.000326849106565183,8.97255441765591e-07,2.47610947220785e-07,0.00082714825321241,0.000579373920097342,0.00316363239601472,0.000130327603627395,0.0149189273995797,0.0261504058529356,0.030706128111655,0.0130059323900138,0.000728861659118694,0.000341881031184564,0.0217210446597918,0.0188398414155019,0.0432007439463041,0.00946695788323876,0.000955770271759783,0.00250033034240672,0.00339519079025343,0.000655579247562101,1.79437418623859e-06,4.96203935065101e-07,0.00164661252807054,0.00115527765916713,0.00629780292717979,0.000259849291553633,0.015731618260315,0.0402231625785831,0.0472174140650571,0.0198736156609414,0.000992195020625689,0.000516728920969924,0.0306060991588933,0.0218891358546844,0.0644715590266161,0.00813417077288736,0
0.0140572692576245,0.00199902222843401,0.00260330808867897,0.000942162571644409,0.000809128409659505,2.07945812955309e-05,0.00622420444873151,0.0153672963822521,0.00392602610144689,0.00875033751985008,0.000198497031721625,3.94832416126956e-06,6.63022405127939e-06,8.75090962390309e-07,6.57723292623573e-07,4.33317819063585e-10,3.89223071463897e-05,0.000236823833296306,1.54076847728237e-05,7.69488900616589e-05,0.0109877602986412,0.00145082271342623,0.00186788805197549,0.000664954716377107,0.000504168874727132,1.49353053137275e-05,0.00487560242717298,0.0125395548564797,0.00283645547136252,0.0071649187067771,0.00039508641864623,7.92455650871376e-06,1.33724744159646e-05,1.75795175743634e-06,1.2957898727786e-06,8.63539913079318e-10,7.74669331472848e-05,0.000471787814305515,3.07434925293654e-05,0.000153126700322696,0.00930741674217718,0.00221474707591485,0.00280504268044485,0.00102187521250824,0.000244196817345298,2.29905819939676e-05,0.00335498976759528,0.0105654758818814,0.00434554291943762,0.00879825295294166,0
0.0382647140290085,0.104077482135043,0.120388287199802,0.0294508593309889,0.015494144662846,0.0211897593492863,0.0697568538503517,0.0906270324053762,0.0906499470585061,0.0306862143572732,0.00147152981748591,0.0108853423722571,0.0145608108429226,0.000871646578602345,0.000241033424752403,0.000451196569298755,0.00488942606913575,0.0082494717792733,0.00825800071920423,0.000946155920614543,0.0238036856552392,0.0723755704161112,0.0853973257880402,0.0201166697456339,0.0103872469103826,0.0133295754641332,0.0435421188715384,0.0630079555978047,0.058571278026965,0.0235324398349479,0.00292832113340821,0.0216612098873917,0.0289813143800105,0.00173463212966238,0.00047987644910535,0.000897945249919772,0.00973036429578807,0.0164213173433213,0.0164340488665453,0.0018830446381221,0.0217223939498914,0.0805252132147925,0.0843778046360303,0.0190721597710127,0.0100315787754967,0.013843479876893,0.0369122971233937,0.0637283482519913,0.0664555363208036,0.0239277293636421,5
0.0530872718749493,0.140951942891167,0.129969455532051,0.0494187356752158,0.0104047968232994,0.0278713476054385,0.109581294390201,0.075500264103514,0.0830853474033864,0.0313521789884406,0.00283015148508596,0.0198850568331583,0.0169498789352029,0.0024544549990157,0.000108760892931517,0.000780310751090635,0.0120544865656951,0.00571604099051672,0.00693602263087187,0.000987208892616917,0.0423668294450878,0.0957425533737379,0.101853713702571,0.0343896573872113,0.00808837483893634,0.021265814973407,0.0911350550564594,0.0611932440984867,0.0634913585380182,0.0246347404385861,0.00563422775597935,0.0396514160072318,0.0337563365505424,0.00488439142233916,0.000216476882601212,0.00155321735975091,0.0240020415834965,0.0113876163898497,0.0138044463973741,0.00196520808643058,0.0373185386507147,0.0899783747889724,0.0618359224102442,0.0255994404670278,0.00819344040919439,0.0226933054716972,0.08709405128854,0.0467055820738467,0.0443526503244073,0.0208545886773248,5
0.0315473670590475,0.0854991298489878,0.0292016365019461,0.0118747773914331,0.00298201768659886,0.00317436969629512,0.0444623615499832,0.021138971073467,0.0802100283754274,0.014952030220199,0.000996601099531459,0.00725721627712013,0.000847671067471855,0.000141682559176444,8.87386910808947e-06,1.00013645115249e-05,0.00196191588457768,0.000445675673316176,0.00646344297172537,0.000222991116440028,0.0249425374744175,0.0632124900542056,0.0206627471291711,0.00992569488258137,0.00235208763965692,0.00231291366455398,0.033200838740523,0.0162888226234581,0.0630905898224228,0.012120937751899,0.00198685412569555,0.0145309731409143,0.00169615384827157,0.000281983469574182,1.77172503575242e-05,2.00273829545647e-05,0.00392896046019451,0.000890299630438532,0.0128647300436507,0.000445434621679963,0.0177195273149383,0.100362937829624,0.0266266429791012,0.0148818369247816,0.00362536120546614,0.00365160184921342,0.0493333754690155,0.013760244538933,0.070796533847284,0.0154109031582914,0
0.0193645079504634,0.00590313269667899,0.00152390637135741,0.00131571680492688,0.000681137589649944,0.000193243735832984,0.00825078391893076,0.018294487289657,0.00872399355570824,0.00918835664684392,0.00037683084502925,3.45762750585306e-05,2.31197801315969e-06,1.72706366431439e-06,4.6484987914589e-07,3.69726459370472e-08,6.84075498284534e-05,0.000336333149758945,7.54647472347277e-05,8.4846182729797e-05,0.0158718602671481,0.00405337659300348,0.0011418954682713,0.000933844016356192,0.000415179005254467,0.00013369911050254,0.00638692117491794,0.0148640458908192,0.00600360019813031,0.00697937952421012,0.000749926931891399,6.92490427870844e-05,4.62206705285438e-06,3.44945100811527e-06,9.25430918903045e-07,7.41297288778979e-08,0.000136140843764177,0.000669304798583574,0.000151194259923055,0.000168824472536537,0.011448022652726,0.00653845474128138,0.00158621725052582,0.00136932168451842,0.000215296396788381,0.000215010172327,0.00413159803987715,0.0114091382785719,0.00967799296731774,0.00593306651701958,0
0.0232264977309653,0.0977750690481773,0.116185999111579,0.0393976581725931,0.00892630072556703,0.0117150419674808,0.0410546748242587,0.0467963084334811,0.0944976502452219,0.0223106712002072,0.000540503744811528,0.0095586845336044,0.0135652905318326,0.00155909577980903,7.9920301103133e-05,0.000137512186711791,0.0016931949920321,0.00219483122099956,0.00897211296766372,0.000499132855442123,0.0178939888502208,0.0657558039621723,0.0733170816571578,0.0262759619236868,0.00574961801445975,0.00657977722789271,0.0288075161180234,0.0359929769662749,0.058641416618778,0.0159980945395207,0.00107726909421734,0.0190708075618411,0.0269958077933116,0.00310347487850877,0.000159132021712128,0.000274033075426066,0.00337000082343548,0.00437324576770787,0.0178570506632598,0.000994384409821939,0.0126631773532875,0.0645084222076994,0.0657699807783109,0.0295527066918705,0.00511106607567407,0.00607388690168904,0.0170101719974036,0.0228411302746913,0.0750220769349551,0.0163733275965088,5
0.110994138293398,0.121469101926896,0.113770140081613,0.0480335829381844,0.00987347135836984,0.0276645099160721,0.104497245396605,0.0656014006354438,0.0833572034111313,0.0226277016750358,0.0123669960886447,0.0148157078371949,0.0130084176112762,0.00230993708414145,9.74084712053506e-05,0.000768854437573127,0.0109732934422913,0.00431170162707812,0.00698105425308157,0.000514184433357556,0.0924294680973004,0.0882125186022141,0.0879878039803544,0.0247626579101871,0.00804555270198418,0.021162554967181,0.0870579430473762,0.053113999917477,0.0645341522442695,0.0174718325029719,0.0246244707419001,0.0294950899783452,0.0258869951773941,0.00460477002908331,0.000194400750084617,0.00153033118093106,0.0218367577472028,0.008593451547886,0.0138943740415359,0.00102357887150173,0.0823222867337579,0.0729140129887262,0.060081106545262,0.0184860194973057,0.00646317728916334,0.0273221574425653,0.0639339415245785,0.0456266044967176,0.0546369126849353,0.0142775870077514,5
0.0584838747466786,0.123123386916272,0.0874380977790566,0.054829109659088,0.00518324989369749,0.00535417915179928,0.0585297497476115,0.0514272259652095,0.0665445987873206,0.0207469316668107,0.00342946133138549,0.015232389727846,0.00768377069072876,0.00301797982473058,2.68847067657042e-05,2.87986021288108e-05,0.0034411627440046,0.00265714392794737,0.00444867181647252,0.000430422258920373,0.0493354347598456,0.0930565026653321,0.0579748020708757,0.0345008708518608,0.00303188814131682,0.00383913186365237,0.0424924102191674,0.0380171525897026,0.0494244845062182,0.0154928820293548,0.00683266427939543,0.0303147212230012,0.0152897111761427,0.00600876215477998,5.36045037923624e-05,5.73191073388647e-05,0.00684938934163669,0.00528852960779191,0.00885435357313075,0.000858701732919349,0.0458513202219938,0.119429916933376,0.0766520589527479,0.0363961507654905,0.00319867512294087,0.00511762384625067,0.0564254060588727,0.0403057250094718,0.050903323700923,0.0200462243893972,0
0.0159666572386917,0.00976132020763754,0.00624709077636218,0.0027223595239599,0.000663729200847134,0.000345291596718903,0.0059910403317119,0.0177896601493965,0.00904277713544212,0.00955807141786101,0.000256113761314522,9.35653678426636e-05,3.82048196044088e-05,7.40568416015428e-06,4.42582565501252e-07,1.19025828562922e-07,3.54452937362365e-05,0.000316658010209734,8.05093112187609e-05,9.16729281223894e-05,0.0119459576280351,0.00681437776027591,0.00441754465968737,0.00194574060942424,0.000414066467847017,0.000249848911469918,0.00476946015665454,0.014322471458963,0.00660934710743255,0.00767582805878938,0.000509755424860165,0.00018837947766836,7.7037580438895e-05,1.47797154033372e-05,8.78188418718562e-07,2.3765085473541e-07,7.11540167185524e-05,0.000631543128203826,0.000161877327387964,0.000182569843903859,0.0100499540244585,0.010836832774225,0.00699040411414186,0.0029600395543704,0.000302780121743622,0.000382155337239261,0.00522618552767877,0.0094766808952085,0.010144366456617,0.00634494276963216,0
0.0153297206595553,0.0722802573336586,0.0373053215965209,0.0112963673330485,0.0171368436529137,0.00937653577630571,0.0327001501843139,0.0336520936548376,0.0338351533316007,0.0183397533185889,0.000235555599238172,0.00522752617030334,0.00138419471525302,0.000128204517028811,0.000293107187006175,8.77206673427782e-05,0.00106780099737549,0.00113553498309829,0.0011443751251137,0.00033270587738508,0.012497521444299,0.0279104568054272,0.0136273769857613,0.00431945724719083,0.00917202934316374,0.00400474845676586,0.0130656554338487,0.0228748120503128,0.0129980579170338,0.0101992614251326,0.000469372024843298,0.0104256945720371,0.00276890201989888,0.000255170923189381,0.000585293926197816,0.000175200366402591,0.00213175687392197,0.00226220199481489,0.00228345280372275,0.000667387369205579,0.00701755952089752,0.0356011477531563,0.0171203131193482,0.0055666136525641,0.00960909719611747,0.00557875175209389,0.0155663671257696,0.0217412909240466,0.0137131680722399,0.00792330772722229,5
0.0975342480038635,0.124453886574007,0.145064101616714,0.0281992543077147,0.0139234513195131,0.0264447429642437,0.123165741884321,0.139929560263964,0.0806449241502675,0.0441640259050027,0.009555921031992,0.0155559020261943,0.0211493397315323,0.000799053501123516,0.000193408234721853,0.000702596563546472,0.0152458790461082,0.0196774440187087,0.00652967665833957,0.00195547230755636,0.0754122735058017,0.104592288767543,0.11890979307758,0.0181112162405508,0.0101311735275299,0.0215053926870174,0.0906693738646113,0.12382648793787,0.0631229193931162,0.0384525929813761,0.0190210690320033,0.0309657883964114,0.0420852729230843,0.00159024499360402,0.000386302241457388,0.00139839871642721,0.0303390916598066,0.0391585024269202,0.0130003506026396,0.00389615603286462,0.0743363459706115,0.12257587166161,0.0918953811418457,0.0165574492976716,0.01133695620656,0.0220274538396625,0.0970649582993078,0.121849092594617,0.0595216035443994,0.0524794426106499,5
0.0290209809154883,0.116092027893506,0.0535432324109285,0.0602890445934608,0.0075686758780537,0.0082038025413632,0.0792929869578056,0.0388377825563468,0.116250590051796,0.0290345518470699,0.000845103960728037,0.0135445363063455,0.0028682818391844,0.00365260493594272,5.75159528562367e-05,6.75678461491974e-05,0.00630296249098703,0.00151043218412004,0.0135818016275167,0.000847235370245958,0.0226257581894518,0.0970322400755459,0.0434890020019789,0.0410114515434983,0.00450217896206076,0.00565742345374393,0.0617355793503857,0.0299653329299667,0.0957846366065619,0.0209189458875062,0.00168303112859292,0.0269537987806512,0.00572079701384588,0.00726900657285584,0.000114511958454528,0.000134532279298944,0.0125588222302025,0.00301121676392931,0.0270280875773221,0.00168597831954137,0.0309207540795078,0.127332095388819,0.0474451273204226,0.0328381632220411,0.00416068113042093,0.00736139936890969,0.0739072332560693,0.0463367085549577,0.0992135112841582,0.023415309578349,5
0.00222410062452751,0.0159517433984849,0.00628886396469562,0.0035014664207796,0.000760015817032589,0.000248748327194724,0.00632993663924336,0.013875985680011,0.0191372287614844,0.00927750437642592,4.96866322071419e-06,0.000255326639495978,3.97394693747019e-05,1.23156939669357e-05,5.80464340245194e-07,6.07731336654576e-08,3.91805486056008e-05,0.00019334671446818,0.000367592075366601,8.62873743384471e-05,0.00157541606405303,0.0111039826013435,0.00441238620551834,0.00248794179009669,0.000524459193579033,0.000179082631287499,0.00462577645082713,0.0111860208600737,0.0137851351526002,0.00731220254779735,9.88612846195921e-06,0.000508492559497371,7.9089394477068e-05,2.45123440462886e-05,1.15253754308553e-06,1.22344009616899e-07,7.90512928850217e-05,0.000384922232548416,0.000731965747987489,0.00017192285388967,0.00216167771799563,0.0176982089093142,0.00692439355305884,0.00381645385181612,0.000512869140148111,0.00027579321665958,0.00675788130473232,0.0110101408959644,0.0213245253681044,0.00596935613480726,0
0.00314089290014028,0.0375507473356205,0.0493671052304266,0.00200570950723038,0.0175449054995891,0.0149239183661187,0.0105757128032645,0.0142868597928614,0.0184267151610468,0.0108295400629818,9.90943583268896e-06,0.00141624382978018,0.00244810575448618,4.04187391401301e-06,0.000307168783326701,0.000222423647760161,0.000112246567742069,0.000204934249176729,0.000339377158113601,0.000117283390673208,0.00109909761995473,0.0111599975487084,0.0146006302155032,0.000627342639430929,0.00569428326814218,0.00485041666140753,0.00350960368628784,0.0110779495425477,0.00574735031175064,0.0087110226686572,1.97234282414338e-05,0.00281920424442492,0.00487293429336023,8.0432509142031e-06,0.000613452110749845,0.000444031020601836,0.000223530798589729,0.000408006587537659,0.000677207820311375,0.000233958017976938,0.00123445927775894,0.0165199962394022,0.0213261808560588,0.000762045610650786,0.00795705351492012,0.00671765913727307,0.00448924428157711,0.00898906391857048,0.00757260877149074,0.00652514506614214,5
0.0598380133030383,0.100892753328861,0.14527436805791,0.00704459209885851,0.0177127136463053,0.0264210249417835,0.100837155993202,0.110053376657223,0.0728192107106469,0.0159574546211496,0.0035890789036066,0.0102177635917481,0.0212040372435224,4.98754037173362e-05,0.000312132446629939,0.000698060045435924,0.0102191880072961,0.0121719604039147,0.00532116901430208,0.000255740392591419,0.0455167081660375,0.0760203966248168,0.116607970906484,0.00520796480891857,0.0144369980386897,0.0213250486637433,0.0755468484004724,0.0914148654935519,0.0577102503127946,0.0110882824133497,0.00715171868189915,0.0203456664670597,0.0422010524420911,9.92179011690345e-05,0.000624224046133306,0.00139255427643501,0.0203357942992536,0.0242227557911175,0.0105970415410014,0.000509094217077754,0.0273536174742644,0.0783895434187396,0.121640645376269,0.00390117174381602,0.0115095657218419,0.0165818252522099,0.0463806025702329,0.0838261100276088,0.0628356284104375,0.012119069377579,5
0.0503600788418414,0.154687343747753,0.191384959594492,0.0999340674595052,0.00874369409683622,0.0135238731350575,0.0554737475042995,0.061345783412644,0.150077028712091,0.0392219700813468,0.0025311106302645,0.0240188895341149,0.0368074564720733,0.010036340389614,7.64051167743705e-05,0.000182780079551369,0.00309261860587613,0.00378093259488845,0.0226270983580135,0.00154543559755838,0.0428703947784455,0.126465247630492,0.154388160385151,0.0803677781542599,0.00708171791094438,0.0108475893048879,0.045802743891747,0.0516638064721975,0.120360283129341,0.0299973393731297,0.0050545877364986,0.0478269486891466,0.073251501525483,0.0199728564828502,0.000152474770083579,0.000364751910618021,0.00615448004159394,0.00752521913406965,0.0450368792238422,0.00307606578199772,0.0578108705226176,0.140854821822892,0.173576594900995,0.0719572952430195,0.00633245920541782,0.0090657251078403,0.0319637387126757,0.0522522498195363,0.09638738345349,0.0295844630604221,5
0.0106526836070944,0.0390694078127655,0.0204504206947968,0.0144832982046452,0.00234967197863091,0.00240319779240456,0.0163483925028688,0.026512644651928,0.0517220452357807,0.0151497564418792,0.000113044592614498,0.00152711830744391,0.000418320381669153,0.000210252110088671,5.44111220489283e-06,5.70736334548654e-06,0.000268268922146503,0.000705452889594064,0.00268670577395,0.00022929797177831,0.00726229005122877,0.0275579948118377,0.0139165713399633,0.0102202171408109,0.00168510989916339,0.00177591404735265,0.0125320996371803,0.0220108157246126,0.0375687869323002,0.0121179329071582,0.000225952767388628,0.00304582993951537,0.000834443011484292,0.000418948206537195,1.09315709285234e-05,1.14540904916363e-05,0.00053419751238988,0.00140475353445487,0.00534828110021959,0.000457660323775198,0.0115859397745321,0.0442117111452214,0.0224145444316864,0.0155838437737714,0.00254184505804756,0.00273829685053083,0.0140617784257863,0.0229514079316913,0.057321777026128,0.0126958822762603,0
0.00236657233529567,0.00737243936278687,0.00960358414116768,0.0210879051415109,0.00458436994669201,0.00175175535472089,0.0101226685143592,0.0132563585039309,0.00695632704643359,0.00778085997160467,5.62530253953584e-06,5.42651012788942e-05,9.25434875508543e-05,0.000446421364929512,2.09318419009369e-05,3.03918834000822e-06,0.00010298326879929,0.000176148945495737,4.79140433086299e-05,6.0833738994691e-05,0.00126698305701521,0.00237339804932193,0.00304540995010717,0.00587721837517463,0.00142144603928769,0.000532300709598167,0.00819165653654274,0.0104718352820878,0.00278580737512991,0.00599575183705453,1.11969432254442e-05,0.00010825816542367,0.000184243758280489,0.000888736793641991,4.18320570803514e-05,6.09222578786811e-06,0.000204926174686757,0.0003509012059442,9.5971888532351e-05,0.000121071010881535,0.000993500521665241,0.00213069594928847,0.0034330428077934,0.00804157377183179,0.001277167939453,0.000511822730426805,0.00424395651205127,0.00702375279843455,0.00193440609473859,0.00418103195814589,5
0.0845409990133528,0.0958299832962894,0.16264126753773,0.0362825485496674,0.017458235264844,0.0264804754531503,0.149543883209996,0.134922780142128,0.0820261608917487,0.0212984085495597,0.0071774424836904,0.00922436690823478,0.0265478282028554,0.00132111946509502,0.000306313464878354,0.000704503633672169,0.0224256351445117,0.0182887205815835,0.00675675066713769,0.000454954673177309,0.0639233046638053,0.0760564996260333,0.132894537978263,0.0288733343972764,0.0137852182754074,0.0199264553429949,0.117446723022952,0.105445737231318,0.0680684317424736,0.0168096390819634,0.0142883724358225,0.0183613033484296,0.0528658327747364,0.00263082852466297,0.000609561749026991,0.00140219489783892,0.0446766214600728,0.0364014335772208,0.0134512413358191,0.000906291281491397,0.0504333257068748,0.0540259197609813,0.100715630428413,0.0310605069032341,0.0119783992646539,0.0141493749654483,0.115675807997949,0.117343931608386,0.0755676309628186,0.0192223902227941,5
0.0665511246751079,0.0995021080339987,0.11002065351934,0.0912596972200202,0.0119356050788335,0.0241016486922963,0.125688409101294,0.0593278042230667,0.168118611852331,0.0118713520781674,0.00444847550459827,0.0099503385565303,0.0121171236812449,0.00836968357410026,0.000143086151504121,0.000583712379470713,0.0158702009450431,0.00353596366792021,0.0283926827048618,0.000139712387429711,0.0545090488371362,0.0777581556382851,0.0892677410050113,0.0733106237159043,0.00940736436564132,0.0203313520635814,0.102019093828646,0.0475054149643774,0.114953662914067,0.00930911003795233,0.00885526953363532,0.0198012539071627,0.024161081705053,0.0166561594308045,0.000284828973191885,0.00116166373776595,0.0315884195726138,0.0070379148708169,0.0565114546214743,0.000279938713170789,0.0553818850336709,0.077409603603394,0.0678587881480561,0.0514461037675702,0.00746159854685417,0.0238731178290072,0.0934453997493464,0.0423183781843389,0.13036160759105,0.00697539698559264,5
0.00844604585525475,0.0391180480900444,0.0192792872748181,0.0175963188943781,0.00603064387864027,0.00294688268605091,0.0402452623172005,0.0328566315915611,0.0706338081721872,0.00835412979287214,7.11074491863811e-05,0.00153536071750355,0.000373522687524041,0.000311184808507261,3.60107549239149e-05,8.61660374780818e-06,0.0016096851281395,0.00107155910255248,0.00496418032210783,7.01036688067827e-05,0.00663737717306791,0.0282656423700697,0.0142335129761175,0.0128123938292603,0.00446329888954395,0.00221946881979395,0.0286611415174306,0.0243755179111604,0.0419794131741199,0.00621380065803069,0.000142084741806611,0.00305783577108688,0.000743327709163597,0.000619246501555214,7.21991306589485e-05,1.72569373794532e-05,0.00322127832266586,0.00214574135295852,0.00992799896466768,0.000139528149680775,0.00338858915397313,0.0445651169458573,0.0224513537464779,0.0201977075572087,0.00706110001301415,0.00345889426924152,0.0461421167683811,0.0359576125287636,0.0522254371783301,0.00498751970630512,0
0.00913359746465845,0.00238380664513693,0.00146041900308625,0.00117861167414585,0.000643223663532188,0.000302508310289452,0.00234537044549151,0.0115280335325508,0.00249000246334141,0.00890002297979717,8.38205594514035e-05,5.69978048141407e-06,2.12267464679354e-06,1.38537157385028e-06,4.11647714944088e-07,9.07186444930479e-08,5.45540394940952e-06,0.000133153128587482,6.05151853626427e-06,7.96025645364843e-05,0.00713585528570874,0.00165192217109517,0.00106357511235359,0.000820755567292056,0.000412019185895124,0.000183670926456841,0.00163752250537763,0.00925255828200795,0.00178755093213079,0.00753863383384141,0.000166816223520311,1.13534641086266e-05,4.23651020590374e-06,2.76589114366455e-06,8.2118450034374e-07,1.81485416226074e-07,1.09279994127783e-05,0.000265382518308755,1.22211649054576e-05,0.000158413014032602,0.00462383214507227,0.00263625407506836,0.00144438427923697,0.0012529638233185,0.000439763349097035,0.000217658595128776,0.00258783458562496,0.00590007303353549,0.00277003236638132,0.00622316371951385,0
0.0103759604090012,0.00012889975772163,0.000713959588467911,0.000245729280728032,0.000647641463364767,0.000230111444734112,0.000526271861586792,0.0104725135746969,0.000268011874033747,0.00887069367455338,0.000108070324566552,1.65957435182367e-08,5.12289821052886e-07,6.05924736446372e-08,4.21514233955309e-07,5.32026805567565e-08,2.77689684546788e-07,0.000109965477944331,7.17120288218813e-08,7.90843091109691e-05,0.00800616081212607,8.85397393195307e-05,0.000410446610400442,0.000106394598086106,0.000359864370889896,5.84650556516256e-05,0.000264663502045857,0.00799201634543296,0.000120509134698996,0.00713834253125802,0.000215170909497085,3.31270358965533e-08,1.0194666538888e-06,1.2040836216498e-07,8.37605462214083e-07,1.05611315354661e-07,5.52877268881105e-07,0.000219084108940866,1.42895104014006e-07,0.000157375585643567,0.00558480186627321,0.000142592697306541,0.000233896294831413,0.000106073330167783,0.000198354602349313,3.62031323332036e-05,0.000154715392037608,0.00609188376910423,0.000144579003750438,0.00694515257949688,0
0.00566261707011679,6.8811525066049e-06,0.000647538662417889,0.000384909900007106,0.000680954222569011,0.000231136442284576,0.00211602437370935,0.0120369126908738,3.8203204160125e-06,0.00882168743302332,3.21573541331247e-05,4.70364203604922e-11,4.21403451657174e-07,1.48873294108557e-07,4.66026124428009e-07,5.36924129482333e-08,4.50001554782037e-06,0.000145082226659221,1.42366377866482e-11,7.81972899749107e-05,0.00415753313785353,4.72097088617044e-06,0.000341329714462475,0.000128238423569054,0.000373845686667826,6.78029781716078e-05,0.00132745017554866,0.00905156647038797,2.7149734208167e-06,0.00666556115453868,6.40609217418832e-05,9.41495681357438e-11,8.38602749948464e-07,2.96103120682721e-07,9.24873208130387e-07,1.06571588300932e-07,8.9550717531123e-06,0.000289241907819426,2.87602594291243e-11,0.000155628016646368,0.00399807910022593,7.61740849249112e-06,0.000202300280187798,0.000100163317292181,0.000220810577925396,3.36676440252817e-05,0.00100591394893348,0.0063549274472107,4.22414521903285e-06,0.00685751988744149,0
0.000464858995160412,3.62236031828872e-07,0.00068206978251308,0.000255492540076617,0.000595751936479596,0.000232467631456081,0.00526237007224893,0.00881295912140978,1.93232102080614e-07,0.0095470732496359,2.16041581657521e-07,1.29568606214588e-13,4.67441082958035e-07,6.55527343953003e-08,3.56616944103763e-07,5.4310583259988e-08,2.78101439522802e-05,7.75849010315343e-05,3.66081180793018e-14,9.11601103384767e-05,0.000301868664098805,2.49788791640491e-07,0.000368291422091841,9.79232516046134e-05,0.000301099292488758,7.68687317079768e-05,0.00291832022537318,0.00703990252421334,1.39077646212528e-07,0.00750520868588103,4.30673003203974e-07,2.60132063250948e-13,9.30054529854838e-07,1.30108974991978e-07,7.02727726310415e-07,1.07805023595409e-07,5.5358695053891e-05,0.0001548652031616,7.3763261932905e-14,0.000181825212252941,0.000438114556715122,4.01294284328809e-07,0.000194764771029805,6.64679385865356e-05,0.000179530736332184,4.60448585446918e-05,0.00245285035478016,0.00580588337730829,2.14260798093376e-07,0.00544797692849078,0
0.00688903748895443,1.88028593102069e-08,0.000640162092995152,0.000327758819823811,0.000835813182972394,1.37217622961256e-05,0.00691492523104844,0.0100939130652526,0.000231217790585115,0.0102878098868798,4.76852261713232e-05,3.47128567659727e-16,4.11794362748568e-07,1.07956701624317e-07,7.02086016369775e-07,1.85562550467106e-10,4.80506573850812e-05,0.000102330865077385,5.37299161251991e-08,0.000106316910151565,0.00306936480710073,1.31021122291297e-08,0.000337316380437376,0.0001160865747522,0.00050659027266906,9.93004414293335e-06,0.00513625365444901,0.00788288586673522,6.40006059345946e-05,0.00830929934528292,9.48995062518026e-05,6.98934982856818e-16,8.18234658480187e-07,2.14842756715144e-07,1.39282595122896e-06,3.72920565803237e-10,9.55789873117902e-05,0.000203696643190979,1.06649163178334e-07,0.000211617144751144,0.00402235192179496,2.0845053272941e-08,0.000224888600684963,6.71634098112462e-05,0.00025587869593795,1.58206170055635e-05,0.00369726506587466,0.00507740299406491,3.44093219596999e-05,0.00995933521192145,0
0.0117348108541897,0.000230643318803776,0.000657137136141232,4.45825790657556e-06,0.000747986558892061,0.000229850641498231,0.00465763200339404,0.0134136292626675,9.13197488328239e-06,0.0130659552444236,0.000138303707517939,5.34572370081708e-08,4.33995082589463e-07,1.98262633278154e-11,5.6227306920834e-07,5.30874364770889e-08,2.18023863867519e-05,0.000180828395760019,8.34499228736583e-11,0.000170497721786047,0.00941259712300324,5.65095103344309e-05,0.000369327482346283,3.31115277937815e-06,0.000424646023253847,5.13546423420501e-05,0.00351532329206871,0.0106087913776654,6.70701654721671e-06,0.0107771394748067,0.000275317428331086,1.06108382599223e-07,8.62743194572872e-07,3.96024209471933e-11,1.11870277730342e-06,1.05380485862467e-07,4.33661410916452e-05,0.000359844486539659,1.66421515542048e-10,0.000340363399602732,0.00660686457474736,3.62020714621486e-05,0.00024372013494749,5.04559355196771e-06,0.000229436897807266,3.62461570833936e-05,0.00233726652749992,0.00792988367612669,1.02533000247765e-05,0.008368869396495,0
0.00293832252647351,1.86400553631009e-05,0.000737171500772949,0.000319014766153877,0.000713633031028906,2.67122984925913e-05,0.00280470392000781,0.0109050448489317,0.000231329142212359,0.0104923216968143,8.51760126726381e-06,3.43839069897886e-10,5.46152577818151e-07,1.02281667703516e-07,5.11811717258316e-07,7.07078552451411e-10,7.90216383227533e-06,0.00011937304819612,5.378156354938e-08,0.000109536735890497,0.00193149937588655,1.36696841751262e-05,0.000420371788696923,9.58113342291387e-05,0.000403060707180401,1.9130740106912e-05,0.00201783436370836,0.00856630370235644,6.69743960379859e-05,0.00840376443598841,1.71087277390413e-05,6.89568100433766e-10,1.08003533449451e-06,2.02461455959305e-07,1.01402315901512e-06,1.41708270471287e-09,1.57288211447696e-05,0.000237645010653562,1.06748580490704e-07,0.000219075855930302,0.00291181323913212,2.13694358758419e-05,0.000216054820573693,7.427129665816e-05,0.000211431472299479,2.90074550775406e-05,0.000985879875948028,0.0060410696589112,3.58667471284997e-05,0.00581403393829011,0
0.0250915823322063,0.0494196307280337,0.0601164282703428,0.0380629197753255,0.0148266309895428,0.012614548036176,0.0772175936956568,0.0725749164823542,0.0435417783031342,0.0112676399005316,0.000632696096771831,0.00242472118616425,0.0035909313696397,0.00145602558213903,0.00022032875588571,0.000159278349037335,0.00598514640045879,0.00529340255032023,0.00188483492261404,0.000126931660425914,0.0120263243889674,0.0127894224695833,0.0177935041628484,0.0185946639408313,0.00735135467789159,0.00573756076894943,0.0413267192883405,0.0421969570307279,0.0131731834346443,0.00932529109282188,0.00125911693296257,0.00485489309699241,0.0071869504797495,0.00289741479727832,0.00043905560807675,0.000317587658748151,0.0119177506707595,0.0105338654237301,0.00377121087914884,0.000253256685602136,0.0163073767412643,0.0159585908602998,0.0209111566953721,0.0172809352486954,0.00705928025004752,0.00699696676187529,0.0444953278046347,0.0470836419214449,0.0181158646203896,0.00759258650121896,6
0.110548076636367,0.258461267969297,0.309861080985408,0.106346689522371,0.0306416876785255,0.0336728037619797,0.327487543925915,0.22183124746005,0.126112419942763,0.0940670360520497,0.0122780691993286,0.0670839695852224,0.0962416467763261,0.01135705040387,0.000943040720891178,0.00113894189056877,0.107778081093192,0.0494249605055134,0.0158957073167001,0.00889288258925179,0.080299767453699,0.202694388743411,0.247368802432594,0.0852925285545338,0.0224699989662324,0.0268552503300772,0.267893077501591,0.173759829047415,0.107758713272456,0.0786232323014773,0.0244370562419506,0.133550700416236,0.191774132150562,0.0226096466181805,0.00187721160136056,0.0022670919837743,0.214486371199976,0.0983866343616086,0.0317205092873132,0.0176968454962928,0.0689371841924615,0.192146745886853,0.207101860114193,0.0683825839319366,0.0214949114277346,0.0186367267232153,0.337966153645322,0.14197026094608,0.126254258539246,0.0886196449974573,6
0.0733489376352103,0.0817794372626535,0.112485136218267,0.0640217873533538,0.0143365858630274,0.0186147674841235,0.168469139482171,0.112530142311771,0.21627280360103,0.0740977823154545,0.00540707934355864,0.00672110280310882,0.0126956839780184,0.00411866852837867,0.0002064518847979,0.000348244817612147,0.0285089024650757,0.0126734664519432,0.0469160955712118,0.00550523002126355,0.0563932686041486,0.0665130001734518,0.0922420762385197,0.0490549919178616,0.0114644384098389,0.0147378586120297,0.123846174583367,0.0866530104436416,0.131829170186995,0.0475170625497644,0.0107600696571089,0.0133753483688843,0.0252850674321539,0.00819686272282611,0.000410954641709945,0.000693006339965391,0.0567480670794073,0.0252730929227841,0.0934547474474554,0.0109678316677047,0.037418312424571,0.0705943469170291,0.0693706964550672,0.0450380689643681,0.0117623286066963,0.0160316846761953,0.130703602612679,0.0803701362069774,0.130955486722573,0.0448671352188736,6
0.0472498109920837,0.0192723854194742,0.0901761191512783,0.0632180868332531,0.0270554323752705,0.021794898889851,0.165234310060406,0.0670816601740487,0.276036058593648,0.186078954779602,0.00223820507405754,0.000371997171949978,0.008159161847785,0.00401127768340553,0.000735095984125499,0.000477307645779984,0.0274395640788994,0.00452250702468642,0.076196525712292,0.0346288595237116,0.0329513815367213,0.011428513817607,0.0721482949266733,0.0508932735821162,0.0210636549357885,0.0168207776990793,0.1143422463514,0.0529481920819811,0.211981542200967,0.131912729638943,0.00445942407844905,0.000741536278825084,0.0162495790501103,0.00798761104818042,0.00146341678636873,0.000949928650569256,0.0546047203874296,0.00899972724787866,0.152011437526881,0.0690803741188819,0.0357165948447462,0.0161090135268338,0.0764598455262048,0.0609458834768934,0.0255417815448004,0.0185418037635293,0.141029778240969,0.0422487548204478,0.178393556281008,0.115896351952712,0
0.00476063810014961,0.015410729558054,0.0355260901946379,0.0309206220238752,0.0130596473195319,0.01040155453352,0.0313692564852555,0.0307354207515305,0.13752791982883,0.0814050871236318,2.27761838063872e-05,0.000238266373472806,0.00126644206869724,0.00095455016865885,0.000170911918831429,0.00010870401624783,0.000985930662937473,0.00094528061538853,0.0187591277423162,0.00655116564391503,0.0037208731174568,0.00436256023315393,0.0165684199105378,0.016368770149038,0.0102674359009501,0.00870715166256457,0.0244530044863578,0.0234406445471111,0.106349671368943,0.0565081527483255,4.53253976868539e-05,0.000474480738372326,0.00252177966627918,0.00190577721292027,0.00034061106563211,0.000216349471827907,0.00196503122332268,0.00188521608467684,0.0375791277221761,0.0131450786574315,0.00409564298516286,0.00597252594272402,0.0129610569514348,0.0146484813292092,0.00832318215207558,0.0101990678757254,0.0191332641277922,0.0159611824158467,0.155453431993018,0.0870214879772513,6
0.107558319171419,0.254254923469272,0.137540153712036,0.0793992495309222,0.0170839495391115,0.0168156317996909,0.139308161477164,0.139453634240513,0.0890340231196723,0.0836140980108386,0.0116156569759231,0.0649692019913059,0.0189644825302434,0.00633563617754697,0.000293327927664177,0.000284118272632483,0.0194976889602507,0.0194739592244627,0.00796668498912696,0.00702544441799067,0.0835606010586504,0.197840959276521,0.107213037472098,0.0636588414645087,0.014258938734275,0.0126834791739463,0.107326672490723,0.107594235583054,0.0733098195596068,0.0678837152581615,0.0231261540271187,0.129284624302573,0.0377862830046907,0.0126080674119386,0.000583713176433123,0.000565462588140983,0.038804837125371,0.0388234162404642,0.0158531831908486,0.013981605630314,0.0773441605500389,0.21782930387741,0.0785344123985342,0.0520790306137017,0.011507939531791,0.0138560260618712,0.0904099992610069,0.116501733833941,0.0477735241911698,0.0836841802209254,6
0.0513601794614439,0.183900498347152,0.187858500819788,0.100003461587349,0.0251138310117473,0.016958631811355,0.222465611331068,0.116396493704556,0.145538768065407,0.0794118618401037,0.0026456906356264,0.0339804134206795,0.0354355978641751,0.01005091126023,0.000631984501475611,0.000288839588079495,0.0497376555431192,0.0136009075307627,0.0211510915212946,0.00630932658714304,0.0424576398606616,0.158529924971386,0.159858422782174,0.0788331453094185,0.0197367349492651,0.0131313057066844,0.168469147962543,0.0928185216627079,0.106861673851759,0.0383601057883433,0.00527032131209735,0.0676262018706948,0.0705492278054859,0.0200008958021641,0.00125952888928545,0.000574963341236738,0.0989798710544528,0.0270810000268284,0.0422237463705694,0.0125840234147849,0.0441007659468511,0.190679425545832,0.186919229588268,0.0756537399184717,0.017892700727467,0.0102050735195153,0.197390418764611,0.0789853284141136,0.0756663824486023,0.0429579237004901,6
0.0319625180581542,0.0388766209223422,0.0212996946328743,0.0126601146449311,0.00631084634706758,0.00786810079178465,0.0974990264139125,0.0449064556818883,0.169984689392301,0.0883557367714668,0.00102664613849478,0.00151767440479978,0.000453441068109176,0.000160957650024181,3.91299333637168e-05,6.2217947578691e-05,0.00952146500073948,0.00201999797478634,0.028870617741994,0.00779094582842339,0.0246616260370666,0.0279625632534952,0.0151665662761338,0.00738186614602187,0.00420918420996514,0.00635228672898699,0.077967915764397,0.0356098374227802,0.125424571869345,0.0683940576366553,0.00204305161045286,0.0030213858857984,0.000904798792608064,0.000320418370436148,7.87610352422577e-05,0.000123812126484087,0.018979680089965,0.00402648759215428,0.0576204791030764,0.0155586712787011,0.018909079334352,0.043397520767164,0.0167052000494685,0.0107517355681657,0.00570539683582844,0.00978386574203004,0.0641536638037696,0.0413556151628629,0.155502834369259,0.0779991651423252,0
0.0254783022109676,0.00222807685724406,0.00193485669046827,0.000344216811343427,0.000845802493305442,0.000709642758607808,0.0633200717372618,0.0293862205154648,0.0106830995124013,0.0117145397846784,0.000650025303092386,4.98812701690068e-06,3.69826576355878e-06,1.17827022835182e-07,7.1875809970305e-07,5.05013454602715e-07,0.00402812099843793,0.000867349325518555,0.00011149062904697,0.000137031637934129,0.0213479552330193,0.00157223959857914,0.00141224061678493,0.000221016674093749,0.000523804491934445,0.00048871781581556,0.0526533826129774,0.0232535327890738,0.00764199302182226,0.00879357659090822,0.0012958992466253,9.92719890344012e-06,7.4234027008316e-06,2.35482459406329e-07,1.42770651071545e-06,1.00596889802805e-06,0.00801734502190432,0.00172656212793335,0.000225061324876955,0.000273573126343692,0.0202006176759015,0.00244182524046886,0.00208867463352872,0.000297189547625332,0.000412009348663815,0.000740003381952767,0.0404886210412818,0.0213773065872035,0.0118631144083147,0.00691311820528317,0
0.0989530253396798,0.241596716475052,0.206402921205829,0.0431526477455773,0.0288545751136568,0.00973926683827611,0.0780359479296031,0.112717799466037,0.087870812856571,0.102734764998908,0.00978958740002753,0.0585875983240247,0.0426545604607619,0.00186059049135258,0.000836769502576053,9.52972170024092e-05,0.00611309934375777,0.0127509515151235,0.00775856231721738,0.0106036633001625,0.0485601381028971,0.131779678105898,0.122715769802689,0.0273501435292646,0.0192227810128846,0.006529578380807,0.0568469431797704,0.0657177682095294,0.0557383164705983,0.0631314000215894,0.0195320707154312,0.116663617172638,0.0850411679212382,0.0037134356301822,0.00166516737195457,0.000189665660460233,0.0121721189793284,0.0253924443283284,0.0154370914982708,0.0211046540594861,0.0483864176539908,0.151615919408766,0.128586700997222,0.0318884825924743,0.0230569241136912,0.00600905394294422,0.0694261653761843,0.0734685020180803,0.0696447788437633,0.0855488484665905,6
0.104160674664573,0.2284193315687,0.227848480295341,0.0810173276510839,0.013432021234046,0.0233419370639002,0.0737374941931931,0.0907603348535865,0.160612549026311,0.105053606314835,0.0108767464700364,0.052389442409406,0.0521053130409416,0.00658121814442092,0.000181277738926828,0.000546431359791614,0.00545193513644515,0.00827701771178548,0.0258603036061296,0.0110229220922109,0.0806518653852407,0.190678620394292,0.17087940441815,0.0680883889817657,0.0109823861078848,0.0189916108525729,0.0583093248440644,0.0709021442143464,0.127230697517289,0.0682829671143179,0.0216717912650466,0.104299443464918,0.103759090046404,0.013112097974447,0.000360776783257004,0.00108854462842071,0.0108618927421526,0.0164728850925471,0.0515269384378078,0.0220039078272251,0.0924561503519144,0.231983113476166,0.206250340033579,0.078649219762343,0.00970283640360017,0.0162599383457179,0.0467188604519429,0.0955478214358252,0.110457934283209,0.0582197601084942,6
0.0517719561719841,0.0335648885238886,0.0280078751651561,0.0234827074760772,0.00447201251196049,0.00625455070229686,0.0310115457515537,0.046254335496862,0.0933673473040818,0.0908119161718351,0.0026892237501509,0.00112965132253068,0.000767277112523403,0.000553883033589735,2.00827674855564e-05,3.86373910338362e-05,0.000964872748662348,0.00213979199081204,0.00865382124273771,0.00817108840758112,0.0380811789682555,0.0246399690507494,0.0238211679607912,0.0182213609458804,0.00347651712246377,0.00459672574397445,0.024950734042165,0.0340692495870107,0.0684876422442764,0.0674874117904223,0.00535601277618256,0.00225055115875619,0.00154788155685033,0.00110253644862024,3.99811902434121e-05,7.756347330023e-05,0.00192141872644335,0.00426838446015043,0.0173280119792665,0.0163770358677246,0.0422821725248497,0.0377451219795242,0.0296162314350692,0.0285697489198513,0.00502649599230236,0.00732141682093096,0.0173319439308929,0.0439111988163151,0.0775890984619577,0.0859745041693991,0
0.00358084497344079,0.00196110963707139,0.00378681840555004,0.00187380461659295,0.000696362549005473,0.000402939903634439,0.0240782992020642,0.0118582957952868,0.00629134857770688,0.0112493061699893,1.26806316203011e-05,3.8570667010291e-06,1.43553488610363e-05,3.5245294648261e-06,4.84967902844579e-07,1.59066979273578e-07,0.000582653552299512,0.000141091281638799,3.86533978391006e-05,0.000126939902588037,0.00263348838159822,0.00139655839294659,0.00262138976948013,0.00129903136645069,0.000469537885395753,0.000282301011456412,0.0193994351969199,0.00973813435490753,0.00449749809733281,0.00906117763066747,2.54392543084031e-05,7.6834931429349e-06,2.86214633233999e-05,7.01804742102296e-06,9.6717069780123e-07,3.20630470568395e-07,0.00115941783199852,0.00028099447128528,7.80410760458764e-05,0.00025284606223043,0.00401156517490658,0.00212812325459122,0.00416410733418588,0.00204630888539917,0.000399907200720313,0.000446881229799176,0.0141989237037383,0.00587651597357564,0.00699112569946105,0.00750335141205724,0
0.0584994269743434,0.0921202000477383,0.129013427371037,0.0261452577383897,0.0299337046495922,0.00985763000696795,0.0569206979190085,0.100659261917089,0.0708209971056556,0.0160931391415537,0.0034389455881758,0.0085272864217738,0.0167051979444063,0.000686873124647963,0.000899394348347618,9.73958606790957e-05,0.00324586834214602,0.010180160049671,0.00503163160300363,0.000260157519714714,0.0363537885569434,0.0621087180504072,0.0910255653465167,0.0195071426438218,0.0225365309657332,0.00746078142007521,0.0440229511460144,0.0715301951221382,0.0495846311309038,0.012989855665011,0.00684335216091298,0.0169707299000681,0.0332644116822051,0.00136700617606914,0.00179091214593424,0.000194077887234393,0.00646960472404195,0.0202612055522664,0.0100218762256352,0.000517841377432737,0.0370884432779785,0.040191739870817,0.0596863240161442,0.0202140252498366,0.019295790945552,0.0061737585223481,0.0426737932770235,0.0682671165714323,0.0459419298335038,0.00844215194829368,6
0.0317211523486952,0.103965419347946,0.135426589495543,0.0629640861443863,0.00855933357275192,0.00829604457816437,0.0570332151731169,0.0748016462267269,0.0700198578058958,0.0144858436434123,0.00100986066071035,0.0108440923615167,0.0183544621029179,0.00397627134150689,7.29817465688255e-05,6.88124310485624e-05,0.00326280463071807,0.00561324821885033,0.0048949798923942,0.000210450013476389,0.0249208931980795,0.0761199294732067,0.0999696918424913,0.0410096524273453,0.00675686873678545,0.00671064020461442,0.0451822084090914,0.0583300027090954,0.0586423341611607,0.00998620659544639,0.00201103802375291,0.0215983439601938,0.0366022997911532,0.00792085598014917,0.000145878857415832,0.00013729008996397,0.00649884013870237,0.011180423911755,0.0097731001386898,0.000419234775528988,0.0283395870773662,0.0736643022977524,0.0781699701414614,0.0433705158522446,0.00819733512743407,0.00583643312403905,0.0453957169654879,0.0408270166206269,0.0506524496452649,0.0103350401942607,6
0.0443930576960126,0.0393637791787133,0.0370269307398241,0.0211509291410013,0.00722820797475075,0.00361379453409382,0.0346998935792846,0.03193157498706,0.13043741843368,0.071868172652273,0.0019796198769788,0.00153078480306991,0.00136479153677574,0.000444453452608867,5.24320410843137e-05,1.31194401171637e-05,0.00120644797027432,0.00102435124873144,0.0170993737666973,0.00519054251591269,0.0342115726767503,0.0291514021026635,0.0280419854737166,0.0157906887658217,0.00444958114491204,0.00234109001399634,0.0275741022596889,0.0258064908884372,0.105819141919865,0.0581907114964359,0.00394045376441974,0.00307262682655789,0.00272895869641713,0.000889592950704193,0.000104416218015669,2.61133488010013e-05,0.00240442950991599,0.00203877160096951,0.0340277912895269,0.0103296199080119,0.036309692202815,0.0457116891820735,0.0438843833946472,0.024197148944003,0.0033976344575229,0.0018796784296431,0.0172406710819978,0.0211333842202958,0.0947167690067245,0.0563842658245293,0
0.0124261230813495,0.00245384811678583,0.00286615631460031,0.00130586881854587,0.000660427863940728,0.000183308443103605,0.0204316990687075,0.01598657746516,0.0212865936208639,0.012567500238574,0.000154904728567714,5.87937860635101e-06,8.07473763460653e-06,1.67097696566254e-06,4.37962378186748e-07,3.36646366403858e-08,0.000418394036243861,0.000256506602769265,0.000448071107824755,0.000158674952163889,0.0100202581075375,0.00175715020105661,0.0020928403327316,0.000959113403106473,0.000395187841227751,0.000127210968280041,0.0163943564166258,0.0127040601572597,0.0149037966087832,0.00968535404804409,0.00030842060880333,1.18709357152275e-05,1.62462560945785e-05,3.36753062101165e-06,8.69316148187023e-07,6.70963828613059e-08,0.000833734332447026,0.000510720505406892,0.000898934214996062,0.00031580899507271,0.00686554154442408,0.00271075865829972,0.0030280394672099,0.00144459350148443,0.000282673193468784,0.00020372632749679,0.00985978964192576,0.0109445658048573,0.0236972820539414,0.0102472290771134,0
0.0436067737012781,0.156315348234673,0.0955628011832725,0.0264617193590732,0.0223150975360586,0.0118063704593318,0.051771108024411,0.0887847563057442,0.0723558860524153,0.0489491169714335,0.00190976701939612,0.0244510639142687,0.00912708331363777,0.000702734301197277,0.000500449506090438,0.00014006498661934,0.00269020407309605,0.00791186849165129,0.00523797466405108,0.00239529285993639,0.025694007522304,0.0839749495552322,0.0566449769609551,0.0157891342062016,0.0146919001770643,0.00793060565193368,0.0378762955987371,0.0544232098420876,0.0469392687917451,0.0332595546870765,0.00380168614279731,0.0487570054587272,0.0182128829015784,0.00139942974052268,0.000995904423779613,0.000278754723915672,0.00535699202328693,0.0157546516979546,0.0104460709363716,0.00477932538686506,0.0277299119385535,0.10925170368544,0.0411599795989426,0.0182968068021694,0.0170305983914905,0.00782466656067433,0.0302300470497292,0.0585923276059293,0.0560239676955029,0.0299015901853572,6
0.0876133355693296,0.150159347436937,0.159277583783932,0.0453595901571919,0.0102226333411246,0.013969044730308,0.0528814057375328,0.122040207309323,0.0815100385555257,0.0278045938469955,0.00771334530451225,0.0224503924747552,0.025302624186843,0.00205958600668399,0.000104939379598815,0.000196097531796823,0.00280595855605447,0.0149684760685525,0.00666351705585689,0.000766362849012798,0.0671617809382623,0.104651303580628,0.129866171623445,0.0286728894822006,0.00849242226364834,0.0110259819986529,0.0404806119243736,0.0990522934051508,0.0646384595454285,0.0201038310930478,0.0153507987821043,0.0448853458469489,0.0505445913906862,0.00410664753360272,0.000208869930231971,0.000390212036794977,0.0055881948072278,0.0297864414362412,0.0132720437064898,0.00153561729271126,0.0666383693148875,0.116846342159866,0.0899339361168815,0.0341647207074772,0.0099349708049546,0.00731852393909195,0.0449375624047159,0.119495323699398,0.047518311337646,0.0281179431473335,6
0.0461244294636361,0.200739416547755,0.161140656261759,0.0447833111667129,0.0345316296481464,0.0262529324830913,0.0835784423438299,0.0705861876684935,0.149903657244932,0.0959041543310721,0.00213721798439663,0.0404140713803654,0.0260457098358512,0.00200761520035585,0.00119718042351959,0.000692679732961871,0.00701251202489854,0.00500486014623427,0.0225631174590747,0.0092238045455128,0.0368724401970775,0.16931602466299,0.122736780895077,0.0352273730344858,0.0237978985277485,0.0192402623345735,0.0701406963525934,0.0505878740252376,0.118996697152452,0.0653012286238194,0.00425399422745545,0.0805081997915202,0.0518812751492724,0.00400280331177132,0.00238360844105808,0.00137841432035602,0.0139627452551776,0.00996222567643426,0.0449209108243905,0.0183752915316579,0.0342365853938952,0.167220570810897,0.117594858405358,0.035220823121173,0.0162963395147433,0.018109276845551,0.0797201656503623,0.0457870725020636,0.126228470032125,0.0761195396970375,6
0.0202730346002519,0.028071581608823,0.0516332092186944,0.0286191519015815,0.0293039413434282,0.0222132479835389,0.0673331311903356,0.0404244582607266,0.157049135709558,0.118460896509473,0.000412230950719257,0.000769503454184167,0.00267583831357588,0.000819096988192299,0.000860188611847233,0.000495849919106048,0.00453603147199195,0.00163207048473037,0.0247597497268247,0.0139321434913997,0.0147729020076629,0.0199031132091369,0.0432810148121139,0.0175562455031795,0.0201385107288335,0.0131402665504167,0.0496177045753754,0.0286992622508775,0.0919524565720515,0.0623126891127943,0.000821160535838146,0.00155366635025371,0.00532844358114159,0.00163396482449435,0.00171460126955387,0.000986799047376594,0.00904703182976743,0.00325803715483689,0.0492925953977875,0.0278948640533937,0.0123352113102846,0.031053075787164,0.0440497708755059,0.0168906084284618,0.0211870252390282,0.0164720784600999,0.0318932818088772,0.0267991081645082,0.0801759561787434,0.0631590681511436,0
0.0335892298231962,0.19964332679773,0.148063712171765,0.0927908416781151,0.0282741089593949,0.0131771439384546,0.0426468050183732,0.0591935149343613,0.233141017775585,0.271816964743519,0.00113339102936566,0.0400423861351116,0.022026768090339,0.00864565721491553,0.000796806887775565,0.000174427240445435,0.00182111065990298,0.00351376255741916,0.054626622324468,0.0742503573016521,0.0254152591578125,0.0831220011629875,0.0670721183195339,0.0451941043702734,0.0211279570400936,0.00870903745619501,0.031548800192329,0.0422371000427257,0.175906121669069,0.186596747964368,0.00225565605952371,0.0796981225757778,0.0438329238130897,0.0172112242268137,0.001592247854312,0.000347190901338303,0.00363074937316334,0.00699986151815575,0.108701855096335,0.147755237435903,0.019662446005681,0.104907704651012,0.0787804550902257,0.0598269252143666,0.0229867568515514,0.0103894253638374,0.0203102555059548,0.0366570666712934,0.151937866898915,0.158318693176213,6
0.109384626193833,0.270635080704213,0.304184819305891,0.111179378402596,0.0254531388341751,0.026393842062865,0.0986273873145577,0.141861142415191,0.08293868708688,0.273740804776429,0.0120137444333773,0.0736060009801865,0.0929103198474505,0.0124018997106164,0.000648997584121902,0.000700124080375314,0.00976549275943322,0.020219636925792,0.00691235231941257,0.0752158069045749,0.0910440027209337,0.15851132950758,0.25423530541888,0.0889212538076573,0.0191130983352002,0.0220376102878404,0.077679775027597,0.115268098749769,0.0685445616251532,0.202577881721919,0.0239185656746401,0.146476480923865,0.184973991337112,0.0247005622875653,0.00129360152040593,0.00139325799887752,0.0194439107231936,0.0402430788514267,0.0137566138624677,0.149769583273804,0.0741271417290842,0.169425644377775,0.24950852386018,0.101801207565451,0.02012219066688,0.0225505513198092,0.0709497049285632,0.0885506920791714,0.0783815347160826,0.252202492640787,6
0.0406253495165324,0.0199629425403713,0.0813747307306575,0.0324882895479573,0.016110289102204,0.0093962913662002,0.0392129546358839,0.0396491408113061,0.199296670185846,0.0775556546180458,0.00164892277248484,0.000399040164894392,0.00651040708252391,0.00105276361420982,0.000260175423881643,8.7288626963517e-05,0.00153285846055875,0.00157779974811844,0.0398314177715972,0.00596779782186304,0.0332499781112548,0.0133330695263179,0.0622651813426707,0.0236708923512472,0.0123916932997155,0.00758271274638403,0.0319684963644164,0.03078971749934,0.133541232529807,0.0546455448076024,0.00329108814534257,0.000795527082054296,0.0130995825496543,0.00210298869647219,0.000518404442908081,0.000175142473579689,0.00306284286044152,0.00314190689495425,0.0793511750459822,0.0119526555344688,0.0252469847841445,0.0211811494953987,0.0933743948235183,0.0228927118357558,0.0104566497589341,0.00567992968001806,0.0226623292479765,0.0257711522985587,0.152131542700414,0.0548631612799953,6
0.0263161216912514,0.0012180078383463,0.0076623488322023,0.00412437006349529,0.00387987492974359,0.00193033509643519,0.0159090907142086,0.0183011556414381,0.0745033314399214,0.0727499499399093,0.000695738866225804,1.4723509000577e-06,5.78430948860085e-05,1.7094568792556e-05,1.49626323304787e-05,3.67584761776127e-06,0.000254328537855286,0.000336461998604344,0.00549923890925474,0.0052996848632461,0.0207710282062853,0.000835967848648263,0.0056518401373205,0.00304306218792332,0.00294175395799852,0.0014405091221865,0.0128362756568056,0.0146527409405849,0.0457249360549182,0.0549432111540689,0.00138476195669732,2.94847483963683e-06,0.000116264432132232,3.40193759181836e-05,2.99408889397775e-05,7.3836616621273e-06,0.000506139993875747,0.000669708193821514,0.0110222237534068,0.0105655578713459,0.0238780046723772,0.00134869940485656,0.00856749220733937,0.00468723648322614,0.00441413429559578,0.0022730832436398,0.00887371511130544,0.0107041470686424,0.0710206454668323,0.0791623463115667,0
0.0128017453606844,0.00966301045579144,0.0144423905530575,0.0209737497951743,0.0081966670740128,0.00280139930444615,0.0334540599629446,0.0209888727557249,0.0308451304485122,0.0121244433657359,0.000164508352433635,9.32023221931167e-05,0.00020836994064866,0.000440222001051681,6.7267080695091e-05,7.88299619998964e-06,0.00111200588620907,0.000442733042215043,0.000950165186046939,0.000146990915224579,0.00996289601196844,0.00238600257491,0.00534352651914147,0.00852065058841156,0.00360324708562204,0.00124697368701134,0.019778754926499,0.0169068056678353,0.0116230346860813,0.00963690412643277,0.000327543226244473,0.000186108370349304,0.000415871728695108,0.000877910472509901,0.000134071499084187,1.56909023390475e-05,0.0022256047610345,0.000880996992607749,0.00189677145300886,0.000293253142928435,0.00668339023018665,0.00326412108126515,0.00560306667823976,0.0119824572646002,0.00410994590874458,0.00108464502023694,0.019291346964704,0.0128986004977221,0.015350938429709,0.00884994608299203,6
0.0877989606917733,0.106956929783529,0.126385842741541,0.0542073904544828,0.0192557964031783,0.0098374345007894,0.0644882691616831,0.100343586862084,0.0713840120065055,0.104406620774484,0.00774601980641138,0.0114945775352042,0.0160535152752316,0.00293880184287898,0.000372549988420957,9.71896717203581e-05,0.00414544338284987,0.0101180023429602,0.00512028793483582,0.010952727378424,0.0658599008988055,0.0791692140992903,0.100602601676938,0.0375881832475233,0.0143521778021546,0.00722690596156422,0.0541848956333018,0.0821846193921601,0.057086509672111,0.0844517843261109,0.0154156926495103,0.0228761795317413,0.0319465596376174,0.00586248789177363,0.000741470753875231,0.000193478442377114,0.00828341543402373,0.0201346159956059,0.0101901116779789,0.0217986474303621,0.0490210636866434,0.0609383336929492,0.0917074862823788,0.0365515579102338,0.0164190623392705,0.00763785531264283,0.0527630968194528,0.0557896060923679,0.0470015169086963,0.0935839352838434,6
0.0592696962977044,0.0262362130511787,0.0699158412358699,0.041390700244647,0.00982895077933812,0.00694583763908032,0.0359118688409138,0.0929635907852925,0.0511819833783777,0.0345917323610174,0.00353020906158057,0.000691044122132291,0.00491194846943551,0.00171328255451161,9.70817882891819e-05,4.84513885810081e-05,0.00128816394962205,0.00868316147743638,0.00263193662175962,0.00120149426881893,0.0474735265642794,0.0198892818825241,0.0562511574780948,0.0306226280791298,0.00766484651473772,0.00541811173091223,0.0292655121849427,0.077435914124624,0.0414405664945763,0.0249507530453694,0.00702522815547549,0.00137592261757742,0.00977544141623683,0.00341781346682715,0.000193201081279896,9.64349591694816e-05,0.0025712877366188,0.0172806412053444,0.00523837088588329,0.0023919999301084,0.0347109823217532,0.0280888260647655,0.0722165804905665,0.0344355473725895,0.00674328976803099,0.00691859985351247,0.0247756557665114,0.0637316867781996,0.0352306952782724,0.0185927470450498,6
0.0281334509182126,0.00251125352145574,0.0139455749826763,0.00527089974993723,0.00152172690624159,0.00105873956417365,0.0204916003881293,0.0313640434970022,0.014291888558042,0.0131176455246454,0.00079423460234159,6.33793749127431e-06,0.000192871164336031,2.76999284267923e-05,2.31597350383517e-06,1.10258444223573e-06,0.000421950464551124,0.000987637078487715,0.000205119022482531,0.000172796753469341,0.0231523576317716,0.00185250868533549,0.0103984623071483,0.00385809600176446,0.00115216086114831,0.000756947593123692,0.0164473966677103,0.0254773199666404,0.0111139446877572,0.010049944914688,0.00158175256330245,1.2612641996062e-05,0.000386359504588182,5.53425780678031e-05,4.62001485124405e-06,2.21771958767208e-06,0.000839668666549724,0.00196635868150841,0.000408344738683284,0.00034399774248108,0.0252258958875424,0.00290726528923726,0.0159817595204297,0.00587070394993894,0.00166860141378898,0.00119327269748604,0.0113171666785779,0.0224108113424383,0.0170332721862535,0.00959524633081223,0
0.0190673317875125,0.068832140540449,0.0400222017013148,0.0183112881366017,0.0179991646855444,0.00376531047911239,0.0207151502365571,0.0330371364643335,0.0405572577052595,0.00900661194291809,0.000365336775290699,0.00472995242873044,0.00159721869568431,0.000336905358091167,0.000325213325519794,1.42311305229242e-05,0.000428722711255759,0.00109652395028635,0.00164617486103619,8.13781900405447e-05,0.014208802600555,0.0242487446793322,0.0184232476392976,0.00865749687835723,0.00827963708023198,0.00161564702381091,0.01557797662904,0.0217395368801621,0.0195188706489127,0.00703468522398105,0.000727063950398188,0.00944310149755957,0.003190596826272,0.000670523881966675,0.000647546950218611,2.83320131608546e-05,0.000855669340945056,0.00218244964104035,0.00328265802025992,0.000162086890497063,0.0125848894223515,0.0283790528955332,0.0166983080858557,0.00857854498716924,0.00800633166448943,0.00165247421782973,0.00984982834496378,0.0182524233719885,0.0215526850834605,0.00468829610921123,6
0.110444830104901,0.115479761555072,0.162624862985634,0.0338119990677757,0.016186646760851,0.0135819298206054,0.0493055214474755,0.0753623069500737,0.0711038927209865,0.0430518957940058,0.0122455837413741,0.0133231385464545,0.0265747710836724,0.00114878927051934,0.000263133783723687,0.000185329313369834,0.00242693132257974,0.00570019340182903,0.00508116603934722,0.00186275379213472,0.0825018059207383,0.0890003663927561,0.131114957122665,0.0275468282944516,0.0127284955889659,0.0100377206470901,0.0403779675223402,0.0612093912796471,0.0597522550021766,0.0308970881939693,0.0243823064825215,0.0265920324485667,0.0528855276733248,0.00228625582399983,0.000523825414988165,0.000368867835018312,0.00484579290624523,0.0113511627650611,0.0101114605056134,0.00370689227993125,0.0891623680586031,0.0476242761706996,0.133499552197706,0.0221779788143133,0.0134210724072562,0.00653207607607476,0.0263534392929564,0.0458250056665216,0.0536655812571523,0.0267374222326703,6
0.0539575477506459,0.0760602685334744,0.111457870445604,0.0676486997538943,0.00750367618321682,0.0107417020205672,0.046953173470495,0.0711297940994483,0.110239096296158,0.0515451200590967,0.00290111511119998,0.00579299232545333,0.0124752688530006,0.00459916604130916,5.65508026298395e-05,0.000115745595113561,0.00219445700955995,0.00508447347301126,0.0121885855253367,0.00266230246238207,0.0412122734086048,0.0626676518723361,0.0909256339676194,0.0524591057410223,0.00497193596956662,0.00880257069625756,0.0390896406717217,0.0579119176782228,0.0672494578785614,0.0313764614053056,0.00579797062006063,0.011548817976719,0.0248357217329739,0.0091520848273757,0.000112559990880705,0.000230549999661524,0.00438803995365492,0.0101183778863702,0.0242802813376901,0.00530573989709447,0.0304290393529162,0.074109787158966,0.0812206296962964,0.0450166231483415,0.00391036553964814,0.0078594682214686,0.0438729350729597,0.0594417098134076,0.069761864831614,0.0360543666078674,6
0.0412289766286492,0.018134793236247,0.0311558419366488,0.0126715400592888,0.000825079065617256,0.0022265315951058,0.018643025581496,0.0306644432068513,0.0815989515857498,0.0256672569179171,0.00170585381687633,0.000329019067553209,0.000973181377368081,0.000160498797850509,6.8408293718709e-07,4.87135617847399e-06,0.000347869879523129,0.000939212568453807,0.00667768787083387,0.000654909617144343,0.0355805226380801,0.0127224025474307,0.0222749814564285,0.010165266031259,0.000507315090648834,0.00155925115320356,0.0146413886333468,0.0245706738962543,0.0636242729829723,0.0162829157344162,0.00339714107119854,0.000656229219815885,0.00193897402392796,0.000320263535963041,1.36130002686627e-06,9.80442961695147e-06,0.000693685336102514,0.00187481971241021,0.013302494215887,0.00131039748586036,0.0419209498004156,0.0203992677755616,0.0354946101417082,0.016001720602487,0.00037684259905825,0.00247902731980091,0.0157576993282975,0.024608338792818,0.0822379376249049,0.0186489989215901,0
0.0159958847123299,0.0010593397319251,0.00845499860706006,0.00421321956606559,0.00497924002639355,0.00296376069085011,0.0149826393670737,0.0256297966884836,0.00684846003492639,0.00815872085625549,0.000257131731373094,1.11767360108938e-06,7.179136904013e-05,1.77436364692681e-05,2.49150044280198e-05,8.82547208225811e-06,0.000225458131111644,0.000660186765503999,4.58308359042465e-05,6.68428531123311e-05,0.0128323432701223,0.000713736981643347,0.00389563536988896,0.0020493183965354,0.0019274236755759,0.000849264498511321,0.0116506780102534,0.0212624776413749,0.00507538935883439,0.00640818774512155,0.000511612386006046,2.23419274798558e-06,0.000142898342094481,3.54025449053909e-05,4.95827758626884e-05,1.75649744163335e-05,0.000448801234788098,0.00131365096023366,9.24910291918748e-05,0.000133067461921754,0.00914953177214674,0.00114568248587661,0.00340935080450212,0.00175361439065018,0.00212140213294855,0.000886096301902046,0.00734371771781229,0.0210771602182938,0.00707760997708766,0.00489917498633234,0
0.0373408745277821,0.184607599872851,0.110384270555776,0.0492794648442257,0.0171071418637699,0.0171721148770133,0.0469361239510704,0.0674018298927146,0.126069057167208,0.0394624147376913,0.00140131670420726,0.0342266703988372,0.0122454792544799,0.00243239646696257,0.000293411561431689,0.000296362198491216,0.00219983918170406,0.00455491251876956,0.0159727499666877,0.00156457296456794,0.0292162752960845,0.147770405279895,0.0897114775539587,0.0382995706741231,0.0138068073111397,0.0103790687878179,0.03121114451615,0.0546857176042221,0.108434297490179,0.0299619343388674,0.00278861129949715,0.0681354774120664,0.0243683046284842,0.00484867529735192,0.000584598708583826,0.000589751465179687,0.00439183735356348,0.00907469147338078,0.0317862869712147,0.00311401354057113,0.0201227708576264,0.15499671957021,0.0707907098720414,0.0286183849975577,0.00868806755114718,0.00936298503862384,0.0240650904022521,0.0484430485954859,0.128575635647379,0.02580846088933,6
0.0251392096852329,0.0876211708668831,0.129355532213558,0.0593422348098773,0.010875158753824,0.0146720304017009,0.0487536592309179,0.0418157695446445,0.058415596746599,0.0156112999724707,0.000635101775154118,0.00764773083479527,0.0167843653843967,0.00352282720314099,0.000118137072138014,0.000216317272081241,0.00236134350814058,0.00174587999674712,0.00342793796752185,0.000244846483126194,0.0197492397661232,0.0658103513616054,0.106078952025077,0.0458073455174666,0.00864957988921947,0.0120042013768222,0.0400801331581165,0.0329970078614019,0.0513992212931274,0.0123728413921692,0.00126367386547336,0.0152866348129845,0.0334283449283355,0.00702671033267181,0.00023581537064465,0.000430488033664102,0.00472631838645574,0.00348563263402563,0.00682293286768365,0.000487327370252445,0.0199636138898295,0.0579399229713861,0.106362293565952,0.0452422446429688,0.00963320986681374,0.0121835978899523,0.040462218685625,0.0266301922792098,0.0552050567034948,0.0124970070106273,6
0.0539038173368229,0.0625927419782628,0.0602910242495909,0.0413561927094659,0.0012217369349454,0.00628163251976348,0.0224887528450619,0.0449691831020897,0.257926503514267,0.0471747706344635,0.00291997604426013,0.00392462358418992,0.00362103448714722,0.00171614426149415,1.49693631053613e-06,3.96308562926798e-05,0.000506169746590944,0.00203153755421919,0.0668596988671586,0.00223645467386548,0.042932762188508,0.0456272394633037,0.0424773562663451,0.0311428595818364,0.000951715078983671,0.00457428526845676,0.0179457700582311,0.0360763042737232,0.14514553843133,0.0306101400520094,0.00581085721300334,0.00782269605048069,0.00723765200916982,0.00341785312084775,2.96564836238563e-06,7.88899012635253e-05,0.00100937294628588,0.00404357520822954,0.133049882571635,0.00445071887590386,0.0459288578956113,0.0674266729493539,0.0550595664864585,0.0441583449638324,0.000951314221413462,0.00617966056830068,0.0188204602720622,0.0286070475075614,0.158217734104185,0.0239794546876307,0
0.0733808999733127,0.00672268996662924,0.0373817054011399,0.00696614085452736,0.00145362923412308,0.00209956223265483,0.0142120889312492,0.0411624373921199,0.0182696949164288,0.0117916133005996,0.00541012164984098,4.53311751614619e-05,0.00140439833067121,4.86210893901324e-05,2.07819596138398e-06,4.33052975190468e-06,0.000202604935930052,0.00169452251495324,0.000333831985680059,0.000139280644118704,0.058810353866395,0.00416103801055969,0.0253750395256811,0.00497407277004205,0.000600798015547558,0.000559941598582781,0.0114903370015101,0.0319448280281276,0.0127221716503316,0.00900377767505146,0.0107678181816039,9.02971714769386e-05,0.00279470642583839,9.68906307044413e-05,4.17491135748849e-06,8.71390234619789e-06,0.000403574726386396,0.00338039018990865,0.000665932100379614,0.000277609618184089,0.0487954309890867,0.00373495085449164,0.0207023422053918,0.00474028108199952,0.000432373739250865,0.000669326804194475,0.00939656336680005,0.02322790113059,0.0204623125411878,0.00823039125994587,0
0.134981759324984,0.118249669968019,0.178693400372586,0.0592998482720402,0.0272983457147209,0.0238967123937347,0.0726377473079659,0.0851516372997892,0.0976399973201375,0.0351173951583782,0.0182687273720346,0.0140508351621971,0.0320658758155015,0.00353304458703584,0.000747940715182552,0.000573703578846273,0.00530259311692268,0.00726368199051635,0.00957572991791886,0.00123779311661761,0.0913596718804269,0.088281166945125,0.12612618791627,0.0495392958178442,0.0224070088090116,0.0186684116795534,0.0417542744310368,0.0605861760372017,0.0762084514044944,0.0257530964229265,0.0363934251099308,0.0279631410705147,0.0638359877320427,0.00703182872713709,0.00148940067595193,0.00114188588642548,0.010552301756083,0.0144781637068116,0.0190578999551949,0.00246483470888968,0.0733589873056046,0.0723133340842804,0.103450110208523,0.0394170056252631,0.0202327589937996,0.0186887500561172,0.0440397142891671,0.0438641092613342,0.0537803415365486,0.0268063033437751,6
0.100377628605127,0.0901345035905195,0.209364165468375,0.0496522946141298,0.0128656527033348,0.0153537009671382,0.0471612601149178,0.089606900297981,0.085358689106221,0.0114015707299334,0.0100908515360804,0.0081043787354876,0.0439176068000996,0.0024728510669225,0.000165024866841057,0.000236770925320222,0.00223494901651148,0.00803430875299471,0.00732271755382847,0.000130571967445489,0.0711266148687087,0.0692418190552915,0.165730079742375,0.0396210557835844,0.0109045941621234,0.0122913462376007,0.0364603512912672,0.0700898032243964,0.0664448498611191,0.00853478757248145,0.0201160646807871,0.0161880557205244,0.0875312062403381,0.00492572229292615,0.000329721959693055,0.000471227728636715,0.00444688988444083,0.0160235282957856,0.0145721079763104,0.00025991475261564,0.0847853991124121,0.065572686632665,0.148257597134567,0.0342991371182943,0.00913953122999157,0.016265934919469,0.0277593824586328,0.0648152822502835,0.0507654177572921,0.00607732289801555,6
0.10808836780806,0.0552261876480338,0.0723175263268593,0.0304572973841179,0.00250963638638737,0.00389544840326738,0.025458650952193,0.0521163211223139,0.10004690008244,0.0245941042021863,0.0117333148401487,0.00303398230788345,0.00521959925986144,0.000931685706787704,6.21053918310341e-06,1.52156971755786e-05,0.000650133012035681,0.00272830245253997,0.0100367710132067,0.000607665228180487,0.0866520427297413,0.0402187100827857,0.0554796403437212,0.0199815701512822,0.00139775221572941,0.00281062038706743,0.0193223643714327,0.0421204736878305,0.0807453084377767,0.0199927148678059,0.0233571758456057,0.00606864194611446,0.0104232562764973,0.0018545967453787,1.24777592401852e-05,3.03127190407373e-05,0.00129499983042874,0.00543066754775638,0.0199959603274886,0.00120945198135226,0.0888772817405858,0.0619561360321416,0.0853657049735696,0.0196011973353496,0.00157625954451598,0.00327024681696642,0.015593690127434,0.0369436390685118,0.0730487591032338,0.0166024352462107,0
0.051370136483562,0.00346244862432021,0.0062491621850623,0.00209558825301772,0.000650349380217051,0.000281290015026411,0.0137273508861675,0.0307393935843672,0.0182628089970171,0.00976273329932788,0.0026432011595005,1.16879007396901e-05,3.83888727405896e-05,4.29098450407994e-06,4.2468885866632e-07,7.94470760992647e-08,0.000189183692226764,0.000949229774679537,0.000329660827667925,9.57730925365976e-05,0.0417407864049844,0.00244297627955639,0.00434669854040155,0.00151373666434397,0.000356632145170095,0.000178088008065014,0.010886557577074,0.0248495120940635,0.0134014911378408,0.00762217391551554,0.00526883093261207,2.36176391911927e-05,7.72488567979805e-05,8.66081511046547e-06,8.44358077163619e-07,1.5816699745662e-07,0.000376669537520691,0.0018892975013081,0.000661535041630309,0.000190602361016973,0.0283839616729892,0.00381722221777725,0.00689974334711698,0.002320165599672,0.000202304820281185,0.000278187733739622,0.00901228376107014,0.0177089769587513,0.0205293003301011,0.00659723287902687,0
0.0141641101191585,0.000170335563868271,0.000857360093619519,0.00034542749006395,0.000565730026925569,0.000231413809508686,0.0118655303151712,0.0226949283054629,0.0010401377783773,0.0101042683580148,0.000201404000513162,2.83058100277478e-08,7.35869633897803e-07,1.19515798430461e-07,3.21598370650782e-07,5.38214001068382e-08,0.000141462793229704,0.000517628185439405,1.0760937719529e-06,0.000102505344331203,0.0107394428045862,0.000121346132838288,0.000560394666517424,0.000169493665016068,0.000302753224534177,7.04230508066243e-05,0.0101533676086214,0.0185920409834205,0.000772639042267973,0.00825132636279673,0.000400991659081394,5.71784326833449e-08,1.46697324652112e-06,2.37106436379378e-07,6.39022856355801e-07,1.06826285348816e-07,0.00028154516407938,0.00103009562669454,2.1520644446923e-06,0.000204088720761798,0.00987822689515058,0.000188938729194418,0.000344957735988111,0.000114531583650725,0.000182169640986663,3.55339402867058e-05,0.00689239831614874,0.0142503249906924,0.00113765559975732,0.00830509117175947,0
0.0198910241594052,8.69511064710922e-06,0.0227386898244043,0.000387685769171208,0.000513288734837025,0.000326158660161774,0.00797287089389733,0.0211934851591966,0.00784323028917219,0.00841098612964368,0.000397291362382144,7.40839671904266e-11,0.000516677617428753,1.51051339062687e-07,2.64775856042353e-07,1.06911532444968e-07,6.37437597558097e-05,0.000450244563236101,6.15522639549125e-05,7.10812928202783e-05,0.0130695860318674,6.2538652505254e-06,0.0148966208801648,0.000143089771593853,0.000250617847983375,0.000117574170111435,0.00562499398082881,0.0170201236508542,0.00488350451831652,0.00679198853524474,0.00079089627567546,1.49317654552324e-10,0.00103113262363505,3.00305484015964e-07,5.24410545609032e-07,2.11641804080751e-07,0.000126991052656022,0.000897157105644568,0.000122758362204145,0.000141450910159988,0.012294334852838,9.64187812299065e-06,0.0110816012490691,9.76701409263537e-05,0.000141323642037389,6.71864095357448e-05,0.00491642169872811,0.0109983754086853,0.00333366095907349,0.005272609211534,0
0.0229049047770728,4.50632124941896e-07,0.0768899049481218,0.000473666379569099,0.00100779694496698,0.00138201413419862,0.00291020016253201,0.0246570947291047,0.0109710065575147,0.0115587781723538,0.00052719833777906,2.0043079185208e-13,0.00593946790159943,2.24920901472559e-07,1.01913708051919e-06,1.91438014926846e-06,8.50211960517121e-06,0.000608495055672083,0.000120709823276528,0.000134262822704456,0.0175284882855546,3.26748666026668e-07,0.0618550202109616,0.000172538870001911,0.000412917543290818,0.000251409331913684,0.00197367577477087,0.0191250475733482,0.00786155115495166,0.00946765356772334,0.00104919496775807,4.0249251150525e-13,0.0118217151251058,4.46015872881935e-07,2.0295263013506e-06,3.81460551297734e-06,1.69284551719772e-05,0.00121342282320014,0.000240468850244792,0.000267169199042431,0.0173841123252376,4.99249897731395e-07,0.0662528903493955,0.000143488493855651,0.00027246219272793,0.00037455540643112,0.00117033441358858,0.0123452002482749,0.0075702932363963,0.00820361418908554,0
0.0134946750507352,2.38003404701901e-08,0.0298877530505656,0.000787704842577952,0.000757407446537328,0.000979730473291347,0.000393282631405402,0.0265351211753791,0.000819009188104559,0.022229419710261,0.000183021148861708,5.63640429715744e-16,0.000897730194274544,6.23200840546869e-07,5.73694894106326e-07,9.58459129585953e-07,1.5535663255283e-07,0.000707484743737381,6.7220578773035e-07,0.000496538434291896,0.00923664195067045,1.7268090233842e-08,0.0153967806596727,0.000392882061541992,0.00048341999861218,0.000603490763637235,0.000234524443815642,0.0222521178453056,0.00046288108868381,0.0176056559420664,0.000364172415577095,1.12725328455422e-15,0.00178613227756148,1.23777315194728e-06,1.14240526378978e-06,1.91337792378492e-06,3.08029495955962e-07,0.00140803089019923,1.33921901118002e-06,0.000988129364000607,0.00667216317902823,2.63413529159249e-08,0.013918402861687,0.000308624211787693,0.000373142375562743,0.000696123524497967,0.000232674791960849,0.0155268064790812,0.000411184245013568,0.0185174966776605,0
0.0732214802036422,0.00450839016460006,0.0574504797191314,0.000328110925524594,0.000853754204858173,0.000230988815300594,0.0150126046933136,0.0340396081880612,0.0549548687675083,0.0332185292212775,0.00538817573656096,2.04251613393408e-05,0.00331460150373397,1.08182481827342e-07,7.32385595567167e-07,5.36065014544664e-08,0.000226424827238212,0.00116389418019777,0.00300532121439234,0.00110601521229316,0.0431062286877316,0.00203126735066978,0.041651067812845,0.000116948733558211,0.000496689445611878,6.93928815551417e-05,0.00693455290131986,0.0277377652490148,0.0213713810127761,0.021016708719559,0.0107224661118974,4.06482201785534e-05,0.00659821001593557,2.15298245967203e-07,1.44398386164048e-06,1.06386333182424e-07,0.000450665552695597,0.00231672340846611,0.00601032270563012,0.00220394181606808,0.0406176280368929,0.00208055224117004,0.0294804631336118,7.31257059262486e-05,0.000248614817143613,4.83253218510866e-05,0.00821840537528465,0.0174889204094448,0.0268349353055485,0.0212864424534096,0
0.0355934188113775,0.000673041007979518,0.00764690913493842,0.000386064940298275,0.00060497835520727,4.90112462948307e-05,0.0227096060513032,0.0354555014857235,0.0937566906711175,0.0365412697663036,0.00127296437632212,4.53317395307079e-07,5.6773879168252e-05,1.49767173046871e-07,3.67831621187622e-07,2.41403524956148e-09,0.000518209279777494,0.00126317725303563,0.00879669528888916,0.00133813937862659,0.029364627108911,0.000516099319718012,0.00478303686887636,0.000143251841268559,0.000312670500870172,3.25476387708149e-05,0.0179307204125926,0.0297206003768862,0.0651530451439209,0.0273905246888962,0.00253347351254082,9.03854919203725e-07,0.000114928149056513,2.95253968835363e-07,7.31721460198668e-07,4.80368186135728e-09,0.00103134442140776,0.00251394783565901,0.0175429814184317,0.00266670886496659,0.0289892771236086,0.000719411552698533,0.00660430742994669,9.82330072283621e-05,0.000188488834572414,3.61009016729079e-05,0.0168570653549139,0.0333561197039949,0.0791747318690837,0.0370573980724729,0
0.0246974564769849,0.000237492562223049,0.0145318167099938,0.00785125962463935,0.000799068521793792,0.000231394326429911,0.0127114238570813,0.0198039023707689,0.00771865146412407,0.0193414341925812,0.000612640903162122,5.66504805135222e-08,0.000212198096717576,6.19483382727475e-05,6.41511304382047e-07,5.38123520438983e-08,0.000162230768984179,0.000393747747552682,5.94749135026433e-05,0.000375749961104902,0.0180095361815796,9.11442452527453e-05,0.0086760214918992,0.00490503748419935,0.000461550697733226,6.81280687154433e-05,0.00995844401724555,0.0156892414663356,0.00483067768199371,0.0139296510758594,0.00121953500183089,1.1248854551058e-07,0.000422295066675356,0.000123279096119137,1.27436777414049e-06,1.06812435166926e-07,0.000322964677307685,0.000783926726662231,0.000118749666030986,0.000747962241900376,0.0127054840661148,6.84094783987187e-05,0.0083008865711391,0.00408208158181223,0.000275252388448809,3.68454884894102e-05,0.0071580685708941,0.0143816423715763,0.0054909618685131,0.0108701337225937,0
0.010213965480762,5.54509913466698e-06,0.00091988370792264,0.000724908559609457,0.000610568328519146,0.000230875390014166,0.0123556020248765,0.0198347846228445,0.00036977741338934,0.0112708036060046,0.000104844394084029,3.06528409718166e-11,8.50141876127946e-07,5.25476500268596e-07,3.74535982023907e-07,5.3570681420709e-08,0.00015249606041214,0.000392657733141643,1.37304433599413e-07,0.000127360903905231,0.00631593263620742,3.83835879321499e-06,0.00066351413871133,0.00050348921582578,0.000313925498873964,6.1439237001228e-05,0.0096365452948691,0.0152005739643788,0.000262835584683285,0.00874383898764237,0.00020854193846522,6.12463223517578e-11,1.69005517311563e-06,1.04832883520429e-06,7.3848755391947e-07,1.0633553176242e-07,0.000304364297207139,0.000784112431726768,2.73021193331849e-07,0.000253753605386686,0.0046686053608708,6.18176572358744e-06,0.000695334176590535,0.000750821590666961,0.000182347821074461,3.69675342938397e-05,0.00699021861056993,0.0100014303923079,0.000344792595869995,0.00844570194830789,0
0.0163644100135831,3.04863111348528e-07,0.00077615967898534,0.000331001859476526,0.000607524013075582,1.58862761895176e-05,0.0102164613069808,0.0201157802268028,0.000460375568735247,0.00858681078456515,0.00026908985895489,9.2315427863985e-14,6.05196704878262e-07,1.10082424479649e-07,3.70901507900316e-07,2.53359400428477e-10,0.000104669547172799,0.000406339737882845,2.13007132809782e-07,7.40677993467628e-05,0.0131083556235662,2.09176782983503e-07,0.000458152372094396,0.00013919220195732,0.000314618607513013,1.14369478058197e-05,0.00806140982067122,0.0162084406306285,0.000220462008592461,0.00685657130786781,0.00053553098071207,1.84791604020214e-13,1.20352888728557e-06,2.18008307436279e-07,7.37858532912136e-07,5.0445258825154e-10,0.000208502289842386,0.000808862701603762,4.22771352564671e-07,0.000147424451442034,0.0117539342972983,3.37508984286367e-07,0.000266076869343659,7.61829975065555e-05,0.000184460249441602,1.77124348937529e-05,0.00501749951502763,0.0173225395159832,0.000124827580688427,0.00516191833698098,0
0.0153601183558498,1.60471329405062e-08,0.000563681365186824,0.000454294232016436,0.000740697976190867,9.29909841919457e-07,0.00996725941918511,0.0194417617468943,0.00023261813758372,0.00916195437333404,0.000236765518911418,2.54247584365594e-16,3.19183461036086e-07,2.07392003021138e-07,5.51310578228542e-07,8.69049403323994e-13,9.97504188617718e-05,0.000379076125527401,5.43823133153263e-08,8.43628796505621e-05,0.0127790060145676,1.10676343775517e-08,0.000278473532524592,0.00019139807287358,0.000420430055658308,6.56481474020604e-07,0.00813483616102657,0.015461404709663,7.57639835994329e-05,0.00743045195698158,0.000471463997507974,5.10479743352598e-16,6.34210806091024e-07,4.11762608601456e-07,1.09016377298826e-06,1.7293792990981e-12,0.000198566550139386,0.000755111997332178,1.07939899634922e-07,0.000167880096373617,0.0106718529453055,1.77776952489472e-08,0.000178897997903631,0.000126507052191882,0.000244873825595365,1.02825730841164e-06,0.00532695020087035,0.0132411539017529,4.31424772719807e-05,0.00544913427595983,0
0.00436272544835666,0.000231059396009717,0.000674494312283374,9.1542036960155e-05,0.000648184379771661,5.07687773352392e-08,0.0064540348726247,0.0156661833240343,6.18649654423385e-06,0.00722507294345658,1.89123747043773e-05,5.36535923110752e-08,4.57106216821321e-07,8.40496683294363e-09,4.22210171913413e-07,2.58746598667355e-15,4.18213839550027e-05,0.000245279178617406,3.83058505904648e-11,5.22139563133818e-05,0.0023672844097675,6.15985530083801e-05,0.000346729625337094,4.57253522003384e-05,0.000352406299309671,3.52900225310123e-08,0.00506435686567966,0.0121678279699414,4.32391332007745e-06,0.00584701937049276,3.78510922322797e-05,1.06499240395548e-07,9.07585661147424e-07,1.673917086851e-08,8.35718109473622e-07,5.15183288397329e-15,8.32632724383596e-05,0.000489481685001812,7.63850933378672e-11,0.000104148795280925,0.00243031507768782,3.62663882336173e-05,0.000232964799407296,5.11374390121028e-05,0.000201015248777838,5.61259515962922e-08,0.00255852465848833,0.00937228329490504,6.92643038085287e-06,0.00434428453149524,0
0.00168671973722811,1.25030294208985e-05,0.00069210968435722,0.000459163437818974,0.00064031884698672,0.000230414992968255,0.016128813403352,0.0169715273092169,3.48197933985163e-07,0.00997807555628954,2.85831408796046e-06,1.54380299062306e-10,4.81238610036007e-07,2.11889455895493e-07,4.11917638810452e-07,5.33575473710049e-08,0.000260421666153556,0.000288613678051297,1.20875778461623e-13,9.98585269321873e-05,0.00102495607888833,8.95611125851508e-06,0.000387712110518072,0.000188462257590312,0.000344150003665198,5.45393869028868e-05,0.0124082472974971,0.0133299863631396,2.38860156224487e-07,0.00799109654774699,5.68643908928252e-06,3.09932339684048e-10,9.55059719365214e-07,4.21660758441286e-07,8.18733385851341e-07,1.05899844299381e-07,0.000519254880503466,0.000575190912311556,2.41507300549354e-13,0.000198919349694408,0.000658601882448217,1.43372278392457e-05,0.000225484121309333,0.000124706323806844,0.000187256116300751,3.74144339275469e-05,0.00944499937654329,0.0120139458431609,3.85294714673778e-07,0.00636038398093485,0
0.00214882537707421,0.000231052093335177,0.000562728213952492,0.000514187898279989,0.000697851742920683,0.000231723375522294,0.0158071812422248,0.0118676715876396,1.8499628895842e-08,0.00768563102452846,4.63747540405849e-06,5.36498002442372e-08,3.18251328847103e-07,2.65716277144187e-07,4.89404385729417e-07,5.39603481495009e-08,0.000250443327181533,0.000141471879154128,3.39242987044712e-16,5.9302807548028e-05,0.00151612371180476,6.18084074032545e-05,0.000287116584370835,0.00024836696774902,0.000396243245061186,7.136674758899e-05,0.01265287145087,0.00870200409817284,1.27072286471117e-08,0.00597841738849792,9.23095220349114e-06,1.06490749495499e-07,6.32199690637798e-07,5.28477409195933e-07,9.72393407619697e-07,1.07103376382643e-07,0.000498998052958091,0.000281606142663956,6.79770684109137e-16,0.000118074113901805,0.000903963043771247,3.57907096332492e-05,0.000170332376402749,0.000154218599831547,0.000211011631503668,3.80699863626577e-05,0.00892275396146429,0.00573205635161642,2.04845017245463e-08,0.00609089864548059,0
0.0028778947279234,1.26511959040594e-05,0.000463086652783653,0.000509301991251184,0.000762167942230792,1.91330720002496e-05,0.0175580497760842,0.015273067701839,0.000230891712687551,0.00940653144139989,8.32273309112642e-06,1.57387588515387e-10,2.15501033129689e-07,2.60655509614395e-07,5.83794498242088e-07,3.60855073329762e-10,0.000309648446776151,0.000234015768963246,5.35788753761276e-08,8.89135699120467e-05,0.00178336772381117,9.18619768066224e-06,0.000208792570044519,0.000227887290184703,0.000455956419502782,1.38130330984932e-05,0.0135230992207879,0.012215691728809,5.9334704677366e-05,0.00743476557492313,1.65633733118269e-05,3.1665335742433e-10,4.27764180266389e-07,5.1847050830925e-07,1.16155096520787e-06,7.25124794208565e-10,0.000616303268430421,0.000466099917223662,1.06350045216653e-07,0.000176949554546921,0.00133970779972153,1.45805794279012e-05,0.000122935953384134,0.000149948993239221,0.000214929792335842,2.19760889398623e-05,0.011586031062573,0.0107046772899206,3.6655133249259e-05,0.00641608603172734,0
0.0121452526256999,0.000231249051715819,0.000510117802800092,0.000330315843555943,0.000721824740513204,1.2087791555065e-06,0.0156320704098896,0.0173462338165112,1.52825397311084e-05,0.00936102549223002,0.000148244022820348,5.37428467310781e-08,2.6152698158701e-07,1.09634206928174e-07,5.23576806695449e-07,1.43915610722782e-12,0.000245351994992698,0.000302359532883274,2.347236089048e-10,8.80682299881179e-05,0.00844990962339545,6.51839107657803e-05,0.000235347256650357,0.00013643839450509,0.000388646752163412,8.37401354065887e-07,0.0118580875026924,0.0139289257747566,1.10959932173917e-05,0.00742155426339573,0.000295007841441857,1.06675129503406e-07,5.17950805542157e-07,2.17104040732282e-07,1.04055027450175e-06,2.89307514192301e-12,0.000488424107619268,0.000601698658317437,4.67092300544109e-10,0.000175237487673014,0.00549231837758454,3.41734434157152e-05,0.000156936336936456,7.58778885417249e-05,0.000224669181532593,1.34014732452055e-06,0.00763286992937841,0.0130967899228122,1.70009792901215e-05,0.00664504870883091,0
0.0683357403377074,0.0557228147189081,0.112020863290858,0.0499382641322811,0.0137818383156934,0.00737308230095281,0.0894340858034372,0.0366328443513427,0.0804197876831692,0.00671361342216138,0.00468296889866482,0.00311938406228726,0.0125609769676866,0.00250578412821033,0.000190870010797223,5.46345722507244e-05,0.00803169514016059,0.0013469942155334,0.00648354106924667,4.5264072837896e-05,0.0458978484471528,0.0370491232720123,0.0702703735614812,0.0336884050180273,0.00939559162952272,0.00526839550469911,0.0586050035669629,0.0277129384393909,0.0495344524650907,0.00535768861913386,0.00932921777005568,0.00620878562096814,0.0250468373025143,0.0049870056911712,0.000379846564854998,0.000108710227526595,0.0159899686966523,0.00268221304384395,0.0129174959601709,9.00915013317185e-05,0.0382243562591943,0.0303174530381101,0.063428622777537,0.0293733387245725,0.00976976644626609,0.00438361182540284,0.0573662560495929,0.0203393083179801,0.0394379978912846,0.00312891232357737,7
0.0498231257753069,0.0237523548334112,0.124112567703531,0.0392791249152823,0.00238274234906821,0.00337193944870174,0.139898754122283,0.0451157908157239,0.109949785320412,0.0113294401639277,0.00247803924407852,0.000566252265684787,0.0154243142403897,0.00154931114961953,5.68328605314829e-06,1.14269420244886e-05,0.0196300248782021,0.00204439176353322,0.0120692710677079,0.000128994468379495,0.0389824192082447,0.0180071117750283,0.0781565627465519,0.0329699342888198,0.00159366456354571,0.00204360843123198,0.11046209600949,0.0343426701618066,0.0872945022481261,0.00955856721215299,0.00494797622064792,0.00112751943290289,0.0307511217921447,0.00308441269516274,1.13303951663584e-05,2.2738622513229e-05,0.0391031268465122,0.00406948510293895,0.0240974098288737,0.000256663524132335,0.0443706327570961,0.0169095092120344,0.0720391226770541,0.0263766008477973,0.00120812150891729,0.00146357651723489,0.0970420327608818,0.0263398264035896,0.0660346434196252,0.00937721979590429,7
0.0158086346470442,0.00183138583604285,0.00602002952770489,0.00620382884833245,0.000584550069660682,0.000264971839908222,0.0319879164590154,0.0248116186510189,0.0498640421540602,0.00947712385959216,0.000251166013087575,3.31452292967286e-06,3.62571799377754e-05,3.85508006498007e-05,3.43409710756351e-07,6.88544818148512e-08,0.00101959709018951,0.000617708624056298,0.00247827366212714,9.02539987708576e-05,0.0096250818544316,0.00133021980405672,0.00426483481310643,0.00429041914848415,0.000315144561861004,0.000186649378696922,0.0250903749567728,0.0200403393603533,0.0374404357242218,0.00754762131326057,0.000499809233733587,6.65182763412143e-06,7.23083954759492e-05,7.68445746047342e-05,6.82308276558997e-07,1.38719535517491e-07,0.00203772384039569,0.00123011530510187,0.00495227865257919,0.000179597616032443,0.00778658097441692,0.0020316143254945,0.00663989721459486,0.00674964123629291,0.000179833774294551,0.000295211709457108,0.0322346332420491,0.0157372973573081,0.0593244168136869,0.00569728784504376,0
0.0990377898674909,0.00427274504411752,0.00136543997060051,0.0094841559824573,0.000597978321562348,0.000231542041425692,0.0183313729366509,0.0564740969215751,0.162708518980188,0.00749701798180844,0.00981894295499734,1.83423290744874e-05,1.87201340860076e-06,9.02003002367777e-05,3.59318187545602e-07,5.3877820243735e-08,0.000336138687570943,0.00318233741074196,0.0266034388663959,5.64161105800448e-05,0.0685263012624763,0.00167852017943505,0.00079576941249886,0.00482877953383722,0.000284035438464845,7.10889260309594e-05,0.0142806191793265,0.0407276676071903,0.115607964477979,0.00611752340831014,0.0195781711147979,3.65034907257033e-05,3.72706065401005e-06,0.000179696930605248,7.14846217043901e-07,1.06945239440363e-07,0.000670478613083161,0.00635574663451881,0.0529441832359683,0.00011233689081776,0.0647084102066203,0.00185081533470265,0.000522337183333007,0.0053617011503798,0.000189087894347647,3.47426086390058e-05,0.00962631096781328,0.0355249531386258,0.113288400880807,0.00637524118961418,0
0.0807241703667604,0.059394418649707,0.0905477057515604,0.0829922343719348,0.0189051505642609,0.00756668915056314,0.075518401475937,0.0543521656943819,0.088356551262167,0.0102586111021386,0.00651299655592484,0.00354510540081872,0.00823405868224259,0.00687668121389435,0.000358220789068055,5.74147519235773e-05,0.00573094488353899,0.0029489525125139,0.00783390379543121,0.000105767628968971,0.0626865256956955,0.0362779579801567,0.0595412708108523,0.0591717498918229,0.0129132666350511,0.00442882963360614,0.0535262175190271,0.0438709856546965,0.0718674648158153,0.00834673155247477,0.0129963988291074,0.00705506329320426,0.0163906685905513,0.013729934475209,0.000713827233689975,0.000114381028976915,0.0114050069417245,0.00588832862171582,0.0156016070824535,0.00021047032768976,0.0794825883168524,0.0337632500835183,0.0441407528267811,0.0376462566662605,0.0129673494545919,0.00473743648695997,0.057069607738386,0.0583889403551942,0.0631080151577138,0.00589321331873938,7
0.0582120807628688,0.0634472022121191,0.200838358931097,0.0927669438642746,0.01291425188746,0.0161702693611807,0.209906348277457,0.0862436268641189,0.10901839130405,0.0102184880193248,0.00340456240903841,0.00404402467901277,0.0405342516990692,0.00860679006875505,0.000166851545096179,0.000261790761297449,0.0442728759503498,0.00747531199460209,0.0118640490420078,0.000104745213348259,0.0454170976966768,0.046634932956443,0.154454152486239,0.0736598340251626,0.0103031902712458,0.0130322027656035,0.146744323096624,0.0646177002105993,0.0918516700646765,0.00800278460478158,0.00677604193128974,0.00804925729998723,0.080667282449781,0.0171694607621381,0.000332782045745459,0.000521959397775296,0.0881114758286672,0.0148758810913326,0.0236897357784513,0.000208633386371268,0.0416024761843536,0.0312555492008493,0.131272517420794,0.0785715163652882,0.0119135685669853,0.0086969399262911,0.141131878472999,0.0475454151892185,0.0651638474238629,0.00665849661613199,7
0.0476871325123596,0.00884483419637069,0.0729112222921486,0.0234176231502457,0.00234586106936653,0.00611950670209267,0.0509194346103337,0.0335399004051021,0.397542986087008,0.0103973122182227,0.002285461275355,7.82430141912032e-05,0.00534216130275707,0.000551072535151266,5.51557449708633e-06,3.7177286215426e-05,0.00259929642112081,0.00113010837379903,0.158652155778748,0.000108279958956997,0.038894736733879,0.00700798023455638,0.0602434140895802,0.0184531193692988,0.00161871609291272,0.00430465889036803,0.0426583754951591,0.0269386193538164,0.308804578832078,0.00831389619280011,0.00454793683765688,0.000156082855385094,0.0106314940146137,0.00109668778799884,1.09885493666594e-05,7.44392524529742e-05,0.00517908173458094,0.00224938268446101,0.315898118984572,0.000215758922733422,0.0306345165774203,0.0107816250062341,0.0788162647659344,0.0278479514066048,0.00240794816697253,0.00589024608805791,0.0485996824878874,0.0209827407849715,0.329860936216864,0.00551867506950167,0
0.017996896292077,0.000786449280687595,0.00698718358089373,0.00243373297115167,0.000653049008710914,0.000307801976792638,0.0231521272437326,0.0196041217074065,0.0362056357853746,0.00802086032644891,0.00032548386186829,6.1896896924956e-07,4.89342808694472e-05,5.94595520958706e-06,4.28608998231923e-07,9.41359939278629e-08,0.000538423720718257,0.000386094618765094,0.00127946814432802,6.46352495275921e-05,0.01319640163847,0.000541878040848467,0.00498287971104372,0.00167582358556768,0.000363737530613247,0.000223727463348361,0.0180020169904822,0.0156321459788978,0.0258208828805933,0.00641341920256415,0.000647725967143119,1.23434151472571e-06,9.75062110297224e-05,1.18392747197166e-05,8.5170147675417e-07,1.88403526354139e-07,0.00107173473161064,0.000768477590854761,0.00258391812344892,0.000128646140585492,0.0119380463736459,0.000870283639086143,0.00789782991630486,0.00266882037518714,0.0002457563758507,0.000341223485268248,0.0168709098010518,0.0104179381550225,0.0403954083694939,0.00471115020613762,0
0.024908171727838,0.065418918017683,0.0765135578337024,0.0236190037384866,0.00741856281583553,0.0015296164744698,0.0411455142801099,0.0238095635102345,0.054396629349691,0.0106885204164004,0.000623331996349108,0.00426169169122656,0.00578041333631202,0.000558953541802023,5.51989133474233e-05,2.34668604724399e-06,0.00169398995053936,0.000567799942703514,0.00295338858073497,0.000112647153544519,0.0136585207985226,0.0273979961347578,0.0277614288093117,0.0107801798569317,0.00387438186036515,0.00059382317664993,0.0269862197550882,0.0156840771009815,0.0231757371378326,0.00702120363762544,0.00124061495375451,0.00851990424385804,0.0116051808396705,0.00111390508658509,0.000109957833845482,4.67135706507015e-06,0.00337847327777571,0.00113182880521334,0.00589761375845032,0.000226327985801563,0.0117455203254463,0.0386845862570452,0.0319706951087838,0.0117733346624515,0.00404601767683832,0.000574912015931123,0.0171105495322628,0.0140802909267467,0.031867954547398,0.00567279158221057,7
0.0559431493749534,0.0743226650901548,0.177216214510503,0.0996698698043778,0.0101336268028104,0.0090080570519484,0.104035547247614,0.0541013825852155,0.0900044637824716,0.0165990705713982,0.00314457911606191,0.00552249701530947,0.0315020630457359,0.00997470368410137,0.000103198282457544,8.15444580705779e-05,0.0108650231203079,0.00293002100895034,0.00812897892179887,0.000274787988675727,0.0436113399032894,0.0537177849548424,0.13178488874543,0.0820658760296347,0.00829939336730413,0.00708342780503368,0.083522718710345,0.0429037001928339,0.0679694564705923,0.0131226566007572,0.00625840515375116,0.0110179439449616,0.0627480676876163,0.0198589061943263,0.000205370844674512,0.000162268337056149,0.0216340835855867,0.00584232975334828,0.0161857820246383,0.000548943175033829,0.0378075506092475,0.052426956381399,0.107090513152975,0.0726341160582422,0.00751772619612051,0.00648417537586727,0.0708472709088199,0.0435303586282785,0.0467185784187152,0.00963643277904198,7
0.0332967580114291,0.00904686321864028,0.024218813546201,0.0239591157341741,0.00239411969523164,0.00133794178271269,0.0346073781666819,0.0408073505542905,0.16428252610407,0.00867889698388842,0.00111414714766503,8.15924573647528e-05,0.000586029346016899,0.000573627855266015,5.71584492626598e-06,1.77806451241951e-06,0.00120287141728627,0.00167278187961837,0.0271243478654131,7.55151829359141e-05,0.0243983706607625,0.0067007440630247,0.0196856581196349,0.0168752821692113,0.0017865655891265,0.00101656922013606,0.0269091816737334,0.0315478840158404,0.132645952865188,0.00701436855129798,0.00221724353503849,0.000163024972825425,0.00116964946395926,0.00114479850558576,1.14190209730174e-05,3.55926207772057e-06,0.00239452743549975,0.00332963131481369,0.0539762902769066,0.000150445373149831,0.0278617903071734,0.0102068781878594,0.0305425930500423,0.024123723172333,0.00274235075339423,0.00160565062098694,0.0403985498448423,0.040920591983277,0.138241010639101,0.00507714281130087,7
0.00401526071078947,0.000565895849840534,0.00245825081240356,0.00542486119187873,0.000668778154816402,0.000253943220272698,0.00513156465835717,0.0169780407582044,0.0155422173001348,0.00990333957268776,1.61515265512518e-05,3.17974259485708e-07,5.91638109619828e-06,2.95764910191808e-05,4.48980969890887e-07,6.45865812230631e-08,2.6461579292897e-05,0.000288104964045729,0.000242137934651977,9.83682383245639e-05,0.00320383414208305,0.000395351237728222,0.00173682138646992,0.00362560830048115,0.000383945508686994,0.00012679337505714,0.00368861721824025,0.0139433040141189,0.011177609704266,0.00788038798767463,3.21895510373566e-05,6.36436990954697e-07,1.19285398650181e-05,5.88577107391284e-05,8.92832373736358e-07,1.28489260067055e-07,5.26508794436412e-05,0.000574868220628229,0.000482473435396373,0.000195951277143004,0.00334131930503209,0.000579437935071366,0.00253012007512927,0.00239785135305885,0.000221546642377309,0.000128250730719551,0.00354554496500677,0.0140938849137521,0.0172315317678723,0.00571696570983966,0
0.0388805582820405,0.0414012606087515,0.0902708287133111,0.034145501429279,0.012864261535184,0.0079606487241111,0.0846363843017461,0.0301083980216529,0.0421421978785038,0.0164805251507026,0.00151724208689132,0.00170795183119106,0.00818217851555613,0.0011717669761017,0.00016607391298161,6.35455881737472e-05,0.00717436928390454,0.000910459735001966,0.00178192118824504,0.000270521277849461,0.0186334432260417,0.0198531875930556,0.0375268292655818,0.01618505566236,0.0067135546675167,0.00397587278369478,0.0391190659139985,0.0218242810501932,0.0194197519829468,0.0110235506761608,0.00302132565083896,0.00341347477605363,0.0162895866012657,0.002331766886676,0.000330725412739864,0.000126599788136383,0.0143018120668683,0.00181242305020818,0.00354892462850672,0.000540775598831258,0.0227156426581379,0.0188503342869461,0.0530576291721253,0.0172380452909679,0.00762604693837545,0.00423827157308249,0.0401766840379852,0.0181260223139529,0.0219689154081514,0.0101248911306745,7
0.0445018170144142,0.0827799916503537,0.185403741491126,0.0855645867377575,0.00823894243397382,0.0101170840578147,0.119471849422645,0.0599095163492629,0.0844584429042552,0.0229344931301961,0.00198799143345199,0.00688189231329094,0.0345454380311988,0.00735750375349574,6.81128433641858e-05,0.000102869176035326,0.0143416277975877,0.00360718136041021,0.00716853724928381,0.000526995081285337,0.0371303044752261,0.0615972377407055,0.14270471716476,0.0655706760438423,0.00654074088049858,0.00799184104567604,0.0932781086029758,0.0450651911022654,0.0671541607368142,0.0183863406659597,0.00395845640166441,0.0136993802688984,0.0687469386826123,0.0146420049600401,0.000135639360793762,0.000204709161874627,0.028542860751808,0.00717823339067574,0.0142658956898355,0.00105035108046744,0.0286465407686306,0.0663074604613056,0.109969556088971,0.0496261605433448,0.00445597147957523,0.00544542409643944,0.0944592376532688,0.0548401833390431,0.0398178978935346,0.0258081431217284,7
0.0101719145481648,0.0176990960335881,0.0283065532270244,0.0191877492232114,0.0011823246144052,0.00397894957166427,0.0516448611508713,0.024286871851019,0.135981704206237,0.00723054946378943,0.000103929744480705,0.0003121206187546,0.0008044070073774,0.000369103628697756,1.37864776971427e-06,1.57509902113834e-05,0.00263333960918724,0.000592387435123956,0.0185729130574403,5.25014516949254e-05,0.00781469371910402,0.0129674391010127,0.0225951080538993,0.0132969717284611,0.000982261694178987,0.00274088854855886,0.0298928931648934,0.0194796362934927,0.109675016107169,0.00536995158112141,0.000206873256529392,0.000623811156012571,0.00160158301942416,0.000735422711679934,2.76731217614933e-06,3.15040654911998e-05,0.00528729705530703,0.00117905929549775,0.0369709363666723,0.00010448653184902,0.00809625043724819,0.0190141654282833,0.0334805131288114,0.0171438035549248,0.00128662613589855,0.00412219168996412,0.0432192450855688,0.0171147891510798,0.0976077430697344,0.00524869994761058,7
0.0025267638432283,0.00109649937697483,0.00267603402715351,0.000661787772092423,0.000463963922899792,0.000200923786879523,0.00591120171037837,0.017112215266503,0.0145739477743442,0.00801935988505756,6.41632649736733e-06,1.20503545911504e-06,7.02654458228669e-06,4.39655736324694e-07,2.16143784169241e-07,4.05661595611912e-08,3.5061242775211e-05,0.000293662817124526,0.000208522751241823,6.46332538067547e-05,0.001916736175472,0.000787784965415924,0.00190316529347955,0.000471394747168453,0.000215196047069607,0.000140935687169353,0.00486199665115839,0.0146387582322436,0.0105365662659262,0.00631601834999953,1.27682441885265e-05,2.40124924934307e-06,1.41402756083045e-05,8.75392235047646e-07,4.29219316749635e-07,8.0731055114433e-08,6.98223231736105e-05,0.000584766885820384,0.000419872692976785,0.000128615986829827,0.000981131919926007,0.0012137011972552,0.0029040763974251,0.000729211239047545,0.000126983131393144,0.000222341874797028,0.00350638753062684,0.0101590539732705,0.0162271095701474,0.00547371995453361,0
0.00546337769660114,0.0140198688418282,0.0202946598528467,0.00746039751591253,0.00486897857352635,0.00257093957929539,0.0148169294606433,0.0218968538982008,0.0126017055566255,0.0105437293416839,2.99114018366592e-05,0.000195798645116995,0.000413307301848784,5.58661039522295e-05,2.37749067779251e-05,6.62933347992383e-06,0.000220329642312945,0.00048052870218131,0.000158932807226286,0.000111725723104347,0.00376657163437838,0.00318616319925471,0.00597074158078743,0.00208742744421428,0.00170510021591754,0.000712467418835773,0.00907305876316455,0.0178027306789734,0.00351203808169114,0.00809930243753149,5.96051692627062e-05,0.000391363322883245,0.000822876747100425,0.000111234542172557,4.7362447726372e-05,1.32058782970247e-05,0.00043875972355446,0.000957543771646768,0.000316927085163271,0.000222336744159384,0.00254757090759093,0.00473109769071533,0.00783468398360512,0.00241912383950664,0.00227036140594713,0.00100693220593746,0.00693735994639558,0.0177272759803513,0.00395179007095167,0.00640752757142268,7
0.0500726325842855,0.0432770358108341,0.127945887659336,0.0515835732369267,0.00547467151216133,0.00969812129872387,0.0777876669264275,0.0413210048829856,0.0541783740660992,0.012258869584316,0.00251982201064437,0.00187554775226393,0.0164484736667352,0.00267417453968937,3.00989421053647e-05,9.45230386416677e-05,0.00605063645208727,0.00171169819173177,0.00294908681273492,0.000150620647513625,0.0368480884015763,0.0351651904466906,0.102554721975609,0.0411841755432661,0.004302327268416,0.00727991009720005,0.0638481178283676,0.033949079849418,0.0398819221356996,0.0100961598453898,0.00501433905260668,0.00373906673921518,0.0327358808113108,0.00532160260128293,5.99089800053551e-05,0.00018810177187834,0.012070597460396,0.0034101338047919,0.00586963742419363,0.000300145380044961,0.027502640593861,0.0360995183775906,0.0800524277555576,0.0360809842964613,0.00280407523006569,0.00602507359925094,0.0564940793871828,0.0229676392764903,0.0319608674837856,0.0104781632930029,7
0.0162703166907277,0.00915709059922315,0.0408211433745187,0.0287382946227487,0.00128307436462507,0.00342998043485843,0.0515800193242791,0.038163302520065,0.00286477904998841,0.00783772293973632,0.000265947988775258,8.27876519072226e-05,0.00166666660925696,0.000829830178510779,1.65206356382318e-06,1.17991031073472e-05,0.00264606798393808,0.00145851670889743,8.18143456461374e-06,6.15437234480427e-05,0.0127536922555758,0.00668427669825544,0.0298906893508847,0.0218697549868279,0.000985087293936175,0.00150212118051247,0.0342494256786407,0.0307528857991438,0.0019491986913727,0.00632267297269008,0.000529271397120894,0.000166224187746289,0.00332469894145004,0.00165150873154002,3.28894071360577e-06,2.3504023893047e-05,0.00529328345110558,0.00290765363273585,1.63458832440699e-05,0.000122658750493602,0.00974822639752394,0.0102547881735461,0.0422989447086003,0.0220562850525144,0.00119169918745074,0.00156638740644269,0.0415114801907825,0.0275244006950878,0.00296433080773838,0.00582729799612958,7
0.00212862030200557,0.000554348969655693,0.00334369876133893,0.00247586260196582,0.000693553006635301,8.93032492021781e-05,0.00356447796532088,0.0191421200430115,0.000149355885454543,0.00804423279673281,4.46826784279295e-06,3.05430297999229e-07,1.12285038282542e-05,6.15711156689313e-06,4.8301761663603e-07,7.78593190500355e-09,1.27653680741443e-05,0.000366056148465304,2.23811848487172e-08,6.49206545644722e-05,0.00159881197057051,0.000401440512237027,0.00241341647785718,0.00176910589814345,0.000419893801866705,6.35813738336662e-05,0.00255873382298077,0.0158354667457456,0.000106913820684136,0.00622726058250853,8.97670462339867e-06,6.1082297684672e-07,2.23508644800528e-05,1.22558381641848e-05,9.61349530221775e-07,1.5722055271387e-08,2.54068978943035e-05,0.000730635992301053,4.45750740032273e-08,0.000129302159951976,0.0022355911581493,0.000570729879691813,0.00363342095738688,0.00275159655426979,0.000211747482868128,9.93128564228068e-05,0.00220579715097469,0.0133405695427222,0.000165302656918947,0.00611767935503504,0
0.00238416706683368,0.000329242197883388,0.000559191378420666,0.00042306787295742,0.00102759082846494,4.56632446583693e-06,0.00412469062955118,0.0188406231965939,8.17255151007261e-06,0.00761866318649544,5.71145823318001e-06,1.08943805938075e-07,3.14189343512307e-07,1.79855853362286e-07,1.06086805935325e-06,2.03305052970355e-11,1.70745322089287e-05,0.000356490575141649,6.71262054185825e-11,5.82545539305238e-05,0.00177675980133241,0.000129627990544805,0.000353463878365902,0.000220753381755327,0.000473016021567445,3.24750077681355e-06,0.00252360446003687,0.0151165649526583,5.75323721760752e-06,0.00636436453200172,1.13654388269383e-05,2.15676526250805e-07,6.25065550274742e-07,3.5558687265277e-07,2.1113900510211e-06,4.10801619549129e-11,3.39806496751447e-05,0.000709672430544964,1.33576741108898e-10,0.000116007164020713,0.000830867859436209,7.23815321600493e-05,0.000265987804717909,0.000158566924736981,0.000302020236509776,5.06649447395661e-06,0.00201406853018306,0.0134436366772231,9.03361469808763e-06,0.00747500425155576,0
0.0242555401970406,0.0750338645197337,0.128383268063023,0.0673761500111217,0.0139271387665336,0.00929385642280575,0.114094115255342,0.0548818649250664,0.0775748506199386,0.0399254442521094,0.000591244251334388,0.00565804349642705,0.0165632130408199,0.00455346416312614,0.000194539784736098,8.66361403332698e-05,0.0130539482168328,0.00301618725118122,0.00604800514768864,0.00160205054186305,0.0193361146581865,0.0625898967222621,0.0995024636419659,0.0559957009719606,0.0116679432297589,0.00735684126260004,0.0794257209005597,0.039018730249407,0.0508279404318742,0.032322049187582,0.00117659461817843,0.0112597864427457,0.0329624807876913,0.00907024210799123,0.000387530971709678,0.000172577931846744,0.0260061300374596,0.00601287002564821,0.0120343643746357,0.00318808136325756,0.0168348486504065,0.0523655672632157,0.067526418649714,0.0495274430816199,0.00955865397282164,0.00408672912574652,0.0657710388650054,0.0271460593355718,0.0461159706916546,0.0342018762007685,7
0.0515805120054708,0.0521367877572201,0.0986769828676358,0.0560320779531541,0.00782111369990887,0.0133557417394996,0.197009834793401,0.0888091541747299,0.0863241887856091,0.0102441571825145,0.00267007678633214,0.0027295772205479,0.00977598012007767,0.00315354567023236,6.1228518413603e-05,0.000178958408693755,0.0389184204759694,0.00787588213037706,0.00748129258182034,0.000105233426999004,0.0424364487045212,0.0404768201865191,0.0660094959378743,0.0428917351747349,0.00613562159127708,0.00934980340984179,0.150849958409115,0.0744858424951766,0.0695906318060658,0.00816352168137689,0.00531721096555437,0.00543410877527792,0.0194632023387492,0.00627719784786202,0.00012208539487781,0.000356434459803927,0.0775366971830613,0.0157235658706916,0.01489505147529,0.000209640259480538,0.0516392063411904,0.0419186144868061,0.0438944170732394,0.0386517444382951,0.00634060911021491,0.0093982649507394,0.164396049112191,0.0872910579010672,0.0719010003213929,0.0053667404099345,7
0.0250617474984527,0.00821988101211914,0.0125081278963011,0.0142882675756595,0.00103777613222663,0.00113788655727155,0.0373418407650382,0.0319549696710592,0.015722664879319,0.00928859096307542,0.00062669342028654,6.71194185081079e-05,0.000154454196014137,0.000202906132780982,1.0704738495653e-06,1.28367273884208e-06,0.00138691190198963,0.00101457361136026,0.000242868097237424,8.65163058240961e-05,0.0177258056218542,0.0058046021939588,0.00939099617739267,0.0106118372669111,0.00077779501092337,0.000827337034300512,0.0273445039782898,0.0234369776975076,0.0114461672024338,0.00730825403383479,0.00125162987080387,0.000134348349996443,0.000310134733807911,0.000406040802070493,2.1419041498872e-06,2.57202317129082e-06,0.00277438800044618,0.00203061375525211,0.000488855942488603,0.000172356975891924,0.0262359663963047,0.00933759246054912,0.0147144938221666,0.0162290944044913,0.00096472883457736,0.00132480074709387,0.0373197481784225,0.0214049482243025,0.0180312134512441,0.00502062194328942,0
0.00895533895080255,0.000480473609896677,0.00220573541315693,0.00111873902502688,0.000471670497581016,7.24368262263742e-05,0.0148841490810907,0.0264699150583633,0.0116818335004643,0.00692197813841789,8.04493595506943e-05,2.2849844724065e-07,4.88063867860553e-06,1.24609633230471e-06,2.23590969108589e-07,5.17296806957351e-09,0.000222463100365169,0.0007037356950616,0.00013709104861765,4.80178768620423e-05,0.00644239843666642,0.0003304446002643,0.0013361336475887,0.000849131847023729,0.000238961017005048,5.0083651692827e-05,0.0115025381881659,0.0211818383906957,0.00597870916768598,0.00537316234089175,0.000160245175731421,4.58203261960431e-07,9.72116678271613e-06,2.49102027881472e-06,4.43915899807029e-07,1.03940697456028e-08,0.000442887887008819,0.00140087011422393,0.000272870389734979,9.5687520537319e-05,0.00356891512622089,0.000532186713585378,0.00102403453853081,0.00100148071877489,0.000130754656262693,8.02704983375054e-05,0.0081967422275395,0.0152081515496981,0.00515061008368327,0.00447213971653071,0
0.0557843827060736,0.0757547929629001,0.204103229915873,0.0825995524969878,0.0136253187908713,0.00887735830592556,0.155356733910007,0.0686249155991895,0.0736772084818289,0.0204755997657196,0.00312461733247305,0.00576533383818667,0.0418635613835199,0.00685679777329996,0.000186581926254911,7.9142668703521e-05,0.0242397721197693,0.00472878755389698,0.00544274625589772,0.000421326308683992,0.0408558490006463,0.0562101367902075,0.160896692632685,0.0640464556209021,0.0106519439936308,0.00637581923154667,0.125951623251636,0.0544361166374277,0.0573515603965371,0.0156315986869769,0.00622088872433106,0.0114752696745679,0.0833072896809998,0.0136451289145869,0.000371295633756666,0.000157553526326522,0.0482540995103375,0.00941452032097039,0.0108437145833971,0.000838461205681121,0.0297912329732615,0.0449194132949722,0.120923677709026,0.0558954518495313,0.00944879433195998,0.0058203177297155,0.120288451756744,0.0523679637064221,0.0462061904285316,0.016744395476868,7
0.0552852015710409,0.0872732918534058,0.180195491539652,0.0585797795424966,0.00757573988526354,0.0137079822989809,0.183211674764219,0.0597100852012397,0.100469993859788,0.018549954487096,0.00306338737101626,0.00765141056201485,0.0326149820669929,0.00344867468904299,5.76800502440241e-05,0.000188454735386523,0.033712035957709,0.0035783922749851,0.010143259261382,0.000345515201437378,0.0464127056740601,0.0739257890188153,0.13072373410978,0.039934540939058,0.00576369266654578,0.0113946941769152,0.158490417224915,0.0472782652156871,0.075809223691326,0.0139872913787537,0.00610424099704684,0.0152297791346637,0.0649208642261755,0.00686301952851627,0.000114732979888163,0.000375419920705464,0.0671099930684824,0.00712575650850425,0.0201867363152292,0.00068782765859251,0.0286423442990076,0.0605319956384487,0.0823224252477155,0.0358633910279987,0.00415373744054899,0.0088551013946607,0.121011658115804,0.0428275231646173,0.0664735907628744,0.0116874494992924,7
0.0256096272134465,0.0226237002507162,0.0413125612134389,0.0193544861383707,0.00102982016335343,0.00279000569666054,0.0403904927348103,0.025882609258264,0.150423553070056,0.00859996729591804,0.000655864568714158,0.000514281999141203,0.00170793946251334,0.000376204182323574,1.06540090035333e-06,7.69336236286013e-06,0.00163679925027819,0.000671341058274112,0.0227275654048271,7.39239644211158e-05,0.0202650209284218,0.0164193792528538,0.0304033881998063,0.0150701233922615,0.000793730224210252,0.00196862671747242,0.0330469972983302,0.0210915773859815,0.0898501851144299,0.00690147865793694,0.00130835633304267,0.00102351835996849,0.00340596431227817,0.000748826512082867,2.11527591577402e-06,1.54388930269952e-05,0.00325967903151645,0.00133783030720492,0.0452408406203105,0.00014750875278664,0.0131682302414812,0.0254422561323309,0.026343305166875,0.0137162883869977,0.000959362590346481,0.00316131209113816,0.0483124548353492,0.0157002086482764,0.0825287568426416,0.00515657224532942,0
0.015603384822379,0.00130132322693254,0.00486712094704687,0.00288463988165523,0.000664837111305392,0.000430573037625391,0.012728924546042,0.0249154093972819,0.0656719417445194,0.00866812507952776,0.000243771064449617,1.70193383073119e-06,2.37113618998346e-05,8.29837969970257e-06,4.43653346077094e-07,1.85680106857576e-07,0.000162560031627569,0.000622658875569947,0.00430380004318506,7.55036585650817e-05,0.0124796578142341,0.000916734429950279,0.00375725315587348,0.00205594446425471,0.000361364521955576,0.000232393040543408,0.0101627269081839,0.0198602233727488,0.0504619377271118,0.00652482994737644,0.000486016020440821,3.38675329014279e-06,4.72786744979581e-05,1.65777247417501e-05,8.82364933333745e-07,3.69848968589396e-07,0.000323755299249106,0.00124031998637935,0.00859507264298962,0.000150262144155443,0.0136648545021083,0.0014372461012186,0.00537052430944215,0.00324961983783857,0.000219523191591074,0.000180140353511178,0.00638774956298405,0.0149102775141235,0.0752163407988132,0.00563180563699481,0
0.0411543836974185,0.0677671804659465,0.0932330234898502,0.0481413145588148,0.0063386331347874,0.00683339852597524,0.0454547874840256,0.0306926347953264,0.0498532506039816,0.00974874915537694,0.00169965018985336,0.00459462725316216,0.00873596233959102,0.0023279468009021,4.0337363446392e-05,4.68600130082193e-05,0.00207536519253538,0.000946734106066235,0.00249518764764521,9.54610609587574e-05,0.0284839289942142,0.0407175282033237,0.0557621727077478,0.0283833461128778,0.00420700936040541,0.00427676555901356,0.0330963357458454,0.0245296562746414,0.0364569598883459,0.00784057058993819,0.00338480475006214,0.00916397841998357,0.0173845541957503,0.00463380183460925,8.03131982570139e-05,9.33201559210322e-05,0.0041311250311863,0.00188392474603801,0.0049679913339308,0.000190021044893528,0.027136856502872,0.0463559078565856,0.0458708343029397,0.0225422408555837,0.00359027088772133,0.00349984308190554,0.0288698950097732,0.0170083243520049,0.0207035990130737,0.00444456338457606,7
0.0475028578701135,0.0593471269994557,0.191736076136554,0.0714231037559579,0.00647587339326487,0.0123865110583001,0.187857477437083,0.076263983518247,0.110772834595347,0.0133972422064229,0.00226785876202598,0.00350758018028662,0.0369151077605733,0.00510651206532057,4.21311393110368e-05,0.000153832961260127,0.035411524493453,0.00583274915476484,0.0123297908989624,0.00018037991529067,0.0387144044589387,0.0483651483376853,0.154679734907338,0.0552928503002191,0.00503378151358974,0.0100898186234124,0.126215308872631,0.0571705103871131,0.0838295908806773,0.011211178233155,0.0045129948298164,0.00701211096209234,0.0734930366333454,0.0101820664193287,8.38467684523442e-05,0.000306489447510107,0.0705240692408121,0.011619234845852,0.0245387032469707,0.000358957879018706,0.0339961974256127,0.045399743940298,0.129067349837379,0.0531286449973865,0.00541172326861754,0.0100124834302402,0.151475986739553,0.0735890509390162,0.0914923376677695,0.00925274173232542,7
0.0445102930617498,0.00845920358710132,0.0540327206852638,0.0329714222980455,0.00107268173129069,0.00320196708056517,0.0611485278656572,0.0373582264882266,0.109942624822087,0.00816086754413391,0.00196156544746886,7.08836161791375e-05,0.00290801410991698,0.00108283834922018,1.15193946289578e-06,1.01896542465261e-05,0.00372263200230005,0.00138122532968886,0.0121252044588644,6.69272678198209e-05,0.0332436863408223,0.00623928157399516,0.0402161915130112,0.0240102060250365,0.000837630099505105,0.00218390651005238,0.0438151696134758,0.0303763612929566,0.0888324575814562,0.00678965848132809,0.00393282347514847,0.000142086817333503,0.00581300159281162,0.00216453446210531,2.2918089169294e-06,2.03909500064559e-05,0.00744301514852003,0.00276995471070465,0.0241515636801695,0.000133192184602535,0.0202567102955831,0.00932752321210737,0.0623307655965162,0.0361596567486112,0.00114799970707269,0.00338037575226635,0.0649625490968955,0.030933313606588,0.0903401034596822,0.00570853047486051,7
0.0343721314628476,0.000641888305053308,0.0036912294237489,0.00305837160231594,0.000493679047087689,0.000159811765700173,0.00993649193417788,0.0314857181220133,0.0195521297249501,0.0100169754328068,0.00117362833466695,4.07003475743138e-07,1.36543538705519e-05,9.36011622448995e-06,2.44894143025922e-07,2.56652626354558e-08,9.87696107193026e-05,0.000996072791693684,0.000382079669592922,0.000100830890854698,0.0199037971808237,0.000442945090769545,0.00262762187856319,0.00220049751556244,0.000241497878102615,0.000112189630226717,0.00803511520194328,0.0252294047975388,0.0136519655829939,0.00788787050779159,0.00234917149288317,8.16977455559393e-07,2.72107745368675e-05,1.86664978835117e-05,4.87363969781771e-07,5.10750614343906e-08,0.000197002548650805,0.00198235771990221,0.000762441154343807,0.000200663307113591,0.0221343061101152,0.000711737228954363,0.0040733374675088,0.00225458900561875,0.000155121439296063,0.00017684094819843,0.00538797598610271,0.0204973419359568,0.0219595825328589,0.00787053995743268,0
0.0245250393768647,0.0447291054718823,0.166960924606873,0.0361366432364897,0.00768289397206783,0.00350837793150636,0.0305692978464574,0.0283692037779971,0.0625444582367556,0.0110055905231099,0.000604485049384531,0.00200324624711472,0.0278916563993553,0.00130574682486592,5.92116390687447e-05,1.23392680678955e-05,0.000929578223273606,0.00080824711754325,0.00391696859514378,0.000120182877364428,0.0133074754093849,0.0184303810174808,0.0760453365222965,0.0162514436730579,0.00391920912455277,0.00129311557041815,0.0176958595488525,0.0214774450214147,0.0275400848173628,0.00860596910543081,0.00120292827196522,0.00399391178739125,0.0556264882493699,0.00260506014092563,0.000117934424179488,2.45861157029622e-05,0.00185941207730409,0.00160900597448337,0.00780913090017676,0.000240683718678086,0.0121803694058274,0.0198786806432918,0.0976995828211221,0.0215925809104938,0.00468113883150852,0.00169451850606803,0.0137027184078221,0.0158704938880506,0.0307542692744731,0.00816699555085747,7
0.0413490141336803,0.0882032119965761,0.173058664631995,0.0542760754954309,0.00800027558088337,0.0121856080587395,0.143844238384208,0.0699885101591419,0.0861634897134392,0.0141393592801082,0.00171803446857513,0.00781745348029419,0.030099478021793,0.00296068413438901,6.4135642108257e-05,0.000149215008300508,0.0207938163308914,0.00492188926078735,0.00746026297396358,0.000198462460621522,0.0338833318968493,0.0676150617550111,0.144112365060985,0.0422609756998889,0.00645118470652508,0.00898821087475662,0.1030153669677,0.0511293158125161,0.0706846900888485,0.010554198752586,0.00341898590163478,0.0155581646602904,0.0598967212934748,0.00589163620380227,0.000127819302684441,0.000296953491179114,0.0413792345302831,0.00979517136931668,0.01484710845859,0.000397390726689892,0.0187016206648424,0.058444941296654,0.131704994170009,0.0312764445744854,0.00466579881952417,0.00861986861464838,0.0988871818861317,0.0476073946172083,0.0720764144353514,0.0096423109597004,7
0.0466273504923333,0.0579241522267483,0.112193652522514,0.0341060402388632,0.00238937907161771,0.00661839009985424,0.120586305904541,0.0813069943692774,0.136152764718599,0.007958980471537,0.00218490670550945,0.00336136161027231,0.0125505451262001,0.00116427245598797,5.72141386672617e-06,4.38784538488268e-05,0.0146076062302566,0.00664292580528074,0.0185983974956464,6.35954685604983e-05,0.0359438743873062,0.0438431476808024,0.0848498705707584,0.026402740902644,0.00176574535165183,0.00517511261013432,0.0955036973762312,0.0627384585715313,0.107940285232159,0.00634063663440163,0.00434807356537442,0.00669963082439465,0.0250751973852016,0.00232166812650989,1.13991799539248e-05,8.74618419593436e-05,0.0290750872744647,0.0132202659541519,0.037042687416009,0.000126619855118837,0.0395204778132132,0.0613110172077173,0.129662468191337,0.038503817511428,0.00184227745155117,0.00706252172620984,0.131789427634623,0.0748603633784858,0.112966086150316,0.00474326033612981,7
0.00527597905033707,0.00458251514708551,0.00872654470025193,0.00291132582609808,0.000615480459094793,0.000525564791771301,0.0113332210341956,0.019644430538796,0.0126306287481369,0.0109884795514585,2.79109434397015e-05,2.07141365043694e-05,7.62638738311245e-05,8.32724190960458e-06,3.79894273084795e-07,2.7400405829937e-07,0.000125695510521538,0.000386862751347542,0.000159538465543538,0.000121325074964174,0.00395735630208457,0.00317086844971348,0.00608045243911564,0.00201832827243631,0.000334841143397166,0.000366420043483634,0.00851603461144152,0.015384631766416,0.00914977030753168,0.00923119551052107,5.55976205134423e-05,4.16094881314387e-05,0.000152030898227878,1.67605774714388e-05,7.56512945380551e-07,5.48480714820134e-07,0.00025350748857588,0.000770819763066295,0.000318265021099311,0.000241462410632051,0.00471897681211395,0.00508375933264741,0.00966884819792066,0.00321341537972352,0.000189374502874669,0.000517796314529435,0.0107387880815016,0.0112159112840006,0.014026454938368,0.00778150485613424,0
0.00370792038731066,0.000238177180598047,0.000712677206012707,0.000478162931260331,0.000759659976563109,0.000231958792214172,0.00766801723122342,0.0218383431741659,0.000729990734327799,0.00795833963329673,1.37736235657259e-05,5.56354476017556e-08,5.07581180789092e-07,2.29073413120253e-07,5.79893759881358e-07,5.40573155641267e-08,5.90863965178426e-05,0.000479231650973238,5.35126661873105e-07,6.33713379855881e-05,0.00262712505916354,0.000166364010583604,0.000488893386646024,0.000261895062789738,0.000448293149615935,7.32073816223652e-05,0.00610078155597935,0.017482697232109,0.00050528623429471,0.00646554732495286,2.74534289843539e-05,1.12084901775119e-07,1.00802955257281e-06,4.5542687035044e-07,1.15121990350472e-06,1.07320310199492e-07,0.000117588536673957,0.0009536814968599,1.06521481984611e-06,0.000126387837773044,0.00192889632569221,0.000264081724672041,0.000515901572593345,0.00015803608735945,0.000240962284288511,3.97951831229985e-05,0.00375965537082975,0.0111957901571388,0.000775989234867241,0.00427713333290615,7
0.0564328889350487,0.11364779535057,0.167634180146628,0.0424101520385776,0.013227828225564,0.00749319521411473,0.0912756171310029,0.0628925834588098,0.0947874475063303,0.0203787719242135,0.0031960556309135,0.0129785864415422,0.0281761785960951,0.00180032922946067,0.000175854702356405,5.64227281579475e-05,0.00837171766928651,0.00397530073766966,0.00902345918695009,0.000417338918253537,0.0445357903413229,0.0858479604921365,0.127305468408186,0.0350971803396743,0.00928791858033124,0.00592761175447612,0.0698660396405389,0.049723871591432,0.075042349310449,0.0161764619903222,0.00636470195236373,0.0258294647214391,0.0561329184662288,0.00358991106697726,0.000349924324361421,0.000112285667699666,0.01666099814272,0.00791089163626153,0.0179629852935237,0.000830545252409509,0.0293283697341351,0.0841523537132034,0.12115197461439,0.0272837991703889,0.00791030044716528,0.00447859786374188,0.0725605804046395,0.0505071345198239,0.0663595984443613,0.01500524908059,7
0.0267053516387322,0.0189861744725227,0.10088337053128,0.0461232141098335,0.00250251761870552,0.00309753670440737,0.0470319156175489,0.0342392604428947,0.0401015689398053,0.0113902107305082,0.000711554719029565,0.000360205882024429,0.0101464602694986,0.0021292182370333,6.29402113187865e-06,9.63562764732138e-06,0.00222190676987827,0.0011782178672887,0.00160676323464055,0.000130387997634699,0.0201950676706449,0.0100353342127233,0.0782895095469347,0.033027450917124,0.00160646367582588,0.00217982108651064,0.0310121201741907,0.0267595971036791,0.0285538995461603,0.00906201901110617,0.00142107946371117,0.000718855052806715,0.0202729633273358,0.00424591595446508,1.25247810765746e-05,1.91768506752569e-05,0.00442262406981257,0.0023445121959826,0.00320686405252549,0.000259457898456,0.0201347641227189,0.0151428841687992,0.0994094081257014,0.0440197771975885,0.00178916071214715,0.00238760161341899,0.030916016824688,0.0243058840127793,0.0330240807207342,0.00936866508390571,7
0.0156817362769542,0.000186196621620602,0.0103975131850424,0.00290615077786328,0.00072383705519109,0.00038023903128626,0.0103620437726189,0.0260446532729204,0.00549502315174597,0.00836323687614622,0.000246874345846506,3.44056616253396e-08,0.000107886983035134,8.42708946636729e-06,5.26513599178174e-07,1.45307815457482e-07,0.000107876738339205,0.000681673158003442,3.0086782386645e-05,6.99990120849752e-05,0.0119595399930868,0.000125378578039842,0.00722834097631467,0.00202135680855656,0.000430316539546743,0.000224010660265639,0.00817595769918151,0.0195967506728687,0.0038484105414202,0.00687138053507195,0.00049153547333868,6.89012074078976e-08,0.000215455438615673,1.68306503210038e-05,1.04681862956925e-06,2.88167269662443e-07,0.000214707967069728,0.00135656017072276,6.01313312566771e-05,0.000139585956722202,0.00943063988134427,0.000202712887767616,0.0115507908390656,0.00321510402767726,0.000211073133751989,0.000226272949160153,0.00785673306839064,0.0184588585346705,0.00619524203061728,0.00454002977678648,0
0.0144905195515615,9.28127136283195e-06,0.00070759495715248,0.000267495380803491,0.000466970588284043,0.000231884525778849,0.010172679380897,0.0224104822072356,0.000316528036651713,0.0077405368398226,0.000210083976613452,8.51243430845791e-11,4.99963127381141e-07,7.16661773517447e-08,2.19153831483882e-07,5.40377233478301e-08,0.000104002003097353,0.000504747944262069,9.89911041877118e-08,5.93790020468655e-05,0.0113618502475162,6.39464069969501e-06,0.000496459138337954,0.000120645150215861,0.000235918141111551,7.39605218512689e-05,0.00813214314555714,0.0182050089292936,0.000218328215352365,0.00642768177728483,0.000419004031818389,1.70838190462563e-10,9.92913704296276e-07,1.42556611137591e-07,4.31606403124325e-07,1.07262031207185e-07,0.000206943080750219,0.00100444046088842,1.98683275143727e-07,0.000118996720708457,0.00928705736804632,1.02813220519739e-05,0.000614494123877651,0.000143548392683843,0.000133999426954528,3.5906451620094e-05,0.0062067293326872,0.0154194668756771,0.00035093834389709,0.00470786616626367,0
0.0145788394948238,4.82626839481653e-07,0.000674281710811329,0.000389542703160497,0.000401655901311396,0.000322714823355681,0.00906529138984155,0.0249755181009804,1.64960734716534e-05,0.00835106877797719,0.000213525056316532,2.28852433948388e-13,4.56848632690759e-07,1.52486207658524e-07,1.6205894625989e-07,1.04664857274497e-07,8.25542081429227e-05,0.000626783771205335,2.67286994821291e-10,7.00585726702849e-05,0.0117603900382573,3.35773273376489e-07,0.000344464619509943,0.000120931901183046,0.000164227053721875,0.000112688819257007,0.00717030156202947,0.0200984513037169,1.1484018597595e-05,0.00672702337110043,0.000424998413440506,4.60632905115847e-13,9.06848761112062e-07,3.03169593896882e-07,3.22309356603027e-07,2.08286377352325e-07,0.000164320825602963,0.00124736190192832,5.38066561584622e-10,0.000139427826570887,0.00772779920759349,5.35001112766221e-07,0.000253823608787138,9.88434344740095e-05,0.00010469362058148,6.69952632455155e-05,0.00516120280518065,0.0149015716050311,1.82867688292949e-05,0.00705679986737107,0
0.0143522001247208,2.47821871237419e-08,0.000572751217294672,0.000331767450852448,0.000596945723166005,0.000394185262728664,0.00940721315970015,0.0243103905030291,8.4658234133005e-07,0.00903460233702654,0.000207012637262581,6.00544081977702e-16,3.29678882763025e-07,1.10622286008224e-07,3.58116342638294e-07,1.5616273511041e-07,8.81234455071456e-05,0.000593788187912852,7.00681148774118e-13,8.17930653536537e-05,0.011578931648452,1.74477495266769e-08,0.000327753388067411,0.000141846602871031,0.0003075019179256,0.000152041430372131,0.00755683858229452,0.0199016755413314,5.96292330402577e-07,0.00722166640670351,0.00041195993766168,1.21169408204863e-15,6.55023302606062e-07,2.189920988656e-07,7.12419531953928e-07,3.10479467207379e-07,0.000176166836945776,0.00118181190978227,1.41387494083826e-12,0.000163004711696365,0.01014118527027,2.74877042878065e-08,0.000214000449778887,8.17621039165807e-05,0.000174303073621193,9.98859618657894e-05,0.00547470531967933,0.0182313122505627,9.39027587374476e-07,0.00581711859061507,0
0.00516048435898566,1.26136019574105e-09,0.00060428673363438,0.000327934083263506,0.000464069252063075,4.05710914384706e-05,0.00909679598441066,0.024635784875305,0.000231374876069251,0.00660328469302079,2.67642719327876e-05,1.55145670207818e-18,3.66926879927767e-07,1.08075322562915e-07,2.16436967276429e-07,1.65345574570868e-09,8.29793488251028e-05,0.000609919811413784,5.38030075096778e-08,4.38222268943578e-05,0.0039218427383124,8.95715219504084e-10,0.000316870920207769,0.000124393468343706,0.000233902468922407,3.02045646704852e-05,0.00724309051299555,0.0203646242142953,6.86240253503839e-05,0.00536189288967038,5.32559535116992e-05,3.13472785709057e-18,7.1686679914635e-07,2.15075644273308e-07,4.29668209133466e-07,3.29111572532595e-09,0.000165311304959566,0.00121377173336811,1.06792366198457e-07,8.7203088871587e-05,0.0031163215891565,1.39954294848305e-09,0.000182799892717909,6.69585434859962e-05,0.000131203323989666,4.37545001206134e-05,0.00573206592294755,0.0127478737200399,3.42804370733191e-05,0.00377859387537809,0
0.00544467728092977,6.40208410769703e-11,0.00060481695654832,0.000395150502350229,0.000457014680807259,0.000230301397018076,0.0104510238164067,0.0201014002313446,3.3024544026694e-06,0.0071619679738424,2.97804824225974e-05,3.99760556471389e-21,3.67602977169291e-07,1.56922688485419e-07,2.09880138394272e-07,5.33050059062018e-08,0.000109640008382308,0.000406091589183445,1.06433673084835e-11,5.14853291325044e-05,0.00348279501931054,4.55587122636078e-11,0.000338367669057811,0.000153081865396418,0.000207199525905012,5.54863040536879e-05,0.00818325750266916,0.0154488645649711,2.35686165083912e-06,0.00589097789780819,5.92755950528932e-05,8.07628084714592e-21,7.29081141709182e-07,3.09791021119767e-07,4.17692404092203e-07,1.05795266156305e-07,0.000218313060182522,0.000808104972403826,2.14963516647448e-11,0.000102509008167955,0.00278830870352203,7.10324363151757e-11,0.000198661930800856,9.89240693627629e-05,0.000129942126036724,3.7669606666753e-05,0.00681844343650473,0.0110814917121187,3.67981913757709e-06,0.0062138800936042,0
0.00455914243594333,0.000321555557837777,0.000715887400038008,0.000371461443772856,0.000681771040556755,2.26527898106249e-05,0.0112159767608343,0.0161430465175736,1.70552300335327e-07,0.0094011755692864,2.08901834706505e-05,1.03917547144183e-07,5.15067616466037e-07,1.38523514086441e-07,4.67062302468691e-07,5.15610185929653e-10,0.00012618373122722,0.000261639149545236,2.84406942389796e-14,8.87781054601793e-05,0.0033468955585083,0.000115735148179776,0.000399368850319966,0.000142220703256262,0.000368601780287136,1.6411457825532e-05,0.00905895986389478,0.0132097264033167,1.2216273920138e-07,0.00750176440566839,4.15713695913986e-05,2.06795908937008e-07,1.02064101828639e-06,2.73758782749217e-07,9.27189064435513e-07,1.02614703571851e-09,0.000251349898695118,0.000520846988020209,5.73863904951492e-14,0.000176713544730218,0.00246330018417708,6.95424788459009e-05,0.000200445347280486,9.00219966260419e-05,0.000216990875771859,2.38064942492141e-05,0.0065443883914191,0.00702425437997358,1.89172607764488e-07,0.00552869153309022,0
0.00958693446037213,0.0725852641312569,0.0222125982465505,0.0441644611076643,0.0127026709981225,0.0043256512239816,0.0554298598345469,0.0408270076095365,0.0283913426985728,0.0155606323686247,9.21993709625316e-05,0.00529375307209006,0.000495866364418588,0.00195622917359166,0.000161397785515284,1.87193295794526e-05,0.00308031535564065,0.00167446877352525,0.00080993614696047,0.00024312858536344,0.0061702012909503,0.0364735339747745,0.01083083174724,0.0225528311223594,0.00662762731781082,0.00223170635434866,0.0362183254895748,0.0306486442127906,0.0131509590288476,0.0118039578373596,0.000183646781560992,0.0105358928159153,0.000986786383911393,0.00389684296856423,0.000321948065699225,3.73355006149575e-05,0.00613654018211322,0.00333269648519599,0.00161194865830051,0.000484037348073213,0.00518902424548393,0.0505576798539796,0.0123198255058403,0.0264526404068318,0.00788594451876666,0.00195717264444112,0.041471317552482,0.0250347427393556,0.0143008641274166,0.0104711813713483,8
0.111990969534792,0.11571568754864,0.1127321304423,0.0688246218295076,0.012722388324066,0.0158370189380247,0.15705274703692,0.11551858973155,0.0680887831526206,0.0230937390359881,0.0125979915413721,0.0134388784378614,0.0127669891446056,0.004760576568244,0.00016104793512893,0.000252059645780702,0.0247717920232033,0.0134001872109232,0.00465494277565986,0.000535991584850541,0.081367747159353,0.0964099116942137,0.0883852054534516,0.0561538790426136,0.0102351826832227,0.0122423000955331,0.128788648599953,0.0876653312514328,0.0530125353508298,0.0184099855871184,0.0250769175793743,0.0267597386010146,0.0254114779457555,0.00947358175474091,0.000322088618357438,0.000501609972325628,0.0493134531456517,0.0266773825895422,0.00926768355757302,0.00106663194285482,0.0555990857135301,0.107508562887844,0.0594105415235409,0.0370280455490188,0.00951441986690772,0.00978255274847887,0.108628924309032,0.0676523495425999,0.0313457577682444,0.0153379754637914,8
0.0363702929694791,0.0358131422528737,0.0355748905154446,0.0488330031232463,0.00500187334678855,0.00711794075473117,0.0905562835374411,0.0612445347354372,0.0483080142696013,0.00929037705013593,0.00131833684857371,0.00128203187383901,0.00126713451677171,0.00239183518546107,2.50261564401399e-05,5.08470064893306e-05,0.00818164797213181,0.00373472307497353,0.00234307757452877,8.6471679386457e-05,0.0305166292243692,0.0287573710276573,0.0261120707346203,0.0372903171678511,0.00339656728421162,0.00529647501888121,0.0675768820326967,0.0478720589122171,0.0375990034811551,0.0073991283659898,0.00263454242449196,0.00255820179049975,0.00252628423141849,0.0047644878528079,4.99197466094146e-05,0.000101249946899381,0.0163410736531401,0.00746694197668243,0.00466500111373674,0.000172350032750172,0.0279324245360161,0.0355549770659645,0.0337291700516249,0.0440088866559059,0.00408928101873547,0.00504042687383309,0.0763574985351132,0.0469302797031436,0.0510469879879705,0.00559291119434322,8
0.0380339249646002,0.00312360817785554,0.00363674744863771,0.00464766735826391,0.000745045217231302,0.000494796558135848,0.0174004612208106,0.0285989987084379,0.00382034700070977,0.0076395026579088,0.00144122156568046,9.58285590677271e-06,1.32336965809503e-05,2.15736963973657e-05,5.55941913898375e-07,2.39556832685917e-07,0.000302770050277304,0.000817185775056266,1.46435057156034e-05,5.86493604120594e-05,0.0293678644236957,0.00218612901800571,0.00264986605620528,0.0032726122860014,0.000444216160972365,0.000348951211177166,0.014160543619305,0.022735404274521,0.00278800573609574,0.0059846007863529,0.002880530574968,1.92917416964513e-05,2.63934266391847e-05,4.30655843582725e-05,1.09444078278027e-06,4.83180988300623e-07,0.000604026095701755,0.00163094724305274,2.91652129199141e-05,0.000116713847491717,0.0237675593515845,0.00348455026874987,0.00398840632082754,0.00513737401440853,0.000334628470093118,0.000550157623864743,0.0117931734066988,0.0138357895567423,0.00428371081896481,0.00491310392815223,0
0.0414493538639951,0.0147692665418551,0.0196082470203141,0.0225704003877581,0.00529638178511333,0.0104561034622398,0.0515776018694919,0.0380880565424302,0.0137919163108848,0.0141047890766367,0.0017077445760539,0.000218825697464043,0.000385642640218877,0.000511887733715367,2.81134196562745e-05,0.000109877066875207,0.00267358141758586,0.00145114906892519,0.000191127479213155,0.000199894263771544,0.033491616698071,0.00652894682599079,0.00940960566535686,0.0116999873788173,0.0029253109242303,0.00505954926613569,0.0331009592345299,0.0293434561208868,0.00712380219105511,0.0105086188162537,0.00341722537008602,0.000435835829987585,0.000768140631083628,0.00101873270542618,5.60230684098863e-05,0.000218657581791229,0.00532046238037915,0.00289459202012625,0.000380352919144723,0.000397758256823468,0.0259095988097661,0.00843555464248239,0.00871014108405053,0.0112573046986217,0.00361001495252325,0.00562641373784264,0.0245533933450445,0.0287121663509878,0.00670121845979551,0.0104152909832049,8
0.0771924928899911,0.0792433369115986,0.0916579186042296,0.0607991962003506,0.0148589704090966,0.0276120392132942,0.244673051668036,0.114471349883706,0.0703842330347025,0.0200545995669701,0.00598479755977643,0.00630978798074708,0.00844339073153094,0.00370435590284163,0.000221796490514161,0.000765317987999311,0.0601561306652908,0.0131659986476554,0.00497607092820887,0.000404190541305982,0.0618551384174624,0.058249862175514,0.0735586773708062,0.050811189136182,0.0109226107409681,0.0211104173635875,0.189336535335423,0.0932193738710098,0.0546317833501269,0.016068349909798,0.0119135148674811,0.0125576974451025,0.0168022416420791,0.00738223969181069,0.000441426896499799,0.00152390332714684,0.119720248326063,0.0262038516798883,0.00990511640578833,0.000804353920310776,0.0515747030095098,0.0422151453108498,0.044838287168058,0.0349030361342131,0.0103420611084638,0.0181753193248139,0.178836511209627,0.0703560576927545,0.0439978631245665,0.0106768071707959,8
0.046417873112151,0.00703295150580165,0.0191052122801205,0.029015095803978,0.00482673738679618,0.00940194643463003,0.0542769905750758,0.0554509366370297,0.0204328800108556,0.0116385972322253,0.00216480078840342,4.95101073549338e-05,0.000366192817572407,0.000838346177277727,2.34116113312284e-05,8.80801807197774e-05,0.00293846409503478,0.00308740490694618,0.000418082306156302,0.000135905541301856,0.0376250166619815,0.00556711512796917,0.00827374037281921,0.0176225501206059,0.00282692744160429,0.00642588916323816,0.0399288114946536,0.0453023181228825,0.0148410615970881,0.00956675354772963,0.0043085957277758,9.87244801773447e-05,0.000729296760549234,0.00167590995073556,4.65917513635153e-05,0.00017602945800435,0.0058695155487389,0.00614675747495432,0.000833462636164649,0.000270682174375657,0.0356769986240804,0.00881881241147605,0.0106556177660842,0.0182927612289599,0.00263143712806259,0.0084493055957397,0.0518480975034695,0.0569921199140687,0.0160850065711285,0.00850859594793126,8
0.0355464883725964,0.000635747065951867,0.000682267443698639,0.00183806509859464,0.000676273440966606,0.00050497263981342,0.0147936113052409,0.0220882734374545,0.00294512041539134,0.0078594973886799,0.00126988902402159,4.01255468273107e-07,4.64779481304716e-07,3.37418492388484e-06,4.59473384863207e-07,2.540036413821e-07,0.000219668310186077,0.000489778281865668,8.67647266755131e-06,6.20789243537392e-05,0.0284990160395122,0.000436294887996485,0.000403608604403826,0.00130125324618761,0.000380069097209804,0.000355664549942264,0.0114538846693405,0.0174315559865118,0.00204956471801933,0.00646194405413025,0.00252709195069471,8.03407609875557e-07,9.27665243533206e-07,6.73175933306126e-06,9.14227763172589e-07,5.07720796964087e-07,0.000437408364493837,0.000975212541909487,1.73063803241703e-05,0.00012354022603908,0.0236986864041356,0.000703982903703162,0.000360761994209311,0.00196867695949434,0.000230687154156319,0.000572750033322666,0.00769555133956069,0.0147659864410808,0.00328303567566372,0.0049813029033793,0
0.0176967286642549,0.0255355423350625,0.0200481124226957,0.0253705111473053,0.00451754323310804,0.00731168933000686,0.0289040625235121,0.0211464147846446,0.0129479477217844,0.0108867181880126,0.000313813518723165,0.000646112986517959,0.000403825963858918,0.000646612073611757,2.04429987736312e-05,5.36201080028083e-05,0.000832622675187658,0.000442289230696819,0.00016814724164852,0.00011899498472851,0.0149223610488972,0.00883210023322713,0.00839755091923541,0.0104088396101839,0.00213225607569149,0.00299655176550274,0.0213007536668565,0.0169213839839995,0.00457693051265163,0.00837548397055362,0.000625406746266909,0.0012949069840902,0.000803731344574611,0.0012868985497762,4.07298982612623e-05,0.000106812521972078,0.00166377415876506,0.000887247095316893,0.000334927971687804,0.000236920529021464,0.0109832751895075,0.0106171801371639,0.0106919218456796,0.0123570712945669,0.00244577423281716,0.00410103523656115,0.0168232859039147,0.0124971438960851,0.00428914250074464,0.00679404956879819,8
0.0858642111670747,0.0936673221310554,0.138005194187712,0.0865425952114732,0.0176880435883051,0.0191167312342506,0.274264671358376,0.145395313763942,0.0649460544161362,0.0320902315771611,0.00740078668409019,0.00878721680878199,0.0191021571405716,0.00750634782504748,0.000314438998622019,0.000367271878058428,0.0755989492659404,0.0212029760629272,0.00423232294859181,0.00103363914996877,0.068464228772485,0.0785033815259454,0.0921160979362672,0.0661942528542329,0.0121740770022909,0.0143588149812849,0.193047354428815,0.10759802967418,0.048357569409161,0.0231016672157107,0.014736443432237,0.017516237358089,0.0380500885327094,0.014958305891965,0.00062572762851764,0.000730881206923239,0.150441672725192,0.0422365202661494,0.00842910968268134,0.00205825385268886,0.0708334303517654,0.0638635980692952,0.0703870517008025,0.0498367350902647,0.0119456683702579,0.01120141519991,0.183093101301272,0.0871364357567643,0.0351399639749236,0.0237362229777937,8
0.0497775738418575,0.017501645537634,0.0733236610043898,0.0564249649525238,0.00773343993304572,0.010577135388728,0.0977579484026272,0.106506547072893,0.0379001055521527,0.0160892653079451,0.00247920525586637,0.000303123836616344,0.00537050374220565,0.00318768622215592,6.00359924773827e-05,0.000112241409890329,0.00960070058814196,0.0113624456151361,0.00143858780810089,0.000260062695809046,0.0391262157667944,0.0137792748323424,0.0544769036102855,0.037151055834879,0.0046474995770845,0.00544790453065985,0.0710416253428347,0.087513945706241,0.0291058834457458,0.0121411380215025,0.00494451341571699,0.000607878417327054,0.0107198306514654,0.00635548330405186,0.000119520325917848,0.000223549442753982,0.0191092949833501,0.0226492726967187,0.00286777478709883,0.00051760435321173,0.0401583180907772,0.0197903679889762,0.0764063770064305,0.0498360097086508,0.00608267834038881,0.00623035093605298,0.0774204008887222,0.106641919299152,0.0332590666251703,0.0152043970049111,8
0.0054613489540609,0.00166982060554528,0.00603955785384703,0.00340752892470469,0.000756385886749006,0.000224968941423713,0.0158025123996035,0.0188648699806642,0.00627546128022801,0.00806247837460917,2.97288073235392e-05,2.72056993471933e-06,3.59958963681098e-05,1.14040130251242e-05,5.74980332091715e-07,5.07927947842557e-08,0.000249686560218819,0.000355335327686083,3.95387347017813e-05,6.4404988454009e-05,0.00392476606973099,0.00118793880859498,0.00419847195121634,0.00241776287655975,0.00046218013630419,0.000157579791535441,0.0128627594438616,0.0149966654018086,0.00448225297775803,0.00662015231279923,5.94054024639636e-05,5.49526498216085e-06,7.22897762622225e-05,2.29548786591369e-05,1.14275910159632e-06,1.01146835073925e-07,0.000498155989912735,0.000709402060082877,7.8720390508577e-05,0.000129082329686914,0.00602671669092789,0.00185636186941333,0.00669053472227467,0.00379011033878825,0.00023601291271783,0.000250626396168527,0.0080391954310618,0.012864308578403,0.007114614936525,0.0052999236696168,0
0.00181082107077212,8.53027988855775e-05,0.000797220323516157,0.000585783880344944,0.000608175910769702,1.25241342067918e-05,0.0133753342911437,0.0161762896586549,0.000371432428058063,0.00737787101439046,3.29284839910454e-06,7.09622022824058e-09,6.37037670129696e-07,3.42886064051987e-07,3.71707331650195e-07,1.56876405714942e-10,0.000179659161036357,0.000262932477288821,1.37991337096579e-07,5.45316115911633e-05,0.00122113741772414,6.06981018505395e-05,0.000478827207652554,0.000304537679926751,0.000333849003988625,8.61843403690284e-06,0.0110753098864744,0.0128620986404186,0.000255619888686404,0.00606798537829399,6.5486099411165e-06,1.43373001324331e-08,1.26692869292869e-06,6.8316691816383e-07,7.37373199883928e-07,3.12937236804091e-10,0.000357622766394965,0.000523252116403614,2.75255733849876e-07,0.000108683365598572,0.000704566203810027,9.46457446924921e-05,0.000314300642980582,0.000185923146863822,0.000182637838676312,1.38524953871561e-05,0.00671013657383684,0.00934524026668774,0.000410822521365502,0.0032936472358346,0
0.114699588921835,0.0914155740792621,0.0987854313913787,0.0712598827094475,0.0221211117121733,0.0230636585632176,0.253770298234782,0.117351883173256,0.0609500484486042,0.0342753724139356,0.0131445146784672,0.00839432760622501,0.00980638553692682,0.00510338764337364,0.000491794026719151,0.000534380041201231,0.0647043632131058,0.013839664774722,0.00373123551795325,0.00118040422198381,0.0771718696717277,0.0610436100391518,0.068998729130393,0.0521510217101555,0.0181811603221138,0.0168294964915727,0.173736201157428,0.0853210324598742,0.0484583497170709,0.0250195065441601,0.0262347852264476,0.0167086861021484,0.0195158904428628,0.010155710491338,0.000978673713910628,0.00106364048033667,0.128779143578457,0.0275418187022853,0.00742746428958573,0.00234930252733626,0.0713584076528772,0.0590446869311944,0.051671953643755,0.0408264563092609,0.0176819649757563,0.0158052032261815,0.128393380826997,0.0740219594564404,0.0410167855684029,0.0190166832794144,8
0.0814605361550734,0.0627980031138991,0.0783326037873337,0.0600780259778047,0.0099347937111602,0.01601756178914,0.180638496361954,0.110351266461586,0.064823987516523,0.0222099409295462,0.00654190316524957,0.00395629912785858,0.00616469237054327,0.00362712871392604,9.91951481958948e-05,0.000257687242711145,0.0327621045828372,0.0122378620739427,0.0041964696787255,0.000495517206374324,0.0645956305266033,0.0437172759925618,0.0527941334509556,0.0456527720312585,0.00732765572170152,0.0111967686887214,0.142420718620137,0.0882871972049233,0.0537942144580053,0.0172720591973738,0.0131449600534073,0.00788010512718032,0.0122697875897175,0.00721827943041291,0.000197395126527076,0.000512941815183562,0.0652282623801109,0.0243540696510267,0.00837760335067101,0.000986315918468227,0.0656635724692316,0.0557705920453658,0.051996346009009,0.0392733250100482,0.0090698449892835,0.0121567795846146,0.159702186147359,0.117168611610333,0.0407374279076902,0.0206418202163306,8
0.0209230312267177,0.00501925027362877,0.00345109226918945,0.00411337493783307,0.0008163494335715,0.000805562075248971,0.0126246207145404,0.0229696330709671,0.0281927371933331,0.009602393410391,0.000434607186745146,2.50383283834665e-05,1.1852701719114e-05,1.69271498305638e-05,6.57067211379976e-07,6.47455490587279e-07,0.000157810247486693,0.00052782077756604,0.000787898979495008,9.26586408440728e-05,0.0159419566936289,0.00367721733101933,0.00263275010891663,0.00281775587601017,0.000599002355041931,0.000562855427148729,0.00991254353805396,0.0184194786880943,0.0209017346606081,0.00775284107578327,0.000870205916162577,5.01050756002178e-05,2.36987439785583e-05,3.37614215398543e-05,1.32020727177064e-06,1.29303296478767e-06,0.000316402170102335,0.00105277869043787,0.00157878483204859,0.000184393262819317,0.0245972494494462,0.00561378633268148,0.00385166503751387,0.00452490344381775,0.000761892072898501,0.000854341364770286,0.00964525502518079,0.0196239155349292,0.0325717762746848,0.00643082289690894,0
0.00297831003362599,0.00027798925738059,0.00055622593496798,0.000215578466898269,0.0005131438810957,3.47315136784638e-05,0.00761234593085423,0.0193294700670415,0.00196956255077699,0.00639952985126402,8.89541500612943e-06,7.72316462571811e-08,3.10779354652712e-07,4.61756138123609e-08,2.64510286609705e-07,1.21233797537695e-09,5.81745882849755e-05,0.000374907262915517,3.79316036332951e-06,4.11441475301388e-05,0.00219992266382128,0.00020079550710508,0.000334330210060142,0.000147894729147064,0.000232145405299248,2.77492067712858e-05,0.00587839712066988,0.0153017672513868,0.00139198407078002,0.00512044705910212,1.77203223617465e-05,1.54119342760442e-07,6.1836476958598e-07,9.24168972586405e-08,5.24006158804052e-07,2.41254877980457e-09,0.00011582845642429,0.00074665506720223,7.653348785391e-06,8.1888252149504e-05,0.00249037029379206,0.000307500500257267,0.000288920330592962,0.000238650539288637,0.000150104867123669,4.23033436253421e-05,0.0052833367071954,0.0108697853641673,0.0021901281349112,0.00362834293534662,0
0.0317225343751008,0.0392534912165028,0.0632295132128944,0.0422494781628662,0.0101305714851832,0.00609820088948681,0.0538539805582847,0.0386828812901937,0.0256730566122155,0.0131582215747919,0.000996433583974966,0.0015466631565127,0.00401691907396592,0.00178591317676097,0.000103142226999107,3.73434419588405e-05,0.00286430233470203,0.0014861274741381,0.000660917069631562,0.000174002449123745,0.0139910233477699,0.0225636781992121,0.0364190581293321,0.0234738580991094,0.00528427169460612,0.00328498741159743,0.0331085288425227,0.0253677301335021,0.0142608424460685,0.00917437607938169,0.00199772390639147,0.00307973444001866,0.00799448449536922,0.00356193567783655,0.000205254745339665,7.43441688400831e-05,0.00574918796245913,0.00297502080220565,0.00131669656185468,0.000346256258519704,0.0125169894866431,0.0199707280866497,0.0360035590682524,0.0202342166880413,0.00512120357240285,0.00328575831234526,0.0264093224458172,0.019333038825527,0.0119860946547919,0.0085981439128205,8
0.104365847553496,0.0682025703360196,0.0937939261095985,0.0752050739597026,0.0136677473134305,0.0284625788857637,0.168346141583967,0.140855481440986,0.0632925087351234,0.0426637788681334,0.0109417559828731,0.00467025915755313,0.00884145825714357,0.00568106837765637,0.000187506974414796,0.000813987499277931,0.0284572540350152,0.0199377792735392,0.0039929540499103,0.00182928592908303,0.0861991912026218,0.0520089708688898,0.0729862339718582,0.0532597111537891,0.0114891908096673,0.0231224602297544,0.135167898169547,0.118624101259267,0.0522685191131925,0.0315142544025291,0.0217789829758884,0.0092968361003003,0.017592154891868,0.0113083570595825,0.000373363907344255,0.00162003438506585,0.0566552245593207,0.0396779250313291,0.00797893066980795,0.0036403248390801,0.0790275289176573,0.0405902104531045,0.0548975813862477,0.0413260755349319,0.0110827486506263,0.0249429085318984,0.111604202747448,0.114530355894043,0.0387802531612221,0.0312429956692898,8
0.0248399292230436,0.0110807756586568,0.0084539504286496,0.0169163173295755,0.00357317846407459,0.00713440364374928,0.0415387184491515,0.0517965110556055,0.0435299623538346,0.00727539060649788,0.00061737339725161,0.000122881400254478,7.12738958782105e-05,0.000286638911604172,1.26546801990246e-05,5.08261454355399e-05,0.0017275371353671,0.00268589373580272,0.00188543225270187,5.31846698830328e-05,0.0160735566848723,0.00807611513191851,0.00653125141585336,0.0129980682454477,0.00269928652541648,0.00533536587634195,0.0311130736459456,0.0378875981303277,0.0328545997186073,0.00607600701233897,0.00123124644042346,0.000245046363162928,0.000142386303514544,0.00057136450065414,2.53518043708474e-05,0.000101470970446757,0.00344422884056939,0.00535531481220715,0.00377086265572895,0.000105848769691053,0.0239497300299411,0.0128660617472173,0.0103045757726564,0.020417353576709,0.00396670276162532,0.00809939505152353,0.0439527150417213,0.0551735394083474,0.0497062667066752,0.00432756566371952,0
0.00119850285288548,0.000718126633116926,0.000838352541200782,0.00135111001777559,0.000619378629815158,0.000484036952948669,0.00811228810914927,0.0182653907537864,0.0032000301908329,0.00784131258284501,1.43852325547694e-06,5.14647195350239e-07,6.98787740444864e-07,1.82790918167444e-06,3.84677039506091e-07,2.32669426111192e-07,6.57017428481123e-05,0.00033472736604182,1.02708533463111e-05,6.1782567056266e-05,0.000824899603672345,0.000493079044253711,0.000555512026556331,0.000950514208871079,0.000367660758710349,0.00033285475755184,0.00652014485469693,0.0151282817300239,0.00224999763804823,0.00645746610273826,2.86765149734687e-06,1.02775364949513e-06,1.39529348471643e-06,3.64422811910395e-06,7.62211436826136e-07,4.65432477405316e-07,0.000131130315085576,0.000666674994495454,2.04579668728516e-05,0.000122959748080397,0.000892209528778378,0.000794612704830813,0.000608614374234757,0.00147727148353843,0.000236597594718396,0.000456778439422186,0.00358597747994482,0.0117116466747337,0.00354652841120327,0.00473478337722573,0
0.0336993965343231,0.0339629894806195,0.049973835413749,0.035581884911959,0.00922605598351658,0.00588806108507746,0.108172979905755,0.0538553341477794,0.0226833423403699,0.0354519485410752,0.00112796288263241,0.00115917299449608,0.00250787661792301,0.00127100306536751,8.54185275910224e-05,3.48260235256318e-05,0.0117592189549798,0.00291426772938447,0.000515153347646427,0.00125352404656636,0.0158708863214857,0.0119346058362216,0.0200493134922445,0.0160470740862531,0.00570814537218843,0.00221358246578584,0.0520948232534136,0.0342862527160324,0.0121034831501481,0.0240757505361073,0.00225785582601057,0.00230679967839406,0.00499268713307416,0.00253059390364421,0.00017011154201472,6.93209544900701e-05,0.023399362025194,0.00580000354872976,0.00102710827158839,0.00250407307377693,0.0140926871007798,0.0152835307474275,0.0259128171144749,0.016995479078092,0.00431274561845115,0.00267704015674451,0.0417194873265077,0.0241189780403333,0.0113173764486996,0.0302165846618327,8
0.0896382212263256,0.0972176703738271,0.121447763920365,0.0551021247639243,0.0139185754914721,0.0121689406971388,0.232547534611922,0.106536802817901,0.0735948223160637,0.0291427505593815,0.00807438600676524,0.00949867320468002,0.0148174847115891,0.00304797078564961,0.000194432000946335,0.000148827077535887,0.0543314238114294,0.0113897214488507,0.00543849890217797,0.000842497469574879,0.0686467408612337,0.0654486340024433,0.09556924966913,0.0441901966024712,0.0109359466083584,0.00959631410590219,0.167129719922735,0.0880674633608312,0.0556227793328161,0.0223345576519226,0.0160686302763736,0.0189013647241248,0.0294928168519878,0.00606856956766109,0.000387178573906696,0.00029616559510231,0.108132857096654,0.0226827912885244,0.010827453515037,0.00168757294184157,0.0539548816628909,0.0743857142252224,0.0830944584986006,0.0326655314020541,0.007808272592109,0.00663831918383316,0.148810164610148,0.0650108536472635,0.0470814372836865,0.0232737050433239,8
0.0161591446896736,0.00548865367897936,0.0310863453295049,0.021210715314169,0.00186952373584848,0.00123255087194003,0.0586573048661952,0.0356132955125251,0.0322575386499367,0.00990666489164791,0.000255966366830645,3.02758273281045e-05,0.000970225980408501,0.000451855202883893,3.48937542910311e-06,1.50711770635244e-06,0.00341062773123481,0.00125941545431483,0.00104384623886891,9.8543493743014e-05,0.0119713653169851,0.00429407353066759,0.0228450153290003,0.0154333576864076,0.00137985132651054,0.000919218228321861,0.0465486241303675,0.0272933939371733,0.0266767461381697,0.00796708421499213,0.000515800651829986,6.0249687253117e-05,0.00193168436505977,0.000899451480650683,6.9578530771734e-06,3.01872266531219e-06,0.00683415846211514,0.00252131219546595,0.00207917554655171,0.000196191536780334,0.0182187146355288,0.00668145797508323,0.0351239787020773,0.0229641790732132,0.00190208607938222,0.00140543437180561,0.0564594879623066,0.0313865953018228,0.0354610799078362,0.00840692335155545,8
0.00201490882680353,0.000435944307790026,0.00191687594033115,0.00123444463457306,0.00072014673313705,7.42231018282355e-05,0.0164131195044881,0.0226536385750092,0.00428770715774501,0.00637260936492342,4.07116804120585e-06,1.90814972479486e-07,3.68827910901162e-06,1.51426018099171e-06,5.21216659183953e-07,5.51713504327416e-09,0.000269408362157411,0.000514779377840185,1.81700326909214e-05,4.06274177623954e-05,0.00157219670803704,0.000303372580006186,0.00135809113668918,0.000919902943271577,0.000396877898492193,5.3383480007006e-05,0.0130126258034004,0.0183713355060615,0.00295588194356498,0.00533397860506341,8.11058268555742e-06,3.79896150833304e-07,7.33897930285225e-06,3.03050600990486e-06,1.03620287708663e-06,1.09982956370553e-08,0.000537436577108868,0.00102537872978338,3.64620474985213e-05,8.10182972720535e-05,0.00119650258774846,0.000482014457968652,0.00199276277558483,0.00129601747848427,0.000250453488008613,8.20768004019203e-05,0.0101261069453867,0.0212089953482761,0.00474563272505186,0.00365950473934979,0
0.0144044242001024,0.033087916745445,0.0496813947267093,0.0348517334422926,0.0088759275687597,0.00551266665699565,0.110070094527412,0.0395382353642442,0.0301487544380704,0.0468296459046485,0.000207867650178045,0.00109405920879451,0.00247454901795151,0.00121537810167331,7.91726348950254e-05,3.05414738750841e-05,0.012158840190198,0.00156424926659387,0.000909586739179208,0.00220252596378985,0.00706307654704287,0.0146738743657355,0.0233566635634254,0.0156833399648146,0.0043381623244265,0.00244587457324067,0.0635791723619002,0.0281348816007984,0.0140387139900035,0.0267102622233247,0.000414308047919861,0.00218335606354134,0.00493041623059559,0.00242381045664382,0.000157538235666185,6.07782570482504e-05,0.0242134512191476,0.00311966305524722,0.00181398148501605,0.00438450481471678,0.00809831014136283,0.0164386337019147,0.0285320451726989,0.0207068960411537,0.00436255085873574,0.00269657066585383,0.0733676012374424,0.0238760019197738,0.0145794911057818,0.0313625097115033,8
0.057226045504864,0.0678205037489553,0.140163105792067,0.0664181447608523,0.0153322911109141,0.0130816411871353,0.177831658577346,0.165897477892698,0.0678395060457697,0.0353132598366984,0.00329046227060458,0.0046131559335613,0.0197441796484396,0.00443134218022312,0.000236212435343312,0.000171989280843721,0.0316818284789438,0.0276541768533413,0.00462404717673676,0.00125172736727387,0.0441341747252179,0.0537780662183994,0.106352757182815,0.0530288825307417,0.0121369225908022,0.00928069391345313,0.147872792698086,0.120127591406858,0.0553784638630298,0.0280994772193227,0.00654880637868889,0.0091892876023707,0.0392901188981587,0.00882049420492941,0.000470109600898652,0.000342252804375191,0.0631473849241658,0.0550374934818584,0.00920310408925491,0.00249242463606962,0.0316236466540344,0.0442448586854574,0.0901267518070925,0.0378457764766481,0.0124412744773667,0.00790115679480703,0.100924390767257,0.122483092802725,0.0396608465981297,0.0355309640914258,8
0.036994496253692,0.0106386603296423,0.0370137058631316,0.0345283003804618,0.00486768405083345,0.0022562563274175,0.103326868652667,0.0582865339880347,0.0417585527172357,0.00901576757681368,0.00137490050899633,0.000113572599159943,0.00136611211512127,0.00119636766332412,2.37310067306425e-05,5.11624079915826e-06,0.0107000139271509,0.00341316171310204,0.00174717851214549,8.1576403353399e-05,0.0275343293414856,0.00864258911086139,0.0272808916432949,0.0276237490060334,0.0033670966389488,0.0015600940606307,0.0718496245677212,0.0450261102207302,0.0308762082786992,0.00716706790350852,0.00273660915094556,0.000226185121036952,0.00272929274355696,0.00238257868821832,4.73061916615325e-05,1.01808436479443e-05,0.0213227342222137,0.00679338948966954,0.00348217542673928,0.000162446480994652,0.0348837002731226,0.0130436671406875,0.0378754238308675,0.035922946325544,0.00520021944302604,0.00213042303503282,0.0909997845206893,0.0498423433378605,0.035733962101837,0.00675791837568811,8
0.00449538971824961,0.0010045012294294,0.00277697855774552,0.00292436115848576,0.000751331282454542,0.000125131408333967,0.0147697619700103,0.0196807112556116,0.00532707578128677,0.00698809438917163,1.99132377556792e-05,9.87190700682926e-07,7.6564218546204e-06,8.34484361849913e-06,5.67334997670065e-07,1.52715080184249e-08,0.000219093620268918,0.000389164765601981,2.79084378106645e-05,4.89621036577507e-05,0.00350631035001324,0.000720688140419799,0.00207043567633772,0.00208790975301297,0.000460534632740289,8.90921030913933e-05,0.0122267926921817,0.0153484358368487,0.00375630360264984,0.00547021874251355,4.00155004385638e-05,1.991269724237e-06,1.53295532046888e-05,1.68549931649991e-05,1.1242408375605e-06,3.08530056969788e-08,0.00043614225562877,0.000774538410197328,5.61462137722632e-05,9.75442144342212e-05,0.004699618912509,0.00111445649307442,0.00295914981972131,0.00324930911378192,0.000267489347887807,0.000138906713182633,0.00765657114676379,0.012440829557925,0.00597094701507418,0.00487049404498193,0
0.0152788073565513,0.00755855681461792,0.0151693860169721,0.0178798957180874,0.00496384068315003,0.00638327853184202,0.0147354794600657,0.0175225068447389,0.00908345288224024,0.0144037815274394,0.000233007876527335,5.73314099515321e-05,0.000230373597872225,0.00031636401418921,2.45010777777035e-05,4.09478368325678e-05,0.000217186503854694,0.000305173803591731,8.28125870667255e-05,0.000206837946819497,0.00489995740468411,0.00206332038880776,0.00540471661438839,0.00655287936689423,0.00211852810591385,0.00234539118847542,0.0112271469120399,0.0138918643093079,0.00289897967585399,0.00995687402545604,0.000465207054993937,0.000114123832647505,0.000459330794136228,0.000634472537068518,4.90155523773613e-05,8.14889002081998e-05,0.000433228797511523,0.000610680961648461,0.000164907403957397,0.000413269631879151,0.00507158630908847,0.00311950578944833,0.00638294491302044,0.00718859631226321,0.0020927794779102,0.00326748149711592,0.00656706098798642,0.0102416187852653,0.00369597448403929,0.00818741077468897,0
0.0991957647425981,0.107700638619124,0.154291040270641,0.0512553035999144,0.0189572637736334,0.020906323016227,0.171297739237323,0.108378903726326,0.0926781673204432,0.0399305997515903,0.00988697030190256,0.0116315617693629,0.0238629126675843,0.00263602135542605,0.000361015833216234,0.000439267569128741,0.0294873076377093,0.0118017126561575,0.0086321937748537,0.00160088788864869,0.0796075671096944,0.0817405628693161,0.1176673834255,0.0420205408849176,0.0152939689850917,0.0160178588187853,0.128671708583938,0.0834187587352985,0.067001885471638,0.0322362405261956,0.0196772752325879,0.0231727513861522,0.0475486214277346,0.00524994230522391,0.000718583928576692,0.000874101182763231,0.0586827347891493,0.0234882654379776,0.0171776212524262,0.00318733603896216,0.0661507706376889,0.0792146359984744,0.0992645602079508,0.0347840720135094,0.0172732992891046,0.014358457719035,0.119863830104209,0.0573304198165212,0.0611460306380727,0.0354243589293899,8
0.0593395634828844,0.0586471276384784,0.0958668537564079,0.0336123355748499,0.00918685139808705,0.00463419681721865,0.0542825425198888,0.0703468584394211,0.0578696219965603,0.0122970909631995,0.00353858197962266,0.00343452280827742,0.009178914177579,0.00113544773661758,8.48195907553946e-05,2.15749410449476e-05,0.0029597180937863,0.00496466172222221,0.00335945600980685,0.000151978322076852,0.0434323290142461,0.0408391441121576,0.0535559336074454,0.0217050300528884,0.00688622700862543,0.00372061016562051,0.041484631410441,0.0616655498027576,0.0485182092574158,0.00956552910494462,0.00704198351767291,0.00685683436821453,0.0183234549495785,0.00225955239266909,0.000168793513673038,4.29422705197488e-05,0.00589150573319473,0.00988846674024747,0.00669153587970889,0.000302416452544579,0.049564167139328,0.0554534197821931,0.0523140752796073,0.024664995832849,0.0101195029256085,0.00546076618850663,0.0568888685459378,0.0581255689871136,0.0609049779818228,0.00964472617592983,8
0.00581402053092365,0.00439660046095551,0.00382819731955019,0.00056179337676414,0.000836156778097431,0.000345533786932833,0.0149914820673959,0.0173943767412468,0.0146170040761963,0.00936660806992488,3.34325150555474e-05,1.89946186372736e-05,1.43451461423826e-05,3.16117566474603e-07,7.00780063164e-07,1.19616721485516e-07,0.000223777006012424,0.000300605902191821,0.000210001633381152,8.81130999910673e-05,0.00417071680332658,0.0031438083665771,0.00277526043228342,0.000407076991676233,0.000600319424669015,0.000248380415528755,0.0121787964353687,0.0129188594818264,0.0106079054231371,0.00762384097258633,6.70615232730398e-05,3.82295623623031e-05,2.89282981585943e-05,6.29729041060842e-07,1.39484833381607e-06,2.38405154406691e-07,0.000447380328242026,0.000601666369764997,0.000422607913315608,0.000175389297495755,0.0063855769095493,0.00496320233091199,0.00427612964043108,0.000572588442596541,0.000623533749075402,0.000382171314739395,0.00656785779694622,0.00797305588561712,0.0167595332816113,0.00578448988661202,0
0.00264946207467215,0.000332809841895408,0.00522976794803081,0.00267587935740788,0.00731006460354243,0.00482540409494383,0.0152015984815488,0.0179074419964621,0.00229271650126146,0.0063234015063246,7.04857954306456e-06,1.09689100411991e-07,2.74256055820865e-05,7.04684537951564e-06,5.33431362585411e-05,2.32456043755899e-05,0.000232220253444905,0.000321323848463667,5.28151073282442e-06,4.01751800013427e-05,0.00178154279852163,0.000200840097238414,0.0013337199446034,0.000505280091050184,0.00170711540049191,0.00104136176534229,0.0121303659409084,0.0137001144160179,0.000778532004528286,0.00501311258332993,1.40315731093998e-05,2.19617359451794e-07,5.46295414035276e-05,1.41719341432469e-05,0.00010649114548761,4.64090050116664e-05,0.000461890707469436,0.000640308996108901,1.04994119759271e-05,7.99503384027175e-05,0.00103360649454154,0.000279313405392035,0.00140666961942278,0.000783902340551722,0.00241998518177517,0.00156410417413435,0.00847399201481727,0.0120062934138522,0.00098350576138,0.00320880324077674,0
0.0712511809717571,0.08983297755414,0.0825736819889523,0.0491469584832094,0.0214708545946711,0.0281193271974617,0.220943434315071,0.142503879302568,0.0673751629274156,0.0396555736467967,0.00508916398666412,0.00806523444930548,0.0068361797551502,0.00242594415439859,0.000460795412309698,0.000789889975458813,0.048899748693619,0.0203338219375844,0.00452897672145775,0.00158024723358514,0.049492460332485,0.0680310983479136,0.0582967423237207,0.0394776725927523,0.017886922552709,0.0201624855842166,0.166358987149163,0.103397971503931,0.0495303197010663,0.0294317324543608,0.0101404136874097,0.0160945663792374,0.0136201428629383,0.00482899495320153,0.000919409226469646,0.00157661556343957,0.0974661456365234,0.0405382187029517,0.00904531381491482,0.00314488269928953,0.0415464423312381,0.0626724202803933,0.0489528412385569,0.0267569184407903,0.0171099873954856,0.0182786683060814,0.152124863920427,0.113984373892915,0.0301418421128319,0.0263336615975046,8
0.0489752894597449,0.0420482043046503,0.0585758117158503,0.0472318898246815,0.00625592124811535,0.0152176890234095,0.190261129165316,0.0743564049367616,0.0606111234759502,0.0214309004537542,0.00239744059740161,0.00173753613363714,0.00343800695327158,0.00224144301151219,3.85193589099891e-05,0.000230430083493632,0.0362585606344445,0.00546031892922901,0.00365184707931228,0.000460433831329479,0.0297996097237251,0.0239035640668898,0.0462568302666741,0.0362607514132731,0.00449758432020596,0.0118932485198996,0.128079188337679,0.0560631568171226,0.0407197112547311,0.0162988466079084,0.00478398496439271,0.0034968921608646,0.00685193718638033,0.00446106773806378,7.74631747000158e-05,0.000460854215832298,0.0722762032372816,0.0109617159484279,0.00730726720562209,0.00091740915315912,0.0349663231037954,0.0370655023165314,0.0433965792178499,0.033302373380966,0.00637886912571164,0.0147791581164279,0.171407367716669,0.0686820088550403,0.0551597394629885,0.0169059411393995,8
0.0015628243875135,0.00254535724731687,0.00785654918873989,0.00509059522258521,0.000858617977941059,0.00150018445847373,0.0163833038694567,0.0223922492520608,0.00222289654294757,0.00712597438035385,2.45041890775548e-06,6.32545730796349e-06,6.08647653551906e-05,2.53581027120283e-05,7.34098411529093e-07,2.19535635408524e-06,0.000267821121088318,0.0005028241279983,4.82588407367208e-06,5.10061919884751e-05,0.00107587786360783,0.00181580453145795,0.00574640335553743,0.00369056360931576,0.000559435731791252,0.00106926350359607,0.013584679260822,0.0180570167740206,0.00157595028163824,0.00561539006663606,4.88005606672315e-06,1.27726681557592e-05,0.000122285805011694,5.114529760322e-05,1.46743340686764e-06,4.43493255927469e-06,0.00053489462994429,0.00100166519292298,9.74263609307032e-06,0.000101529412757286,0.000739259252236477,0.00283868763461048,0.00876225014967348,0.00575221073238198,0.000600577610314992,0.00166902607843583,0.0124912293133635,0.0177432614678339,0.00245269472314808,0.00582120726644116,0
0.00264511432392497,0.00013143721598706,0.000625168341919089,0.000278700944446085,0.000679380679543826,7.70344004922988e-05,0.0144744373593928,0.0176845675143055,0.000110637131244663,0.00745874326866526,7.03175206116864e-06,1.68480686034282e-08,3.90115467353043e-07,7.58607224825399e-08,4.63633511822943e-07,5.80136430604491e-09,0.00021044602665362,0.0003138579816377,1.19824924727948e-08,5.57594425913749e-05,0.00188050947810425,9.35280820176612e-05,0.000404256544092364,0.000199062359939151,0.000379210154247142,5.51639750324233e-05,0.0117428559868193,0.0140033421446534,7.94365053346726e-05,0.00568518725300932,1.39922426179939e-05,3.40395534647876e-08,7.741813036235e-07,1.53155323199516e-07,9.22600464655501e-07,1.17066199867398e-08,0.000418902866365047,0.000625023204352966,2.41630437723077e-08,0.000111085773292227,0.00127950280743057,0.000145832127296613,0.000412557657653969,0.000309188241040384,0.00018435664737248,8.54460613395377e-05,0.00954359555889354,0.00986018666669396,0.000122683321200941,0.00437300974835853,0
0.0539043952533034,0.0461332511002667,0.0488749820151608,0.0345304877912265,0.0106817230007909,0.0201755806987378,0.190845585998024,0.0689300311166121,0.0357438239087069,0.0314492535511586,0.0029111822375211,0.00213722519914649,0.00239585422787486,0.00119338000151852,0.000114237550721071,0.000406813287662142,0.036474980354534,0.00476431146183559,0.00128307981335008,0.000993979622639878,0.0318814958961076,0.0259311417086429,0.0292149150548237,0.0228879677719423,0.00711823809583351,0.0142852283232579,0.1138259074907,0.0474309813193905,0.0209716359612258,0.0238222079814914,0.0058022997162994,0.00425474260136582,0.00477263716716959,0.00237976183489256,0.000227765527869717,0.000811832640795698,0.0727126670217605,0.00949170781100341,0.00255420623752724,0.00197789398225108,0.0405736620337906,0.0217791929704945,0.024179805755697,0.0217513098629117,0.00544719703816164,0.0144850921256161,0.108993928306819,0.0472965169907926,0.0204346072657066,0.0231257051844032,8
0.0667120272058621,0.0632872762693109,0.080014257056089,0.0433778778967397,0.00860313189987136,0.0183221109758908,0.197545054119238,0.113827052538187,0.0497822873141439,0.0186872512716788,0.00445478487580733,0.00402409686641367,0.00643325385544053,0.00188850205338811,7.422302598457e-05,0.000335103867729737,0.0392124928921975,0.0130105196430875,0.002483931408259,0.000350793655225109,0.0552269944725418,0.0456407417532358,0.0639504797834508,0.0352934439163543,0.00625314940142466,0.0131133570513085,0.157420770517461,0.0945170422969362,0.0394485985730423,0.0154920061718255,0.00888275573105996,0.00800922217268618,0.0128028734191676,0.0037606854618275,0.000147857564026933,0.000669126689073717,0.0780400984313577,0.0259009767505412,0.00494978724239154,0.000698247803492669,0.0393461024443471,0.0441798434053724,0.0697461439565696,0.0369613282496294,0.00533853936921578,0.016852479025495,0.184401978223315,0.0926675753700647,0.0347952695655375,0.0192372505090052,8
0.0125502498131442,0.00177224643723298,0.022848009473792,0.00879026260301654,0.00180214718150875,0.000779834927153706,0.0781027201232182,0.0511284930210146,0.0266778692728129,0.0109587031764499,0.000156813014559357,3.13378455339569e-06,0.000523530339825217,7.7303857826208e-05,3.20426695926469e-06,6.11164312938612e-07,0.00607142800007461,0.00262538970986551,0.000713595079921753,0.000119757362623699,0.00871707113083927,0.00136537545734591,0.0162343002705964,0.00584999722825037,0.0013593762996273,0.000589477761348013,0.0533739990402142,0.0402211732027621,0.0200248978964037,0.0086757096029048,0.00031349847880004,6.2589140033686e-06,0.00104291127355415,0.000154178391265739,6.43504823045418e-06,1.21540584510045e-06,0.0121409466576562,0.00522606274344423,0.00142170422633302,0.000239244916688685,0.0135918359676868,0.00207938872443915,0.0256259434646914,0.00926584414630263,0.00194658714461474,0.00082963815032263,0.0759962808955431,0.0557048615286236,0.0278025024711355,0.00719429904696803,8
0.00534866841568183,0.000145576213866171,0.00142850885838544,0.00690584032890923,0.000844557078312417,0.000327359259330638,0.0142171057888395,0.0193632514341489,0.00239909804523729,0.00936594817020697,2.87327415938053e-05,2.07438192582507e-08,2.04881895274692e-06,4.79276956957302e-05,7.15994199559736e-07,1.0769047916905e-07,0.000202273759030592,0.000375485557042277,5.69442608226089e-06,8.78945955943371e-05,0.00390828017893799,0.000102238567998706,0.0009877148935574,0.00401797220961258,0.000530104483718549,0.000124529310417031,0.0117765393998561,0.0158357292651971,0.0016568052362445,0.00805872405088662,5.71939366123937e-05,4.18323487690631e-08,4.07847742717865e-06,9.5376139775317e-05,1.42457684733615e-06,2.1431610231467e-07,0.000403379559921318,0.000748492142461974,1.14198920210601e-05,0.000175174153520004,0.00316627751710312,0.000161482024466825,0.00141557810140588,0.00286504249627975,0.000273931665898009,6.65947054463884e-05,0.00852874740538848,0.0130962534521294,0.00240978865729103,0.00747485580265257,0
0.0244202910741959,0.00188126271274173,0.0182997524533206,0.0268063185310228,0.0130093957818675,0.00882603989486827,0.034370671703932,0.032220798167011,0.026541506512393,0.0184598559880176,0.000597144512512133,3.55692612122603e-06,0.000336468009689866,0.000719389074038436,0.000169953390114518,7.82142802481317e-05,0.00118455406654238,0.00103997105456409,0.000704778760557001,0.000342138988867296,0.0165777842153698,0.000913511577646759,0.0124064354352782,0.018183536790381,0.00787229074497526,0.00637055887506109,0.0242593809031521,0.0245817115564573,0.0170588709414061,0.0143470294170876,0.0011905093763903,7.07798844769507e-06,0.000669632856713181,0.00143437048728088,0.000338322388800162,0.000155718807867526,0.00235989623477723,0.00207288352623755,0.00140570092708502,0.000681177193146383,0.0126426010619402,0.000556259217241584,0.0128231166524846,0.011869558215789,0.00565513833172001,0.00658054519995118,0.0248051713464013,0.0218874087565211,0.0168955622979611,0.013458890267129,0
0.0393933569713573,0.000193347383438906,0.012866634962934,0.0127093933376899,0.0032872942226073,0.00263258407096868,0.0218247736615196,0.0422145178444595,0.0530369665143852,0.011838477855239,0.00155478706284395,3.75690248971951e-08,0.000166259554356705,0.000160169597110173,1.07335713236937e-05,6.9059041339781e-06,0.000475342587711621,0.0017894382320442,0.00282242542261525,0.000140684628655994,0.0282716500734868,0.000142306989915504,0.00672515384762531,0.00886902278310132,0.00251416405050289,0.00200032549350536,0.0170856712709078,0.032390179015213,0.0405637849163129,0.00979107179106791,0.00309877171335762,7.47625738965289e-08,0.000330978238685837,0.000320895717570154,2.14859911167478e-05,1.38017311955387e-05,0.000949258915501946,0.00356250080418756,0.00562122067723422,0.000280096405788865,0.0215379387836536,0.000220624894346213,0.00590094120805716,0.0118124469446986,0.0039009122952514,0.00315259203468017,0.0124077310792661,0.0255456967766201,0.0321603842735118,0.00749976515376522,0
0.0521881598169799,0.000231627576393471,0.000536785736669222,0.00112337800865868,0.000658969436528029,0.000198356265680425,0.018923630492676,0.0306021820985281,0.0183135371726923,0.00762748934752614,0.00272449697592345,5.39209328072348e-08,2.86230063706828e-07,1.25397888819442e-06,4.3579746995953e-07,3.8782497305155e-08,0.000359866091286663,0.000938894376128415,0.000336969690081424,5.8465468872716e-05,0.0415579766115714,7.01741139346509e-05,0.000343044201393674,0.000743495449775819,0.00038987420513032,0.000137295649156657,0.0151736303530978,0.0241569231168247,0.0136320993270886,0.00608831026367515,0.00543445847909314,1.07031651204572e-07,5.7261372925787e-07,2.50964417800532e-06,8.67603204308958e-07,7.79328679444917e-08,0.000716149458326564,0.001870661672481,0.000670653696392086,0.000116351538125137,0.0316749678516282,3.99928924755459e-05,0.000412068960675253,0.00117398493835032,0.000314186184537343,0.000219980281756964,0.0136523583008072,0.0192448710652266,0.0207733529816242,0.00394439314725408,0
0.193921396074042,0.14302183128479,0.165828364067992,0.0535177503438371,0.0227856506183121,0.0128436877654124,0.137002943151519,0.0886622171313079,0.0936324041335281,0.0342804635053339,0.0377179237508267,0.0205394212186305,0.0276235962146063,0.00287847073915409,0.00052174428524117,0.000165774659689574,0.0188640753729545,0.00789812107362015,0.00880747127027603,0.00117982409353823,0.14280630235135,0.10042454732523,0.124375023094456,0.0401504220314573,0.0160430206008662,0.00925340550410758,0.100798851530534,0.0665861238878238,0.0743786755000364,0.0272903644740903,0.0751347997411136,0.0408919683365882,0.0549829431768852,0.00572820014396965,0.00103827297534835,0.000329873091991938,0.0375385214542708,0.0157193541520492,0.0175296497719357,0.00234906881631597,0.192558694183399,0.0877217282164494,0.127415000916072,0.0389772792220112,0.0134849459962155,0.00862032830733909,0.0770172164212975,0.0644367209419677,0.0580699698509135,0.0340011069811768,9
0.0904277622369387,0.0698461245180305,0.175480260111756,0.0374770409036528,0.0137236251134069,0.0127733442204665,0.0917519000734275,0.079846299030645,0.0938208208837081,0.0158670664223292,0.00813022086438609,0.00485389506025254,0.0309393368628862,0.00140769026334419,0.000189167137307317,0.000163815338447417,0.00842062280637925,0.00638641998905475,0.00882917948001778,0.000252953035531009,0.0698860309212262,0.0509407927916184,0.140788597499382,0.0297582720704994,0.0103053455653945,0.00975406830228425,0.0715671508541679,0.0629544349264871,0.0670813411496087,0.0130098095039508,0.0162666630216391,0.00970808863489494,0.0615779583721047,0.002805130865689,0.000376505533776102,0.000326148906807531,0.0167964257365307,0.0127299170899884,0.0175872904576267,0.000503443564578113,0.0841539705594766,0.0657905690909449,0.126072984528393,0.0277685830713795,0.00887388040771928,0.00860745309747302,0.0637222731008846,0.0592762437182978,0.0458835975916144,0.0107114163134597,9
0.0591379363284322,0.104250485003496,0.114930445388434,0.0396666940598364,0.00482640341605348,0.0118458048140685,0.168371241008548,0.0842945658091349,0.140928503388911,0.0584270357892474,0.00351252774495332,0.0109035298273236,0.0132344603036835,0.00157158139540568,2.33721371897231e-05,0.000140614341865633,0.0283538853827409,0.00711472940226537,0.0199521679323928,0.00343031467126447,0.0479181567688602,0.079900978609217,0.0862336037875328,0.0316728438281542,0.00351258065714772,0.00996407668956993,0.143194311731078,0.0691469897467408,0.104249555653632,0.0430877069391689,0.00699225246207803,0.021716701754971,0.0263770814706831,0.00313716804039295,4.65442276201196e-05,0.000280233878641038,0.0565603916615018,0.014184150502594,0.0397127895117288,0.0068267822434014,0.0361332397245744,0.0716665814154861,0.0957347457041032,0.030147800712243,0.00321910465305258,0.00961437995944196,0.115180016662475,0.0491730430810979,0.132571912658856,0.0452554947826627,0
0.022945019306467,0.0119938665688045,0.0170440727414609,0.00632029966175394,0.00083438143034804,0.00202557875988717,0.039190602051973,0.0237977463717019,0.0126613621844393,0.0108109249723457,0.000528746320549862,0.000142097641643578,0.000291874483197974,3.94516257925379e-05,6.9244781905768e-07,4.0056338145621e-06,0.00151166493687041,0.000555097408048605,0.000160627984002052,0.000117376471111487,0.0168920078680556,0.00864994118597398,0.0123904843135352,0.00451755698437066,0.000561187571779453,0.00144079769171983,0.0281515313875946,0.017339159699849,0.00930611856758521,0.00868977221021588,0.00105256884029001,0.000285238449018985,0.000580890472044677,7.91989001566617e-05,1.38488366558431e-06,8.08857435101277e-06,0.0030399949945253,0.00111860032378712,0.000320127369375809,0.000233661910633881,0.0123844026124453,0.0137998674291563,0.0193069171821375,0.00721475904707899,0.00054316145041091,0.00225761677901265,0.0415591636630573,0.0169694039594617,0.0142975655091312,0.00701383552694248,0
0.0523273748073,0.0932329507566528,0.101215852411204,0.0256729787322094,0.0225017584440769,0.015592819362854,0.11821730293168,0.0587716434359709,0.0609486210168355,0.0185524856816385,0.00274592883810954,0.00873409753868346,0.0102499448268653,0.000662283874283136,0.000508606190286622,0.000244080250658162,0.0140444134112629,0.00346729512934767,0.00373243216111656,0.000345545328975676,0.0355745749948965,0.060325721046932,0.0668432779967908,0.0151110519096161,0.0154871323030832,0.0102852960113081,0.0810191551037349,0.0424286459121659,0.0417203811924182,0.0148224592010823,0.00547033168752462,0.0173828101564914,0.0204432901289023,0.00131804821260819,0.00101238325435915,0.000485992645067145,0.0279495065777293,0.00690394585927657,0.00742850385816272,0.000687994901228512,0.036854157849718,0.067920049185037,0.0775430541900958,0.0146084570109411,0.017578489323558,0.0104550096188134,0.0775681160028863,0.0447264811296169,0.0471515843294083,0.0167443199449504,9
0.092267967744319,0.051100107213643,0.132005158538474,0.0198545766714379,0.00910015522429571,0.0099702932339181,0.0686214538437491,0.208578061180392,0.0531083709789182,0.0129179192611492,0.00855597898384656,0.00261873348226932,0.0174480166748748,0.000396006558301354,8.31061193854363e-05,9.98487847534287e-05,0.00472627935221226,0.0437104121877205,0.00283053576955819,0.00016699166376913,0.0771598628525823,0.0411382064254767,0.101592475013134,0.0121747270323497,0.00698369877327605,0.00675914724772791,0.0506583944816494,0.151291906993079,0.029422504596297,0.0102717237891068,0.0170265379784392,0.0052167284258106,0.0347853803972171,0.000788206826756918,0.000165503131458955,0.000198756235210421,0.00941154222081214,0.0869965816523748,0.00563584391836582,0.000333027376438299,0.0671670145038356,0.0323636782302499,0.0857568084778439,0.00970289034946276,0.0054683438010728,0.00657266409764169,0.0496534086033479,0.160618884207039,0.0198688471164418,0.010304200541007,9
0.0421993105297318,0.011121781603645,0.0382245802056231,0.00309280784496041,0.00211150372906113,0.00298225896072411,0.0250909201375255,0.0786869687321269,0.114914786110764,0.0110742124253421,0.00178919230473148,0.000122617939632725,0.00146446679685768,9.56997529305009e-06,4.46169395828748e-06,8.86563640696269e-06,0.000632133947861024,0.00619200555612736,0.0132562552542951,0.000123171066971007,0.0307962350402607,0.00906977139759669,0.0317429613799397,0.00253561296739114,0.00158709504275755,0.00221598969489168,0.0175580962327655,0.0535575659181237,0.0841521291060123,0.00896283892709276,0.00356094051536424,0.000245697923289639,0.00291825408899396,1.90873496379085e-05,8.89541026006542e-06,1.77148611821537e-05,0.001258507216711,0.0123523508955127,0.0263950217886576,0.000245190333898197,0.0222853958176182,0.00849459331655417,0.0385782412702746,0.00340054893322968,0.00210247048180935,0.0033238074183016,0.0173967211918714,0.0800331587430097,0.0917567632346985,0.00671369153779242,9
0.0323009212181404,0.00135586178710109,0.00517142706813189,0.000534007672078432,0.000340035156855127,0.00019653883047956,0.00175446267866656,0.0135340140887807,0.0111077107800731,0.0104089861204286,0.00104657791929768,1.80614570846641e-06,2.64400559221442e-05,2.8009505187053e-07,1.15214972158933e-07,3.76579538642139e-08,3.08490807969568e-06,0.000183005336174238,0.000122947391785035,0.000108242387253837,0.0248496812515896,0.00094367721178648,0.00411190630692688,0.000346200819865051,0.000158358139151762,0.000139752079912731,0.00131512224942146,0.0106936075645324,0.0083804599140792,0.00847924741011861,0.00208452913249821,3.63499988303429e-06,5.30464199736684e-05,5.63523390504818e-07,2.29131323874857e-07,7.6097175892407e-08,6.14756762818551e-06,0.000365259161745438,0.00024571109421071,0.000216028102837407,0.0175581958002944,0.00148956933048354,0.0049241528431627,0.000475169715801061,9.28871698378134e-05,0.000218171244144921,0.00198575037006898,0.00924117895252192,0.00781209328936357,0.00795963510280791,0
0.0394452821953832,0.0287149128751048,0.0825052746613103,0.00407605806030062,0.012001690056954,0.00563316602740551,0.0787570552219702,0.0593483393269069,0.0230737859100179,0.0179978793403111,0.00155930505428222,0.000828460228719868,0.00683588721576243,1.66691315039627e-05,0.000144762148350383,3.18895249019176e-05,0.00623381750506326,0.00353986307123831,0.00053502308586789,0.000325511958261458,0.0264007337012152,0.0175022901976904,0.0483323545837498,0.00150584510988099,0.00728317349872379,0.00296948119516835,0.0517603835943803,0.0384884456077806,0.0153846113576314,0.0143005323066895,0.00310742784789514,0.00164885321380888,0.0136080418270823,3.32000251394965e-05,0.000288032131234532,6.34598938332132e-05,0.0124050707361981,0.00704434556725475,0.00106472480522451,0.000647799159266941,0.0202635804711534,0.0140243077277303,0.0480791180688502,0.00185022482986058,0.00801379968688304,0.00237553538434936,0.056336102125951,0.0518931851120495,0.0168701793466614,0.0191893896354276,9
0.0534986789296236,0.0540610421889479,0.0918233968985473,0.0319765631822207,0.00284364202395185,0.00244771765574147,0.106692732863616,0.103371032090201,0.0418272775154807,0.0144503465561455,0.0028758991204115,0.00293668040695428,0.00846877920215341,0.0010275117957041,8.12590180917713e-06,6.02002167694879e-06,0.0114121022550695,0.0107385162325772,0.00175018450386012,0.000209537204522783,0.0414804604044281,0.0403379602208775,0.0738698089673366,0.0166789101075808,0.00209503995508114,0.0016866690052865,0.0675564958322018,0.0783134846379838,0.0261501457390826,0.010562186211821,0.00572326576163532,0.00584411283645104,0.0168574114151009,0.00204483101813155,1.6169769959694e-05,1.19812337003334e-05,0.0227382374491335,0.0213703718249295,0.00349089384080153,0.000417297805055501,0.0390982483449796,0.0388498453748302,0.0553694894264447,0.0179333850592949,0.0025925192621781,0.00115987611604484,0.0744942580438225,0.0776695539931416,0.0225407225486281,0.00880348358298739,9
0.0221358680668907,0.0151124752290526,0.023384084557109,0.0111047100396275,0.000717891837417506,0.000252046982920439,0.0314309871208728,0.0461156067160716,0.0407875617725654,0.0130529828589087,0.000492009555161216,0.000229512656068333,0.000548948957067752,0.000123921940028705,5.17760862935215e-07,6.36471122451561e-08,0.000967782521824725,0.00213490280010124,0.00166179583417523,0.000170442922741932,0.015866491390819,0.0124300700921799,0.0191949676951487,0.00900768774853054,0.000473628039719818,0.00018039333805973,0.0172061013826419,0.0353575346581526,0.0318692256913117,0.0102270961893701,0.000979525829555055,0.00045675031910092,0.00109300569404376,0.000246612616051027,1.03013500193459e-06,1.26852574426996e-07,0.00195073003591434,0.00425085381577211,0.00331709094088585,0.000339969621874911,0.0101391203887379,0.0189214097904349,0.027545710015959,0.0116585967090908,0.000435297098262432,0.000277357837745279,0.0272038772593861,0.0428659947124936,0.037585781757705,0.00899045456815021,9
0.0118099705041061,0.00143907419858399,0.0042332979376121,0.00144854511717939,0.000674039889848691,1.35461399342844e-05,0.000884171026077244,0.00956369455291352,0.00787936378526437,0.00893895264499437,0.000140155179142149,2.06383504354992e-06,1.75028251290702e-05,2.10225730183195e-06,4.56452012788665e-07,1.84410713192655e-10,7.659903268905e-07,9.14211700837991e-05,6.19414921251128e-05,8.02743035682399e-05,0.00907952735768975,0.00104334543542983,0.00301793704072907,0.000899971175021188,0.000363527011293006,9.56436121683974e-06,0.000649831450590162,0.00737209614704552,0.00659281037418108,0.00699711185206649,0.000278925937331435,4.12435194523506e-06,3.53360335865019e-05,4.1893691884925e-06,9.06363385933363e-07,3.66974401989318e-10,1.54391794167834e-06,0.000182425667545369,0.000123713735555917,0.000159749388512264,0.00805419304279932,0.00159327314597691,0.00466534864333311,0.0012435716849087,0.000235544473935376,1.49716755529308e-05,0.000934545371121058,0.00664135527515432,0.00515720700570288,0.00587475400879265,0
0.0219227376139425,0.0956480496582239,0.0184029420746212,0.000944037994375271,0.00996484507419495,0.00401788240363846,0.0633574374649866,0.0306830709723181,0.0127374078134387,0.011577329219185,0.000482890111482416,0.00917669288061871,0.000340336060477076,8.9284030704466e-07,9.97630475639255e-05,1.62227625983891e-05,0.00402378092021603,0.000946161404742471,0.000161835442485389,0.000134566743391715,0.0119761308880457,0.0480058332852055,0.0104121938323961,0.000241992911155809,0.00552604395813752,0.00183573727823858,0.0329438310309201,0.0175970980452675,0.00985550531918882,0.00921502701292855,0.000961081897711829,0.0182786092644091,0.000677194455896224,1.77098035931767e-06,0.00019855980940467,3.22843094438248e-05,0.00801772040414496,0.00188285374686519,0.000323267504331759,0.000267927742499781,0.00982778311379487,0.063834665473048,0.0088665391620118,0.000213580390346094,0.00524209780247552,0.00210457504550326,0.0351024161133157,0.0190670508077593,0.00876526423805895,0.00902781655376189,9
0.0531894782953245,0.108629484967103,0.100025514408166,0.0101127007936308,0.00775272316216683,0.00296699714334608,0.0512199561765908,0.0925093901993242,0.0146807051178673,0.00936593415376195,0.00284332697784269,0.0118335798082824,0.0100491571251306,0.000102761085960443,6.0303990222875e-05,8.84353973985093e-06,0.00263188845040702,0.00858502798082859,0.000216563860056873,8.81522938710993e-05,0.0436535931255832,0.0839939727763675,0.0799545317751049,0.00744104464345133,0.00636404441523849,0.00205081879941073,0.0403460313950891,0.0612019342155318,0.0116857974379819,0.00751407848021375,0.00565820843693983,0.0235741691287638,0.0200039868221503,0.000204510625659584,0.000120092138557319,1.75995551689289e-05,0.00524221201389335,0.0170998665181227,0.000430971266435033,0.000175419914835775,0.0355555400524407,0.120950224873475,0.0767595232251239,0.00635078700973461,0.00502208619451025,0.0016803494569084,0.0360890737463957,0.0634205888776693,0.00787900181633699,0.00728747982663747,9
0.0323931493362037,0.0156915993586649,0.0656360481285215,0.00967475415994314,0.0017917610974245,0.000480409776119068,0.0451767024993062,0.0664447889074048,0.115384196125633,0.0150349725036428,0.00105452610838275,0.000246956147979674,0.00432758178533473,9.4034577542118e-05,3.19588094822964e-06,2.3169129557431e-07,0.00205097392716956,0.00442261540739825,0.0133799907949795,0.000227177025251026,0.0235215452595949,0.0108466003571249,0.0510866464813498,0.00709310860271955,0.00126559127898069,0.000349537601958046,0.0329174118417444,0.0528297248217899,0.0868238786684359,0.0123610738862407,0.0020985683111033,0.000491947417518778,0.00861398020129294,0.000187162740408992,6.38994208626573e-06,4.61122247164726e-07,0.00408164351452978,0.00881533435112953,0.0266265958880294,0.000452087825109136,0.0218876954391066,0.0135958799479554,0.048838542823898,0.00667504454229293,0.00122721520400704,0.000497340544922291,0.0377920860468208,0.0763354825148067,0.082348529873297,0.00993725756476246,9
0.0152755808407614,0.000974046653733525,0.00851568266034785,0.000740400558833969,0.000690547819885069,4.4494705583486e-05,0.00391683215211698,0.0115446316978717,0.0139451538629353,0.0105483839115832,0.000234354499390755,9.25443223855686e-07,7.15032641421569e-05,5.41608116399824e-07,4.78580539765237e-07,1.98038093152712e-09,1.50849646164607e-05,0.000133432956903022,0.000195180725220115,0.00011179581694445,0.0123151700980935,0.000694161167826448,0.00684457543011391,0.00053488773507969,0.000408743690264066,3.42572688701373e-05,0.00277377682807296,0.00931523474475267,0.0111640846014527,0.0083581177613611,0.000466525935855139,1.86958265747391e-06,0.000143655252441664,1.08708593415251e-06,9.50580652158615e-07,3.95025754336149e-09,3.03442965352235e-05,0.000266043794460578,0.000388596093075095,0.000222504782064567,0.00924480341170804,0.00108323419071256,0.00798012788985932,0.00074512098901955,0.000184985608557997,5.36804045270155e-05,0.00423306077149456,0.00920328272549106,0.0150199564564007,0.0084731137968403,0
0.0117349810157338,0.0066522538212783,0.00851802565614338,0.000330167319231256,0.0101205506583438,0.00427373650766407,0.00799079304653366,0.0120318850057566,0.00681017470223274,0.00921147792923733,0.000138398045462034,4.44731595484938e-05,7.2914239253607e-05,1.09551828337473e-07,0.000101895465670401,1.8347348820774e-05,6.37763511453553e-05,0.0001453881225938,4.65867456137753e-05,8.48596637479343e-05,0.00911425777927235,0.00133271510799572,0.00662902522786103,0.000136265428958622,0.00315386538864812,0.00129840363954684,0.00224021568521964,0.00943793205710371,0.00501309584960385,0.00730809786259293,0.000275413832429702,8.84907439296666e-05,0.000145069794145463,2.16898594645429e-07,0.000203793342156947,3.65086770145869e-05,0.000127257366645319,0.000289384244768463,9.27188996667782e-05,0.000169278991056419,0.00548277193659438,0.00180693769997779,0.00602942560268863,7.57802723688681e-05,0.00364649583360246,0.0018684842136955,0.00277877272500788,0.00815518066355889,0.00551729934936885,0.00495041388649602,0
0.060274251609969,0.0551578073456281,0.10777366470452,0.0117091691432804,0.0172257532784575,0.00744330884246667,0.0591839811868408,0.0482831247626089,0.0462541463347982,0.0124312694192096,0.00364902164305673,0.0030575890791169,0.0116540967078849,0.000137784800863171,0.000297179031559145,5.56801769501549e-05,0.00351543797297345,0.00234254431752376,0.00214830191776481,0.000155253924885135,0.0475682318667938,0.0406928852804716,0.0756800561135691,0.00803453721618587,0.0109683129366736,0.00558312933187508,0.0455370277570046,0.0344404939793764,0.0376497443188951,0.00884830190984116,0.00726373314163549,0.00608467196175511,0.023210320710226,0.000274200517485124,0.000592403472081595,0.000110804401115405,0.00700060029590676,0.00466208112980126,0.00427697499031347,0.000309005129867433,0.0333295494906075,0.0378192901143796,0.0686831958605769,0.00871560311513427,0.0121072828545178,0.00502835300888238,0.0485299060935658,0.029446105636186,0.0331737293123633,0.00683477549800931,9
0.0672901021762845,0.0413073468627148,0.0452427307893664,0.00314222461383671,0.00182190795827381,0.00497465466524,0.0779862125970757,0.133626497858719,0.0872131052653102,0.0276223909326418,0.00455064111122911,0.0017146276578421,0.00203722815827096,9.8999333923709e-06,3.33575258780261e-06,2.48694458969396e-05,0.00611110192479907,0.0179426571883337,0.00763389466474032,0.000766048402953592,0.0548666644943462,0.0318153211992951,0.0230454322606457,0.00255951585854243,0.000998048653591171,0.00342285670328616,0.065323798722017,0.105719660574543,0.0684522627680389,0.0218957344700663,0.00905577584318893,0.00341233124541342,0.00407394474816644,1.97226501924284e-05,6.63839552763529e-06,4.94838859558024e-05,0.0121623510291237,0.0357089349841,0.0152018418947863,0.00152520160330574,0.0491802860187388,0.0335044376518539,0.0354475375825426,0.00293031104930415,0.000714258648272969,0.00309783562413364,0.0751851996535799,0.102712532554097,0.0695145240531392,0.0211201266366015,9
0.0162593521043682,0.00422406028852678,0.000777791021108642,0.000306197104480672,0.000707652845921479,0.000530202165200615,0.0146392619114621,0.019654891302111,0.015330068125388,0.00897731384658743,0.000262020959985141,1.74222330362293e-05,6.07139304625026e-07,9.14554469621111e-08,5.02882186980582e-07,2.82244933643786e-07,0.000212920102661929,0.000386753622101905,0.000232248658596927,8.07497549033416e-05,0.0135533649710352,0.00304436246603641,0.000485380171057399,0.000218093447544483,0.000388589313351689,0.000371020154630381,0.0100539409411193,0.0150088146232697,0.011886625449204,0.00689062232627897,0.000525047292366835,3.51774347123616e-05,1.18716952262369e-06,1.84754731236838e-07,9.966581384463e-07,5.61789480500423e-07,0.000426151832659523,0.000771129864943255,0.000466087499715215,0.000160918004386847,0.00930510289281595,0.00471626473783862,0.000257457869009276,0.000339957747515262,0.000227301688069465,0.000532345024551048,0.0162102505767699,0.0183690084727892,0.0154977484512399,0.00539369145684776,0
0.0136840577562913,0.000204838637895645,0.000876981215690818,0.000399604418855266,0.00581061718637991,0.0021356222926935,0.00160368573476509,0.0143923835702632,0.00624412456492201,0.00842776015360306,0.000187916646270431,4.10573942658661e-08,7.72953715857882e-07,1.60484804706548e-07,3.39324665421452e-05,4.57290528536312e-06,2.56955643587781e-06,0.000207976951463792,3.91653685687326e-05,7.08923267621659e-05,0.0108096576581518,0.000149902005921714,0.000559248721799883,0.00015448826847029,0.00161561890141284,0.000469878788020344,0.000935481807800952,0.0111516985459559,0.00496093383006114,0.0065209239838517,0.000374176278148257,8.28107748800206e-08,1.53365605306868e-06,3.1908685316733e-07,6.75218628568266e-05,9.11091655499933e-06,5.12306386478787e-06,0.000414077549813296,7.79384708353882e-05,0.000141558465263817,0.00751193726384612,0.000230912723659186,0.000301670099991082,9.84597407435215e-05,0.00216245790713512,0.00066976997695107,0.000910680520373501,0.00873125701661785,0.00456775503498925,0.00566413397607316,0
0.0420725380925998,0.0709504509857689,0.109438029393973,0.00445430561572451,0.0282890306252975,0.011252698039729,0.0711034867425599,0.0450427431866749,0.0254133525047842,0.011849973870196,0.00177771626074407,0.00504899896502593,0.0120363235325133,1.99403650570155e-05,0.000804270502373851,0.000127259355437801,0.0050803324370385,0.0020366509820496,0.000649034710844323,0.000141120777134106,0.0319189132634451,0.0551287577118264,0.0803842239861807,0.00263419346285672,0.0178326078823879,0.00764776896847953,0.0572792015484684,0.0372749037878526,0.0200079586010638,0.0093514067348645,0.00353892610468933,0.0100576955844877,0.0239524073911189,3.96814443861345e-05,0.00160051821227384,0.00025324624432185,0.0101104302772949,0.00405519948166165,0.00129162589449163,0.000280832809508422,0.0256529675539929,0.0527955468451442,0.0797112410185918,0.00247347214412819,0.0182340897393412,0.00704101408123069,0.0492995195298513,0.0326857261941899,0.017526268456464,0.00850400762849478,9
0.0502057321665306,0.0574446344668983,0.126573372494428,0.00706033583998405,0.0241411271379496,0.0117961122926563,0.0435018552091416,0.102628303807463,0.138040735998456,0.023080314665037,0.0025297308863998,0.00331081947228586,0.0160820596722572,5.00827911291379e-05,0.000585289194624568,0.0001398099842494,0.00190057955795009,0.0105652713347779,0.0190981346463703,0.000535362511721111,0.0382089560157607,0.0420379933205392,0.0980744576513749,0.00484632914869385,0.0179285378295246,0.0085782851038073,0.033719903972361,0.0783001049233818,0.0829665799723972,0.0168351256403217,0.00503768661591976,0.00659413702979089,0.0320223837429041,9.96807164442968e-05,0.00116514988521184,0.000278252636192214,0.00378347718734031,0.0210448418166589,0.0380578684011976,0.00106535296986537,0.0312244283895889,0.0505010515479375,0.0995289367296593,0.00334614774671487,0.0179449707462829,0.00663527318527949,0.035745483827382,0.0902739556002702,0.0830123587497734,0.0176470567760824,9
0.0132659050124504,0.00686659639431378,0.0475789282827709,0.00164954705262009,0.00495227577578896,0.00193576811880943,0.0185328926711144,0.0326588196871114,0.0578586552731486,0.0148469427989636,0.00017605374272577,4.68020640442788e-05,0.00226274329577814,2.71723753110219e-06,2.40836315141004e-05,3.68224589679993e-06,0.000341843072015537,0.00106245453865698,0.00332061537452689,0.00022146692944398,0.00981563862184568,0.00514747492300741,0.0340129466840259,0.00115516046909938,0.0035951198401774,0.00139870498076936,0.0140077623956099,0.0229866428983931,0.0426778705633016,0.0123022384579856,0.000351142886978712,9.37172847808717e-05,0.00451506041201851,5.42462075043139e-06,4.84880780876754e-05,7.41101765342366e-06,0.000683579030803288,0.00212372234431005,0.00665161151709303,0.000440771796749377,0.013405213884392,0.00792916330057894,0.0535841262004739,0.00181730102693458,0.00560568514532713,0.00220956830415865,0.0214639730867427,0.0334883420964628,0.0661598833884609,0.0153611135437308,0
0.0225991490454453,0.000419507306803497,0.00287596112401302,0.00024896487922382,0.000716360244702861,0.000253082259239616,0.00124518074781013,0.0119322968174054,0.00813412262880208,0.00847157676165996,0.000512934942226287,1.73486326516431e-07,8.29791067477001e-06,6.22264254839092e-08,5.12377452309693e-07,6.41569529206242e-08,1.52813845949908e-06,0.00014307181360873,6.59678631423383e-05,7.21253125407154e-05,0.0150994328999345,0.000303892201507092,0.00200387080696454,0.000113981084577452,0.000440060070059888,0.00011886347284419,0.000936105385924509,0.0097493568259866,0.00653980224328404,0.00666178654334955,0.00102107453887835,3.48601034980242e-07,1.65268519189189e-05,1.2359272850927e-07,1.02187651543904e-06,1.27612710852251e-07,3.07094984579984e-06,0.000284732548133995,0.00013179965606759,0.000143530523489003,0.0115753482753575,0.000464866162653973,0.003134050659825,0.000109183755521613,0.000322791492535039,0.000123966925577154,0.00135056521688704,0.00641265400169529,0.0051435598438983,0.00490408055342989,0
0.0511744447282857,0.0777115112841101,0.145667076460696,0.00966689504259037,0.0180499422317531,0.0106355849557202,0.0612225527004738,0.0465079370452746,0.0389219288930162,0.0141603754423326,0.00262376331334014,0.00606900077777744,0.0213193155816069,9.39133892377922e-05,0.000327361435711326,0.000113665400953149,0.00376632110360655,0.00217356882584969,0.00152073480453027,0.000201411412561198,0.0391591140501136,0.0557938035166973,0.0792063132687892,0.00571627947014147,0.0110894865671087,0.00574825832493675,0.0407337665460168,0.0347306017344534,0.026935343621471,0.0117638144201086,0.00522935062345304,0.0120775338689607,0.0424304889644085,0.000186878925555984,0.000651520198301335,0.000226212621634076,0.00749568540410644,0.00432568841938325,0.00302804310201863,0.000400906778850337,0.0320663878745307,0.0703836465558216,0.0790112904695145,0.00450223728954801,0.010436765767273,0.00505360888484966,0.0453924117404641,0.0339846164159611,0.027919715484583,0.0121948915672236,9
0.0667935626393737,0.0769069472752008,0.132410521328694,0.0358353303592257,0.00731348245250753,0.00625055889008239,0.0800788843695706,0.13053096537341,0.0370635842210686,0.0184942970567254,0.00447710026669159,0.00594323146885173,0.0175859717463959,0.00128824819709543,5.36974406046627e-05,3.91853758807401e-05,0.00643365712690136,0.017118737211722,0.00137945830885317,0.000342245369847687,0.0553692397995618,0.0589753043163862,0.108035172946458,0.0176208982148228,0.00493826338188928,0.0040054606611481,0.0622685121498432,0.0906465315547404,0.0301242443513902,0.0145902015323774,0.00891568326358344,0.0118281578444217,0.0350299560464507,0.0025659287814274,0.000106914926722167,7.80569356010776e-05,0.012814103965589,0.0340705444416079,0.00274626277993501,0.000682566292421942,0.0373972107773159,0.0514233774794066,0.0600679212156388,0.0196502700015009,0.00468830673357249,0.00291242760652807,0.0426716466340717,0.0871082012036178,0.0183373250064835,0.0139826249495985,9
0.0536451615752912,0.0764857682114895,0.0762139056360152,0.017696130439161,0.00103874079468818,0.00379088252412318,0.0207806205664173,0.0925646778985085,0.0303525624226977,0.0143662708472498,0.00288780807416152,0.00587905512952259,0.00583304279338198,0.000313408471361858,1.08342668199237e-06,1.42892444884683e-05,0.000427012528582002,0.00860535455715686,0.000925699991443511,0.000205461500544045,0.0431768206604885,0.0615538044304451,0.0606682456331725,0.01396600085488,0.00085006628061798,0.00283770105712976,0.0136049002992737,0.0689560202435354,0.0238060637395874,0.0113837454588903,0.00575105793974725,0.0116997100289147,0.0116124217725726,0.000624994319125316,2.15440608515291e-06,2.85885405828182e-05,0.00085670666823185,0.0171301877810881,0.00184231119296696,0.000410815587560313,0.0466875843675245,0.086485306111211,0.0879819964917869,0.0212807234457444,0.0010777408958505,0.00448402968046764,0.0185874766941462,0.103237907283589,0.029380574458453,0.0106583740629927,9
0.0255231638191744,0.00664459852742571,0.00689565248827988,0.00186108733886513,0.000725528914641412,0.000354450277763664,0.00179381466567053,0.0187980615155546,0.00839612200253111,0.0109020650058711,0.000653352752802279,4.33131455723779e-05,4.64560766960127e-05,3.3875506222305e-06,5.29028674346537e-07,1.25450059568656e-07,3.20422208062878e-06,0.000355141810474246,7.05980320285598e-05,0.000119333562550265,0.0195508597249559,0.0047915291428168,0.00494759281348921,0.0013074650785667,0.000417237669700256,0.000227219133862803,0.00109849698501319,0.0148414256333054,0.00698941497922777,0.00877526099368213,0.00130151767853829,8.7246689343253e-05,9.37736286936041e-05,6.83382794405299e-06,1.05277369657509e-06,2.50224961681608e-07,6.40504133735385e-06,0.000706709565471318,0.000140732551386099,0.000237579487760252,0.0197193523774873,0.00737543623880322,0.00766053373552988,0.00205827928224563,0.000218667259613013,0.000299820479333358,0.00106981956427022,0.0150574124848405,0.00598400253241201,0.00620823638210324,0
0.0678156933027156,0.0911736329187359,0.147901999620261,0.0276731423772116,0.00891786943744275,0.0123389970530457,0.08082517315463,0.0400004040932509,0.0645300516344864,0.0281744948893806,0.00456323017592486,0.00819258308939261,0.0216176078988,0.000765575396915301,7.9927749010265e-05,0.0001528598294103,0.00656303945139376,0.00160103955191471,0.00413233110188871,0.000794127166935987,0.0338732066877087,0.0321988637587839,0.0523389927358379,0.00965998776251542,0.00357603189803512,0.00498475236810984,0.032947650079049,0.0222073659622629,0.0269838370942429,0.0155319849435231,0.00913807538837857,0.0164640658835902,0.0433835764654013,0.00152744760035995,0.000159055173132136,0.000304342608388479,0.0130622645638551,0.00319305591060687,0.00827579689670416,0.00158395677576273,0.0368767949564676,0.046525897617223,0.0756371772887952,0.0127133758793798,0.00456868860234684,0.00711096121454519,0.0449677914946836,0.0142735874109695,0.0344948903715353,0.0177523221764587,9
0.141849769136422,0.217752238965961,0.258862244835856,0.121515694635668,0.0425297719425542,0.039934991096939,0.210677988321792,0.11622804174699,0.096059408283609,0.0919158163800422,0.0201748328439439,0.0474356927167963,0.0669067191150643,0.0148274255464272,0.00181787041305605,0.00160261574917229,0.0445789479374727,0.0135678152963619,0.00915931293446749,0.00838526321329589,0.098048735148716,0.156197484377651,0.176674771163353,0.0926229178889625,0.0342741440920992,0.0311603822162952,0.173017585614906,0.0946100975071753,0.0724577863528487,0.0756772986568667,0.040194922327894,0.0946144828383116,0.133581016539053,0.0295184602756771,0.00361748950476706,0.00318940599979754,0.0887405117672756,0.0270087143970803,0.0183402462102606,0.0167911166524878,0.105668203451943,0.184079349714107,0.191865881239877,0.0860990248985607,0.0345178319062783,0.0315874085409574,0.113721501504884,0.0869105602984541,0.0811738691443858,0.0688871326479976,9
0.0275291397594077,0.0872247674146447,0.0435624179329294,0.0254151755668729,0.00784543356777185,0.00568235259568546,0.0512195130364553,0.0584272038335641,0.105116283338029,0.0812987847011894,0.000760877132752144,0.00764049909248961,0.00190614973367334,0.000647001865681374,6.18600734281517e-05,3.24483948863441e-05,0.00262016155616746,0.00343011376604517,0.0110956164214652,0.00657153059388263,0.0222859063709238,0.0646874459997939,0.0356326720538844,0.0145291459949754,0.0056101042705624,0.00398795451429746,0.0332571537933735,0.0445184963368473,0.0879107335530344,0.0633394649734022,0.0015149054184915,0.015210402940335,0.00379429951701956,0.00128967453524923,0.000123085655071768,6.45712549552352e-05,0.00523005898665715,0.00682637707074151,0.0220887918370869,0.0131481065174103,0.0164011658182624,0.077148456405356,0.0466064908663524,0.022106059731653,0.00869027629881895,0.00616715217166725,0.0430171125318998,0.0560316455847163,0.0732665257415273,0.0812487617010833,9
0.0119662039056196,0.00655588971872901,0.00486701139574997,0.000937314001849277,0.000849380461887556,0.000302627288140424,0.0135712776288989,0.0159753073321602,0.0318193033897891,0.012702162421608,0.000143334481297134,4.31128813994931e-05,2.31805032787484e-05,8.7255817458936e-07,7.25018148577863e-07,9.20213489750452e-08,0.000185064050893876,0.000256434400266852,0.0010174723519728,0.00016203689723911,0.00783385362057032,0.0045768544270538,0.00352754415995193,0.000668974749059167,0.000564692083721016,0.000214670756721293,0.0112092297076694,0.0130755076632555,0.0218957249298208,0.0104992681382288,0.00028580781573873,8.58758191648788e-05,4.67511510228974e-05,1.74526309664382e-06,1.42135283655544e-06,1.83138543955088e-07,0.000368311147079071,0.000510357954142392,0.00202476062845393,0.000322566760830664,0.010675219314829,0.00727422454549372,0.00534928179537958,0.000972151988896146,0.000472352970490316,0.000334947222417558,0.00890339094197458,0.0132971276796086,0.0288962642525324,0.00856691573495749,0
0.0725253858597369,0.179615985162513,0.11723091561002,0.0174545993399097,0.0162932636479202,0.00969140777375904,0.0808823394433468,0.0519455504355912,0.0688075897197313,0.0201941956403783,0.00524773108028767,0.0324237290289908,0.0138092269210028,0.000305642712305448,0.000266256836192863,9.43598904990806e-05,0.00656204017324083,0.00269408204052191,0.00475611797647609,0.000409494712747217,0.0313935135802961,0.0890541468185599,0.0582081047652926,0.00849675133614763,0.00887662893783707,0.00479893769252776,0.0468795220026936,0.031070073293727,0.0414068382660883,0.0139323012242372,0.0104813017511897,0.0645233319840266,0.0274825492912628,0.000608776044608548,0.000530394388015248,0.000187801897086569,0.0130711633383697,0.00537878701620098,0.00946682133170842,0.000815251570444201,0.0451867085264351,0.118344699179227,0.0726557892062508,0.0092029740241309,0.00886291607267801,0.00550233316610254,0.0501221302291966,0.0301664112514149,0.0484319547832654,0.0122983280732435,9
0.112830847856717,0.136097751598707,0.149457827703019,0.0281774292872471,0.00751805810037271,0.00427051480226892,0.0797983728535963,0.140276411526273,0.0666912538691595,0.0316101084113968,0.0127348132800721,0.0186102368640156,0.0224427379626623,0.00079693516318643,5.63939407008098e-05,1.83262171677188e-05,0.00639193275351589,0.0197653192409303,0.00447006339649873,0.000998961474776908,0.0944717719106839,0.114687028885475,0.120732812284092,0.0177357002556929,0.005800557330933,0.00368323640501163,0.0619309742076806,0.110477729001812,0.0517009774500416,0.023379707818611,0.0254009539433519,0.0370395242357063,0.0446681499500672,0.00158678689442054,0.000112624950912079,3.64599443588578e-05,0.0127277353347361,0.039343801451501,0.00889541077237548,0.00199310652680941,0.0928089458844304,0.114726475087798,0.121176114149174,0.0191324659784785,0.00872301958252763,0.00308727772570792,0.0567710089565028,0.104064438625234,0.0464858551919774,0.0240321597654622,9
0.0493207239707579,0.0384992208739686,0.0634852777276598,0.0156006200174303,0.000824811144379443,0.00150171159102069,0.0176405069959958,0.0409917263869044,0.0162875113313733,0.0220267613799772,0.00244161964394442,0.00148369528980763,0.00404735531419527,0.000241916000336732,6.77043202171126e-07,2.25332781027608e-06,0.000312478281077066,0.00168875166061235,0.000264375818641913,0.000482392897767018,0.0368737493486516,0.0277412267088311,0.0505021243718988,0.0115077052425347,0.000559287935408242,0.0011667464272594,0.014136228759107,0.0296577135788875,0.0127450744898824,0.0160286291562816,0.00486182930950773,0.00295837767673706,0.00805740693575118,0.00048408284396621,1.35370191459668e-06,4.49716024509545e-06,0.000622087590523986,0.00336056694666697,0.000528329656143995,0.000965144459108301,0.0423577321518235,0.0399477848757166,0.0605620172149019,0.0171328526510238,0.000550280522963753,0.00178170478646631,0.0193416419574313,0.0403672345041189,0.0125499319075211,0.0228634543045443,9
0.0145780520360349,0.00223591062480873,0.022560090754729,0.00117325242176243,0.000644851471054676,0.000116083563805898,0.00829375801354973,0.0158040180396396,0.0101656688519967,0.0101535947969842,0.000213505730232345,4.87471964259458e-06,0.000504768522253845,1.37036242917826e-06,4.17778599137533e-07,1.31413679910916e-08,6.87886956077619e-05,0.000250951847505713,0.000103731317968141,0.000103612049345901,0.0104081865866613,0.00158998102535872,0.0103382026787211,0.000814414650394672,0.000333032370663633,8.26325575920922e-05,0.00654467592768915,0.0125289651645793,0.00845705512952665,0.00792983847132065,0.000424956050244986,9.84964122149263e-06,0.00101113954544823,2.73995274136231e-06,8.30448914267825e-07,2.65510441262079e-08,0.000137201994734449,0.000499463753544208,0.000206546756573836,0.000206164540447833,0.00797091305427179,0.00248281008111335,0.0142452341477762,0.00127924516891836,0.00017150573429081,0.000128825462138699,0.00529452578155044,0.00920619012416641,0.00719149947019252,0.00626329526243434,0
0.0180162637068163,0.000113815666952378,0.0479581255703604,0.000236491294447559,0.000748582198776262,5.92203323400297e-06,0.0077814718674362,0.0169767202882968,0.00990591638163165,0.00859020955385388,0.000326199325985612,1.26401198544088e-08,0.00231103552082628,5.61728980124957e-08,5.63142484135433e-07,3.43229163538902e-11,6.07593503964046e-05,0.000289615299124626,9.84517286496254e-05,7.41339783857423e-05,0.0140565477380219,8.11306647574929e-05,0.0382081296868075,8.33226326348731e-05,0.000404129659596495,4.24980692943891e-06,0.00564059172257128,0.0131179993764494,0.0077381528003786,0.00696446735131723,0.000649112912283179,2.55308980403654e-08,0.00459939561316319,1.11552768028156e-07,1.11817741902821e-06,6.92214810966175e-11,0.000120992145210254,0.000576371506323865,0.000196049658534958,0.000147554995175952,0.00993198985431123,0.000126273838239913,0.0285791683567689,6.02086756602469e-05,0.000223075306099512,6.56783135236195e-06,0.00413907562098334,0.00786581141489956,0.00950295822308027,0.00455368152018966,0
0.0124050149815698,5.81765860874524e-06,0.0453388804378603,0.000400133340871627,0.000669294067506896,3.05800239153217e-07,0.00474609307688419,0.0132453652418941,0.00798026223520729,0.00907720382898853,0.000154456251529273,3.31735437861156e-11,0.00206434303537499,1.60910619450507e-07,4.50170628429611e-07,9.21404685848062e-14,2.26375447918641e-05,0.000175559712780556,6.39468752195204e-05,8.22126917947362e-05,0.0093922928559643,4.18528656944297e-06,0.0382666782081103,0.000171700771715719,0.000376394811785986,2.21471932414309e-07,0.00332174675732678,0.0107375408513189,0.00625263428695985,0.00725956376265432,0.000307568078774794,6.68524304851474e-11,0.00410949628344435,3.1992717466628e-07,8.95579331761228e-07,1.85191395674184e-13,4.50457631771345e-05,0.000350098721773798,0.000127310411724811,0.000164195384137599,0.0062019346750524,6.45089344705793e-06,0.0258613719469297,9.79365752903162e-05,0.000207096151064222,3.38864884271778e-07,0.0025649111231527,0.0076267132024863,0.00589037101550835,0.00574711234888827,9
0.0182733728333773,0.0101314404497069,0.0306395313121008,2.25625211334661e-05,0.000681243792190772,0.000231244168833047,0.0766443224794683,0.022670135285724,0.00600460722031631,0.0205760866637121,0.000335578342298241,0.000103082043527547,0.000943436614970458,5.10323233974804e-10,4.66391186105639e-07,5.37411908135411e-08,0.00589724104925865,0.000514551489275248,3.6140700584212e-05,0.000425165300273194,0.0142456331339327,0.00591266121554477,0.022164919866741,1.56259416386256e-05,0.00037414594153864,6.45504006093343e-05,0.0488716493479976,0.017278265036074,0.00491225860431091,0.0150347659182922,0.000667813205005617,0.00020520853031567,0.00187747978529469,1.01676539480227e-09,9.27873193563718e-07,1.06669010278653e-07,0.0117420323915086,0.00102591375441887,7.20044159148411e-05,0.000846410887995936,0.0151303294818491,0.00716175156326409,0.0151517908041572,1.73390799423502e-05,0.000262027267533943,3.39240736110685e-05,0.057241964045264,0.0159787811053791,0.00353115174960159,0.0139933366555344,9
0.0276818072061435,0.0254153592550695,0.0172016426521755,0.000231263817696484,0.00201220684182462,8.44279779690002e-06,0.0582956946665001,0.025535377708519,0.00620707460693447,0.00981659037589582,0.000769548966309686,0.0006491795204567,0.000296873388073835,5.37498547070002e-08,4.06929257992077e-06,7.03982046193086e-11,0.00341324329991829,0.000654696597039696,3.87091925538047e-05,9.68005827398187e-05,0.0220192814209603,0.0187331110486487,0.0109732994377136,6.5685023510149e-05,0.00106312501242666,6.19711759458682e-06,0.0475165192608649,0.0210213583175257,0.00480526881963673,0.00781364342485781,0.0015319836610514,0.00129187409741957,0.000591244223734171,1.06689527828309e-07,8.09792221673328e-06,1.41325715140134e-10,0.0067943251690607,0.00130347027320914,7.70390559624542e-05,0.000192676425598389,0.0207811638915461,0.0201875183649955,0.00865866918183626,3.43859483342668e-05,0.000729056399694614,9.54421692160136e-06,0.0570166769670859,0.0224134709741449,0.00404030143871628,0.00749595564512754,0
0.0107604296433285,0.00261812188826383,0.00140243566105714,8.07223189809776e-06,0.000746159803997145,4.72291023866586e-07,0.0126010400899851,0.0150247318350373,0.00595503979603012,0.0116434852714833,0.000116218130903732,6.85482197262431e-06,1.96997682787716e-06,6.43387964405946e-11,5.5953703239645e-07,2.20171079847568e-13,0.000158867194501986,0.000226873085151639,3.55278262387938e-05,0.000136218334598132,0.00879523227562586,0.00180474280999817,0.000968160392032447,5.69957532732738e-06,0.000428274230545417,3.42486035515249e-07,0.0100572404641304,0.0125223632339873,0.00500001436820741,0.00913578239306461,0.000231416051041781,1.36747390261687e-05,3.92612978464623e-06,1.29176852570269e-10,1.11112826408354e-06,4.42123041788602e-13,0.000316822523711951,0.000451479809279263,7.08029348206493e-05,0.000271106652886998,0.00680009604007591,0.0028991934919913,0.00128738118817245,9.12906060577202e-06,0.000287003461193585,5.23259626459459e-07,0.0072297931211848,0.00924324453199056,0.00437750169149333,0.00786241180555743,0
0.0118747995451783,0.000270203966149577,0.000588471940483977,0.000320561635266875,0.000466950204157483,0.000325945757102659,0.0103964444582513,0.011998317931836,0.00588723584820996,0.0107360326246626,0.000141691748444264,7.31668210603553e-08,3.47978484958695e-07,1.0326259779782e-07,2.19038260800359e-07,1.06767307304975e-07,0.000108221106159624,0.000144358951603904,3.48079735638311e-05,0.000115574984107509,0.00956790830809878,0.000142827321126034,0.000308152918751656,0.000101004635121852,0.000231530134351416,0.000111188189265773,0.00817779728246879,0.00954979926252733,0.00482325757279018,0.00834779619314721,0.000281993942961733,1.45498156422618e-07,6.88309446450559e-07,2.04389836480774e-07,4.34889955347937e-07,2.1247409626864e-07,0.000215766034788468,0.000287595967844603,6.92924720467394e-05,0.000230252679079408,0.00734311311761444,0.00014908707862108,0.000175012385576919,6.67050955028936e-05,0.000128771017102477,6.69033281984972e-05,0.00506475813927299,0.0066569935406354,0.00290512884525632,0.00674136174623129,0
0.0108104098138602,0.000391817317975819,0.000643488646772315,0.000323686968675642,0.000746016355778772,2.3924921145552e-05,0.011567212938871,0.0154085238010052,0.00713901278603542,0.00961408642854166,0.000117415000024703,1.54279298776928e-07,4.16152453920202e-07,1.05245657245702e-07,5.59336843444666e-07,5.69560937397476e-10,0.00013443613106586,0.000238006095524419,5.122130374179e-05,9.28398725320832e-05,0.00849717457969399,0.000148181233745357,0.000334844978605272,0.000132051215342366,0.000412310800795915,1.79632185620305e-05,0.00952030706653825,0.0123756558466009,0.00563132927962581,0.00751142389971284,0.000233681182491563,3.06764640286987e-07,8.28149284122438e-07,2.0949266612351e-07,1.10646450555826e-06,1.13910401757559e-09,0.000267558667486245,0.000474232222149286,0.000101928627288808,0.000184806135653556,0.005534211573112,9.78211063949696e-05,0.000215876275474718,6.83670686780317e-05,0.000258820311060835,2.76154704808488e-05,0.00611010910902108,0.0107343224852419,0.00569692135750738,0.00692864649533829,0
0.0326456992241376,0.00807157919492842,0.0821533990626173,0.000556966729711846,0.000753409973133563,0.000231344549871282,0.00820254645701943,0.018205556640161,0.306503149430779,0.0382542010473893,0.00107061793516709,6.54774667885881e-05,0.0067810994977489,3.11761679947555e-07,5.70478842106167e-07,5.37877947438034e-08,6.75927383238407e-05,0.000332098907570677,0.0936848185824433,0.00146219730662946,0.0202327108622103,0.00416959007038946,0.03480783661484,0.000246881874974105,0.000432994771294918,6.7455319179798e-05,0.00568706843966364,0.0146055309009316,0.154025211219384,0.0224318717775711,0.00213100305548666,0.000130296362430441,0.0134956388162216,6.19379661973719e-07,1.13505450893943e-06,1.06762885951984e-07,0.000134526625003264,0.000661852303372049,0.18716053881155,0.00291824574346709,0.0199017512814033,0.00441337124384256,0.038266516557297,0.000163991085227726,0.000217299129028588,3.57566600498612e-05,0.00356937744850555,0.00900687507409028,0.184307449629969,0.0229844191727828,0
0.0175214879557633,0.0118137773056319,0.0785843721685062,0.000460016647551315,0.000396424493117169,0.000328162060809911,0.00363313692616681,0.0421413929293075,0.249570585460844,0.0310891074442332,0.000307186908651799,0.000140199235591912,0.0062029870185102,2.12672959200403e-07,1.57761353106248e-07,1.08231476462173e-07,1.3265858182978e-05,0.00178475991324299,0.0620286538537182,0.000967728025480237,0.0122181538279545,0.00869676523768213,0.0653731197072967,0.000192133081022307,0.000176780022593789,0.000125084253013178,0.00202406726885061,0.032749792998705,0.172696922959265,0.0217167371495219,0.000612652493537024,0.000279060407234244,0.0123474228321467,4.21997804214377e-07,3.13859921652071e-07,2.15380648100968e-07,2.63989947591581e-05,0.00355172065979486,0.124003942587489,0.00192942143080223,0.0125106065072199,0.00824132619326727,0.0545553654181938,0.000125870933775958,0.000114244364111817,6.65659335501207e-05,0.00152871498904106,0.0236869796198307,0.238536329896851,0.0283491942885562,0
0.0122496057144152,0.0117795956654966,0.0303349381357228,0.00024345416000021,0.000514494852983377,0.000231492046152944,0.0118399199364372,0.0320623606318699,0.0991812931310562,0.0142165325658866,0.00015008176636147,0.000139308036116714,0.000924657298068575,5.95305136485248e-08,2.65963716682423e-07,5.38573050647889e-08,0.000139420706369248,0.00102225500111889,0.00987269590087881,0.000199368463354645,0.00943802510139002,0.00825619939139032,0.0199789462903114,0.000101496381510234,0.000236795961477922,6.9993672395718e-05,0.00559509575650312,0.0243624418829037,0.0785502608702814,0.0107400458164533,0.000299372613102486,0.00027736847853817,0.00184024062488039,1.18250316744378e-07,5.29059842005901e-07,1.06900477965602e-07,0.000278897620923221,0.00204509849960235,0.0196601979891545,0.000400476701761816,0.00765841913673369,0.00546657999058911,0.0163086711332785,7.33055919592628e-05,0.000157676013952927,3.37893422701501e-05,0.00677802629843517,0.0241953761435361,0.0691215079725714,0.00900672904063879,0
0.026268905958687,0.00100148525293654,0.00120760655676317,0.000225843740687905,0.000561304938239741,1.06468446748273e-05,0.0120786686188565,0.0350472690877567,0.0349038700056599,0.0139188622307167,0.000693306702408015,9.89692699938686e-07,1.46232764590539e-06,5.12313854433284e-08,3.16595530233392e-07,1.13924579449855e-10,0.000144673564015844,0.00122544776626962,0.00122049850140187,0.000194316237274333,0.0201187814314199,0.000741297860519976,0.000884693326950345,5.0592036573547e-05,0.000271456214448948,7.65150998500149e-06,0.00953854741746044,0.0275261129661938,0.0276068709347927,0.0112325611944114,0.00137988596562612,1.98770884626915e-06,2.91284650744116e-06,1.01681108463475e-07,6.28952555339199e-07,2.26703512868442e-10,0.000289836420717954,0.00244750810101564,0.00243265658542847,0.00038707814464021,0.0207869498790244,0.00110004028364843,0.00115795133522872,3.80760972920072e-05,0.000175555716658851,1.19277107437674e-05,0.00703095682486854,0.0296073131153865,0.0272945356016375,0.00890828905069972,0
0.0173511910907263,0.000238967710821274,0.000684271809032897,0.000324741638730816,0.000607207034110379,6.13163744535518e-07,0.0102999973382524,0.0191740544637881,0.0111415545427368,0.00929206205121589,0.00030257550432212,5.7302644356757e-08,4.70564369741744e-07,1.05978401095026e-07,3.70496820014017e-07,3.77789941162095e-13,0.000106475657121474,0.000369251328052593,0.000123380617981837,8.66661413962774e-05,0.013692280758563,9.80108546323351e-05,0.000373619520488151,0.000120902571093288,0.000325791004881441,4.29593245086448e-07,0.0080299820968783,0.0151706183107373,0.00839331735290779,0.00701161711984058,0.000602062572040508,1.13847478443689e-07,9.30036895262068e-07,2.09662800162506e-07,7.37075743447641e-07,7.51845994877959e-13,0.000212007914342716,0.000735046714190961,0.00024688875703581,0.000172515882133308,0.0140937903370397,6.54639316656277e-05,0.000249687154138385,7.25203469507661e-05,0.000179821877372209,6.77860905498187e-07,0.00650590499418074,0.0146835028620349,0.0124265083207649,0.00579089327519998,0
0.0431967710383933,0.112186088044065,0.0724557899410483,0.030793127907449,0.0148808920278961,0.00820809811697697,0.0835848658997979,0.0447478700994878,0.0338889670199925,0.0266786631429385,0.00187513564389274,0.0126353623533871,0.00524416931247586,0.000947713819046516,0.000222553633106672,6.77029483815637e-05,0.00701832571135701,0.00201243352457552,0.00115286737281453,0.000713205378937394,0.0319367974604998,0.0735267871465655,0.0475545699629422,0.0239681229377067,0.0092337424312977,0.00496640749487595,0.0521648887094641,0.0354474530463238,0.0267807579306599,0.0230757454328388,0.00373171680116691,0.0251578014463915,0.0104677855746244,0.00189119182342087,0.000442876096619231,0.000134733078698574,0.0139695022997707,0.0040047300648335,0.00229555352914554,0.00142136083444197,0.0265446955889922,0.071855158255481,0.0537785513974179,0.0203594313507295,0.00918207388882674,0.00397839607363548,0.0429356193471259,0.0357667954875683,0.0314981666170057,0.0207142219752827,10
0.106223161159697,0.0843623176793504,0.111359004806056,0.0419803339528451,0.0141159660183047,0.0177639931290179,0.0867830744175153,0.15681937486145,0.0262732646521315,0.019153736268364,0.0113105089071269,0.0071060287837534,0.0123430292023802,0.00173774203765268,0.000199709250416104,0.000316785425389686,0.00752464688316305,0.0245663864916303,0.000692155915811317,0.000365492629497176,0.086807533772888,0.0682538960773912,0.0861267973025806,0.0303780924735453,0.0114912988909046,0.0147835933382023,0.0679852467495246,0.120364111464172,0.0220432474945361,0.014693537803079,0.0225362122580169,0.0141872704241489,0.0246820427490342,0.00349140150526293,0.000397960571229681,0.000630716605383143,0.0150179642920691,0.0490355591858288,0.00137885832995429,0.000730529163637047,0.078970427577943,0.0615727953678347,0.0615351749385229,0.0293481369587723,0.00736120217564272,0.0151721953023092,0.0497622696100863,0.101732052329451,0.0199632759468872,0.0134879986118865,10
0.0729999305924285,0.0448063682777174,0.0670744138406248,0.0510982633645837,0.0113824180162257,0.00411536333731602,0.0710982896617491,0.180076888381383,0.151565848855386,0.0601438773914244,0.00534160650486434,0.00200722937259189,0.00449346798321085,0.00261030483336327,0.000129741022121917,1.65905222788059e-05,0.00505914737037297,0.0324645947808907,0.0230798715603245,0.00363495507227994,0.059368952485128,0.0326269303021391,0.0478689403232874,0.0374149855515158,0.0082222482681665,0.00269344415566751,0.0584588319056099,0.143416301535937,0.114314505521243,0.04833844028772,0.0106435324551774,0.00400472278331989,0.00896996531857271,0.00520828486601256,0.000258639381272394,3.34429257835429e-05,0.0100886162431207,0.0647299047925745,0.0459365990721827,0.00723406585228031,0.0788677208056389,0.0482882138710872,0.071788609017301,0.0516019677852096,0.0105807419440859,0.0042838103905901,0.0895263147272632,0.212161710459314,0.112136060218422,0.0428025765462725,0
0.020887402667119,0.00251590383458528,0.00556593110183283,0.00351045622174068,0.000948061248489777,0.000242367191961678,0.0179814628385051,0.0295665586918368,0.0258200429876951,0.0135461617892187,0.000437294001152345,6.35405210207017e-06,3.11352367603803e-05,1.23498956691699e-05,9.01303239967775e-07,5.79207951919133e-08,0.000324920193753565,0.000875910234709395,0.000662393891701548,0.000183904580283382,0.016682037030828,0.00179595297812501,0.00402721997069706,0.00274077058353737,0.000654886370773106,0.000168417969959103,0.014533784796722,0.0239971246356994,0.0214404232007251,0.0104332089339688,0.000871378752031827,1.26516521679657e-05,6.19469602849551e-05,2.46085550338307e-05,1.79400799054079e-06,1.16371663089779e-07,0.000646622388054082,0.00174565768975979,0.00132575302948161,0.000366418928067975,0.0105164972600366,0.00278295478767248,0.00615362972925036,0.00346653682084,0.000800841495166201,0.000269497577058621,0.0134645215906841,0.0280884643658596,0.0273061442542926,0.0103895226768637,0
0.0391574857175744,0.102859662228191,0.0537236190320245,0.032954279016626,0.00982058670372389,0.00578328702087501,0.080951602202465,0.0461113046100762,0.0849049177799819,0.0195659604889063,0.00152664711779163,0.010628257688735,0.0029002514220927,0.00109041105200342,9.68936260093635e-05,3.36124826644059e-05,0.00658308871745168,0.00213146700300785,0.00723585232364888,0.000384735264570005,0.0275745758492649,0.0590119386663641,0.0313407681429995,0.0199693795808947,0.00598443956413587,0.00329739272592872,0.0519923847639997,0.0350014063381861,0.0544009538565671,0.0140488704090953,0.00305232159808382,0.021154502076162,0.00577171099035496,0.00217094348808741,0.000192803710578489,6.68899633482793e-05,0.0131030780290545,0.00424701514360212,0.0144084367336834,0.000765632101540758,0.0201508065207404,0.0594740055466826,0.0332948760805062,0.0211059121070618,0.00505458159696119,0.00244888911262389,0.0454494563928105,0.0354974424517559,0.0646538116735647,0.0152125701904429,10
0.167064095864284,0.136612005712692,0.281556988173325,0.0830163921570794,0.0250389622936722,0.0395781117597684,0.172380243820664,0.164768255332421,0.055358522056743,0.0327109020553501,0.028047099144021,0.0187352342462058,0.0796452145254647,0.00692365890827372,0.000629410123637193,0.00156979473865252,0.0298035157338607,0.0271032525862305,0.00307636199359191,0.00106788073676025,0.127433835241623,0.11513773582205,0.22204120235692,0.0667854265932628,0.0204189727849004,0.0333944866850818,0.130474455675147,0.121563034288732,0.0407015189568784,0.0217993720698575,0.0558171979141088,0.0373043485980373,0.158521278469934,0.0137807609243966,0.00125320766101818,0.00312833795397844,0.0593688244988251,0.0541151214989798,0.0061255440122971,0.00213252068579291,0.118302627589051,0.116123148141543,0.212064150735438,0.0618805729874088,0.0163762275856175,0.0305100015494334,0.150715039750871,0.108930136614495,0.0437246654698545,0.0226883068565455,10
0.0947518968597848,0.0523535412163513,0.126978300405731,0.0520082596441573,0.00597694822595277,0.0214838941930929,0.125320747399938,0.188484340909062,0.129297965394666,0.0339957966062581,0.00901914184081724,0.00275191091410247,0.0161781257222933,0.0027133306725712,3.47828511249643e-05,0.000459893037038431,0.0157239145998219,0.0354809659291963,0.016798601983565,0.00115913858506772,0.074424767844162,0.0404904407716159,0.0979562471728997,0.0423015302613782,0.00377393399643146,0.0155507348881181,0.093790479672777,0.145096211556869,0.104516665969032,0.0272536586023173,0.0179518129873087,0.00547894801787036,0.032220627773051,0.00540461563109416,7.0330433121921e-05,0.000919143880844473,0.0313500836357095,0.0708288203937128,0.033432450157531,0.00230905429948659,0.0819579923274408,0.0555101477610447,0.146785201200521,0.0626048786461252,0.00461018087506802,0.0246722395114609,0.113694801017123,0.189361378400665,0.117286648122504,0.0335136353234411,10
0.049604371720272,0.00440042715777676,0.0112620970123633,0.00550516568511322,0.000750638972290304,0.00168589380935041,0.00891593973284802,0.0301514161355434,0.0227918708412037,0.011512156991045,0.00245872546584655,1.89912608827179e-05,0.000126926358164871,3.03519447800102e-05,5.64558907087934e-07,2.8513205294354e-06,7.77634057675865e-05,0.000905762306826417,0.000512899353719869,0.000132060799464874,0.0404820330918203,0.00308237287986161,0.00781461181373325,0.00378078569718476,0.000488832899544738,0.00116345217237118,0.00639532383288954,0.0237169206258361,0.0159309769222507,0.00866292176645322,0.00490689982899554,3.82598284059484e-05,0.000253098613772877,6.0501393879993e-05,1.12485911203931e-06,5.67912186283875e-06,0.000156864298194903,0.00181031502425675,0.00102978861948766,0.00026393006438661,0.0252500707248193,0.00488871396855256,0.0124397270380868,0.00607639286476596,0.000372574508991111,0.0018546457329511,0.00991061377472106,0.0284891341137633,0.025507051642956,0.00803183851164946,0
0.0618842499391099,0.084577363605036,0.099506062952246,0.017738844998204,0.012285848434927,0.0081007196797622,0.09645009724782,0.0644543726124396,0.0971005493472396,0.0109199308674883,0.00383197914636186,0.007155626585856,0.0099239455498659,0.000316049952115276,0.000151682178889141,6.59458551085652e-05,0.00932248645735034,0.00417234928263095,0.00945846371270086,0.000119810348940388,0.0431875595341398,0.0572027134298285,0.0590798979091186,0.0113964145564792,0.00794788142491387,0.00490246503107633,0.0641784127661428,0.0454832519908356,0.0640797245089894,0.00855006392171266,0.00764240953715918,0.0142731081242334,0.0197756276661943,0.00062913341505813,0.000301858867660453,0.000131233402725799,0.0185784895937056,0.00830579320738849,0.0188392418479597,0.000238445492976268,0.0380760141613934,0.0584411489603766,0.060044738567922,0.00939618444295577,0.00768619664780314,0.0043824456685221,0.0742666159513292,0.0490681153406624,0.0844064423297382,0.00908331257632867,10
0.15050399059559,0.072064970974389,0.163873182857414,0.0245306508532572,0.0114282969688109,0.0166409134620325,0.103400191296301,0.144218220065074,0.100072995955572,0.0108262721998463,0.022749020319475,0.00521098315573753,0.0269844416975927,0.000603189584972045,0.000131198471281278,0.000278264647284217,0.0107417664116667,0.0209027671733834,0.0100596256169019,0.000117627914514985,0.119352357494853,0.0579225253923062,0.130186194502206,0.0168303144011465,0.00904036351372845,0.0125668970536895,0.0852098117481119,0.0937839064954758,0.0799789659559209,0.00855136099761928,0.0452867247887453,0.0103782878616226,0.053703538214218,0.00120192646307932,0.000261140772135634,0.000553521744241141,0.0213784483483266,0.0415946002271824,0.0200237068892555,0.000234242190874023,0.0988665752939558,0.0460007874121844,0.112517964098727,0.0134523965803333,0.00721445487708614,0.00847245518494538,0.0761459070665764,0.0933890773671832,0.0603718449970812,0.0073448126509574,10
0.0821026961043136,0.0591228991099896,0.0633806843883034,0.0255894960382231,0.00572455894893848,0.00631461895176524,0.071701825471598,0.126644488544914,0.0922966661906027,0.0224507098106962,0.00676869789250662,0.00350829095359537,0.00402800543266483,0.000657369912508543,3.29056954876075e-05,4.0017607873885e-05,0.00516313004469855,0.0161194211411114,0.00855963665227799,0.000506466855174683,0.0682669803516212,0.0378293665709149,0.0467020947312634,0.0193876510133204,0.00396008421981154,0.0047889138163654,0.0581133975288085,0.0996002506979013,0.0597082546610881,0.018297724080377,0.01347565029081,0.00698616504414316,0.00802485608380535,0.00130890475158499,6.55098864471885e-05,7.9691539347643e-05,0.0102784168366155,0.0320771110939055,0.017035498073053,0.00100796475783877,0.0575727934050953,0.0335948535427117,0.066176636807147,0.020042746108986,0.00491637897906003,0.00639755043254034,0.0798650917301184,0.131976474932277,0.0563194820997864,0.0170135539594126,10
0.041344159524504,0.00499951663013232,0.00759088798814117,0.0030090849050944,0.000747754297911376,0.000465685614821854,0.0157211022573565,0.0230735547113566,0.00935078851551897,0.0108977462222322,0.00171586981307169,2.46512155215666e-05,5.7911112923158e-05,9.09940280546117e-06,5.58532252384657e-07,2.10569697306562e-07,0.000246894627710005,0.000526396557753697,8.74338498498559e-05,0.00011933782169366,0.0328612211321335,0.00371254555005804,0.00540153774744515,0.00213750417242567,0.000417644367180282,0.000341288272270375,0.0125122012281142,0.0190549279372604,0.00626190722159781,0.0090599207847588,0.00341636828343393,4.95230473383364e-05,0.000115231003418542,1.81052449975413e-05,1.11462721825809e-06,4.26379917610641e-07,0.000492639926121449,0.0010560426720582,0.00017442760084061,0.000237500091621314,0.0205322794700078,0.00583857924709169,0.00845158094294191,0.00332352416515074,0.00034436266812631,0.000520105056240168,0.00951343911347765,0.0149429363632066,0.00748882711441395,0.00800259396141203,0
0.0339171763238454,0.0515771850410093,0.0399115028458345,0.0067441251432534,0.00914635024959977,0.00256274712664762,0.040426056680622,0.0318553201691923,0.0185593357661513,0.0141485559007757,0.00115490445696278,0.00264869999358009,0.00158360579149257,4.57111848596665e-05,8.40758092632754e-05,6.57851410431955e-06,0.00163237108723109,0.0010175465336443,0.000345170280129646,0.000200804009504709,0.0284554140788517,0.0221813660875913,0.0179439229718283,0.00313480009383373,0.00489978207879586,0.0010223582403429,0.0239723704462719,0.0232401844952155,0.00917480471783146,0.00976746918867336,0.00229949996765254,0.00529552188782385,0.00316836775247362,9.09532556409323e-05,0.000167310294321237,1.31062949397394e-05,0.00325842108357818,0.00202722019092445,0.000687857915358443,0.000399964339791567,0.0187114002461968,0.0251169835173047,0.0219343176759198,0.00312042912969396,0.0037692446629004,0.00122239238436662,0.0207462270475344,0.0192410366602471,0.00954300632242459,0.00876984447975703,10
0.112671572796094,0.0651913473285756,0.115877944632664,0.0114158523851625,0.00963535585872146,0.0221916887346632,0.133735328922431,0.0602570986685313,0.0795974747666173,0.0176204744912752,0.0127575382502032,0.00425329969658885,0.0134826352750405,0.000130646071933997,9.32913205680448e-05,0.000494581587784339,0.0179572730788915,0.00364560847734079,0.00636416933027268,0.000311107513758591,0.0905135517069272,0.0482934802199139,0.0920517572267098,0.00902141050820334,0.00780805731374802,0.0178709442756219,0.106247007535404,0.0476565397456883,0.0619187831209143,0.0135591287236189,0.0253884866849525,0.00848190197991847,0.0268420530518022,0.000260307028416316,0.000185661920072496,0.000984570600002529,0.0357525479086986,0.00725788976085213,0.0126679848777596,0.00062003078272018,0.0763139839342904,0.043294419266569,0.0913789281683286,0.00660307940544019,0.00708445565924968,0.0140021851289987,0.103585885176704,0.031523707151805,0.0620442774770215,0.0147777564342812,10
0.0445168528027009,0.0600739262028476,0.113224691174501,0.0436248998957701,0.00996168776986086,0.0224919809271146,0.119804018188418,0.11537158831284,0.0778012536056889,0.0205029109566195,0.00198852580268279,0.00362513440663963,0.0128802243075466,0.00190811316073724,9.97311011656601e-05,0.000508167310036733,0.0144213586421904,0.013345712265372,0.00607864331248989,0.00042160082001038,0.0353633542475997,0.0508778138730278,0.0797709257653828,0.0328945335405324,0.00806334378590823,0.0174916920774866,0.0974824851082256,0.0997132202700878,0.0581025372382856,0.0142401742402663,0.00396032138670914,0.00721588369159711,0.0256353010658663,0.00380163870977799,0.000198463705741552,0.00101151347597267,0.0287017230933059,0.0265888528623254,0.0121012289988645,0.000839862097850269,0.0275167419750459,0.0505453871418148,0.0590830179983535,0.0271995530714755,0.00985331265215411,0.0216911825872233,0.100680835018797,0.0846490296968055,0.0664437684238141,0.0156252148732481,10
0.0551264088067146,0.0131170107746392,0.0166114457781973,0.00897991422425278,0.0012520553161793,0.00204312244075264,0.0293195115565633,0.0410736963721372,0.00978890850543899,0.0131583039040074,0.00305259596927259,0.000168755885390125,0.000271148487319182,7.89084129261203e-05,1.54178665593956e-06,4.19278788001853e-06,0.000855135022073681,0.00169249034637435,9.46160212764327e-05,0.000174009566689194,0.0440141725073179,0.00951174538767682,0.0118808801868727,0.00643302102868584,0.00091385357687513,0.00143373826164104,0.0218687784628041,0.0308718692130333,0.00703100390471236,0.0111266092661151,0.00607607503567591,0.000339967804958904,0.000545732753734446,0.000159152710645133,3.10066429711638e-06,8.34590747385093e-06,0.00171044756442923,0.00337102567513488,0.000189965453525065,0.000346267633006495,0.0463883772988225,0.0149399812121796,0.0188348881439114,0.0101039042486906,0.00127290484468311,0.00225996730134692,0.0293196245732709,0.0411695411384764,0.0112000374985991,0.00916629086667491,0
0.0379597991374598,0.000732220809488584,0.00140908949554219,0.00281984426311476,0.00698882926593444,0.00056092645446315,0.0127805149349141,0.0147492000948872,0.000634764221169515,0.0106726235543542,0.00144602007954289,5.22639035312338e-07,1.95756286953675e-06,7.98919993311869e-06,4.8813195842873e-05,3.15054955996848e-07,0.00016411127896854,0.00021861592367861,3.94002083841255e-07,0.000113822738772952,0.030866154853709,0.000520339555160591,0.000935329200227279,0.000829799520359553,0.00215620328591027,0.000207667371310641,0.0105751406972,0.0115326993813028,0.000446474728369252,0.00863811905325402,0.00287970029731939,1.05617314916306e-06,3.92851776340539e-06,1.59004625012334e-05,9.74090348702182e-05,6.28118168519561e-07,0.000326627012189834,0.0004350588627787,7.94200942190833e-07,0.000227153496570314,0.0284940998287063,0.00081243368833221,0.00109842314975306,0.000802730494920661,0.00273151985340923,0.000183283692658705,0.00597500179258008,0.00948212077542887,0.000647145140385043,0.0080558718814034,0
0.0923044410081525,0.184376275245584,0.411952873658183,0.0247225005089666,0.0163998578521131,0.0166938354727781,0.169838339393701,0.116285171918499,0.152593213378102,0.0324431942316661,0.00855585901377907,0.0341609858720411,0.17055346358754,0.000614103175476164,0.000270291203843891,0.000279484282102849,0.0289599672238286,0.0135881076615413,0.0233866113716277,0.00105759409280725,0.0711780166966673,0.140742022882347,0.29347981635905,0.0195468869651154,0.0134019238184426,0.0120030914633893,0.125912960994199,0.0933422702323452,0.123229350426079,0.0256129085117875,0.0170331731635402,0.0679847442944656,0.339405537661476,0.00122223415763964,0.000537854873113431,0.000556757452568549,0.0576595188201125,0.0270423535991978,0.0465538998954943,0.00210486697429484,0.0699258764937802,0.145176938926206,0.318569185299261,0.0130692195285064,0.0102382734117099,0.00735472881489401,0.124297673473188,0.10656369837122,0.125743999774334,0.0227975778583421,10
0.0876544908694241,0.114039568886917,0.139891149009367,0.0829260907822711,0.0127206340269063,0.0242064835173864,0.184276825927121,0.195448978925497,0.0902789104271297,0.0205525437597699,0.00771770747865841,0.0130397705091683,0.0196536320686579,0.00691065621776513,0.000162545921974839,0.00058866023958479,0.0341163205701588,0.0383922564601407,0.00817287220750756,0.000421963378526273,0.0698597032030561,0.0940300691459328,0.116540684409333,0.0623332147560747,0.0105246080975895,0.0191995861284129,0.143881708272781,0.16397189164221,0.0744410886864782,0.0156548064030399,0.015362393422362,0.0259795748099312,0.0391248696831482,0.0137528154826691,0.000323531346707947,0.00117165336073987,0.0679033173758478,0.0764004685191156,0.0162821600880932,0.000842237076262598,0.0669268120720487,0.0880923001694431,0.0994218559217427,0.0710335383597859,0.0102811527695396,0.0204430220153078,0.155035454617007,0.215674957519987,0.0572885718450165,0.0128255024844103,10
0.0392997953508857,0.0378907774747764,0.0493712307701979,0.0164438187880364,0.00307829174519228,0.00521279693157255,0.0682572795352466,0.0736960603814452,0.0384606372476977,0.0129737404800787,0.00155203685370807,0.00143275284073273,0.00244682231184394,0.000271590481241896,9.5108863607411e-06,2.7228520772212e-05,0.00467902843492639,0.00545797995368067,0.00148647840871742,0.000168556508049453,0.0307327386728436,0.0279415717510704,0.0351467020655655,0.0118152131785903,0.00217498941832417,0.00368000283195723,0.0500089101741524,0.0553619951417475,0.0289563919961757,0.00920568262045708,0.00308871890689514,0.00286121006778902,0.00487199373040609,0.000540612566139752,1.8934426942666e-05,5.4264239692319e-05,0.00931432330709281,0.0108613541029167,0.00295821965714901,0.000336031655939597,0.036721395295459,0.0419801985016828,0.0539464438524794,0.0184368344985088,0.00343448830713935,0.00589009174954124,0.0771191028500491,0.0779795873350888,0.0428535210234361,0.00952439383945381,0
0.0123425628769977,0.0290634615871392,0.00831371090989949,0.0103128952723005,0.00959554926741049,0.0181328559699672,0.0551559669524041,0.0220352594824668,0.0110838066779,0.0133440185454582,0.00015189773231952,0.000848823581862923,6.84745519914991e-05,0.000104912462303143,9.25104109284339e-05,0.000330385299803379,0.00305716639736538,0.000486446634185131,0.000123385013759336,0.00017893104141463,0.00922478167214494,0.0205017706475552,0.00378156701499813,0.00306744786031759,0.00300177937626383,0.00520975344650251,0.0426085497537495,0.0181029731644359,0.0079735916195,0.010893654922772,0.000303453295629032,0.00168918172527282,0.000137242924977968,0.000210742749056378,0.000184067178688959,0.000657490944429549,0.0060840506166743,0.000969549204782097,0.000245616425988433,0.000356094125338522,0.0114486386801024,0.016949585019796,0.00251078675637457,0.00376072369218945,0.00406177476118502,0.00777939042201796,0.027118290621229,0.013309184463469,0.00613323411676464,0.00987203068493809,0
0.0969534347456871,0.102310636315885,0.0703598167824649,0.0427226815027777,0.0145992175999798,0.0291477475193023,0.294150627546511,0.0883297357968453,0.491365600258783,0.0462020535635839,0.00944720166766362,0.0105130531051796,0.00496779245879006,0.00183191981845619,0.000214203590118927,0.000852298136581579,0.0869337977700615,0.00783988835559102,0.241266852840865,0.00214535110806987,0.0637114970683301,0.0758773398406629,0.058478160370285,0.0316374818337826,0.0115046867170117,0.0240051036687121,0.238333363969107,0.0724105310138861,0.310983957265949,0.0393363966571244,0.0187995159430392,0.0209274697675898,0.00989345151295656,0.00364798458561258,0.000426244701443017,0.00169747015555364,0.173023426308027,0.0156013481512511,0.481496960751187,0.00426922786975792,0.0630804983540345,0.0854278239440871,0.0527797872968189,0.0356338145793725,0.00973574100943174,0.0148019565330222,0.286976321362005,0.0530795950403605,0.342453768192815,0.0345278160536928,10
0.0907054319267674,0.0304081337554681,0.0254078066728891,0.00702518182326561,0.00745559946716265,0.0224823256760751,0.207092825122862,0.127870898848139,0.324815191117911,0.0322589145426701,0.00826479540936654,0.000924687231733871,0.000644708339429301,4.95649760345511e-05,5.58244913410983e-05,0.000506443230088168,0.0430389323406126,0.0164048339231355,0.104547073456925,0.00104305494839599,0.0751578075191921,0.0245836578332063,0.0200015019349399,0.00501181261357604,0.00592250388433024,0.0171214637848963,0.157507498365874,0.102994492572264,0.219228668404326,0.0209484464754337,0.0164508528712116,0.00184469157463998,0.00128703648733806,9.86698569334703e-05,0.0001111299871506,0.00100933209503837,0.0857111356299273,0.0326723724507248,0.209527444058879,0.00207846376787015,0.0675835074808386,0.0304107132645879,0.0173486702228267,0.00362467577048846,0.00548330018321852,0.0110391120974778,0.1462348416919,0.0955726183220792,0.327858258055825,0.0278247321499412,10
0.0458805291388525,0.0856932883823643,0.0034004804447308,0.000636677345208015,0.00125517763102619,0.00736253735716458,0.0885773742305725,0.0764788507278529,0.0306107062175793,0.0116684671906346,0.00210992638574363,0.00736798651089397,1.15892004769281e-05,4.06238263974104e-07,1.56899868392281e-06,5.44379777324319e-05,0.00788237796496759,0.0058614104841042,0.000940017095305287,0.000134795813866927,0.0383699330102619,0.0596444832363973,0.00241496696404998,0.00045246499190397,0.000943741518155497,0.00534009574573936,0.0659720066824039,0.0595382296472122,0.0220003324170705,0.00894935332282018,0.00420438769746568,0.0146744138497566,2.30921859654262e-05,8.09545589055544e-07,3.13287847082846e-06,0.000108370388758655,0.0156887112863993,0.0116810553341606,0.00187230521274829,0.00027027494762193,0.0429212417815775,0.0649466801298464,0.00345870665824493,0.000721593994053447,0.00113312360410667,0.00839267057292601,0.0960449506092732,0.0874469351446611,0.021440997102148,0.007467592189182,0
0.0181327996554977,0.0176985626882173,0.000568694066069827,0.000401440395624583,0.000508348020446475,0.000446621805488584,0.0142404677312729,0.0184655948132855,0.00268895269756948,0.00755367515241893,0.000330367084514345,0.000307409010984392,3.2493046884489e-07,1.61963141246653e-07,2.59658029289588e-07,2.00110381975025e-07,0.000203494859396955,0.000342690120955347,7.1904976331309e-06,5.71726664948095e-05,0.014495448500809,0.0127623130922696,0.000309798494048786,0.000164637211563049,0.000213162266042619,0.000309635349667413,0.0117822594027007,0.0146789442604795,0.00203509052754903,0.00609165389801379,0.000657510164487675,0.000619110285211902,6.46577877677481e-07,3.22041036184127e-07,5.16418677289938e-07,3.98568430435947e-07,0.000405267969897782,0.000681938289907618,1.43784797791085e-05,0.000113930330506973,0.0100813747559944,0.0201394688297977,0.000248041631417811,9.71290327359521e-05,0.000145669831828992,0.000493800828923683,0.0103711140114581,0.0102484051813229,0.00296197594113411,0.00485516211927076,0
0.0817898334805498,0.128553183866583,0.0473125592871397,0.0231318838678347,0.0251641473156285,0.0248313440712533,0.0764840121088399,0.0684363139797948,0.0490797506650237,0.0690754150193332,0.00666155042306833,0.0165719957399723,0.00223246208528982,0.000537729694634869,0.000636245384583039,0.000619668437517025,0.00586579107187848,0.00468694489371394,0.00239210927955644,0.00475734670397202,0.0409963478846544,0.0737427219559971,0.0265491528332788,0.0138029703019131,0.0150636906110488,0.0155055940741413,0.0495096413219001,0.0436469491624569,0.0254135105716928,0.0426471985275263,0.0133172701154698,0.0330150214005271,0.00445976119582668,0.00107012000775552,0.00126629843996985,0.00123315292726412,0.011686040351158,0.00934703662596368,0.00478762194347476,0.0095049321904246,0.0456762943615581,0.0822223161347561,0.0309342710489993,0.0158719828554989,0.0148276883580399,0.0156642060837457,0.061717271577498,0.0468245200102149,0.0283085252869728,0.0398403394233922,10
0.146978160525587,0.124623190865221,0.0766200689557925,0.0401017973196766,0.0146580492123535,0.0428266943460818,0.126224833724782,0.153439090456874,0.488362216421732,0.0542752481538145,0.021585918740218,0.015605972203833,0.00589285211544539,0.00161190966495158,0.000215040972461711,0.00184218062591535,0.0159649831246327,0.0235047113428825,0.239514219240599,0.00292239025406994,0.121156167038615,0.0830251609543343,0.0621933855138646,0.0269273193715994,0.0113161244630899,0.0344806558977968,0.0862958218963421,0.104811639026348,0.387795370647538,0.0432933850266294,0.043080334754921,0.0310580007145793,0.0117339955796273,0.00321197762904254,0.000428800039093027,0.00366703414922361,0.0318173889719131,0.0469277124444793,0.476814257546911,0.005853580594672,0.0857248068422294,0.0885721436162581,0.0552370750312001,0.0268960324784917,0.00868607123629692,0.0269023481934028,0.0747882780244702,0.0960202691718912,0.428064749921479,0.0620515030125139,10
0.0630406435402847,0.154653575315141,0.0477027012022284,0.0356780633272804,0.0108788410656865,0.0132708255143246,0.202448559991292,0.253178311684215,0.0531796092154904,0.0869758978451335,0.00397416566581577,0.0240028860114318,0.00228626012833222,0.0012760588221219,0.000118492352750594,0.000175852986878382,0.0410269502345462,0.0642822540039595,0.00277070488628107,0.00760199255536987,0.046698485906257,0.103072400999696,0.0367322839131536,0.0285258247993663,0.00815669343332267,0.00976630968286512,0.152015016284,0.19203079276004,0.0343748450416717,0.0621012855344699,0.00792803543003596,0.0478000740218543,0.00455018446940595,0.00254254957539711,0.000236246264212676,0.000351087939559064,0.0818063930260025,0.128057944264412,0.00558485239253154,0.0151286681795651,0.059022705665074,0.127312737984137,0.0367074610768322,0.0387331537533497,0.0101478369398336,0.0113192178071381,0.196391347475558,0.254085991420228,0.0315940424355057,0.059916829519677,10
0.00713525815538496,0.0103958919841018,0.00632803965058488,0.00366643413197883,0.000981577742443933,0.00083575232356679,0.0150642273128606,0.0231871686129111,0.00386783557416495,0.0101889470275923,5.02841307812638e-05,0.000106003198143795,3.99338457219784e-05,1.33037198731361e-05,9.53018924990708e-07,6.81368856840428e-07,0.000223205046024336,0.000530613895046143,1.49394029550753e-05,0.000103976619457666,0.00530942130597645,0.00735794017376062,0.00443567964195286,0.00252114972100708,0.000746206008757132,0.000591940707226408,0.010598275954601,0.0173716931490898,0.00269064831344815,0.00810489146926681,0.00010094458631262,0.000213547517544291,7.97765080547695e-05,2.66795334741449e-05,1.90902107220363e-06,1.37644389386656e-06,0.000449019886977061,0.0010655913475856,2.9824163498989e-05,0.000207255271482831,0.00817447665334027,0.0116125581783919,0.00706111728131407,0.00406012020181149,0.000912178161662256,0.000927620868094766,0.0153602349875058,0.0225598723276907,0.00433135910222794,0.00898266376366224,0
0.0302096262321854,0.0642623961752004,0.0552937990785451,0.00478323101454818,0.0105154342864757,0.0121104792859093,0.182603690851797,0.0405727190053091,0.05897399680079,0.0518749752592517,0.000914377976824855,0.00414453906012632,0.00305553942079801,2.29788247260634e-05,0.00011103831765831,0.000147382804900943,0.0334720719103401,0.00165311837642362,0.00346665327284501,0.00269718513540397,0.0140746932254569,0.0336365401545778,0.0315059065606908,0.00271876332247905,0.00682514646080531,0.00779074903898175,0.10355719810202,0.0278039564273573,0.0331373909701305,0.0293126974012007,0.00182239580850782,0.00825337810537764,0.00609766580615994,4.57309467522805e-05,0.00022105598359737,0.000293308705067958,0.0666463046963139,0.00329098104758829,0.0069272331517658,0.00537461251956741,0.0120970736900899,0.0416510029334685,0.0433371762350873,0.00220353991060529,0.00546138941469349,0.00678772778325523,0.134252130441581,0.0229385266545161,0.0432121664109755,0.0335428489954562,10
0.125896159884404,0.0472322544718979,0.0408684014409644,0.0124880899241903,0.0121314981949356,0.0338213086941966,0.151032690755289,0.146139570477492,0.468948334599798,0.0623900313377061,0.0159227780652187,0.00223117886712225,0.00164723793988315,0.000156719763025409,0.000147908498698673,0.00114768451151073,0.022921567201094,0.0214632300119932,0.2210176163845,0.00389835061960961,0.0951069543762882,0.038371812888852,0.0338494419728816,0.0103435401393234,0.00957034439178867,0.0267638180835012,0.118016635685255,0.120912317983894,0.35416327685497,0.050492098642687,0.0316930038676491,0.00445083596166655,0.0033091864806583,0.000311887855137873,0.000294318576206892,0.00228567180232153,0.0456175945174764,0.0427126334550459,0.439824981444711,0.00777127134119246,0.0675525559245076,0.0477207482996457,0.0296281440757298,0.00737725735936222,0.00861322060193549,0.0196801174873526,0.151778654874051,0.163928893782303,0.325430339521605,0.0747930095838998,10
0.0465490867634359,0.0959818190837372,0.0602119100859032,0.0190088360451705,0.00482706185471957,0.0239738595218647,0.10762064275399,0.110809482034225,0.101650439458535,0.0547060264765261,0.00217727063546144,0.00925650289093754,0.00363260709553297,0.00036314632669296,2.33154073316396e-05,0.000574491726769611,0.0116207753808954,0.0123391614493533,0.0103744739220861,0.00300761369081975,0.0381021994760304,0.0726395359658673,0.0504455886593601,0.0135353814687757,0.00280072119220655,0.0166743376401792,0.0880492841152634,0.0959277876672205,0.0828999955280717,0.0398941723633456,0.0043331252862844,0.018422241166767,0.00723987101763758,0.000722666035644731,4.64990382474338e-05,0.00114636319812691,0.0231448351795652,0.024555941341005,0.0206549977019212,0.00598532284315347,0.0501911879687426,0.0623476164431943,0.0490271898872049,0.0106241791649063,0.0025326998396608,0.0214345861065264,0.0855580676275422,0.0997383170739123,0.113222958081868,0.039993887113669,10
0.0123019726458708,0.0171866307590442,0.0112154694268583,0.00204019290956391,0.000784290667123049,0.00144868157656069,0.0156175305753005,0.0367750080117519,0.0116186131223749,0.011306741927826,0.0001520583314528,0.000296537125871651,0.000123448953321613,4.10471492499318e-06,6.16242520079095e-07,2.05165183863227e-06,0.000244948499177838,0.00135644845479997,0.000132030792176617,0.000128334357880389,0.00902129856840448,0.0128741241783551,0.00793364915119216,0.00147496716408417,0.000497690852360364,0.00103841243944995,0.0116863442174433,0.0294440376898418,0.00846279422944671,0.00909386583050972,0.000302624847351713,0.000590422568983693,0.000248616161022024,8.2465153015151e-06,1.22802816662721e-06,4.14006381066495e-06,0.00048760456847745,0.00270204766356464,0.000266362524314809,0.000255523697568874,0.0139183487613377,0.0200629383707925,0.0125935759559825,0.00224923368362842,0.000267975349447381,0.00161445965109795,0.01744932323201,0.0383607401327932,0.0131264089437345,0.00789745109994005,0
0.0119158146516147,0.044904303846355,0.02235884129017,0.000501302994768674,0.00690471094876652,0.00334333678817422,0.0722870313722604,0.0253365074134046,0.0257635961070857,0.0223133611961236,0.000141919277770686,0.00201410476215827,0.000501744189596747,2.52143540048499e-07,4.79065019984697e-05,1.12312990846902e-05,0.00524695854830839,0.000643455223927004,0.000665619039527604,0.000500291756938653,0.00476734967405517,0.0195551968724527,0.00929834739049759,0.000232226515117785,0.00404543462083228,0.00116135139284661,0.0331258563272987,0.0185176283197937,0.0105230774301503,0.0121317855082114,0.000283183060201452,0.00402033086138149,0.000999149074780319,5.01920901770662e-07,9.53417509759834e-05,2.23493360312502e-05,0.0104442716042462,0.00128203253984054,0.00132605367903581,0.000995676055797888,0.00559483201605791,0.0249651325322534,0.00939637525127926,0.000142656425269523,0.00260349593851803,0.00142249506168218,0.0352690629611286,0.0123344351066677,0.0102620674760973,0.0140839161035923,10
0.148474128543595,0.053190220552923,0.086370501937794,0.0115513091522242,0.0136421532344936,0.0552358959568771,0.20173281805949,0.081211440003093,0.221111826997878,0.0312832930525641,0.0221527275284953,0.0028364256825612,0.00749580314911114,0.000134097672377956,0.000186986143881719,0.00306550636162416,0.0408990578195722,0.00661721163476318,0.0491136150622206,0.000981671164813327,0.113114363425453,0.0417855434292337,0.0639150652838012,0.00886710417173277,0.0100447589368672,0.0389642493232073,0.161681025025001,0.0650215895519001,0.158853533792161,0.0241406503445001,0.0440779621922303,0.00565132289293054,0.0149176118312201,0.000266847481939472,0.000372158602349242,0.00610118129193536,0.0813736764338466,0.0131793798573003,0.0977583098658782,0.0019554071398354,0.0783168305464713,0.0316189531815105,0.0534438302981956,0.00742587828179434,0.00737488602917486,0.0279727252957617,0.16301411611436,0.0503017066738644,0.182825560245124,0.0238672584470226,10
0.19477377813542,0.109444765394803,0.141092064494636,0.0488241470579688,0.0153590647129785,0.0330972486749649,0.279795970745206,0.157288176076162,0.160493807839743,0.0442822936521673,0.0381271143733461,0.0120379447343764,0.0200069977861038,0.00239521863634685,0.00023706142960923,0.00110031698400743,0.0786671735739813,0.0248239160311179,0.0258620797937407,0.00196164615403045,0.151043201137583,0.0863971545111176,0.115194065411339,0.0389502731067757,0.0112721872585806,0.0268544558714421,0.23648123226821,0.136651712562218,0.132653417684994,0.0337795605162044,0.075873001408884,0.0239559044391033,0.039813648807502,0.00476703885154194,0.000471776967655733,0.00219024068943491,0.156559620022042,0.0494393263858626,0.0514907278832013,0.00391271158277673,0.152501089754119,0.0814367624478774,0.120120512863076,0.0387254612179844,0.011174123347627,0.0301017165577387,0.244069803829517,0.133800951556441,0.140430030188297,0.0351350081511039,10
0.0190122989745943,0.0110689903811096,0.0209726420531493,0.00563105459698391,0.00125883459236937,0.0043216935505933,0.0377768358120088,0.0361090845193967,0.0222560068085935,0.0167735198133077,0.000363265433109689,0.000121083828565419,0.000438367455184381,3.14680008246224e-05,1.5922850156617e-06,1.87481402372076e-05,0.00141854207034211,0.00129704654769132,0.000497385615703746,0.000276822450241931,0.0132496204580952,0.00830519462803161,0.0145941152811476,0.00388496525496127,0.000898854258664879,0.00301248705168474,0.0278631380055427,0.0273349125867163,0.0158378925542499,0.0132024367671205,0.000722893907837683,0.000243000291202747,0.000876016498928685,6.30150972500867e-05,3.16840225346903e-06,3.73311314565533e-05,0.00283846255049531,0.00259423125682515,0.000990204663782837,0.000556788812093019,0.0203943409390948,0.0129899601256635,0.0234683725319251,0.00625188079138423,0.00104360615505489,0.00479736322948179,0.042277599861059,0.0280022185562245,0.0250584593058107,0.0139416097633829,0
0.00243860996425827,0.00732939698185409,0.00149838862015968,0.00235561180640433,0.00507391858390268,0.00163949961185659,0.0258624880161612,0.018541257705167,0.00201353947478492,0.00802820117528765,5.9166017186223e-06,5.26775677752106e-05,2.20055800332449e-06,5.57407172739273e-06,2.58634464525809e-05,2.7004578446286e-06,0.000663827816739065,0.000342046130711239,3.97665061984146e-06,6.47607231611056e-05,0.00150637949755696,0.00151017106016805,0.000981263804456278,0.000757636252064025,0.00185945466393375,0.000603132794700535,0.00882868867052051,0.0140160623213353,0.00114630830551655,0.00630702583805161,1.18331346885227e-05,0.00010612534395583,4.4324605867741e-06,1.10869547319731e-05,5.14784921189935e-05,5.37371349076302e-06,0.00132925975716113,0.000683956162571374,8.00935327534827e-06,0.000128863297202003,0.000953781616461403,0.00236832641227299,0.00134803724465793,0.000778975633385975,0.00224547146961153,0.000638428622301797,0.00836490130204681,0.0104360607154285,0.00181984236040888,0.00513444720747802,0
0.124695055477574,0.173169704146116,0.0931976738921506,0.0162943436052168,0.011820201485306,0.0402105205604827,0.237232979174852,0.125121963492408,0.598278529426458,0.0898571332522281,0.0156203068037236,0.0301371853425643,0.00872275855943916,0.000266071848083366,0.000140301646634852,0.00162495130709705,0.0565397160810925,0.0157255714839677,0.359144921567499,0.00810984088376787,0.0950299431588403,0.12625149304513,0.0766185860665218,0.0131596841298659,0.00911409720535119,0.0276633913177534,0.186767910892989,0.100535470388698,0.444871346234417,0.0680507614079207,0.0310908212508305,0.0599742165357486,0.0173638621246079,0.000530157329182314,0.000279261081009576,0.00323371203270009,0.112536486000145,0.0313024392239652,0.715283946769311,0.0161435885304421,0.0806580756811158,0.148028039527329,0.0855474313677241,0.00934451461809861,0.00728297563131547,0.0253385224739099,0.181440046949777,0.109022164439307,0.518062938751739,0.0675334906993726,10
0.131740632810769,0.0893430136516778,0.0489328696125311,0.01053799835343,0.011816840058915,0.0249043485636753,0.128123451493,0.152357205465846,0.24220365365346,0.152946610387993,0.0173343381543497,0.00799120102865742,0.00239592034851062,0.000110409703664581,0.000140142555630024,0.000622934185395134,0.0164253188600628,0.0232555139332032,0.0584407621273116,0.0234307856257183,0.103270935931732,0.068765196345033,0.0397542588497498,0.007934790871666,0.00919910508115558,0.0198369372662438,0.104096844469472,0.124075248453534,0.186562386213351,0.090956614878327,0.0346030763904117,0.0159333815835411,0.00477836187467745,0.000220907063055754,0.0002790612974265,0.00124004539687581,0.0327581504654804,0.0463505440954325,0.116810080381606,0.0467062098969067,0.114331188496565,0.0706506580231692,0.0403174354816831,0.0052266038099479,0.00911218052589387,0.0245890031151889,0.102795575622748,0.108592355542927,0.287615256486796,0.0949431517112043,10
0.0541909041414633,0.0431640281328722,0.0159288890208637,0.00188138430643346,0.00190306219183894,0.00532254119536095,0.0754113339803147,0.0825817077133623,0.0308701288082225,0.0727306235433277,0.00290084886998692,0.00186056918398174,0.000254640835604918,3.52090110475143e-06,3.60775323450955e-06,2.77423110184313e-05,0.00561240322571111,0.00677950645045041,0.000955702890793138,0.00528787199904148,0.0376120140243247,0.0296541782060653,0.0107344333400523,0.00137261980869284,0.00139792235903708,0.00367950246867218,0.0540315090100968,0.0599794168058711,0.0215283162571468,0.0563107971318939,0.0058229973961726,0.00371430241165304,0.000507052994253051,7.04284276380212e-06,7.2096288468145e-06,5.59328296525067e-05,0.0112711425659963,0.0135653378746904,0.00190382680160439,0.0105510311061866,0.0600259983317247,0.0456436153089827,0.0161517546541977,0.00215466851006057,0.00198134044157347,0.00583462605028956,0.0827850538625469,0.0840160128054747,0.0331873408591948,0.0853915653003988,0
0.00302443674852488,0.00219104513633225,0.00103876293465918,0.000352077502152742,0.000651627921682274,0.000253942882188735,0.00444696360325334,0.0202272261741725,0.00163511690063087,0.0127331441763068,8.99504445310257e-06,4.82408096392041e-06,1.08271555464633e-06,1.24048031777414e-07,4.26726150535502e-07,6.29325106919206e-08,1.95263532295162e-05,0.00040803511285772,2.68541733572609e-06,0.000162109884484574,0.00213561766176512,0.00155097548800944,0.000773634008031736,0.000178080257707361,0.000356774431655349,0.000179861995453602,0.00351979399849859,0.0154425889058082,0.00116313778145793,0.00984928749408512,1.80970053351834e-05,9.60032411043863e-06,2.15491961355263e-06,2.47385809679447e-07,8.48098180468486e-07,1.27104682293413e-07,3.92028388161134e-05,0.000815128729257836,5.34542470044308e-06,0.000323430491055742,0.00329782833194564,0.00242376653206227,0.000865730640563907,0.00014914629514329,0.000204087249102181,0.000281733243453235,0.00424999890939611,0.0113568677791389,0.00180897437563099,0.00924000420345099,0
0.000874813691636086,0.000119831390161859,0.000745663178172991,0.000236430457750489,0.000464022911598989,1.28922183565609e-05,0.00380628100918314,0.0189132651506871,8.94607667364298e-05,0.00844602175635741,7.68986186720618e-07,1.44205946743043e-08,5.58786968227736e-07,5.61592352089883e-08,2.16327666853681e-07,1.62029595130532e-10,1.45602618213337e-05,0.000359386676548887,8.04127593461835e-09,7.16811965127851e-05,0.00052563212366572,8.35030626358186e-05,0.000401239925345047,9.25428587217316e-05,0.000211490510776775,9.15945489958171e-06,0.00301548898024741,0.0160054847083385,6.25948836184551e-05,0.00674063555632745,1.5302686735453e-06,2.87071254543717e-08,1.10985752088494e-06,1.11505763677083e-07,4.29437837574602e-07,3.27428726225549e-10,2.89524994875467e-05,0.000715298756028872,1.6003772095139e-08,0.000142650222026504,0.000318449565714024,0.000132469930534396,0.000218480593847644,5.67915849244466e-05,0.000124165929204607,1.43050762197513e-05,0.00190749437368064,0.0104899347598473,9.88897706986526e-05,0.00460239085484661,0
0.0257990791796845,6.50257482089362e-06,0.000644369775919041,0.000397792531636091,0.000641885120192103,6.5570632424477e-07,0.00395977600519075,0.0207609763433252,4.86523428752688e-06,0.0110047187764302,0.000668860642770746,4.23244852577779e-11,4.17270271805146e-07,1.59020491310463e-07,4.14084011800674e-07,4.20131719011813e-13,1.57166649715116e-05,0.000432965867354244,2.37215577702806e-11,0.000121681680479398,0.0145947339436781,4.47976609907945e-06,0.0003330701198066,0.000172689074943409,0.000332655512263259,4.69087049426632e-07,0.0029784317263754,0.0160172744997434,3.36130508319766e-06,0.00934760154984709,0.00133104757903204,8.43939132206306e-11,8.29509866033014e-07,3.13975392358024e-07,8.24029918566281e-07,8.47979624285003e-13,3.13161901527793e-05,0.000861766898664624,4.72720332345896e-11,0.000242146008314354,0.0159537543205082,7.1913954380201e-06,0.000237981462308715,9.97877627562558e-05,0.000219650158487248,7.27352709061329e-07,0.00190183068128739,0.0120790353875882,5.37980028936802e-06,0.00808018457356084,0
0.0314924006875609,3.49191776919572e-07,0.000465162269380374,0.000392109171838648,0.000508670430356311,3.36916296402705e-08,0.0062577297637103,0.0190681540410739,2.62176880286672e-07,0.00718498261776484,0.000996687927614767,1.21446048580448e-13,2.17460024512602e-07,1.54381617542074e-07,2.59965342228189e-07,1.11570291021835e-15,3.93475316379255e-05,0.000365234203303011,6.85705766971658e-14,5.18679233337618e-05,0.0258125478400201,2.39509885172244e-07,0.000208841241936123,0.00014848254519478,0.000223327337750702,2.4331307377696e-08,0.00469184677928886,0.015825827419084,1.79931264174406e-07,0.00567164823038612,0.0019834565432031,2.42768044213454e-13,4.31635470521448e-07,3.07089998704087e-07,5.17140121700493e-07,2.24523016775897e-15,7.83098457385278e-05,0.000726976567590302,1.36961003115043e-13,0.000103177933653219,0.0303562475014045,3.86425692382349e-07,0.000131228654936978,9.66085312736721e-05,0.000150297762656084,3.73459767742901e-08,0.00331401864020689,0.0188642339144863,2.90073961677803e-07,0.00462445283600721,0
0.009562383792038,0.000231322015055102,0.000601665683625508,0.000236796201545738,0.000604939522023493,1.76089247597415e-09,0.004135012621767,0.0164430972240739,1.39496884907448e-08,0.0112243543786281,9.18961681585265e-05,5.3778631585225e-08,3.63752484719971e-07,5.62583246485296e-08,3.67736496559551e-07,3.07201666481482e-18,1.71418269574118e-05,0.000270779652507615,1.93025092050096e-16,0.000126618858092865,0.006823536021321,6.65401394214103e-05,0.000297349206667844,6.77720673335582e-05,0.000290957194867446,1.27875640510766e-09,0.00282347161130965,0.0126829183090923,9.57569236046117e-09,0.00850445806234895,0.000182875622385484,1.06742028679258e-07,7.2149051048174e-07,1.11783700507079e-07,7.29421738038453e-07,6.15729046027527e-18,3.41543531884069e-05,0.000539758252015235,3.86646456708033e-16,0.000251963389621985,0.00759082518129621,3.58871145989752e-05,0.000204672808989725,5.43486268558483e-05,0.000154886243075484,1.94995156076293e-09,0.00188319330203224,0.0107244887193151,1.54450525848162e-08,0.00864615741065748,0
0.0125074250806051,5.93293371421872e-06,0.00083480315280885,1.23114290478809e-06,0.000510888472209109,9.3812522477444e-11,0.00443511639938958,0.0155379855311243,7.31772002034814e-10,0.00788842345126108,0.000156968201318431,3.5244791043447e-11,7.00206882488968e-07,1.48145594757626e-12,2.6226420355015e-07,8.78595164588273e-21,1.97354645214999e-05,0.000242435851468009,5.28006336483151e-19,6.22568437953669e-05,0.00960064502570666,4.31439223537683e-06,0.000494514987830159,8.85703382898959e-07,0.000250041237048858,6.78536315618753e-11,0.00334075995175674,0.0126824036735572,5.05771337957244e-10,0.00627706765560219,0.000312619038120039,7.02663847158388e-11,1.38920903197319e-06,2.98976133417426e-12,5.21672108504621e-07,1.75423570468114e-20,3.92984440941257e-05,0.000482651537511938,1.06084338227463e-18,0.000124158435619852,0.0103730395918493,6.62507624983e-06,0.000257281670634508,1.38198218199168e-06,0.000140253461523815,1.03785078274227e-10,0.00278686865749978,0.00945330612976894,8.10822086818679e-10,0.00516421265114299,0
0.00769116410289891,3.3312234257264e-07,0.000463856694357783,6.51648215137847e-08,0.000807538369158951,0.000231344026150315,0.001298092957606,0.0252657309359253,0.000231374928994385,0.0107556309614203,5.9450908613839e-05,1.114350652156e-13,2.16200671016007e-07,4.15200936906193e-15,6.55380508050171e-07,5.37886379147193e-08,1.68167165352464e-06,0.000641564194961109,5.38030475324516e-08,0.000116168965598367,0.00540762883350627,2.37139555823387e-07,0.000211199582500591,4.66766839183937e-08,0.000481350452256803,6.74209602568206e-05,0.000856324902331296,0.0209035279924228,6.85945426610926e-05,0.00843476352861433,0.000118297712880751,2.2184122780825e-13,4.29222053261819e-07,8.37767571463191e-15,1.30140285138152e-06,1.06762687272128e-07,3.35664315864901e-06,0.00127670905828174,1.06792611819545e-07,0.00023124007187539,0.00404812176556104,3.68269116886119e-07,0.000131016462744789,7.22768491620557e-08,0.000285558233315625,3.56109618077378e-05,0.00114105410497678,0.0151885000211919,3.43242551074981e-05,0.00679125354974911,0
0.220444585665224,0.100628353529078,0.0753440676610881,0.0349395773672553,0.019264223262961,0.00912618698061929,0.139631922048222,0.0862963979002986,0.0762487739472274,0.0466671456670422,0.0486370693773869,0.0101731324942953,0.00569670996499231,0.00122618180433849,0.000372828782414023,8.36883399699326e-05,0.0195895498327024,0.00748194615814722,0.00583782101898693,0.0021887494542509,0.129658526063419,0.0534473074600152,0.0433538340514306,0.0206692045028813,0.0134762668359632,0.00561052789021178,0.0830922040263942,0.0517508113247552,0.0468224995278269,0.0317329545246317,0.0969892739244581,0.0202465851863549,0.0113449545130746,0.00244080901498329,0.000742061272768963,0.000166547962872013,0.0389885037107906,0.0148915850687785,0.0116223873130791,0.00435558536950491,0.146543820279402,0.0441196010747616,0.0423084199686555,0.0218395330071169,0.0119445142068806,0.00520101538825523,0.0715395596564002,0.0356850325387856,0.0489911521967898,0.0332385221093013,11
0.167537425916162,0.0964223882236538,0.108086973147596,0.0443937590785236,0.0174941501388878,0.0181642727929871,0.104468499803285,0.204000056224523,0.033817024650716,0.0249910856977929,0.02810327386,0.00928881983096188,0.0117253250180688,0.00197530120971281,0.000306437477031675,0.00033092865603135,0.0109648322167726,0.0416188562959201,0.00114835747667066,0.000627386237976757,0.130089368092257,0.0736851623676194,0.0885205418430991,0.0348308467049035,0.0125731596248993,0.0133955386148578,0.0709161792870843,0.12676046247229,0.0267883543125645,0.0197040091425991,0.0560297726094939,0.0185390842995794,0.0233494906663254,0.00393618817475709,0.000610932160317288,0.000659208307431852,0.0218231818837829,0.0830266130865662,0.00228620678316979,0.00124874654065712,0.115222501261934,0.0704865325869187,0.076709067493032,0.0261222420890832,0.0126654506666672,0.0130048345034137,0.0552261369759706,0.117174837780173,0.0358666722817073,0.0279562434092038,11
0.0722518030860881,0.0609353173999329,0.0263271568042454,0.0171789541909509,0.0093685788739018,0.00687181378283903,0.133699240458228,0.191852916173169,0.148916155390034,0.0731300049580605,0.00522357896769432,0.0037079301593546,0.000694892145731947,0.000293960110156551,8.63101462580108e-05,4.66469120509149e-05,0.0179599792041206,0.0367750367506891,0.0222735890643253,0.00537486712458132,0.0534803515472921,0.0468408854229403,0.0202743220710985,0.0129926426971027,0.00598584594940776,0.00466027329658651,0.103406675256045,0.153366972920178,0.112343263577493,0.060941659784901,0.0104176976202239,0.007402481258072,0.00138452894171068,0.000587605789889239,0.000173633630406967,9.36316257350851e-05,0.0357447779964963,0.0733985851891834,0.0443382284215252,0.0106958921396917,0.0605289774577805,0.0689133272703067,0.027468781458166,0.0168424496183464,0.00942190357984083,0.00641832712489911,0.142220497160647,0.227016712829746,0.117088981629459,0.0655374519208398,0
0.00520670034745215,0.00527162410541938,0.00270993089237037,0.00528538897279673,0.000726098509928781,0.000358792244546581,0.0125386447312492,0.0208010367958482,0.019762209907476,0.0194886756317637,2.65912627685795e-05,2.76253511062218e-05,7.34031218485585e-06,2.80049275600472e-05,5.24906499255014e-07,1.27036936541946e-07,0.000154365004495599,0.00043199391163224,0.000388194270928804,0.00038011867052038,0.00361356036603735,0.00361498828455773,0.00199180398473542,0.0028411828515097,0.000504278494822912,0.000202795640324541,0.00932116556643636,0.016083650711436,0.0160612853413018,0.0163469194406278,5.35660257126142e-05,5.52769437227901e-05,1.46470455694987e-05,5.58000727149829e-05,1.04857207394309e-06,2.54850357014318e-07,0.000310805488906382,0.000862515284859844,0.000776782260197278,0.000758026121280713,0.00498574307055864,0.00583595013905768,0.00299198150431369,0.00203932316113552,0.000509389665302097,0.000294610828202605,0.0138686361521102,0.0180995809874765,0.0219812273553789,0.020042906045148,0
0.227359546453948,0.141826116012886,0.159841500259384,0.0377103771892935,0.0193786957592168,0.0139398741478227,0.154399766357935,0.108992308344547,0.0353386710787713,0.0480679332188908,0.0517179303736835,0.0201846353475914,0.0254193219587473,0.00142323289176527,0.000377038372000345,0.000195120129045887,0.0239471467680749,0.0119290354934521,0.00125321611939127,0.00232182948328556,0.121965573217144,0.0784889008076858,0.0902765064695294,0.0213440359187051,0.0130090519925005,0.00870263940326717,0.0816868760500746,0.0625404335746231,0.0222390949754531,0.028140828701073,0.103151201814182,0.0401982940389536,0.050840898483699,0.00283818890218245,0.000750676036984716,0.000388464492805172,0.0476655621783505,0.023748148072296,0.00249573185639932,0.00462074653668931,0.143364389483298,0.0836245408580547,0.0933355941096266,0.0246916973993764,0.00928654717100219,0.00754277264551227,0.0967857451721543,0.0687514093250117,0.0264102166006745,0.0300191435398992,11
0.198184375493379,0.169961721847294,0.158776101522723,0.0362713910753989,0.00758663701012918,0.00859096252490125,0.163954150416657,0.201248279973268,0.023047762118052,0.0127455937856661,0.0390164250103032,0.0289891329888616,0.0248282268059641,0.00129607956183689,5.71311740971092e-05,7.39420214259227e-05,0.0270126977118978,0.0406059716624249,0.000532291296440491,0.00016228230647318,0.160302836702644,0.130552552779617,0.125598951982665,0.0290816866423007,0.00623846023819708,0.00663921165260134,0.11437903209413,0.154621913178137,0.0186140133867018,0.0103800763308921,0.0780983160874105,0.0577303208676597,0.0499139102473403,0.00260519180565778,0.000114402558702495,0.000147372152233217,0.0537559886701104,0.0808986758754826,0.00106082917852469,0.000323921046626329,0.180191248438902,0.147255396709813,0.154990254888933,0.0220770748128745,0.00562988004439881,0.0059356016331826,0.126199447133642,0.129984692847146,0.0227958656725684,0.0118172369338745,11
0.0456556683522111,0.0231834014018607,0.0615489358531788,0.0257777142090924,0.0131110160172386,0.00720544524183206,0.0677340560234457,0.149342245908543,0.177027196351713,0.100230839625113,0.00205305326255903,0.000539515130267271,0.00377041268705109,0.000661015720878309,0.000172479416421978,5.21521231112138e-05,0.00461083785932319,0.0223538942303147,0.0314727379365107,0.0100812771497512,0.0268536553936316,0.0165034419507652,0.0472600778186796,0.0192462531726802,0.0103694387190356,0.00557930608447911,0.0498357569416006,0.115577981768827,0.120949020669368,0.0736291715310719,0.00412720379307527,0.00107427893989177,0.0075397968334838,0.00132219611651085,0.000343506967173585,0.000103809242091102,0.00917562728956747,0.0445446507756766,0.062654002190725,0.0200769145931034,0.0309450067008791,0.0197028308249726,0.0743328828439714,0.0306589173054612,0.0100767690963579,0.00644935105986203,0.0642604002401631,0.14250002862572,0.131289514489536,0.0802070690192687,11
0.00310512762290576,0.0016386635988338,0.00528568847588286,0.00211998870439747,0.00184752988237341,0.00058549386891981,0.00884648898743809,0.0135771337979517,0.0546418741212853,0.0278773498645314,9.51497678601564e-06,2.65910394855235e-06,2.79484060619288e-05,4.4912478801294e-06,3.34170127483126e-06,3.34775499850475e-07,7.73253591872223e-05,0.000184379836146242,0.002980893271075,0.000769556643886988,0.0022499312914566,0.00113701715049044,0.00361656879117904,0.00147850766370598,0.00135218256573453,0.000419035619909937,0.00683449291261094,0.0105517527148893,0.0392696457286113,0.0209629847989481,1.91090946280427e-05,5.33094321423594e-06,5.57466453305906e-05,8.96290191746867e-06,6.73570522038586e-06,6.75903752093214e-07,0.000155179641890006,0.000367613102274189,0.00595157628767828,0.00154280188648127,0.00247594259330035,0.00182920938385791,0.00582023524319767,0.00231516144093753,0.00194105210101288,0.000651308880054054,0.00925397622145885,0.0092146940656787,0.0623770557890273,0.0318427173824237,0
0.107239237680194,0.2569078130432,0.119943478628041,0.0558646298564025,0.0178179534403668,0.021703776558021,0.284017492083847,0.0979543799497555,0.0191303821423672,0.0408943107059482,0.0115264417154845,0.0662845696311773,0.0144276600841244,0.00313605403188242,0.000319074828120926,0.000472887537881477,0.0806555234751437,0.00964318723555201,0.000367712104310205,0.00167927257637411,0.0711595103549565,0.141016644933713,0.0620472549342521,0.0303237629792137,0.0117549783971017,0.0148782398114239,0.189092285887016,0.0645225676139417,0.0144228117617049,0.0274971458172005,0.0229690247998571,0.131954582489215,0.0287419253202814,0.00624098958714478,0.00063494334472501,0.000941569192392465,0.160917847613107,0.0191861999439044,0.000731826069751584,0.00334320346883624,0.0594400136617435,0.163012961735788,0.0828217534488532,0.0398429220342908,0.00943361755212141,0.0151765582410058,0.230683207359741,0.0583146028629789,0.0142515315563618,0.030230697992498,11
0.119904686082327,0.161587929394722,0.162319586193372,0.0550018938121828,0.00711375505299813,0.0131964111334819,0.200501256831944,0.118926281145358,0.0164131847083263,0.025255458904165,0.0144150460109757,0.0262095932849426,0.0263284492370669,0.00303509558722483,5.05540349433023e-05,0.00017451826679504,0.0400999622898465,0.0142051740669746,0.000270674589509388,0.00063884530219811,0.0918638877284955,0.121609743475868,0.133193326273449,0.0458232852217747,0.00550141177080718,0.00981013791871967,0.149899130033571,0.0946552131532239,0.0133486438121509,0.0208551256527536,0.0287197059808974,0.0521889885788126,0.0525444530573317,0.00604509442006787,0.000100884564005701,0.000347753725979243,0.0800943334397944,0.0282771762689351,0.000538708704527028,0.00127348828458693,0.0867900784967402,0.151699062936362,0.179001783414824,0.0580417287187097,0.00704525837740511,0.0085536542942283,0.19853293333187,0.0664311526485605,0.0148284516246913,0.0219025299946975,11
0.0588202672717401,0.0558543443790005,0.0596012999021755,0.0247005392431876,0.0181545881666776,0.0105217155991596,0.0800333756127497,0.206968708454746,0.320268629805335,0.0492608783414806,0.0034771919836517,0.00313482934000587,0.00353525986081187,0.000606409734548151,0.000331039273021391,0.000111262077619564,0.00642414505892106,0.0429912924861828,0.10304999065064,0.00243628001507934,0.0457142352330734,0.0449085217279602,0.0497113934998253,0.0201519291947607,0.0128196247989388,0.00566408950239742,0.0633365945850527,0.17049077176181,0.224711883861752,0.0376101097735302,0.00691960644250644,0.00623885958323171,0.0070697885927202,0.0012134764334388,0.000658972062652785,0.000221409019110824,0.0127972945798178,0.0856123766927001,0.205106402727224,0.0048507020228135,0.0507780897753027,0.0514071958603933,0.0557339869428756,0.0276064671443402,0.0141163478745209,0.00633266709196393,0.0730343202325655,0.162649693441519,0.215794461322145,0.0413164038108703,11
0.0138458174133471,0.00673510570070259,0.0102801768629196,0.00237051793371031,0.000913704709922551,0.000291228850728444,0.012321413735451,0.036915208417456,0.0842701002428826,0.0143704733911266,0.000192659681014863,4.53407549343987e-05,0.00010566601064135,5.51240312004091e-06,8.30960777557268e-07,8.51567999593455e-08,0.000152029371152705,0.00134585123099912,0.00709071926283588,0.000205158310126358,0.0101553052677198,0.00465277116307164,0.00724059597504242,0.00168079365190819,0.000623200802427069,0.00016836333788358,0.008702792963142,0.0274566105397129,0.0601946613171528,0.0107536187735037,0.000383402969789642,9.04733379008845e-05,0.000210805015263087,1.11036947176784e-05,1.65959525798387e-06,1.69223741562987e-07,0.000303063397381503,0.00270182097511245,0.0141564155351355,0.000410629400237135,0.0154879394260631,0.00748550259690774,0.0115733638384825,0.00263176828494969,0.000838262102956252,0.000195619946719952,0.0127961591867438,0.0355120065626654,0.0955687686010619,0.0149979642443474,0
0.0341938402978613,0.0715139063365339,0.110949854718919,0.0154627282862557,0.0143507038397258,0.0174889850765068,0.0641785556401993,0.064884903016237,0.027601459198899,0.028186663409877,0.00117408827964916,0.00506595083233518,0.0121629288629371,0.000233465834674467,0.000206493367861269,0.000307344778895812,0.00404828618719583,0.0041043603750876,0.000761116767730018,0.000797298156259066,0.0146005047637481,0.0191483385900846,0.0410066609051247,0.00435422389043935,0.00770792531492374,0.00864388950017032,0.0299484411494431,0.032243532188464,0.0171384122990199,0.0161247387764368,0.00233638501516884,0.0101548578761833,0.024411828905806,0.000471314899809283,0.000411384864290459,0.0006116709633497,0.00814594992734662,0.00829373434557686,0.00151912477979279,0.0015877860500154,0.0148350598637875,0.025280183428735,0.0517698124207884,0.0061076736883733,0.00682226731718304,0.00884940236223087,0.0236995244677691,0.0328578092405717,0.0189850468835688,0.015886943151695,11
